dataset,ir_level,model,technique,metric,median_delta,win_rate,n_pairs,p,p_holm,verdict
bank,0.02,hgb,adasyn@1.0,roc_auc,0.008851073549566046,0.72,25,0.02027493715286255,0.0810997486114502,no difference
bank,0.02,hgb,adasyn@1.0,pr_auc,0.026074506652626506,0.72,25,0.005578815937042236,0.039051711559295654,better
bank,0.02,hgb,adasyn@1.0,f1,0.08751793400286942,0.92,25,5.960464477539062e-07,4.76837158203125e-06,better
bank,0.02,hgb,adasyn@1.0,mcc,0.0564197111608776,0.68,25,0.011453330516815186,0.08408641815185547,no difference
bank,0.02,hgb,adasyn@1.0,brier,-0.0015420284563240003,0.04,25,1.7881393432617188e-07,5.364418029785156e-07,worse
bank,0.02,hgb,adasyn@1.0,prec_at_top,0.012269938650306705,0.64,25,0.0639897711040249,0.31994885552012453,no difference
bank,0.02,hgb,adasyn@1.0,empc,-0.000871175803577498,0.44,25,0.9158032536506653,1.0,no difference
bank,0.02,hgb,class_weight,roc_auc,-0.012543779503578545,0.32,25,0.013554692268371582,0.06777346134185791,no difference
bank,0.02,hgb,class_weight,pr_auc,-0.018594143241870115,0.32,25,0.04826241731643677,0.1530303955078125,no difference
bank,0.02,hgb,class_weight,f1,0.0834845735027224,0.84,25,7.144292229000313e-05,0.0002857716891600125,better
bank,0.02,hgb,class_weight,mcc,0.009209744539377812,0.6,25,0.15633821487426758,0.6253528594970703,no difference
bank,0.02,hgb,class_weight,brier,-0.0033612149608628003,0.0,25,5.960464477539063e-08,5.364418029785156e-07,worse
bank,0.02,hgb,class_weight,prec_at_top,-0.006134969325153394,0.28,25,0.21731518399096894,0.4346303679819379,no difference
bank,0.02,hgb,class_weight,empc,-0.00677507633227592,0.44,25,0.2751842737197876,1.0,no difference
bank,0.02,hgb,dirichlet@1.0,roc_auc,0.018615806304248528,0.8,25,0.00016230344772338867,0.0012984275817871094,better
bank,0.02,hgb,dirichlet@1.0,pr_auc,0.014275857696108396,0.64,25,0.02747941017150879,0.1530303955078125,no difference
bank,0.02,hgb,dirichlet@1.0,f1,0.0040485829959514,0.6,25,0.08028610906161522,0.24085832718484568,no difference
bank,0.02,hgb,dirichlet@1.0,mcc,0.023940296704207192,0.56,25,0.16996552349680694,0.6253528594970703,no difference
bank,0.02,hgb,dirichlet@1.0,brier,0.000245698526360999,0.6,25,0.3809836506843567,0.3809836506843567,no difference
bank,0.02,hgb,dirichlet@1.0,prec_at_top,0.006134969325153394,0.56,25,0.021548799260585408,0.15053898213166533,no difference
bank,0.02,hgb,dirichlet@1.0,empc,0.019047384196405698,0.56,25,0.39571136236190796,1.0,no difference
bank,0.02,hgb,easy_ensemble,roc_auc,0.0009326937718897588,0.52,25,0.6720751523971558,0.6720751523971558,no difference
bank,0.02,hgb,easy_ensemble,pr_auc,-0.013238260396712664,0.36,25,0.09031611680984497,0.18063223361968994,no difference
bank,0.02,hgb,easy_ensemble,f1,0.0034805890227577047,0.52,25,0.8948604464530945,0.8948604464530945,no difference
bank,0.02,hgb,easy_ensemble,mcc,-0.02157075530916841,0.48,25,0.7309892177581787,0.7309892177581787,no difference
bank,0.02,hgb,easy_ensemble,brier,-0.166915127417293,0.0,25,5.960464477539063e-08,5.364418029785156e-07,worse
bank,0.02,hgb,easy_ensemble,prec_at_top,-0.0061728395061727975,0.36,25,0.37552779823579385,0.4346303679819379,no difference
bank,0.02,hgb,easy_ensemble,empc,-0.025187126363385715,0.28,25,0.014722049236297607,0.11777639389038086,no difference
bank,0.02,hgb,ros@1.0,roc_auc,-0.019715160075329585,0.28,25,0.0050716400146484375,0.030429840087890625,worse
bank,0.02,hgb,ros@1.0,pr_auc,-0.004331843337252922,0.4,25,0.7711594104766846,0.7711594104766846,no difference
bank,0.02,hgb,ros@1.0,f1,0.10130718954248372,0.96,25,8.344650268554688e-07,5.841255187988281e-06,better
bank,0.02,hgb,ros@1.0,mcc,0.04990000080964138,0.72,25,0.010510802268981934,0.08408641815185547,no difference
bank,0.02,hgb,ros@1.0,brier,-0.0024246596997816,0.0,25,5.960464477539063e-08,5.364418029785156e-07,worse
bank,0.02,hgb,ros@1.0,prec_at_top,-0.0061728395061727975,0.24,25,0.08908082274316316,0.35632329097265264,no difference
bank,0.02,hgb,ros@1.0,empc,0.0017883301217654912,0.56,25,0.615043044090271,1.0,no difference
bank,0.02,hgb,rus@1.0,roc_auc,-0.01630178907721269,0.2,25,0.0014527440071105957,0.01016920804977417,worse
bank,0.02,hgb,rus@1.0,pr_auc,-0.06228175179121789,0.16,25,6.556510925292969e-06,5.245208740234375e-05,worse
bank,0.02,hgb,rus@1.0,f1,-0.005404315386166494,0.44,25,0.4418373703956604,0.8836747407913208,no difference
bank,0.02,hgb,rus@1.0,mcc,-0.0233620397446703,0.44,25,0.24106645584106445,0.6253528594970703,no difference
bank,0.02,hgb,rus@1.0,brier,-0.19443545061116868,0.0,25,5.960464477539063e-08,5.364418029785156e-07,worse
bank,0.02,hgb,rus@1.0,prec_at_top,-0.012345679012345692,0.24,25,0.0036709827751310307,0.029367862201048246,worse
bank,0.02,hgb,rus@1.0,empc,-0.0785695291059051,0.12,25,1.0073184967041016e-05,9.065866470336914e-05,worse
bank,0.02,hgb,smote@0.5,roc_auc,0.009318110483364728,0.6,25,0.036682069301605225,0.11004620790481567,no difference
bank,0.02,hgb,smote@0.5,pr_auc,0.013758868045081307,0.64,25,0.029578447341918945,0.1530303955078125,no difference
bank,0.02,hgb,smote@0.5,f1,0.0909090909090909,0.92,25,8.344650268554688e-07,5.841255187988281e-06,better
bank,0.02,hgb,smote@0.5,mcc,0.05956465391305871,0.64,25,0.010510802268981934,0.08408641815185547,no difference
bank,0.02,hgb,smote@0.5,brier,-0.0011726104890549018,0.08,25,1.5079975128173828e-05,3.0159950256347656e-05,worse
bank,0.02,hgb,smote@0.5,prec_at_top,0.006172839506172895,0.52,25,0.14312554987422893,0.4293766496226868,no difference
bank,0.02,hgb,smote@0.5,empc,0.0138052684349141,0.64,25,0.3665854334831238,1.0,no difference
bank,0.02,hgb,smote@1.0,roc_auc,0.004149535556570827,0.6,25,0.11993378400802612,0.23986756801605225,no difference
bank,0.02,hgb,smote@1.0,pr_auc,0.017774003891069284,0.64,25,0.02550506591796875,0.1530303955078125,no difference
bank,0.02,hgb,smote@1.0,f1,0.09078590785907861,0.92,25,1.1324882507324219e-06,5.841255187988281e-06,better
bank,0.02,hgb,smote@1.0,mcc,0.05956465391305871,0.72,25,0.011453330516815186,0.08408641815185547,no difference
bank,0.02,hgb,smote@1.0,brier,-0.0015416667679754997,0.04,25,1.1920928955078125e-07,5.364418029785156e-07,worse
bank,0.02,hgb,smote@1.0,prec_at_top,0.0061728395061729086,0.68,25,0.021505568875952192,0.15053898213166533,no difference
bank,0.02,hgb,smote@1.0,empc,0.015630940047186792,0.56,25,0.457846462726593,1.0,no difference
bank,0.02,hgb,smote_enn@1.0,roc_auc,0.022104281991287555,0.8,25,3.814697265625e-05,0.00034332275390625,better
bank,0.02,hgb,smote_enn@1.0,pr_auc,0.0357335446314066,0.96,25,5.960464477539062e-07,5.364418029785156e-06,better
bank,0.02,hgb,smote_enn@1.0,f1,0.1656346749226007,0.96,25,1.1920928955078125e-07,1.1920928955078125e-06,better
bank,0.02,hgb,smote_enn@1.0,mcc,0.08090229634985127,0.84,25,0.0001398921012878418,0.001398921012878418,better
bank,0.02,hgb,smote_enn@1.0,brier,-0.006771081918604701,0.0,25,5.960464477539063e-08,5.364418029785156e-07,worse
bank,0.02,hgb,smote_enn@1.0,prec_at_top,0.0184049079754601,0.8,25,0.0003749739007305101,0.003374765106574591,better
bank,0.02,hgb,smote_enn@1.0,empc,0.024811166373692017,0.76,25,0.029578447341918945,0.20704913139343262,no difference
bank,0.02,hgb,threshold,roc_auc,0.0,0.0,25,,,no difference
bank,0.02,hgb,threshold,pr_auc,0.0,0.0,25,,,no difference
bank,0.02,hgb,threshold,f1,0.0909090909090909,0.96,25,1.7881393432617188e-07,1.6093254089355469e-06,better
bank,0.02,hgb,threshold,mcc,0.0793678426420408,0.72,25,0.0050716400146484375,0.04564476013183594,better
bank,0.02,hgb,threshold,brier,0.0,0.0,25,,,no difference
bank,0.02,hgb,threshold,prec_at_top,0.0,0.0,25,,,no difference
bank,0.02,hgb,threshold,empc,0.0,0.0,25,,,no difference
bank,0.02,lgbm,adasyn@1.0,roc_auc,0.013362265874828694,0.84,25,0.00032907724380493164,0.0020093917846679688,better
bank,0.02,lgbm,adasyn@1.0,pr_auc,0.012514761182740392,0.72,25,0.09573346376419067,0.3829338550567627,no difference
bank,0.02,lgbm,adasyn@1.0,f1,0.1023391812865497,0.96,25,1.821529714896801e-05,7.286118859587204e-05,better
bank,0.02,lgbm,adasyn@1.0,mcc,0.055466872136022694,0.8,25,0.00016230344772338867,0.001460731029510498,better
bank,0.02,lgbm,adasyn@1.0,brier,3.814116374090126e-05,0.56,25,0.39571136236190796,1.0,no difference
bank,0.02,lgbm,adasyn@1.0,prec_at_top,0.012345679012345692,0.72,25,0.0006469023248136975,0.00517521859850958,better
bank,0.02,lgbm,adasyn@1.0,empc,0.004660810028236789,0.6,25,0.49078595638275146,1.0,no difference
bank,0.02,lgbm,class_weight,roc_auc,0.0007650659133709992,0.52,25,0.615043044090271,0.9483293294906616,no difference
bank,0.02,lgbm,class_weight,pr_auc,-0.02042089370025671,0.04,25,2.2113323211669922e-05,0.0001990199089050293,worse
bank,0.02,lgbm,class_weight,f1,0.0716112531969309,0.88,25,6.556510925292969e-06,3.933906555175781e-05,better
bank,0.02,lgbm,class_weight,mcc,0.02522005078763012,0.72,25,0.0709836483001709,0.2839345932006836,no difference
bank,0.02,lgbm,class_weight,brier,-0.0011793302627564999,0.08,25,4.172325134277344e-06,2.9206275939941406e-05,worse
bank,0.02,lgbm,class_weight,prec_at_top,0.0,0.48,25,0.08687603394537582,0.2606281018361275,no difference
bank,0.02,lgbm,class_weight,empc,-0.027263988662894187,0.16,25,0.0004894733428955078,0.00440526008605957,worse
bank,0.02,lgbm,dirichlet@1.0,roc_auc,0.019577840552416736,0.84,25,0.00028705596923828125,0.0020093917846679688,better
bank,0.02,lgbm,dirichlet@1.0,pr_auc,-0.0006563640885535182,0.44,25,0.6720751523971558,0.7904284000396729,no difference
bank,0.02,lgbm,dirichlet@1.0,f1,0.050505050505050504,0.6,25,0.004247498648934921,0.012742495946804763,better
bank,0.02,lgbm,dirichlet@1.0,mcc,0.031247072926841007,0.56,25,0.09747350652585786,0.2924205195775736,no difference
bank,0.02,lgbm,dirichlet@1.0,brier,0.00014698207254760023,0.56,25,0.8119303584098816,1.0,no difference
bank,0.02,lgbm,dirichlet@1.0,prec_at_top,0.0061728395061727975,0.64,25,0.028327983719479668,0.14163991859739833,no difference
bank,0.02,lgbm,dirichlet@1.0,empc,-0.00044957541416121294,0.48,25,0.8948604464530945,1.0,no difference
bank,0.02,lgbm,easy_ensemble,roc_auc,0.011260200878844828,0.72,25,0.0709836483001709,0.2839345932006836,no difference
bank,0.02,lgbm,easy_ensemble,pr_auc,-0.04677628925530791,0.28,25,0.003419220447540283,0.027353763580322266,worse
bank,0.02,lgbm,easy_ensemble,f1,0.035427342316695094,0.64,25,0.05875152349472046,0.11750304698944092,no difference
bank,0.02,lgbm,easy_ensemble,mcc,-0.0012752345269309018,0.48,25,0.936802864074707,0.936802864074707,no difference
bank,0.02,lgbm,easy_ensemble,brier,-0.16211411212176638,0.0,25,5.960464477539063e-08,5.960464477539062e-07,worse
bank,0.02,lgbm,easy_ensemble,prec_at_top,0.0061728395061727975,0.52,25,0.5308070384218434,0.9292688604030983,no difference
bank,0.02,lgbm,easy_ensemble,empc,-0.049822397794583695,0.2,25,0.002507925033569336,0.020063400268554688,worse
bank,0.02,lgbm,ros@1.0,roc_auc,-0.005063194761687262,0.44,25,0.4741646647453308,0.9483293294906616,no difference
bank,0.02,lgbm,ros@1.0,pr_auc,-0.009696871547414804,0.44,25,0.325391948223114,0.7904284000396729,no difference
bank,0.02,lgbm,ros@1.0,f1,0.097020097020097,0.92,25,2.980232238769531e-07,2.086162567138672e-06,better
bank,0.02,lgbm,ros@1.0,mcc,0.06674783364235048,0.76,25,0.0009118914604187012,0.004559457302093506,better
bank,0.02,lgbm,ros@1.0,brier,-0.0005536448973198008,0.24,25,0.0027848482131958008,0.016709089279174805,worse
bank,0.02,lgbm,ros@1.0,prec_at_top,-0.006134969325153408,0.32,25,0.46463443020154915,0.9292688604030983,no difference
bank,0.02,lgbm,ros@1.0,empc,-0.0081900459982657,0.4,25,0.11993378400802612,0.8395364880561829,no difference
bank,0.02,lgbm,rus@1.0,roc_auc,-0.011477843764275741,0.44,25,0.09573346376419067,0.287200391292572,no difference
bank,0.02,lgbm,rus@1.0,pr_auc,-0.05410411780807081,0.16,25,1.8298625946044922e-05,0.00018298625946044922,worse
bank,0.02,lgbm,rus@1.0,f1,0.028001534330648205,0.6,25,0.08513903617858887,0.11750304698944092,no difference
bank,0.02,lgbm,rus@1.0,mcc,-0.017096219420737302,0.44,25,0.3809836506843567,0.7619673013687134,no difference
bank,0.02,lgbm,rus@1.0,brier,-0.1866082076554956,0.0,25,5.960464477539063e-08,5.960464477539062e-07,worse
bank,0.02,lgbm,rus@1.0,prec_at_top,-0.0061728395061727975,0.28,25,0.047682799792883,0.190731199171532,no difference
bank,0.02,lgbm,rus@1.0,empc,-0.0677259389023614,0.04,25,4.172325134277344e-07,4.172325134277344e-06,worse
bank,0.02,lgbm,smote@0.5,roc_auc,0.018557752667922145,0.84,25,3.1948089599609375e-05,0.0002875328063964844,better
bank,0.02,lgbm,smote@0.5,pr_auc,0.026389659048975,0.72,25,0.029578447341918945,0.17747068405151367,no difference
bank,0.02,lgbm,smote@0.5,f1,0.09285714285714289,0.96,25,1.1920928955078125e-07,9.5367431640625e-07,better
bank,0.02,lgbm,smote@0.5,mcc,0.0516153919234304,0.8,25,0.00032907724380493164,0.002632617950439453,better
bank,0.02,lgbm,smote@0.5,brier,0.00012084697166329927,0.6,25,0.8739878535270691,1.0,no difference
bank,0.02,lgbm,smote@0.5,prec_at_top,0.012269938650306803,0.68,25,0.0034699996746743516,0.02428999772272046,better
bank,0.02,lgbm,smote@0.5,empc,0.014045251542075421,0.68,25,0.2751842737197876,1.0,no difference
bank,0.02,lgbm,smote@1.0,roc_auc,0.02038214061519139,0.84,25,8.803606033325195e-05,0.0007042884826660156,better
bank,0.02,lgbm,smote@1.0,pr_auc,0.007079645612171087,0.76,25,0.05157625675201416,0.2578812837600708,no difference
bank,0.02,lgbm,smote@1.0,f1,0.0944444444444445,0.96,25,1.3885568373058784e-05,6.942784186529392e-05,better
bank,0.02,lgbm,smote@1.0,mcc,0.0607200025326941,0.84,25,0.0005448185651913482,0.0038137299563394374,better
bank,0.02,lgbm,smote@1.0,brier,-0.00029395151770289854,0.4,25,0.12664812803268433,0.6332406401634216,no difference
bank,0.02,lgbm,smote@1.0,prec_at_top,0.012345679012345706,0.76,25,0.0005101846838749417,0.004591662154874475,better
bank,0.02,lgbm,smote@1.0,empc,-0.000542062054703224,0.48,25,0.7914759516716003,1.0,no difference
bank,0.02,lgbm,smote_enn@1.0,roc_auc,0.026343840414192132,0.96,25,1.7881393432617188e-07,1.7881393432617188e-06,better
bank,0.02,lgbm,smote_enn@1.0,pr_auc,0.022426827230731694,0.72,25,0.023649930953979492,0.16554951667785645,no difference
bank,0.02,lgbm,smote_enn@1.0,f1,0.15757575757575748,1.0,25,5.960464477539063e-08,5.960464477539062e-07,better
bank,0.02,lgbm,smote_enn@1.0,mcc,0.08122894329458469,0.92,25,8.344650268554688e-07,8.344650268554688e-06,better
bank,0.02,lgbm,smote_enn@1.0,brier,-0.004853140303129697,0.0,25,5.960464477539063e-08,5.960464477539062e-07,worse
bank,0.02,lgbm,smote_enn@1.0,prec_at_top,0.012345679012345706,0.8,25,0.0001843466010919132,0.001843466010919132,better
bank,0.02,lgbm,smote_enn@1.0,empc,0.007314680021289405,0.56,25,0.4107651710510254,1.0,no difference
bank,0.02,lgbm,threshold,roc_auc,0.004806183301946043,0.76,25,0.03933870792388916,0.1966935396194458,no difference
bank,0.02,lgbm,threshold,pr_auc,0.0072528835358086075,0.64,25,0.2634761333465576,0.7904284000396729,no difference
bank,0.02,lgbm,threshold,f1,0.1259344450833812,1.0,25,5.960464477539063e-08,5.960464477539062e-07,better
bank,0.02,lgbm,threshold,mcc,0.055113104268207785,0.8,25,0.0006313323974609375,0.0038137299563394374,better
bank,0.02,lgbm,threshold,brier,5.81686674723976e-05,0.64,25,0.2872292995452881,1.0,no difference
bank,0.02,lgbm,threshold,prec_at_top,0.006134969325153408,0.56,25,0.02158866338207844,0.12953198029247065,no difference
bank,0.02,lgbm,threshold,empc,0.007677665780349799,0.6,25,0.8739878535270691,1.0,no difference
bank,0.02,lr,adasyn@1.0,roc_auc,0.011820465966194682,0.84,25,2.664327621459961e-05,0.00011056661605834961,better
bank,0.02,lr,adasyn@1.0,pr_auc,-0.01274101693478169,0.0,25,5.960464477539063e-08,5.364418029785156e-07,worse
bank,0.02,lr,adasyn@1.0,f1,0.0903225806451612,1.0,25,5.960464477539063e-08,5.960464477539062e-07,better
bank,0.02,lr,adasyn@1.0,mcc,0.1249589507102802,1.0,25,5.960464477539063e-08,5.960464477539062e-07,better
bank,0.02,lr,adasyn@1.0,brier,-0.1720148267042903,0.0,25,5.960464477539063e-08,5.364418029785156e-07,worse
bank,0.02,lr,adasyn@1.0,prec_at_top,0.0,0.44,25,0.37134933793231806,1.0,no difference
bank,0.02,lr,adasyn@1.0,empc,-0.0235347137181948,0.04,25,1.1920928955078125e-07,7.152557373046875e-07,worse
bank,0.02,lr,class_weight,roc_auc,0.015446365728851608,0.96,25,2.980232238769531e-07,2.384185791015625e-06,better
bank,0.02,lr,class_weight,pr_auc,-0.0131119629135346,0.0,25,5.960464477539063e-08,5.364418029785156e-07,worse
bank,0.02,lr,class_weight,f1,0.0891472868217054,1.0,25,5.960464477539063e-08,5.960464477539062e-07,better
bank,0.02,lr,class_weight,mcc,0.1274918528901989,1.0,25,5.960464477539063e-08,5.960464477539062e-07,better
bank,0.02,lr,class_weight,brier,-0.17635370939122672,0.0,25,5.960464477539063e-08,5.364418029785156e-07,worse
bank,0.02,lr,class_weight,prec_at_top,0.0,0.44,25,0.8869112589694527,1.0,no difference
bank,0.02,lr,class_weight,empc,-0.0267780671033,0.0,25,5.960464477539063e-08,5.364418029785156e-07,worse
bank,0.02,lr,dirichlet@1.0,roc_auc,0.007670930409623855,0.72,25,0.018744707107543945,0.03748941421508789,better
bank,0.02,lr,dirichlet@1.0,pr_auc,-0.013479476964684892,0.0,25,5.960464477539063e-08,5.364418029785156e-07,worse
bank,0.02,lr,dirichlet@1.0,f1,0.0934182590233545,1.0,25,5.960464477539063e-08,5.960464477539062e-07,better
bank,0.02,lr,dirichlet@1.0,mcc,0.1288567346617172,1.0,25,5.960464477539063e-08,5.960464477539062e-07,better
bank,0.02,lr,dirichlet@1.0,brier,-0.16197915522839612,0.0,25,5.960464477539063e-08,5.364418029785156e-07,worse
bank,0.02,lr,dirichlet@1.0,prec_at_top,0.0,0.4,25,0.43198819524113274,1.0,no difference
bank,0.02,lr,dirichlet@1.0,empc,-0.0189867028185748,0.04,25,1.1920928955078125e-07,7.152557373046875e-07,worse
bank,0.02,lr,easy_ensemble,roc_auc,0.015163998744507357,0.88,25,3.2782554626464844e-06,2.294778823852539e-05,better
bank,0.02,lr,easy_ensemble,pr_auc,-0.012660738732065004,0.0,25,5.960464477539063e-08,5.364418029785156e-07,worse
bank,0.02,lr,easy_ensemble,f1,0.0883392226148409,1.0,25,5.960464477539063e-08,5.960464477539062e-07,better
bank,0.02,lr,easy_ensemble,mcc,0.1287863162583619,1.0,25,5.960464477539063e-08,5.960464477539062e-07,better
bank,0.02,lr,easy_ensemble,brier,-0.1802239709653456,0.0,25,5.960464477539063e-08,5.364418029785156e-07,worse
bank,0.02,lr,easy_ensemble,prec_at_top,0.0,0.48,25,0.7365215280004027,1.0,no difference
bank,0.02,lr,easy_ensemble,empc,-0.0278322445353942,0.04,25,2.980232238769531e-07,7.152557373046875e-07,worse
bank,0.02,lr,ros@1.0,roc_auc,0.016283360916129253,0.96,25,1.1920928955078125e-07,1.0728836059570312e-06,better
bank,0.02,lr,ros@1.0,pr_auc,-0.0139811463345942,0.0,25,5.960464477539063e-08,5.364418029785156e-07,worse
bank,0.02,lr,ros@1.0,f1,0.0897435897435897,1.0,25,5.960464477539063e-08,5.960464477539062e-07,better
bank,0.02,lr,ros@1.0,mcc,0.1275149524808898,1.0,25,5.960464477539063e-08,5.960464477539062e-07,better
bank,0.02,lr,ros@1.0,brier,-0.17585444736970698,0.0,25,5.960464477539063e-08,5.364418029785156e-07,worse
bank,0.02,lr,ros@1.0,prec_at_top,0.006134969325153297,0.52,25,0.8480770698336608,1.0,no difference
bank,0.02,lr,ros@1.0,empc,-0.0276362810939822,0.04,25,1.7881393432617188e-07,7.152557373046875e-07,worse
bank,0.02,lr,rus@1.0,roc_auc,0.00041849759363876693,0.52,25,0.42614197731018066,0.42614197731018066,no difference
bank,0.02,lr,rus@1.0,pr_auc,-0.011789093227280611,0.04,25,1.8298625946044922e-05,1.8298625946044922e-05,worse
bank,0.02,lr,rus@1.0,f1,0.0833333333333333,1.0,25,5.960464477539063e-08,5.960464477539062e-07,better
bank,0.02,lr,rus@1.0,mcc,0.1191806072419987,1.0,25,5.960464477539063e-08,5.960464477539062e-07,better
bank,0.02,lr,rus@1.0,brier,-0.1807960378355784,0.0,25,5.960464477539063e-08,5.364418029785156e-07,worse
bank,0.02,lr,rus@1.0,prec_at_top,0.0,0.48,25,0.42369327251032507,1.0,no difference
bank,0.02,lr,rus@1.0,empc,-0.0189432621398404,0.08,25,0.00016230344772338867,0.00016230344772338867,worse
bank,0.02,lr,smote@0.5,roc_auc,0.010602253692706065,0.88,25,1.0073184967041016e-05,6.0439109802246094e-05,better
bank,0.02,lr,smote@0.5,pr_auc,-0.01040635010456939,0.0,25,5.960464477539063e-08,5.364418029785156e-07,worse
bank,0.02,lr,smote@0.5,f1,0.1129032258064516,1.0,25,1.2279185361336645e-05,3.6837556084009935e-05,better
bank,0.02,lr,smote@0.5,mcc,0.1264064523161048,1.0,25,1.2279185361336645e-05,2.455837072267329e-05,better
bank,0.02,lr,smote@0.5,brier,-0.0908254130557114,0.0,25,5.960464477539063e-08,5.364418029785156e-07,worse
bank,0.02,lr,smote@0.5,prec_at_top,0.0,0.44,25,0.8810249486522268,1.0,no difference
bank,0.02,lr,smote@0.5,empc,-0.019705964838539203,0.0,25,5.960464477539063e-08,5.364418029785156e-07,worse
bank,0.02,lr,smote@1.0,roc_auc,0.011858535099741108,0.84,25,2.2113323211669922e-05,0.00011056661605834961,better
bank,0.02,lr,smote@1.0,pr_auc,-0.014235881360531194,0.0,25,5.960464477539063e-08,5.364418029785156e-07,worse
bank,0.02,lr,smote@1.0,f1,0.0927152317880794,1.0,25,5.960464477539063e-08,5.960464477539062e-07,better
bank,0.02,lr,smote@1.0,mcc,0.128483091129908,1.0,25,5.960464477539063e-08,5.960464477539062e-07,better
bank,0.02,lr,smote@1.0,brier,-0.1701408190402528,0.0,25,5.960464477539063e-08,5.364418029785156e-07,worse
bank,0.02,lr,smote@1.0,prec_at_top,0.0,0.44,25,0.8663894837480712,1.0,no difference
bank,0.02,lr,smote@1.0,empc,-0.028327981310104597,0.0,25,5.960464477539063e-08,5.364418029785156e-07,worse
bank,0.02,lr,smote_enn@1.0,roc_auc,0.013324196741282268,0.88,25,2.2113323211669922e-05,0.00011056661605834961,better
bank,0.02,lr,smote_enn@1.0,pr_auc,-0.013911381629133905,0.0,25,5.960464477539063e-08,5.364418029785156e-07,worse
bank,0.02,lr,smote_enn@1.0,f1,0.087719298245614,1.0,25,1.2279185361336645e-05,3.6837556084009935e-05,better
bank,0.02,lr,smote_enn@1.0,mcc,0.1274918528901989,1.0,25,1.2279185361336645e-05,2.455837072267329e-05,better
bank,0.02,lr,smote_enn@1.0,brier,-0.188635929506776,0.0,25,5.960464477539063e-08,5.364418029785156e-07,worse
bank,0.02,lr,smote_enn@1.0,prec_at_top,0.0,0.48,25,0.44176516647032094,1.0,no difference
bank,0.02,lr,smote_enn@1.0,empc,-0.0221662457022438,0.04,25,1.1920928955078125e-07,7.152557373046875e-07,worse
bank,0.02,lr,threshold,roc_auc,0.0,0.0,25,,,no difference
bank,0.02,lr,threshold,pr_auc,0.0,0.0,25,,,no difference
bank,0.02,lr,threshold,f1,0.1318681318681318,1.0,25,1.2279185361336645e-05,3.6837556084009935e-05,better
bank,0.02,lr,threshold,mcc,0.1242213095343553,1.0,25,5.960464477539063e-08,5.960464477539062e-07,better
bank,0.02,lr,threshold,brier,0.0,0.0,25,,,no difference
bank,0.02,lr,threshold,prec_at_top,0.0,0.0,25,,,no difference
bank,0.02,lr,threshold,empc,0.0,0.0,25,,,no difference
bank,0.02,rf,adasyn@1.0,roc_auc,0.009396578782172038,0.72,25,0.02747941017150879,0.2747941017150879,no difference
bank,0.02,rf,adasyn@1.0,pr_auc,-0.089314064325851,0.04,25,1.1920928955078125e-07,8.344650268554688e-07,worse
bank,0.02,rf,adasyn@1.0,f1,0.13547237076648838,0.96,25,1.569120219955584e-05,9.805548817295942e-05,better
bank,0.02,rf,adasyn@1.0,mcc,0.07040240525157831,0.64,25,0.029578447341918945,0.08873534202575684,no difference
bank,0.02,rf,adasyn@1.0,brier,-0.006603508926586999,0.0,25,5.960464477539063e-08,5.960464477539062e-07,worse
bank,0.02,rf,adasyn@1.0,prec_at_top,-0.006134969325153394,0.28,25,0.30386888050338046,1.0,no difference
bank,0.02,rf,adasyn@1.0,empc,-0.0861785012627747,0.12,25,5.3882598876953125e-05,0.0002694129943847656,worse
bank,0.02,rf,class_weight,roc_auc,0.00016179381757286393,0.52,25,0.4418373703956604,1.0,no difference
bank,0.02,rf,class_weight,pr_auc,-0.03872338136900941,0.12,25,1.9669532775878906e-06,3.933906555175781e-06,worse
bank,0.02,rf,class_weight,f1,0.0,0.4,25,0.5532795724659099,0.5532795724659099,no difference
bank,0.02,rf,class_weight,mcc,-0.0035726660727032,0.36,25,0.3455554087626619,0.3455554087626619,no difference
bank,0.02,rf,class_weight,brier,-0.0009776317532939026,0.0,25,5.960464477539063e-08,5.960464477539062e-07,worse
bank,0.02,rf,class_weight,prec_at_top,0.0,0.28,25,0.39194511334064397,1.0,no difference
bank,0.02,rf,class_weight,empc,-0.032767760651420674,0.28,25,0.013554692268371582,0.027109384536743164,worse
bank,0.02,rf,dirichlet@1.0,roc_auc,0.0035975331201462124,0.6,25,0.312333345413208,1.0,no difference
bank,0.02,rf,dirichlet@1.0,pr_auc,-0.0849690703266855,0.04,25,1.1920928955078125e-07,8.344650268554688e-07,worse
bank,0.02,rf,dirichlet@1.0,f1,-0.008362369337979098,0.04,25,0.0008684122177637116,0.0017368244355274232,worse
bank,0.02,rf,dirichlet@1.0,mcc,-0.07691197385249929,0.04,25,0.00021416842485661879,0.0019275158237095692,worse
bank,0.02,rf,dirichlet@1.0,brier,-0.0013150368446587027,0.0,25,5.960464477539063e-08,5.960464477539062e-07,worse
bank,0.02,rf,dirichlet@1.0,prec_at_top,-0.006134969325153408,0.16,25,0.046174660573278306,0.46174660573278303,no difference
bank,0.02,rf,dirichlet@1.0,empc,-0.07081278434576209,0.16,25,2.562999725341797e-06,2.3066997528076172e-05,worse
bank,0.02,rf,easy_ensemble,roc_auc,0.003835138104205882,0.6,25,0.0801958441734314,0.6415667533874512,no difference
bank,0.02,rf,easy_ensemble,pr_auc,-0.0730959095515257,0.0,25,5.960464477539063e-08,5.960464477539062e-07,worse
bank,0.02,rf,easy_ensemble,f1,0.069889341875364,0.88,25,1.1324882507324219e-06,1.0192394256591797e-05,better
bank,0.02,rf,easy_ensemble,mcc,0.027869754978655514,0.68,25,0.007370948791503906,0.03685474395751953,better
bank,0.02,rf,easy_ensemble,brier,-0.1487257035363267,0.0,25,5.960464477539063e-08,5.960464477539062e-07,worse
bank,0.02,rf,easy_ensemble,prec_at_top,0.0,0.4,25,0.8345439755351051,1.0,no difference
bank,0.02,rf,easy_ensemble,empc,-0.08129159655368498,0.12,25,2.664327621459961e-05,0.00018650293350219727,worse
bank,0.02,rf,ros@1.0,roc_auc,0.0029770397002035764,0.52,25,0.6915188431739807,1.0,no difference
bank,0.02,rf,ros@1.0,pr_auc,-0.04351193575798379,0.08,25,8.344650268554688e-07,2.5033950805664062e-06,worse
bank,0.02,rf,ros@1.0,f1,0.11895424836601301,0.92,25,1.764195700344765e-05,9.805548817295942e-05,better
bank,0.02,rf,ros@1.0,mcc,0.056030509079085994,0.76,25,0.0018842886326031721,0.015074309060825377,better
bank,0.02,rf,ros@1.0,brier,-0.001896513716045902,0.0,25,5.960464477539063e-08,5.960464477539062e-07,worse
bank,0.02,rf,ros@1.0,prec_at_top,-0.006172839506172895,0.24,25,0.13037946972425707,1.0,no difference
bank,0.02,rf,ros@1.0,empc,-0.027259437184924323,0.28,25,0.007370948791503906,0.02211284637451172,worse
bank,0.02,rf,rus@1.0,roc_auc,-0.0003235876351453948,0.44,25,0.9578450322151184,1.0,no difference
bank,0.02,rf,rus@1.0,pr_auc,-0.1125415454638595,0.0,25,5.960464477539063e-08,5.960464477539062e-07,worse
bank,0.02,rf,rus@1.0,f1,0.06507027589796979,0.88,25,3.220225529450529e-05,9.805548817295942e-05,better
bank,0.02,rf,rus@1.0,mcc,0.01244208502827579,0.68,25,0.03180783987045288,0.08873534202575684,no difference
bank,0.02,rf,rus@1.0,brier,-0.15301256136812819,0.0,25,5.960464477539063e-08,5.960464477539062e-07,worse
bank,0.02,rf,rus@1.0,prec_at_top,0.0,0.44,25,0.2868329384464672,1.0,no difference
bank,0.02,rf,rus@1.0,empc,-0.10877104373012099,0.04,25,4.172325134277344e-07,4.172325134277344e-06,worse
bank,0.02,rf,smote@0.5,roc_auc,0.0075424679944454676,0.64,25,0.13364005088806152,0.8018403053283691,no difference
bank,0.02,rf,smote@0.5,pr_auc,-0.06209765616980992,0.04,25,2.980232238769531e-07,1.4901161193847656e-06,worse
bank,0.02,rf,smote@0.5,f1,0.15158371040723984,0.96,25,1.1920928955078125e-07,1.1920928955078125e-06,better
bank,0.02,rf,smote@0.5,mcc,0.050325390341517395,0.76,25,0.002507925033569336,0.015074309060825377,better
bank,0.02,rf,smote@0.5,brier,-0.0050705284325499,0.0,25,5.960464477539063e-08,5.960464477539062e-07,worse
bank,0.02,rf,smote@0.5,prec_at_top,0.0,0.44,25,1.0,1.0,no difference
bank,0.02,rf,smote@0.5,empc,-0.06785143723290726,0.16,25,0.0002498030662536621,0.0009992122650146484,worse
bank,0.02,rf,smote@1.0,roc_auc,0.008513810420590073,0.68,25,0.09573346376419067,0.6701342463493347,no difference
bank,0.02,rf,smote@1.0,pr_auc,-0.0836474130646068,0.04,25,2.980232238769531e-07,1.4901161193847656e-06,worse
bank,0.02,rf,smote@1.0,f1,0.1480730223123732,1.0,25,1.2256936021619928e-05,9.805548817295942e-05,better
bank,0.02,rf,smote@1.0,mcc,0.0859532740826022,0.72,25,0.010996241904815084,0.04398496761926034,better
bank,0.02,rf,smote@1.0,brier,-0.006539245246635798,0.0,25,5.960464477539063e-08,5.960464477539062e-07,worse
bank,0.02,rf,smote@1.0,prec_at_top,0.0,0.24,25,0.18452369821908643,1.0,no difference
bank,0.02,rf,smote@1.0,empc,-0.0877287806455019,0.12,25,2.664327621459961e-05,0.00018650293350219727,worse
bank,0.02,rf,smote_enn@1.0,roc_auc,0.01141713747645956,0.72,25,0.06670159101486206,0.6003143191337585,no difference
bank,0.02,rf,smote_enn@1.0,pr_auc,-0.0820837802066474,0.0,25,5.960464477539063e-08,5.960464477539062e-07,worse
bank,0.02,rf,smote_enn@1.0,f1,0.1842105263157894,1.0,25,1.2268056633232531e-05,9.805548817295942e-05,better
bank,0.02,rf,smote_enn@1.0,mcc,0.10898740433731163,0.72,25,0.002063199451602448,0.015074309060825377,better
bank,0.02,rf,smote_enn@1.0,brier,-0.012505698129666003,0.0,25,5.960464477539063e-08,5.960464477539062e-07,worse
bank,0.02,rf,smote_enn@1.0,prec_at_top,0.0,0.36,25,0.9197664864258843,1.0,no difference
bank,0.02,rf,smote_enn@1.0,empc,-0.09009864817650659,0.2,25,8.165836334228516e-06,6.532669067382812e-05,worse
bank,0.02,rf,threshold,roc_auc,-0.0008274838783312033,0.44,25,0.8948604464530945,1.0,no difference
bank,0.02,rf,threshold,pr_auc,0.0010394402890808174,0.52,25,0.6338268518447876,0.6338268518447876,no difference
bank,0.02,rf,threshold,f1,0.21525600835945657,1.0,25,1.2279185361336645e-05,9.805548817295942e-05,better
bank,0.02,rf,threshold,mcc,0.11084078939941361,0.96,25,2.980232238769531e-07,2.9802322387695312e-06,better
bank,0.02,rf,threshold,brier,-1.7936499030399983e-05,0.44,25,0.9158032536506653,0.9158032536506653,no difference
bank,0.02,rf,threshold,prec_at_top,0.0,0.44,25,0.1776833742914915,1.0,no difference
bank,0.02,rf,threshold,empc,0.004200701764715792,0.64,25,0.5601714849472046,0.5601714849472046,no difference
bank,0.02,xgb,adasyn@1.0,roc_auc,0.004433458882611596,0.6,25,0.6915188431739807,1.0,no difference
bank,0.02,xgb,adasyn@1.0,pr_auc,0.017612316926460092,0.76,25,0.0626264214515686,0.3757585287094116,no difference
bank,0.02,xgb,adasyn@1.0,f1,0.1111111111111111,1.0,25,1.2279185361336645e-05,8.595429752935652e-05,better
bank,0.02,xgb,adasyn@1.0,mcc,0.04212312576128002,0.76,25,0.002507925033569336,0.02507925033569336,better
bank,0.02,xgb,adasyn@1.0,brier,-0.003004996771837399,0.0,25,5.960464477539063e-08,5.960464477539062e-07,worse
bank,0.02,xgb,adasyn@1.0,prec_at_top,0.0061728395061727975,0.6,25,0.018531097202706376,0.148248777621651,no difference
bank,0.02,xgb,adasyn@1.0,empc,0.004868798553312292,0.52,25,0.615043044090271,1.0,no difference
bank,0.02,xgb,class_weight,roc_auc,-0.009867388575015568,0.16,25,0.0010271072387695312,0.010271072387695312,worse
bank,0.02,xgb,class_weight,pr_auc,-0.028800202085303594,0.2,25,7.49826431274414e-05,0.0006748437881469727,worse
bank,0.02,xgb,class_weight,f1,0.10589410589410592,0.96,25,1.7881393432617188e-07,1.7881393432617188e-06,better
bank,0.02,xgb,class_weight,mcc,0.0252819175220379,0.68,25,0.08513903617858887,0.42569518089294434,no difference
bank,0.02,xgb,class_weight,brier,-0.0081313909884735,0.0,25,5.960464477539063e-08,5.960464477539062e-07,worse
bank,0.02,xgb,class_weight,prec_at_top,-0.0061728395061727975,0.44,25,0.6658709911047513,1.0,no difference
bank,0.02,xgb,class_weight,empc,-0.019519079801679995,0.24,25,0.0030878782272338867,0.02779090404510498,worse
bank,0.02,xgb,dirichlet@1.0,roc_auc,0.005845888261142407,0.52,25,0.2996123433113098,1.0,no difference
bank,0.02,xgb,dirichlet@1.0,pr_auc,-0.0005018022718364934,0.44,25,0.17295855283737183,0.7423979043960571,no difference
bank,0.02,xgb,dirichlet@1.0,f1,0.0314267756128221,0.64,25,0.020652054892417553,0.06195616467725266,no difference
bank,0.02,xgb,dirichlet@1.0,mcc,0.002313449285032576,0.52,25,0.6891565167793516,1.0,no difference
bank,0.02,xgb,dirichlet@1.0,brier,-0.0005121435035907,0.12,25,0.00021690130233764648,0.00043380260467529297,worse
bank,0.02,xgb,dirichlet@1.0,prec_at_top,0.0,0.44,25,0.5864892991614519,1.0,no difference
bank,0.02,xgb,dirichlet@1.0,empc,-0.0196332331975215,0.2,25,0.04826241731643677,0.3378369212150574,no difference
bank,0.02,xgb,easy_ensemble,roc_auc,0.014340081607030708,0.8,25,0.001625359058380127,0.013002872467041016,better
bank,0.02,xgb,easy_ensemble,pr_auc,-0.028442371498663105,0.32,25,0.002507925033569336,0.020063400268554688,worse
bank,0.02,xgb,easy_ensemble,f1,0.008124356821751597,0.6,25,0.7711594104766846,0.7711594104766846,no difference
bank,0.02,xgb,easy_ensemble,mcc,-0.009491007969791104,0.48,25,0.5964998602867126,1.0,no difference
bank,0.02,xgb,easy_ensemble,brier,-0.1517351291713233,0.0,25,5.960464477539063e-08,5.960464477539062e-07,worse
bank,0.02,xgb,easy_ensemble,prec_at_top,0.0061728395061727975,0.6,25,0.04403680538046414,0.2642208322827848,no difference
bank,0.02,xgb,easy_ensemble,empc,-0.02896608755369459,0.24,25,0.003419220447540283,0.02779090404510498,worse
bank,0.02,xgb,ros@1.0,roc_auc,-0.023972065285624566,0.28,25,0.0014295696139577992,0.012866126525620194,worse
bank,0.02,xgb,ros@1.0,pr_auc,-0.006868431118464399,0.28,25,0.01597297191619873,0.11181080341339111,no difference
bank,0.02,xgb,ros@1.0,f1,0.1229946524064171,0.92,25,2.5410518865803224e-05,0.0001016420754632129,better
bank,0.02,xgb,ros@1.0,mcc,0.0439464709291178,0.64,25,0.06529881362243503,0.3917928817346102,no difference
bank,0.02,xgb,ros@1.0,brier,-0.010958537171019599,0.0,25,5.960464477539063e-08,5.960464477539062e-07,worse
bank,0.02,xgb,ros@1.0,prec_at_top,-0.006172839506172895,0.32,25,0.07941855324963441,0.31767421299853765,no difference
bank,0.02,xgb,ros@1.0,empc,-0.0057314697191141045,0.36,25,0.17295855283737183,1.0,no difference
bank,0.02,xgb,rus@1.0,roc_auc,-0.018773540489642193,0.28,25,0.002025127410888672,0.014175891876220703,worse
bank,0.02,xgb,rus@1.0,pr_auc,-0.0708190271484203,0.08,25,3.2782554626464844e-06,3.2782554626464844e-05,worse
bank,0.02,xgb,rus@1.0,f1,-0.002653562653562702,0.48,25,0.2872292995452881,0.5744585990905762,no difference
bank,0.02,xgb,rus@1.0,mcc,-0.020997895709463588,0.44,25,0.12664812803268433,0.5065925121307373,no difference
bank,0.02,xgb,rus@1.0,brier,-0.1743581421600232,0.0,25,5.960464477539063e-08,5.960464477539062e-07,worse
bank,0.02,xgb,rus@1.0,prec_at_top,-0.012345679012345692,0.16,25,0.0014294180624780182,0.014294180624780183,worse
bank,0.02,xgb,rus@1.0,empc,-0.0856740278184681,0.08,25,1.233816146850586e-05,0.0001233816146850586,worse
bank,0.02,xgb,smote@0.5,roc_auc,0.0025887010811634914,0.56,25,0.6915188431739807,1.0,no difference
bank,0.02,xgb,smote@0.5,pr_auc,0.002977826307035303,0.6,25,0.2872292995452881,0.7423979043960571,no difference
bank,0.02,xgb,smote@0.5,f1,0.1111111111111111,0.96,25,1.569120219955584e-05,8.595429752935652e-05,better
bank,0.02,xgb,smote@0.5,mcc,0.0376401483719431,0.72,25,0.02027493715286255,0.1621994972229004,no difference
bank,0.02,xgb,smote@0.5,brier,-0.002079678421984501,0.04,25,1.7881393432617188e-07,5.960464477539062e-07,worse
bank,0.02,xgb,smote@0.5,prec_at_top,0.006172839506172895,0.56,25,0.034192106051137566,0.23934474235796296,no difference
bank,0.02,xgb,smote@0.5,empc,-0.006331048781186899,0.4,25,0.8531995415687561,1.0,no difference
bank,0.02,xgb,smote@1.0,roc_auc,0.0037284331069642462,0.56,25,0.507703959941864,1.0,no difference
bank,0.02,xgb,smote@1.0,pr_auc,0.005506620880297908,0.64,25,0.19081425666809082,0.7423979043960571,no difference
bank,0.02,xgb,smote@1.0,f1,0.0840336134453781,1.0,25,1.2279185361336645e-05,8.595429752935652e-05,better
bank,0.02,xgb,smote@1.0,mcc,0.015535568317316673,0.6,25,0.15633821487426758,0.5065925121307373,no difference
bank,0.02,xgb,smote@1.0,brier,-0.003334977074349002,0.0,25,5.960464477539063e-08,5.960464477539062e-07,worse
bank,0.02,xgb,smote@1.0,prec_at_top,0.0,0.44,25,0.061212992210934854,0.3060649610546743,no difference
bank,0.02,xgb,smote@1.0,empc,0.00959353809755642,0.52,25,0.936802864074707,1.0,no difference
bank,0.02,xgb,smote_enn@1.0,roc_auc,0.008394243947007718,0.68,25,0.08513903617858887,0.5108342170715332,no difference
bank,0.02,xgb,smote_enn@1.0,pr_auc,0.007424124458878689,0.64,25,0.14847958087921143,0.7423979043960571,no difference
bank,0.02,xgb,smote_enn@1.0,f1,0.13295729250604352,0.96,25,1.7881393432617188e-07,1.7881393432617188e-06,better
bank,0.02,xgb,smote_enn@1.0,mcc,0.04629593607968774,0.72,25,0.014722049236297607,0.13249844312667847,no difference
bank,0.02,xgb,smote_enn@1.0,brier,-0.008994866929821498,0.0,25,5.960464477539063e-08,5.960464477539062e-07,worse
bank,0.02,xgb,smote_enn@1.0,prec_at_top,0.0061728395061727975,0.6,25,0.015581205568171415,0.14023085011354275,no difference
bank,0.02,xgb,smote_enn@1.0,empc,0.0084445072399984,0.52,25,0.3665854334831238,1.0,no difference
bank,0.02,xgb,threshold,roc_auc,0.002020558694287633,0.6,25,0.507703959941864,1.0,no difference
bank,0.02,xgb,threshold,pr_auc,-0.0022511396166130793,0.32,25,0.20993918180465698,0.7423979043960571,no difference
bank,0.02,xgb,threshold,f1,0.1452581032412965,0.88,25,4.172325134277344e-06,3.337860107421875e-05,better
bank,0.02,xgb,threshold,mcc,0.07413958367687337,0.68,25,0.02027493715286255,0.1621994972229004,no difference
bank,0.02,xgb,threshold,brier,-4.07620613675011e-05,0.36,25,0.21998637914657593,0.21998637914657593,no difference
bank,0.02,xgb,threshold,prec_at_top,0.0,0.36,25,0.48379170785872705,1.0,no difference
bank,0.02,xgb,threshold,empc,-0.003797097254279014,0.48,25,0.9158032536506653,1.0,no difference
bank,0.05,hgb,adasyn@1.0,roc_auc,0.0008220488446476493,0.52,25,0.978915274143219,1.0,no difference
bank,0.05,hgb,adasyn@1.0,pr_auc,0.004046728118443199,0.56,25,0.39571136236190796,1.0,no difference
bank,0.05,hgb,adasyn@1.0,f1,0.055315330015501374,0.96,25,4.172325134277344e-07,1.6689300537109375e-06,better
bank,0.05,hgb,adasyn@1.0,mcc,0.005546708714573523,0.64,25,0.19081425666809082,0.8647927641868591,no difference
bank,0.05,hgb,adasyn@1.0,brier,-0.0026292316886236053,0.04,25,1.7881393432617188e-07,5.364418029785156e-07,worse
bank,0.05,hgb,adasyn@1.0,prec_at_top,-0.0059523809523809035,0.32,25,0.5368521672440445,1.0,no difference
bank,0.05,hgb,adasyn@1.0,empc,-0.016941236005295623,0.4,25,0.2751842737197876,1.0,no difference
bank,0.05,hgb,class_weight,roc_auc,-0.00400065805216554,0.36,25,0.04215019941329956,0.2107509970664978,no difference
bank,0.05,hgb,class_weight,pr_auc,-0.0038121443787555997,0.44,25,0.5601714849472046,1.0,no difference
bank,0.05,hgb,class_weight,f1,0.0858613623869259,0.96,25,1.1920928955078125e-07,8.344650268554688e-07,better
bank,0.05,hgb,class_weight,mcc,0.008441889951694481,0.68,25,0.2002161741256714,0.8647927641868591,no difference
bank,0.05,hgb,class_weight,brier,-0.0143101166670856,0.0,25,5.960464477539063e-08,5.364418029785156e-07,worse
bank,0.05,hgb,class_weight,prec_at_top,-0.005952380952380876,0.36,25,0.18252360570781623,0.9126180285390811,no difference
bank,0.05,hgb,class_weight,empc,-0.026020226408239755,0.36,25,0.3665854334831238,1.0,no difference
bank,0.05,hgb,dirichlet@1.0,roc_auc,0.0046811438143096185,0.64,25,0.312333345413208,1.0,no difference
bank,0.05,hgb,dirichlet@1.0,pr_auc,0.003156366125686816,0.52,25,0.5782062411308289,1.0,no difference
bank,0.05,hgb,dirichlet@1.0,f1,0.027272727272727282,0.92,25,0.000102996826171875,0.000308990478515625,better
bank,0.05,hgb,dirichlet@1.0,mcc,0.007834570922775008,0.56,25,0.3525196313858032,0.8647927641868591,no difference
bank,0.05,hgb,dirichlet@1.0,brier,-0.0003644157444311,0.32,25,0.02550506591796875,0.02550506591796875,worse
bank,0.05,hgb,dirichlet@1.0,prec_at_top,-0.005952380952380876,0.32,25,0.43377001159477546,1.0,no difference
bank,0.05,hgb,dirichlet@1.0,empc,-0.016813855603592498,0.44,25,0.8948604464530945,1.0,no difference
bank,0.05,hgb,easy_ensemble,roc_auc,0.008509810959559716,0.88,25,8.051662013688955e-05,0.0006441329610951164,better
bank,0.05,hgb,easy_ensemble,pr_auc,0.008534211640864209,0.64,25,0.10139739513397217,0.608384370803833,no difference
bank,0.05,hgb,easy_ensemble,f1,-0.012579481010482924,0.28,25,0.03933870792388916,0.03933870792388916,worse
bank,0.05,hgb,easy_ensemble,mcc,-0.04088020604424181,0.24,25,0.0010271072387695312,0.009243965148925781,worse
bank,0.05,hgb,easy_ensemble,brier,-0.12659137414591168,0.0,25,5.960464477539063e-08,5.364418029785156e-07,worse
bank,0.05,hgb,easy_ensemble,prec_at_top,0.01785714285714282,0.64,25,0.0027135244753086914,0.01899467132716084,better
bank,0.05,hgb,easy_ensemble,empc,0.08224888672441943,0.84,25,0.0001398921012878418,0.0012590289115905762,better
bank,0.05,hgb,ros@1.0,roc_auc,-0.01159440019966862,0.12,25,2.664327621459961e-05,0.00023978948593139648,worse
bank,0.05,hgb,ros@1.0,pr_auc,-0.008099867331777533,0.4,25,0.12664812803268433,0.608384370803833,no difference
bank,0.05,hgb,ros@1.0,f1,0.0939442115912704,0.96,25,1.1920928955078125e-07,8.344650268554688e-07,better
bank,0.05,hgb,ros@1.0,mcc,0.017245376344610708,0.6,25,0.4107651710510254,0.8647927641868591,no difference
bank,0.05,hgb,ros@1.0,brier,-0.013994985517001096,0.0,25,5.960464477539063e-08,5.364418029785156e-07,worse
bank,0.05,hgb,ros@1.0,prec_at_top,-0.011904761904761918,0.2,25,0.0013634053516012005,0.010907242812809604,worse
bank,0.05,hgb,ros@1.0,empc,-0.04840373532551889,0.28,25,0.002255260944366455,0.015786826610565186,worse
bank,0.05,hgb,rus@1.0,roc_auc,-0.017943084327265213,0.24,25,0.0001398921012878418,0.0009792447090148926,worse
bank,0.05,hgb,rus@1.0,pr_auc,-0.031741405938102596,0.16,25,0.00016230344772338867,0.001460731029510498,worse
bank,0.05,hgb,rus@1.0,f1,-0.044631838749485814,0.16,25,0.00016230344772338867,0.00032460689544677734,worse
bank,0.05,hgb,rus@1.0,mcc,-0.0831241794549965,0.12,25,2.562999725341797e-06,2.562999725341797e-05,worse
bank,0.05,hgb,rus@1.0,brier,-0.152830582474493,0.0,25,5.960464477539063e-08,5.364418029785156e-07,worse
bank,0.05,hgb,rus@1.0,prec_at_top,-0.01190476190476189,0.12,25,0.0007301151364785031,0.006571036228306528,worse
bank,0.05,hgb,rus@1.0,empc,-0.07188903400410962,0.24,25,0.0012963414192199707,0.010370731353759766,worse
bank,0.05,hgb,smote@0.5,roc_auc,0.0004860612586743418,0.52,25,0.7914759516716003,1.0,no difference
bank,0.05,hgb,smote@0.5,pr_auc,0.0159022768279109,0.72,25,0.01597297191619873,0.12778377532958984,no difference
bank,0.05,hgb,smote@0.5,f1,0.06071143954212849,1.0,25,5.960464477539063e-08,5.960464477539062e-07,better
bank,0.05,hgb,smote@0.5,mcc,0.018653451957115208,0.68,25,0.007370948791503906,0.05896759033203125,no difference
bank,0.05,hgb,smote@0.5,brier,-0.0016264315773557997,0.08,25,5.960464477539062e-07,1.1920928955078125e-06,worse
bank,0.05,hgb,smote@0.5,prec_at_top,0.005952380952380876,0.52,25,0.583860651357837,1.0,no difference
bank,0.05,hgb,smote@0.5,empc,-0.0029332925808808197,0.48,25,0.9578450322151184,1.0,no difference
bank,0.05,hgb,smote@1.0,roc_auc,0.001853346486114904,0.6,25,0.5424043536186218,1.0,no difference
bank,0.05,hgb,smote@1.0,pr_auc,0.012124910802722322,0.56,25,0.1134914755821228,0.608384370803833,no difference
bank,0.05,hgb,smote@1.0,f1,0.04992371071101609,0.96,25,1.7881393432617188e-07,8.940696716308594e-07,better
bank,0.05,hgb,smote@1.0,mcc,0.005985004791000725,0.56,25,0.17295855283737183,0.8647927641868591,no difference
bank,0.05,hgb,smote@1.0,brier,-0.002485068566449901,0.0,25,5.960464477539063e-08,5.364418029785156e-07,worse
bank,0.05,hgb,smote@1.0,prec_at_top,0.0059523809523809035,0.52,25,0.7639550146454017,1.0,no difference
bank,0.05,hgb,smote@1.0,empc,0.007214969487302825,0.52,25,0.9158032536506653,1.0,no difference
bank,0.05,hgb,smote_enn@1.0,roc_auc,0.008609093354856046,0.8,25,0.003419220447540283,0.0205153226852417,better
bank,0.05,hgb,smote_enn@1.0,pr_auc,0.0135579614012033,0.72,25,0.034173786640167236,0.23921650648117065,no difference
bank,0.05,hgb,smote_enn@1.0,f1,0.09458128078817737,1.0,25,5.960464477539063e-08,5.960464477539062e-07,better
bank,0.05,hgb,smote_enn@1.0,mcc,0.02089869461179711,0.68,25,0.02747941017150879,0.17853546142578125,no difference
bank,0.05,hgb,smote_enn@1.0,brier,-0.0161938916333138,0.0,25,5.960464477539063e-08,5.364418029785156e-07,worse
bank,0.05,hgb,smote_enn@1.0,prec_at_top,0.011904761904761918,0.68,25,0.007346749542073344,0.044080497252440065,better
bank,0.05,hgb,smote_enn@1.0,empc,0.03840623317712677,0.72,25,0.005578815937042236,0.03347289562225342,better
bank,0.05,hgb,threshold,roc_auc,0.0,0.0,25,,,no difference
bank,0.05,hgb,threshold,pr_auc,0.0,0.0,25,,,no difference
bank,0.05,hgb,threshold,f1,0.0772084722678815,1.0,25,5.960464477539063e-08,5.960464477539062e-07,better
bank,0.05,hgb,threshold,mcc,0.011390773713698732,0.72,25,0.02550506591796875,0.17853546142578125,no difference
bank,0.05,hgb,threshold,brier,0.0,0.0,25,,,no difference
bank,0.05,hgb,threshold,prec_at_top,0.0,0.0,25,,,no difference
bank,0.05,hgb,threshold,empc,0.0,0.0,25,,,no difference
bank,0.05,lgbm,adasyn@1.0,roc_auc,0.0038337368845843267,0.72,25,0.04215019941329956,0.23921650648117065,no difference
bank,0.05,lgbm,adasyn@1.0,pr_auc,0.013360403141409793,0.8,25,0.0030878782272338867,0.021615147590637207,better
bank,0.05,lgbm,adasyn@1.0,f1,0.06515316436013063,0.88,25,3.2782554626464844e-06,1.9669532775878906e-05,better
bank,0.05,lgbm,adasyn@1.0,mcc,0.0346356720680025,0.64,25,0.014722049236297607,0.08833229541778564,no difference
bank,0.05,lgbm,adasyn@1.0,brier,-0.00022109984880029632,0.48,25,0.6720751523971558,1.0,no difference
bank,0.05,lgbm,adasyn@1.0,prec_at_top,0.005952380952381042,0.6,25,0.07232265678549393,0.28929062714197573,no difference
bank,0.05,lgbm,adasyn@1.0,empc,0.029833692496522346,0.76,25,0.02747941017150879,0.19235587120056152,no difference
bank,0.05,lgbm,class_weight,roc_auc,-0.003220936836756283,0.32,25,0.034173786640167236,0.23921650648117065,no difference
bank,0.05,lgbm,class_weight,pr_auc,-0.005678788778518629,0.2,25,0.012466490268707275,0.0498659610748291,worse
bank,0.05,lgbm,class_weight,f1,0.08059886306073061,0.96,25,1.1920928955078125e-07,8.344650268554688e-07,better
bank,0.05,lgbm,class_weight,mcc,0.023902809455657592,0.68,25,0.05157625675201416,0.15472877025604248,no difference
bank,0.05,lgbm,class_weight,brier,-0.008382835465384202,0.0,25,5.960464477539063e-08,5.960464477539062e-07,worse
bank,0.05,lgbm,class_weight,prec_at_top,0.0,0.48,25,0.922324403976185,0.922324403976185,no difference
bank,0.05,lgbm,class_weight,empc,-0.0051145209781687795,0.4,25,0.3665854334831238,1.0,no difference
bank,0.05,lgbm,dirichlet@1.0,roc_auc,0.003275305096913317,0.56,25,0.06670159101486206,0.23921650648117065,no difference
bank,0.05,lgbm,dirichlet@1.0,pr_auc,0.002976478174809505,0.56,25,0.8119303584098816,1.0,no difference
bank,0.05,lgbm,dirichlet@1.0,f1,0.022574123989218292,0.76,25,0.000429689884185791,0.000859379768371582,better
bank,0.05,lgbm,dirichlet@1.0,mcc,0.001402887519926399,0.52,25,0.5249125957489014,0.5249125957489014,no difference
bank,0.05,lgbm,dirichlet@1.0,brier,-0.00046870199628860215,0.28,25,0.00806879997253418,0.0403439998626709,worse
bank,0.05,lgbm,dirichlet@1.0,prec_at_top,0.0059523809523810145,0.56,25,0.01617271523378202,0.11320900663647412,no difference
bank,0.05,lgbm,dirichlet@1.0,empc,0.010211739670594078,0.56,25,0.7711594104766846,1.0,no difference
bank,0.05,lgbm,easy_ensemble,roc_auc,0.003968253968253954,0.64,25,0.034173786640167236,0.23921650648117065,no difference
bank,0.05,lgbm,easy_ensemble,pr_auc,-0.015509328676086398,0.32,25,0.004604637622833252,0.02762782573699951,worse
bank,0.05,lgbm,easy_ensemble,f1,-0.02031802120141349,0.2,25,0.0041751861572265625,0.0041751861572265625,worse
bank,0.05,lgbm,easy_ensemble,mcc,-0.052791280622125486,0.2,25,1.0073184967041016e-05,9.065866470336914e-05,worse
bank,0.05,lgbm,easy_ensemble,brier,-0.13042527638817758,0.0,25,5.960464477539063e-08,5.960464477539062e-07,worse
bank,0.05,lgbm,easy_ensemble,prec_at_top,0.011904761904762001,0.84,25,0.0005303994127352317,0.004773594714617085,better
bank,0.05,lgbm,easy_ensemble,empc,0.033552816251642414,0.72,25,0.00806879997253418,0.06455039978027344,no difference
bank,0.05,lgbm,ros@1.0,roc_auc,-0.00727580756169699,0.2,25,0.00021690130233764648,0.0019521117210388184,worse
bank,0.05,lgbm,ros@1.0,pr_auc,-0.0018811910921773256,0.48,25,0.4107651710510254,1.0,no difference
bank,0.05,lgbm,ros@1.0,f1,0.0789473684210526,1.0,25,5.960464477539063e-08,5.960464477539062e-07,better
bank,0.05,lgbm,ros@1.0,mcc,0.019083137352443214,0.68,25,0.023649930953979492,0.09459972381591797,no difference
bank,0.05,lgbm,ros@1.0,brier,-0.006642453990926597,0.0,25,5.960464477539063e-08,5.960464477539062e-07,worse
bank,0.05,lgbm,ros@1.0,prec_at_top,-0.0059523809523809035,0.4,25,0.17065584234848918,0.3903263016020396,no difference
bank,0.05,lgbm,ros@1.0,empc,-0.012620230285287248,0.44,25,0.14091521501541138,0.8454912900924683,no difference
bank,0.05,lgbm,rus@1.0,roc_auc,-0.01183746111509909,0.16,25,0.0002498030662536621,0.001998424530029297,worse
bank,0.05,lgbm,rus@1.0,pr_auc,-0.07710057261141806,0.0,25,5.960464477539063e-08,5.960464477539062e-07,worse
bank,0.05,lgbm,rus@1.0,f1,-0.039461321641089814,0.12,25,2.664327621459961e-05,8.845329284667969e-05,worse
bank,0.05,lgbm,rus@1.0,mcc,-0.07680827204604979,0.08,25,5.960464477539062e-07,5.9604644775390625e-06,worse
bank,0.05,lgbm,rus@1.0,brier,-0.15631896040349688,0.0,25,5.960464477539063e-08,5.960464477539062e-07,worse
bank,0.05,lgbm,rus@1.0,prec_at_top,-0.01190476190476189,0.24,25,0.0022415897280793004,0.017932717824634403,worse
bank,0.05,lgbm,rus@1.0,empc,-0.13072742627810563,0.24,25,0.000102996826171875,0.000926971435546875,worse
bank,0.05,lgbm,smote@0.5,roc_auc,0.0020190236898779412,0.64,25,0.036682069301605225,0.23921650648117065,no difference
bank,0.05,lgbm,smote@0.5,pr_auc,0.014952732822921921,0.76,25,0.0012963414192199707,0.010370731353759766,better
bank,0.05,lgbm,smote@0.5,f1,0.053905951318975354,0.88,25,3.2782554626464844e-06,1.9669532775878906e-05,better
bank,0.05,lgbm,smote@0.5,mcc,0.021005194838006447,0.68,25,0.014722049236297607,0.08833229541778564,no difference
bank,0.05,lgbm,smote@0.5,brier,-0.00010134987076210189,0.48,25,0.978915274143219,1.0,no difference
bank,0.05,lgbm,smote@0.5,prec_at_top,0.005952380952380987,0.56,25,0.13010876720067988,0.3903263016020396,no difference
bank,0.05,lgbm,smote@0.5,empc,0.014935584655099254,0.52,25,0.2996123433113098,1.0,no difference
bank,0.05,lgbm,smote@1.0,roc_auc,0.0017935611155949216,0.6,25,0.312333345413208,0.624666690826416,no difference
bank,0.05,lgbm,smote@1.0,pr_auc,0.017428091969396542,0.8,25,0.008822321891784668,0.04411160945892334,better
bank,0.05,lgbm,smote@1.0,f1,0.04803312629399589,0.84,25,2.2113323211669922e-05,8.845329284667969e-05,better
bank,0.05,lgbm,smote@1.0,mcc,0.019773987310574892,0.68,25,0.14847958087921143,0.29695916175842285,no difference
bank,0.05,lgbm,smote@1.0,brier,-0.00014209616300749767,0.4,25,0.24106645584106445,0.9642658233642578,no difference
bank,0.05,lgbm,smote@1.0,prec_at_top,0.005952380952380987,0.68,25,0.05634711236878883,0.28173556184394416,no difference
bank,0.05,lgbm,smote@1.0,empc,-0.00864875335877291,0.4,25,0.8325093984603882,1.0,no difference
bank,0.05,lgbm,smote_enn@1.0,roc_auc,0.012256000956565982,0.92,25,1.233816146850586e-05,0.0001233816146850586,better
bank,0.05,lgbm,smote_enn@1.0,pr_auc,0.019284901526497977,0.92,25,2.2113323211669922e-05,0.0001990199089050293,better
bank,0.05,lgbm,smote_enn@1.0,f1,0.1034447821681864,1.0,25,5.960464477539063e-08,5.960464477539062e-07,better
bank,0.05,lgbm,smote_enn@1.0,mcc,0.03367024635649174,0.76,25,0.000429689884185791,0.003437519073486328,better
bank,0.05,lgbm,smote_enn@1.0,brier,-0.0108419072627522,0.0,25,5.960464477539063e-08,5.960464477539062e-07,worse
bank,0.05,lgbm,smote_enn@1.0,prec_at_top,0.017857142857142905,0.84,25,9.198730466608117e-05,0.0009198730466608117,better
bank,0.05,lgbm,smote_enn@1.0,empc,0.07857146582956709,0.8,25,3.1948089599609375e-05,0.00031948089599609375,better
bank,0.05,lgbm,threshold,roc_auc,0.00022433596554194413,0.52,25,0.9158032536506653,0.9158032536506653,no difference
bank,0.05,lgbm,threshold,pr_auc,0.0009331299909974833,0.52,25,0.4418373703956604,1.0,no difference
bank,0.05,lgbm,threshold,f1,0.0897308075772682,1.0,25,5.960464477539063e-08,5.960464477539062e-07,better
bank,0.05,lgbm,threshold,mcc,0.023394622993799907,0.8,25,0.0007149577140808105,0.005004703998565674,better
bank,0.05,lgbm,threshold,brier,-5.154970687659688e-05,0.4,25,0.507703959941864,1.0,no difference
bank,0.05,lgbm,threshold,prec_at_top,0.0059523809523809035,0.6,25,0.04123115424240548,0.24738692545443286,no difference
bank,0.05,lgbm,threshold,empc,0.022173507465104048,0.56,25,0.25210392475128174,1.0,no difference
bank,0.05,lr,adasyn@1.0,roc_auc,0.007316234717364534,0.76,25,0.003419220447540283,0.008354544639587402,better
bank,0.05,lr,adasyn@1.0,pr_auc,-0.025638292515778704,0.0,25,5.960464477539063e-08,5.364418029785156e-07,worse
bank,0.05,lr,adasyn@1.0,f1,0.1850192061459667,1.0,25,1.2279185361336645e-05,3.6837556084009935e-05,better
bank,0.05,lr,adasyn@1.0,mcc,0.170554364998342,1.0,25,5.960464477539063e-08,5.960464477539062e-07,better
bank,0.05,lr,adasyn@1.0,brier,-0.1526299209295238,0.0,25,5.960464477539063e-08,5.364418029785156e-07,worse
bank,0.05,lr,adasyn@1.0,prec_at_top,-0.011904761904761918,0.2,25,0.0005681599797025326,0.003977119857917728,worse
bank,0.05,lr,adasyn@1.0,empc,-0.09503347745420115,0.0,25,5.960464477539063e-08,5.364418029785156e-07,worse
bank,0.05,lr,class_weight,roc_auc,0.009384721225173531,0.92,25,4.172325134277344e-07,3.337860107421875e-06,better
bank,0.05,lr,class_weight,pr_auc,-0.022210785801950877,0.0,25,5.960464477539063e-08,5.364418029785156e-07,worse
bank,0.05,lr,class_weight,f1,0.1818181818181818,1.0,25,5.960464477539063e-08,5.960464477539062e-07,better
bank,0.05,lr,class_weight,mcc,0.1745411408225174,1.0,25,5.960464477539063e-08,5.960464477539062e-07,better
bank,0.05,lr,class_weight,brier,-0.1514711709869746,0.0,25,5.960464477539063e-08,5.364418029785156e-07,worse
bank,0.05,lr,class_weight,prec_at_top,-0.005952380952380987,0.2,25,0.0056497908630332395,0.022599163452132958,worse
bank,0.05,lr,class_weight,empc,-0.08325269634361904,0.08,25,1.1324882507324219e-06,1.1324882507324219e-06,worse
bank,0.05,lr,dirichlet@1.0,roc_auc,0.004536214988192455,0.8,25,0.007370948791503906,0.008354544639587402,better
bank,0.05,lr,dirichlet@1.0,pr_auc,-0.02437756516544279,0.0,25,5.960464477539063e-08,5.364418029785156e-07,worse
bank,0.05,lr,dirichlet@1.0,f1,0.1872174786539427,1.0,25,5.960464477539063e-08,5.960464477539062e-07,better
bank,0.05,lr,dirichlet@1.0,mcc,0.1705016544021283,1.0,25,5.960464477539063e-08,5.960464477539062e-07,better
bank,0.05,lr,dirichlet@1.0,brier,-0.1418267352294037,0.0,25,5.960464477539063e-08,5.364418029785156e-07,worse
bank,0.05,lr,dirichlet@1.0,prec_at_top,-0.011904761904761918,0.08,25,0.00016034244368090634,0.001443081993128157,worse
bank,0.05,lr,dirichlet@1.0,empc,-0.0952847112484439,0.0,25,5.960464477539063e-08,5.364418029785156e-07,worse
bank,0.05,lr,easy_ensemble,roc_auc,0.00888370423546292,0.92,25,4.172325134277344e-07,3.337860107421875e-06,better
bank,0.05,lr,easy_ensemble,pr_auc,-0.023095212875128418,0.0,25,5.960464477539063e-08,5.364418029785156e-07,worse
bank,0.05,lr,easy_ensemble,f1,0.182108626198083,1.0,25,5.960464477539063e-08,5.960464477539062e-07,better
bank,0.05,lr,easy_ensemble,mcc,0.1733294813888705,1.0,25,5.960464477539063e-08,5.960464477539062e-07,better
bank,0.05,lr,easy_ensemble,brier,-0.1549176044434118,0.0,25,5.960464477539063e-08,5.364418029785156e-07,worse
bank,0.05,lr,easy_ensemble,prec_at_top,-0.0059523809523809035,0.2,25,0.008877230792297443,0.02663169237689233,worse
bank,0.05,lr,easy_ensemble,empc,-0.08362422536661673,0.08,25,2.980232238769531e-07,8.940696716308594e-07,worse
bank,0.05,lr,ros@1.0,roc_auc,0.00939967695620969,0.96,25,2.980232238769531e-07,2.682209014892578e-06,better
bank,0.05,lr,ros@1.0,pr_auc,-0.02234784827880898,0.0,25,5.960464477539063e-08,5.364418029785156e-07,worse
bank,0.05,lr,ros@1.0,f1,0.1844660194174757,1.0,25,5.960464477539063e-08,5.960464477539062e-07,better
bank,0.05,lr,ros@1.0,mcc,0.17930722941278351,1.0,25,5.960464477539063e-08,5.960464477539062e-07,better
bank,0.05,lr,ros@1.0,brier,-0.1515760384376616,0.0,25,5.960464477539063e-08,5.364418029785156e-07,worse
bank,0.05,lr,ros@1.0,prec_at_top,-0.005952380952380987,0.24,25,0.011795740502466722,0.02663169237689233,worse
bank,0.05,lr,ros@1.0,empc,-0.08169130376647268,0.04,25,1.1920928955078125e-07,7.152557373046875e-07,worse
bank,0.05,lr,rus@1.0,roc_auc,0.005705611390284804,0.8,25,0.0027848482131958008,0.008354544639587402,better
bank,0.05,lr,rus@1.0,pr_auc,-0.0223805602312072,0.0,25,5.960464477539063e-08,5.364418029785156e-07,worse
bank,0.05,lr,rus@1.0,f1,0.1812596006144393,1.0,25,5.960464477539063e-08,5.960464477539062e-07,better
bank,0.05,lr,rus@1.0,mcc,0.1607795825001989,1.0,25,5.960464477539063e-08,5.960464477539062e-07,better
bank,0.05,lr,rus@1.0,brier,-0.1558076714245119,0.0,25,5.960464477539063e-08,5.364418029785156e-07,worse
bank,0.05,lr,rus@1.0,prec_at_top,-0.0059523809523810145,0.2,25,0.011586018931245069,0.02663169237689233,worse
bank,0.05,lr,rus@1.0,empc,-0.08408819269628182,0.04,25,1.7881393432617188e-07,7.152557373046875e-07,worse
bank,0.05,lr,smote@0.5,roc_auc,0.006875317609780662,0.84,25,0.00032907724380493164,0.0016453862190246582,better
bank,0.05,lr,smote@0.5,pr_auc,-0.014914702207122404,0.0,25,5.960464477539063e-08,5.364418029785156e-07,worse
bank,0.05,lr,smote@0.5,f1,0.2175697865353038,1.0,25,1.2279185361336645e-05,3.6837556084009935e-05,better
bank,0.05,lr,smote@0.5,mcc,0.1801562168743877,1.0,25,5.960464477539063e-08,5.960464477539062e-07,better
bank,0.05,lr,smote@0.5,brier,-0.07012579657411659,0.0,25,5.960464477539063e-08,5.364418029785156e-07,worse
bank,0.05,lr,smote@0.5,prec_at_top,-0.0059523809523810145,0.16,25,0.002825666842494578,0.014128334212472891,worse
bank,0.05,lr,smote@0.5,empc,-0.05744675480671979,0.04,25,1.1920928955078125e-07,7.152557373046875e-07,worse
bank,0.05,lr,smote@1.0,roc_auc,0.007914088422562915,0.84,25,0.000102996826171875,0.00061798095703125,better
bank,0.05,lr,smote@1.0,pr_auc,-0.025006561539853006,0.0,25,5.960464477539063e-08,5.364418029785156e-07,worse
bank,0.05,lr,smote@1.0,f1,0.1798043728423475,1.0,25,5.960464477539063e-08,5.960464477539062e-07,better
bank,0.05,lr,smote@1.0,mcc,0.1594743920618958,1.0,25,5.960464477539063e-08,5.960464477539062e-07,better
bank,0.05,lr,smote@1.0,brier,-0.1477143874556679,0.0,25,5.960464477539063e-08,5.364418029785156e-07,worse
bank,0.05,lr,smote@1.0,prec_at_top,-0.01190476190476189,0.16,25,0.0012821349312137319,0.007692809587282391,worse
bank,0.05,lr,smote@1.0,empc,-0.080175024728118,0.04,25,2.980232238769531e-07,8.940696716308594e-07,worse
bank,0.05,lr,smote_enn@1.0,roc_auc,0.008056078677547651,0.8,25,0.0007149577140808105,0.002859830856323242,better
bank,0.05,lr,smote_enn@1.0,pr_auc,-0.023680408807511405,0.0,25,5.960464477539063e-08,5.364418029785156e-07,worse
bank,0.05,lr,smote_enn@1.0,f1,0.1689265139806098,1.0,25,1.2279185361336645e-05,3.6837556084009935e-05,better
bank,0.05,lr,smote_enn@1.0,mcc,0.1571904599079105,1.0,25,5.960464477539063e-08,5.960464477539062e-07,better
bank,0.05,lr,smote_enn@1.0,brier,-0.1792138295945246,0.0,25,5.960464477539063e-08,5.364418029785156e-07,worse
bank,0.05,lr,smote_enn@1.0,prec_at_top,-0.017857142857142877,0.16,25,0.0002917441429435521,0.002333953143548417,worse
bank,0.05,lr,smote_enn@1.0,empc,-0.08980876811876351,0.0,25,5.960464477539063e-08,5.364418029785156e-07,worse
bank,0.05,lr,threshold,roc_auc,0.0,0.0,25,,,no difference
bank,0.05,lr,threshold,pr_auc,0.0,0.0,25,,,no difference
bank,0.05,lr,threshold,f1,0.2282608695652173,1.0,25,5.960464477539063e-08,5.960464477539062e-07,better
bank,0.05,lr,threshold,mcc,0.1798172041632653,1.0,25,5.960464477539063e-08,5.960464477539062e-07,better
bank,0.05,lr,threshold,brier,0.0,0.0,25,,,no difference
bank,0.05,lr,threshold,prec_at_top,0.0,0.0,25,,,no difference
bank,0.05,lr,threshold,empc,0.0,0.0,25,,,no difference
bank,0.05,rf,adasyn@1.0,roc_auc,-0.004333423067719555,0.36,25,0.04826241731643677,0.3378369212150574,no difference
bank,0.05,rf,adasyn@1.0,pr_auc,-0.1003606171692441,0.0,25,5.960464477539063e-08,5.960464477539062e-07,worse
bank,0.05,rf,adasyn@1.0,f1,0.12160312805474094,1.0,25,5.960464477539063e-08,5.960464477539062e-07,better
bank,0.05,rf,adasyn@1.0,mcc,0.0013072210923312788,0.56,25,0.7914759516716003,0.8616878986358643,no difference
bank,0.05,rf,adasyn@1.0,brier,-0.012918663280163903,0.0,25,5.960464477539063e-08,5.960464477539062e-07,worse
bank,0.05,rf,adasyn@1.0,prec_at_top,-0.017857142857142905,0.12,25,0.0003749739007305101,0.003374765106574591,worse
bank,0.05,rf,adasyn@1.0,empc,-0.17593156321618242,0.04,25,1.7881393432617188e-07,1.2516975402832031e-06,worse
bank,0.05,rf,class_weight,roc_auc,-0.0004424477571300933,0.44,25,0.9578450322151184,1.0,no difference
bank,0.05,rf,class_weight,pr_auc,-0.019622444639085523,0.04,25,8.344650268554688e-07,2.5033950805664062e-06,worse
bank,0.05,rf,class_weight,f1,0.06295350025549312,0.96,25,2.5410518865803224e-05,2.5410518865803224e-05,better
bank,0.05,rf,class_weight,mcc,0.025075582101789506,0.8,25,0.004924988613696259,0.03447492029587381,better
bank,0.05,rf,class_weight,brier,-0.0020973717001186998,0.0,25,5.960464477539063e-08,5.960464477539062e-07,worse
bank,0.05,rf,class_weight,prec_at_top,0.0,0.28,25,0.5589914264638727,1.0,no difference
bank,0.05,rf,class_weight,empc,-0.0580152483155868,0.28,25,0.0005564093589782715,0.0016692280769348145,worse
bank,0.05,rf,dirichlet@1.0,roc_auc,-0.006038376405838819,0.16,25,0.0037809014320373535,0.030247211456298828,worse
bank,0.05,rf,dirichlet@1.0,pr_auc,-0.10073025431217872,0.0,25,5.960464477539063e-08,5.960464477539062e-07,worse
bank,0.05,rf,dirichlet@1.0,f1,-0.06983704689058869,0.08,25,2.562999725341797e-06,7.867813110351562e-06,worse
bank,0.05,rf,dirichlet@1.0,mcc,-0.11756288333654283,0.04,25,1.1920928955078125e-07,1.0728836059570312e-06,worse
bank,0.05,rf,dirichlet@1.0,brier,-0.0029889120816132056,0.0,25,5.960464477539063e-08,5.960464477539062e-07,worse
bank,0.05,rf,dirichlet@1.0,prec_at_top,-0.017857142857142905,0.2,25,0.0005513249306806826,0.0038592745147647788,worse
bank,0.05,rf,dirichlet@1.0,empc,-0.14084316170120054,0.0,25,5.960464477539063e-08,5.960464477539062e-07,worse
bank,0.05,rf,easy_ensemble,roc_auc,0.005918730557549656,0.84,25,0.00028705596923828125,0.0025835037231445312,better
bank,0.05,rf,easy_ensemble,pr_auc,-0.0608816896184754,0.12,25,4.172325134277344e-06,8.344650268554688e-06,worse
bank,0.05,rf,easy_ensemble,f1,0.045784363822176904,0.88,25,1.9669532775878906e-06,7.867813110351562e-06,better
bank,0.05,rf,easy_ensemble,mcc,-0.02834927556182601,0.32,25,0.023649930953979492,0.09459972381591797,no difference
bank,0.05,rf,easy_ensemble,brier,-0.1277580586483755,0.0,25,5.960464477539063e-08,5.960464477539062e-07,worse
bank,0.05,rf,easy_ensemble,prec_at_top,0.005952380952380931,0.56,25,0.7969164118372689,1.0,no difference
bank,0.05,rf,easy_ensemble,empc,-0.05380781925099165,0.24,25,0.0010271072387695312,0.0020542144775390625,worse
bank,0.05,rf,ros@1.0,roc_auc,-0.004737227805695188,0.2,25,0.0001398921012878418,0.001398921012878418,worse
bank,0.05,rf,ros@1.0,pr_auc,-0.03759121388332909,0.0,25,5.960464477539063e-08,5.960464477539062e-07,worse
bank,0.05,rf,ros@1.0,f1,0.13963624172324202,1.0,25,5.960464477539063e-08,5.960464477539062e-07,better
bank,0.05,rf,ros@1.0,mcc,0.05884189689062291,0.72,25,8.803606033325195e-05,0.0007042884826660156,better
bank,0.05,rf,ros@1.0,brier,-0.004912311047875199,0.0,25,5.960464477539063e-08,5.960464477539062e-07,worse
bank,0.05,rf,ros@1.0,prec_at_top,-0.011904761904761862,0.24,25,0.008062445197648944,0.032249780790595775,worse
bank,0.05,rf,ros@1.0,empc,-0.07705897919240778,0.0,25,5.960464477539063e-08,5.960464477539062e-07,worse
bank,0.05,rf,rus@1.0,roc_auc,-0.001611480019143463,0.44,25,0.4741646647453308,1.0,no difference
bank,0.05,rf,rus@1.0,pr_auc,-0.08998288300733098,0.0,25,5.960464477539063e-08,5.960464477539062e-07,worse
bank,0.05,rf,rus@1.0,f1,0.044212491513917235,0.84,25,2.562999725341797e-06,7.867813110351562e-06,better
bank,0.05,rf,rus@1.0,mcc,-0.024668554941326415,0.24,25,0.018744707107543945,0.09372353553771973,no difference
bank,0.05,rf,rus@1.0,brier,-0.1320777212316786,0.0,25,5.960464477539063e-08,5.960464477539062e-07,worse
bank,0.05,rf,rus@1.0,prec_at_top,-0.011904761904761862,0.16,25,0.001617675506033242,0.009706053036199452,worse
bank,0.05,rf,rus@1.0,empc,-0.1360549962083809,0.08,25,1.9669532775878906e-06,7.867813110351562e-06,worse
bank,0.05,rf,smote@0.5,roc_auc,-0.0004969658924460774,0.48,25,0.6720751523971558,1.0,no difference
bank,0.05,rf,smote@0.5,pr_auc,-0.06926864528076548,0.0,25,5.960464477539063e-08,5.960464477539062e-07,worse
bank,0.05,rf,smote@0.5,f1,0.13209219858156032,1.0,25,5.960464477539063e-08,5.960464477539062e-07,better
bank,0.05,rf,smote@0.5,mcc,0.023107114629538517,0.76,25,0.00963503122329712,0.057810187339782715,no difference
bank,0.05,rf,smote@0.5,brier,-0.0083543352341559,0.0,25,5.960464477539063e-08,5.960464477539062e-07,worse
bank,0.05,rf,smote@0.5,prec_at_top,-0.011904761904761862,0.16,25,0.0026570773911732608,0.013285386955866304,worse
bank,0.05,rf,smote@0.5,empc,-0.13255856710362968,0.08,25,4.172325134277344e-07,2.086162567138672e-06,worse
bank,0.05,rf,smote@1.0,roc_auc,-0.0017909487915770406,0.44,25,0.16449612379074097,0.8224806189537048,no difference
bank,0.05,rf,smote@1.0,pr_auc,-0.089643405085441,0.0,25,5.960464477539063e-08,5.960464477539062e-07,worse
bank,0.05,rf,smote@1.0,f1,0.12452523060227894,1.0,25,5.960464477539063e-08,5.960464477539062e-07,better
bank,0.05,rf,smote@1.0,mcc,0.005144266099905592,0.6,25,0.2872292995452881,0.8616878986358643,no difference
bank,0.05,rf,smote@1.0,brier,-0.012466548772220302,0.0,25,5.960464477539063e-08,5.960464477539062e-07,worse
bank,0.05,rf,smote@1.0,prec_at_top,-0.011904761904762001,0.12,25,0.00047877466893060173,0.003830197351444814,worse
bank,0.05,rf,smote@1.0,empc,-0.18385739963887227,0.0,25,5.960464477539063e-08,5.960464477539062e-07,worse
bank,0.05,rf,smote_enn@1.0,roc_auc,-0.0026567124024750033,0.48,25,0.24106645584106445,0.9642658233642578,no difference
bank,0.05,rf,smote_enn@1.0,pr_auc,-0.11991369775799118,0.0,25,5.960464477539063e-08,5.960464477539062e-07,worse
bank,0.05,rf,smote_enn@1.0,f1,0.1333333333333334,1.0,25,5.960464477539063e-08,5.960464477539062e-07,better
bank,0.05,rf,smote_enn@1.0,mcc,-0.002463829308562704,0.44,25,0.39571136236190796,0.8616878986358643,no difference
bank,0.05,rf,smote_enn@1.0,brier,-0.029094344523297296,0.0,25,5.960464477539063e-08,5.960464477539062e-07,worse
bank,0.05,rf,smote_enn@1.0,prec_at_top,-0.02380952380952378,0.08,25,0.0002620193644294771,0.002620193644294771,worse
bank,0.05,rf,smote_enn@1.0,empc,-0.2102729365303524,0.04,25,2.980232238769531e-07,1.7881393432617188e-06,worse
bank,0.05,rf,threshold,roc_auc,-0.0021782043427949205,0.4,25,0.12664812803268433,0.759888768196106,no difference
bank,0.05,rf,threshold,pr_auc,0.0016876898835587184,0.6,25,0.457846462726593,0.457846462726593,no difference
bank,0.05,rf,threshold,f1,0.19012779704499028,1.0,25,5.960464477539063e-08,5.960464477539062e-07,better
bank,0.05,rf,threshold,mcc,0.08182277426129697,1.0,25,5.960464477539063e-08,5.960464477539062e-07,better
bank,0.05,rf,threshold,brier,8.293140184199854e-05,0.64,25,0.5601714849472046,0.5601714849472046,no difference
bank,0.05,rf,threshold,prec_at_top,-0.005952380952380876,0.28,25,0.3778516229923957,1.0,no difference
bank,0.05,rf,threshold,empc,-0.004897231246319467,0.36,25,0.2996123433113098,0.2996123433113098,no difference
bank,0.05,xgb,adasyn@1.0,roc_auc,0.007271395689474658,0.72,25,0.00018787384033203125,0.0009393692016601562,better
bank,0.05,xgb,adasyn@1.0,pr_auc,0.01205178108076127,0.6,25,0.24106645584106445,1.0,no difference
bank,0.05,xgb,adasyn@1.0,f1,0.05809979494190021,1.0,25,5.960464477539063e-08,5.960464477539062e-07,better
bank,0.05,xgb,adasyn@1.0,mcc,0.016199861601052468,0.64,25,0.03180783987045288,0.17747068405151367,no difference
bank,0.05,xgb,adasyn@1.0,brier,-0.0032970827547881,0.0,25,5.960464477539063e-08,5.960464477539062e-07,worse
bank,0.05,xgb,adasyn@1.0,prec_at_top,0.0059523809523809035,0.56,25,0.19812640247542246,0.9906320123771123,no difference
bank,0.05,xgb,adasyn@1.0,empc,0.027695138883981674,0.68,25,0.25210392475128174,0.8008646965026855,no difference
bank,0.05,xgb,class_weight,roc_auc,-0.01084357157803495,0.08,25,1.1324882507324219e-06,9.059906005859375e-06,worse
bank,0.05,xgb,class_weight,pr_auc,-0.019558272038916524,0.2,25,0.0005564093589782715,0.005007684230804443,worse
bank,0.05,xgb,class_weight,f1,0.07087691069991953,0.96,25,1.1920928955078125e-07,8.344650268554688e-07,better
bank,0.05,xgb,class_weight,mcc,-0.003970139967298836,0.48,25,0.8531995415687561,1.0,no difference
bank,0.05,xgb,class_weight,brier,-0.023228176471952196,0.0,25,5.960464477539063e-08,5.960464477539062e-07,worse
bank,0.05,xgb,class_weight,prec_at_top,-0.011904761904761862,0.12,25,0.001959932910257932,0.015679463282063457,worse
bank,0.05,xgb,class_weight,empc,-0.025852971818424386,0.24,25,0.002507925033569336,0.020063400268554688,worse
bank,0.05,xgb,dirichlet@1.0,roc_auc,0.0038486832272143223,0.64,25,0.0626264214515686,0.1252528429031372,no difference
bank,0.05,xgb,dirichlet@1.0,pr_auc,-0.003456449896238223,0.48,25,0.4741646647453308,1.0,no difference
bank,0.05,xgb,dirichlet@1.0,f1,0.016550810989738485,0.84,25,0.002507925033569336,0.005015850067138672,better
bank,0.05,xgb,dirichlet@1.0,mcc,-0.010887398683812999,0.36,25,0.25210392475128174,0.7563117742538452,no difference
bank,0.05,xgb,dirichlet@1.0,brier,-0.0009927406430510002,0.12,25,3.1948089599609375e-05,6.389617919921875e-05,worse
bank,0.05,xgb,dirichlet@1.0,prec_at_top,-0.005952380952380876,0.4,25,0.9878540108980144,1.0,no difference
bank,0.05,xgb,dirichlet@1.0,empc,0.00021684286115319917,0.52,25,0.8119303584098816,0.8836747407913208,no difference
bank,0.05,xgb,easy_ensemble,roc_auc,0.007388131131849773,0.96,25,2.980232238769531e-07,2.9802322387695312e-06,better
bank,0.05,xgb,easy_ensemble,pr_auc,-0.006871838375980988,0.36,25,0.2872292995452881,1.0,no difference
bank,0.05,xgb,easy_ensemble,f1,-0.0269805808558172,0.2,25,0.003419220447540283,0.005015850067138672,worse
bank,0.05,xgb,easy_ensemble,mcc,-0.05071406302183029,0.12,25,0.0001398921012878418,0.0012590289115905762,worse
bank,0.05,xgb,easy_ensemble,brier,-0.1256634540311989,0.0,25,5.960464477539063e-08,5.960464477539062e-07,worse
bank,0.05,xgb,easy_ensemble,prec_at_top,0.011904761904761807,0.72,25,0.008480393085899485,0.05936275160129639,no difference
bank,0.05,xgb,easy_ensemble,empc,0.030944101082778785,0.72,25,0.003419220447540283,0.023934543132781982,better
bank,0.05,xgb,ros@1.0,roc_auc,-0.008160703075957287,0.08,25,4.5418739318847656e-05,0.00027251243591308594,worse
bank,0.05,xgb,ros@1.0,pr_auc,-0.006273959719075073,0.48,25,0.457846462726593,1.0,no difference
bank,0.05,xgb,ros@1.0,f1,0.06741661422278161,0.92,25,2.980232238769531e-07,1.4901161193847656e-06,better
bank,0.05,xgb,ros@1.0,mcc,-0.00015926535867322178,0.48,25,0.8948604464530945,1.0,no difference
bank,0.05,xgb,ros@1.0,brier,-0.026579361324361395,0.0,25,5.960464477539063e-08,5.960464477539062e-07,worse
bank,0.05,xgb,ros@1.0,prec_at_top,-0.005952380952380987,0.28,25,0.05338135866838331,0.32028815201029986,no difference
bank,0.05,xgb,ros@1.0,empc,-0.029411901708980226,0.4,25,0.2002161741256714,0.8008646965026855,no difference
bank,0.05,xgb,rus@1.0,roc_auc,-0.01324245957014325,0.24,25,0.00028705596923828125,0.001148223876953125,worse
bank,0.05,xgb,rus@1.0,pr_auc,-0.0589888275526142,0.0,25,5.960464477539063e-08,5.960464477539062e-07,worse
bank,0.05,xgb,rus@1.0,f1,-0.0426387771520515,0.08,25,6.365776062011719e-05,0.00019097328186035156,worse
bank,0.05,xgb,rus@1.0,mcc,-0.07507154617222012,0.08,25,8.344650268554688e-07,8.344650268554688e-06,worse
bank,0.05,xgb,rus@1.0,brier,-0.14210892508682899,0.0,25,5.960464477539063e-08,5.960464477539062e-07,worse
bank,0.05,xgb,rus@1.0,prec_at_top,-0.011904761904761918,0.16,25,0.0011135792444583142,0.010022213200124828,worse
bank,0.05,xgb,rus@1.0,empc,-0.0830790982129791,0.28,25,0.0008081197738647461,0.007273077964782715,worse
bank,0.05,xgb,smote@0.5,roc_auc,0.008489522613816414,0.88,25,1.8298625946044922e-05,0.00012809038162231445,better
bank,0.05,xgb,smote@0.5,pr_auc,0.013163281334210908,0.8,25,0.0067255496978759766,0.05380439758300781,no difference
bank,0.05,xgb,smote@0.5,f1,0.07407407407407413,0.92,25,8.344650268554688e-07,3.337860107421875e-06,better
bank,0.05,xgb,smote@0.5,mcc,0.03601242236450919,0.8,25,0.002507925033569336,0.020063400268554688,better
bank,0.05,xgb,smote@0.5,brier,-0.0017854726536893004,0.04,25,2.980232238769531e-07,8.940696716308594e-07,worse
bank,0.05,xgb,smote@0.5,prec_at_top,0.005952380952380987,0.56,25,0.3373986258687275,1.0,no difference
bank,0.05,xgb,smote@0.5,empc,0.03919136538586965,0.8,25,0.007370948791503906,0.04422569274902344,better
bank,0.05,xgb,smote@1.0,roc_auc,0.008556781155651283,0.72,25,0.0050716400146484375,0.015214920043945312,better
bank,0.05,xgb,smote@1.0,pr_auc,0.010089565874538797,0.64,25,0.14091521501541138,0.8454912900924683,no difference
bank,0.05,xgb,smote@1.0,f1,0.062219769607505,0.96,25,1.7881393432617188e-07,1.0728836059570312e-06,better
bank,0.05,xgb,smote@1.0,mcc,0.008923156786328601,0.76,25,0.00963503122329712,0.06744521856307983,no difference
bank,0.05,xgb,smote@1.0,brier,-0.003415745026326099,0.0,25,5.960464477539063e-08,5.960464477539062e-07,worse
bank,0.05,xgb,smote@1.0,prec_at_top,0.0,0.48,25,0.4074017496870683,1.0,no difference
bank,0.05,xgb,smote@1.0,empc,0.03355485902274091,0.56,25,0.4418373703956604,0.8836747407913208,no difference
bank,0.05,xgb,smote_enn@1.0,roc_auc,0.01559882747068686,0.92,25,4.172325134277344e-07,3.7550926208496094e-06,better
bank,0.05,xgb,smote_enn@1.0,pr_auc,0.018446187515399004,0.68,25,0.00963503122329712,0.06744521856307983,no difference
bank,0.05,xgb,smote_enn@1.0,f1,0.09046751669702491,1.0,25,5.960464477539063e-08,5.960464477539062e-07,better
bank,0.05,xgb,smote_enn@1.0,mcc,0.01347874743278582,0.64,25,0.029578447341918945,0.17747068405151367,no difference
bank,0.05,xgb,smote_enn@1.0,brier,-0.0174725711254108,0.0,25,5.960464477539063e-08,5.960464477539062e-07,worse
bank,0.05,xgb,smote_enn@1.0,prec_at_top,0.011904761904762001,0.8,25,0.0005841292450869103,0.005841292450869102,better
bank,0.05,xgb,smote_enn@1.0,empc,0.08335903629195007,0.8,25,0.0002498030662536621,0.002498030662536621,better
bank,0.05,xgb,threshold,roc_auc,0.000173953819042727,0.52,25,0.615043044090271,0.615043044090271,no difference
bank,0.05,xgb,threshold,pr_auc,0.0034624248378573586,0.56,25,0.2872292995452881,1.0,no difference
bank,0.05,xgb,threshold,f1,0.0789579388305503,1.0,25,5.960464477539063e-08,5.960464477539062e-07,better
bank,0.05,xgb,threshold,mcc,0.022029720900318017,0.6,25,0.04826241731643677,0.19304966926574707,no difference
bank,0.05,xgb,threshold,brier,0.0002693558659747977,0.56,25,0.5249125957489014,0.5249125957489014,no difference
bank,0.05,xgb,threshold,prec_at_top,0.0,0.36,25,0.9552997932826734,1.0,no difference
bank,0.05,xgb,threshold,empc,0.019742704399455357,0.64,25,0.11993378400802612,0.5996689200401306,no difference
bank,0.1,hgb,adasyn@1.0,roc_auc,-0.0021137675068536588,0.48,25,0.7509929537773132,1.0,no difference
bank,0.1,hgb,adasyn@1.0,pr_auc,-0.0009021045531018013,0.48,25,0.42614197731018066,1.0,no difference
bank,0.1,hgb,adasyn@1.0,f1,0.034636962354663015,0.88,25,3.2782554626464844e-06,1.6391277313232422e-05,better
bank,0.1,hgb,adasyn@1.0,mcc,-0.001607105406590481,0.48,25,0.7309892177581787,1.0,no difference
bank,0.1,hgb,adasyn@1.0,brier,-0.0037139170672726984,0.0,25,5.960464477539063e-08,5.364418029785156e-07,worse
bank,0.1,hgb,adasyn@1.0,prec_at_top,-0.005649717514124297,0.32,25,0.16600283437074714,1.0,no difference
bank,0.1,hgb,adasyn@1.0,empc,-0.033085045113214306,0.4,25,0.13364005088806152,0.8018403053283691,no difference
bank,0.1,hgb,class_weight,roc_auc,-0.004869467763272239,0.24,25,0.0018156766891479492,0.013002872467041016,worse
bank,0.1,hgb,class_weight,pr_auc,-0.0030401764015752786,0.4,25,0.17295855283737183,1.0,no difference
bank,0.1,hgb,class_weight,f1,0.03649459783913572,0.88,25,4.172325134277344e-06,1.6689300537109375e-05,better
bank,0.1,hgb,class_weight,mcc,-0.009160282009998688,0.32,25,0.01597297191619873,0.09583783149719238,no difference
bank,0.1,hgb,class_weight,brier,-0.021906829894839996,0.0,25,5.960464477539063e-08,5.364418029785156e-07,worse
bank,0.1,hgb,class_weight,prec_at_top,0.0,0.48,25,0.9314734672078898,1.0,no difference
bank,0.1,hgb,class_weight,empc,-0.0311118938189332,0.4,25,0.7309892177581787,1.0,no difference
bank,0.1,hgb,dirichlet@1.0,roc_auc,0.0016136983483531209,0.6,25,0.33878785371780396,1.0,no difference
bank,0.1,hgb,dirichlet@1.0,pr_auc,-0.002226758610500368,0.44,25,0.5424043536186218,1.0,no difference
bank,0.1,hgb,dirichlet@1.0,f1,0.01145856111961513,0.8,25,0.0041751861572265625,0.0041751861572265625,better
bank,0.1,hgb,dirichlet@1.0,mcc,-0.00018605246554881383,0.48,25,0.5964998602867126,1.0,no difference
bank,0.1,hgb,dirichlet@1.0,brier,-0.000759196386078298,0.4,25,0.06670159101486206,0.06670159101486206,no difference
bank,0.1,hgb,dirichlet@1.0,prec_at_top,0.005649717514124242,0.52,25,0.8186648220582813,1.0,no difference
bank,0.1,hgb,dirichlet@1.0,empc,-0.0015789131999062178,0.44,25,0.8531995415687561,1.0,no difference
bank,0.1,hgb,easy_ensemble,roc_auc,0.004467961275303023,0.84,25,0.001625359058380127,0.013002872467041016,better
bank,0.1,hgb,easy_ensemble,pr_auc,-0.0008916988170578621,0.48,25,0.42614197731018066,1.0,no difference
bank,0.1,hgb,easy_ensemble,f1,-0.0580356901665649,0.08,25,2.980232238769531e-07,2.682209014892578e-06,worse
bank,0.1,hgb,easy_ensemble,mcc,-0.09079825692101862,0.0,25,5.960464477539063e-08,5.960464477539062e-07,worse
bank,0.1,hgb,easy_ensemble,brier,-0.08802772167046802,0.0,25,5.960464477539063e-08,5.364418029785156e-07,worse
bank,0.1,hgb,easy_ensemble,prec_at_top,-0.005649717514124297,0.36,25,0.9657682527848083,1.0,no difference
bank,0.1,hgb,easy_ensemble,empc,0.04304037918527248,0.64,25,0.10139739513397217,0.7097817659378052,no difference
bank,0.1,hgb,ros@1.0,roc_auc,-0.006508531357351632,0.28,25,0.0050716400146484375,0.030429840087890625,worse
bank,0.1,hgb,ros@1.0,pr_auc,-0.006554016496347792,0.32,25,0.021908342838287354,0.17526674270629883,no difference
bank,0.1,hgb,ros@1.0,f1,0.04041098368365842,0.84,25,1.0073184967041016e-05,2.014636993408203e-05,better
bank,0.1,hgb,ros@1.0,mcc,-0.013768540203878687,0.24,25,0.0014527440071105957,0.011621952056884766,worse
bank,0.1,hgb,ros@1.0,brier,-0.022256748833154302,0.0,25,5.960464477539063e-08,5.364418029785156e-07,worse
bank,0.1,hgb,ros@1.0,prec_at_top,-0.005649717514124297,0.24,25,0.04906054237756661,0.39248433902053287,no difference
bank,0.1,hgb,ros@1.0,empc,-0.08519936766107161,0.28,25,0.0012963414192199707,0.010370731353759766,worse
bank,0.1,hgb,rus@1.0,roc_auc,-0.013388376406666125,0.08,25,2.980232238769531e-07,2.682209014892578e-06,worse
bank,0.1,hgb,rus@1.0,pr_auc,-0.05594153729548168,0.0,25,5.960464477539063e-08,5.364418029785156e-07,worse
bank,0.1,hgb,rus@1.0,f1,-0.07570558162336294,0.0,25,5.960464477539063e-08,5.960464477539062e-07,worse
bank,0.1,hgb,rus@1.0,mcc,-0.1182955000169778,0.0,25,5.960464477539063e-08,5.960464477539062e-07,worse
bank,0.1,hgb,rus@1.0,brier,-0.10571838762080318,0.0,25,5.960464477539063e-08,5.364418029785156e-07,worse
bank,0.1,hgb,rus@1.0,prec_at_top,-0.04519774011299438,0.04,25,2.087339036780281e-05,0.00018786051331022528,worse
bank,0.1,hgb,rus@1.0,empc,-0.23495365799687384,0.04,25,1.1920928955078125e-07,1.0728836059570312e-06,worse
bank,0.1,hgb,smote@0.5,roc_auc,0.0013343553927830376,0.56,25,0.936802864074707,1.0,no difference
bank,0.1,hgb,smote@0.5,pr_auc,0.0006861276863133758,0.6,25,0.7309892177581787,1.0,no difference
bank,0.1,hgb,smote@0.5,f1,0.028656406965407444,0.96,25,5.960464477539062e-07,4.76837158203125e-06,better
bank,0.1,hgb,smote@0.5,mcc,0.0023720902644583375,0.52,25,0.7509929537773132,1.0,no difference
bank,0.1,hgb,smote@0.5,brier,-0.002318180284494792,0.04,25,1.4901161193847656e-06,2.9802322387695312e-06,worse
bank,0.1,hgb,smote@0.5,prec_at_top,0.0,0.48,25,0.8408705629263286,1.0,no difference
bank,0.1,hgb,smote@0.5,empc,0.005972769393378208,0.52,25,0.7111607789993286,1.0,no difference
bank,0.1,hgb,smote@1.0,roc_auc,-0.001032057624990812,0.44,25,0.5424043536186218,1.0,no difference
bank,0.1,hgb,smote@1.0,pr_auc,-0.0013031291758125452,0.44,25,0.42614197731018066,1.0,no difference
bank,0.1,hgb,smote@1.0,f1,0.03870967741935483,0.88,25,1.9669532775878906e-06,1.1801719665527344e-05,better
bank,0.1,hgb,smote@1.0,mcc,0.009166225039737463,0.56,25,0.6720751523971558,1.0,no difference
bank,0.1,hgb,smote@1.0,brier,-0.003349890897004902,0.0,25,5.960464477539063e-08,5.364418029785156e-07,worse
bank,0.1,hgb,smote@1.0,prec_at_top,0.0,0.36,25,0.7402845193431106,1.0,no difference
bank,0.1,hgb,smote@1.0,empc,-0.004090840377992677,0.48,25,0.6528410911560059,1.0,no difference
bank,0.1,hgb,smote_enn@1.0,roc_auc,0.0036659285126195984,0.72,25,0.018744707107543945,0.09372353553771973,no difference
bank,0.1,hgb,smote_enn@1.0,pr_auc,0.000253606185922961,0.52,25,0.5424043536186218,1.0,no difference
bank,0.1,hgb,smote_enn@1.0,f1,0.03911433703581513,0.84,25,6.556510925292969e-06,1.9669532775878906e-05,better
bank,0.1,hgb,smote_enn@1.0,mcc,-0.010676518570620408,0.24,25,0.0041751861572265625,0.029226303100585938,worse
bank,0.1,hgb,smote_enn@1.0,brier,-0.029798778262402098,0.0,25,5.960464477539063e-08,5.364418029785156e-07,worse
bank,0.1,hgb,smote_enn@1.0,prec_at_top,0.0,0.36,25,0.9839288749260323,1.0,no difference
bank,0.1,hgb,smote_enn@1.0,empc,0.06543364218834347,0.52,25,0.3525196313858032,1.0,no difference
bank,0.1,hgb,threshold,roc_auc,0.0,0.0,25,,,no difference
bank,0.1,hgb,threshold,pr_auc,0.0,0.0,25,,,no difference
bank,0.1,hgb,threshold,f1,0.032906799083269656,0.92,25,1.1324882507324219e-06,7.927417755126953e-06,better
bank,0.1,hgb,threshold,mcc,-0.006352942494624481,0.48,25,0.5782062411308289,1.0,no difference
bank,0.1,hgb,threshold,brier,0.0,0.0,25,,,no difference
bank,0.1,hgb,threshold,prec_at_top,0.0,0.0,25,,,no difference
bank,0.1,hgb,threshold,empc,0.0,0.0,25,,,no difference
bank,0.1,lgbm,adasyn@1.0,roc_auc,0.004075031653313799,0.68,25,0.0050716400146484375,0.03550148010253906,better
bank,0.1,lgbm,adasyn@1.0,pr_auc,0.011091212819820617,0.8,25,0.011453330516815186,0.0801733136177063,no difference
bank,0.1,lgbm,adasyn@1.0,f1,0.029309885424993465,0.88,25,4.172325134277344e-06,1.2516975402832031e-05,better
bank,0.1,lgbm,adasyn@1.0,mcc,0.0115931984644988,0.64,25,0.055070459842681885,0.3304227590560913,no difference
bank,0.1,lgbm,adasyn@1.0,brier,0.00010649573845410154,0.52,25,0.6528410911560059,1.0,no difference
bank,0.1,lgbm,adasyn@1.0,prec_at_top,0.011299435028248594,0.64,25,0.06351245325939008,0.4445871728157305,no difference
bank,0.1,lgbm,adasyn@1.0,empc,0.058510855025934116,0.8,25,0.00012022256851196289,0.001082003116607666,better
bank,0.1,lgbm,class_weight,roc_auc,0.0017566646793291119,0.56,25,0.33878785371780396,0.6775757074356079,no difference
bank,0.1,lgbm,class_weight,pr_auc,0.0021646374941928226,0.64,25,0.14847958087921143,0.5365735292434692,no difference
bank,0.1,lgbm,class_weight,f1,0.05345146243435922,0.96,25,1.1920928955078125e-07,9.5367431640625e-07,better
bank,0.1,lgbm,class_weight,mcc,0.0010813141809057347,0.56,25,0.7711594104766846,1.0,no difference
bank,0.1,lgbm,class_weight,brier,-0.0142068463423655,0.0,25,5.960464477539063e-08,5.960464477539062e-07,worse
bank,0.1,lgbm,class_weight,prec_at_top,0.011299435028248594,0.64,25,0.2398068210650408,1.0,no difference
bank,0.1,lgbm,class_weight,empc,0.05505526874617095,0.72,25,0.029578447341918945,0.14789223670959473,no difference
bank,0.1,lgbm,dirichlet@1.0,roc_auc,0.002248537918364435,0.64,25,0.029578447341918945,0.11831378936767578,no difference
bank,0.1,lgbm,dirichlet@1.0,pr_auc,-0.001345976078931832,0.44,25,0.8325093984603882,0.9483293294906616,no difference
bank,0.1,lgbm,dirichlet@1.0,f1,0.02308745247148286,0.84,25,0.00010202944863870715,0.0001760721206665039,better
bank,0.1,lgbm,dirichlet@1.0,mcc,0.0105791261059478,0.76,25,0.03700451161641875,0.25903158131493126,no difference
bank,0.1,lgbm,dirichlet@1.0,brier,-0.00031068219441589967,0.36,25,0.18172985315322876,0.7423979043960571,no difference
bank,0.1,lgbm,dirichlet@1.0,prec_at_top,0.011299435028248594,0.64,25,0.00691167983830408,0.062205118544736725,no difference
bank,0.1,lgbm,dirichlet@1.0,empc,0.0670524525471361,0.64,25,0.017312347888946533,0.12118643522262573,no difference
bank,0.1,lgbm,easy_ensemble,roc_auc,0.0041095307043692575,0.76,25,0.0050716400146484375,0.03550148010253906,better
bank,0.1,lgbm,easy_ensemble,pr_auc,-0.006550359768450087,0.16,25,0.0006313323974609375,0.0056819915771484375,worse
bank,0.1,lgbm,easy_ensemble,f1,-0.052008210051705306,0.0,25,5.960464477539063e-08,5.960464477539062e-07,worse
bank,0.1,lgbm,easy_ensemble,mcc,-0.09809076469719513,0.0,25,5.960464477539063e-08,5.960464477539062e-07,worse
bank,0.1,lgbm,easy_ensemble,brier,-0.09167949734102,0.0,25,5.960464477539063e-08,5.960464477539062e-07,worse
bank,0.1,lgbm,easy_ensemble,prec_at_top,0.0,0.48,25,0.9657507366707487,1.0,no difference
bank,0.1,lgbm,easy_ensemble,empc,0.03836905609426777,0.68,25,0.0801958441734314,0.3207833766937256,no difference
bank,0.1,lgbm,ros@1.0,roc_auc,-0.0011561882671717871,0.28,25,0.10731470584869385,0.32194411754608154,no difference
bank,0.1,lgbm,ros@1.0,pr_auc,0.003734585821054792,0.68,25,0.1134914755821228,0.5365735292434692,no difference
bank,0.1,lgbm,ros@1.0,f1,0.05451826784976488,0.96,25,1.7881393432617188e-07,1.2516975402832031e-06,better
bank,0.1,lgbm,ros@1.0,mcc,-0.0018233090568198773,0.48,25,0.7509929537773132,1.0,no difference
bank,0.1,lgbm,ros@1.0,brier,-0.012928324847198108,0.0,25,5.960464477539063e-08,5.960464477539062e-07,worse
bank,0.1,lgbm,ros@1.0,prec_at_top,0.0,0.48,25,0.5493861972251691,1.0,no difference
bank,0.1,lgbm,ros@1.0,empc,-0.03189535451456038,0.4,25,0.4741646647453308,0.4741646647453308,no difference
bank,0.1,lgbm,rus@1.0,roc_auc,-0.010646862509354316,0.12,25,6.556510925292969e-06,6.556510925292969e-05,worse
bank,0.1,lgbm,rus@1.0,pr_auc,-0.06416821264392447,0.0,25,5.960464477539063e-08,5.960464477539062e-07,worse
bank,0.1,lgbm,rus@1.0,f1,-0.07333962858042181,0.0,25,5.960464477539063e-08,5.960464477539062e-07,worse
bank,0.1,lgbm,rus@1.0,mcc,-0.11709602981857664,0.0,25,5.960464477539063e-08,5.960464477539062e-07,worse
bank,0.1,lgbm,rus@1.0,brier,-0.1111673037911213,0.0,25,5.960464477539063e-08,5.960464477539062e-07,worse
bank,0.1,lgbm,rus@1.0,prec_at_top,-0.04519774011299438,0.04,25,2.0247191053049288e-05,0.00020247191053049288,worse
bank,0.1,lgbm,rus@1.0,empc,-0.23311035881799747,0.04,25,2.980232238769531e-07,2.9802322387695312e-06,worse
bank,0.1,lgbm,smote@0.5,roc_auc,0.00412113732040964,0.76,25,0.002507925033569336,0.020063400268554688,better
bank,0.1,lgbm,smote@0.5,pr_auc,0.009360240327484504,0.64,25,0.013554692268371582,0.08132815361022949,no difference
bank,0.1,lgbm,smote@0.5,f1,0.021505376344086058,0.8,25,8.803606033325195e-05,0.0001760721206665039,better
bank,0.1,lgbm,smote@0.5,mcc,0.004057383639030354,0.52,25,0.25210392475128174,1.0,no difference
bank,0.1,lgbm,smote@0.5,brier,0.00038787960678710043,0.56,25,0.457846462726593,1.0,no difference
bank,0.1,lgbm,smote@0.5,prec_at_top,0.011299435028248594,0.52,25,0.04701203016657535,0.3760962413326028,no difference
bank,0.1,lgbm,smote@0.5,empc,0.04838847389228462,0.64,25,0.02027493715286255,0.12164962291717529,no difference
bank,0.1,lgbm,smote@1.0,roc_auc,0.0037451988040898554,0.76,25,0.008822321891784668,0.04411160945892334,better
bank,0.1,lgbm,smote@1.0,pr_auc,0.008866193405361544,0.72,25,0.0012963414192199707,0.010370731353759766,better
bank,0.1,lgbm,smote@1.0,f1,0.03257557371302211,0.92,25,2.980232238769531e-07,1.4901161193847656e-06,better
bank,0.1,lgbm,smote@1.0,mcc,0.015368805800296315,0.76,25,0.014722049236297607,0.11777639389038086,no difference
bank,0.1,lgbm,smote@1.0,brier,-3.6459746411310334e-05,0.48,25,0.615043044090271,1.0,no difference
bank,0.1,lgbm,smote@1.0,prec_at_top,0.005649717514124297,0.56,25,0.07597569350133032,0.45585416100798193,no difference
bank,0.1,lgbm,smote@1.0,empc,0.04204868188249522,0.6,25,0.09031611680984497,0.3207833766937256,no difference
bank,0.1,lgbm,smote_enn@1.0,roc_auc,0.008109048065184754,0.8,25,4.5418739318847656e-05,0.0004087686538696289,better
bank,0.1,lgbm,smote_enn@1.0,pr_auc,0.004842056270605299,0.6,25,0.4741646647453308,0.9483293294906616,no difference
bank,0.1,lgbm,smote_enn@1.0,f1,0.055702415214861134,0.92,25,4.172325134277344e-07,1.6689300537109375e-06,better
bank,0.1,lgbm,smote_enn@1.0,mcc,0.0072122034728300255,0.64,25,0.2751842737197876,1.0,no difference
bank,0.1,lgbm,smote_enn@1.0,brier,-0.0221104815389402,0.0,25,5.960464477539063e-08,5.960464477539062e-07,worse
bank,0.1,lgbm,smote_enn@1.0,prec_at_top,0.0,0.44,25,0.32338092489563286,1.0,no difference
bank,0.1,lgbm,smote_enn@1.0,empc,0.06625844164298478,0.76,25,0.0037809014320373535,0.030247211456298828,better
bank,0.1,lgbm,threshold,roc_auc,0.0012590393706930492,0.64,25,0.45119298951994624,0.6775757074356079,no difference
bank,0.1,lgbm,threshold,pr_auc,0.004633341448773809,0.64,25,0.10731470584869385,0.5365735292434692,no difference
bank,0.1,lgbm,threshold,f1,0.051572327044025146,0.96,25,1.7881393432617188e-07,1.2516975402832031e-06,better
bank,0.1,lgbm,threshold,mcc,0.0053602146981450716,0.64,25,0.25210392475128174,1.0,no difference
bank,0.1,lgbm,threshold,brier,0.0004972745168429007,0.6,25,0.14847958087921143,0.7423979043960571,no difference
bank,0.1,lgbm,threshold,prec_at_top,0.005649717514124242,0.56,25,0.5027456202913225,1.0,no difference
bank,0.1,lgbm,threshold,empc,0.016670816226457053,0.6,25,0.23036134243011475,0.4607226848602295,no difference
bank,0.1,lr,adasyn@1.0,roc_auc,0.0022449913285877976,0.64,25,0.20993918180465698,0.20993918180465698,no difference
bank,0.1,lr,adasyn@1.0,pr_auc,-0.020733995165917063,0.0,25,5.960464477539063e-08,5.364418029785156e-07,worse
bank,0.1,lr,adasyn@1.0,f1,0.23542682724528047,1.0,25,5.960464477539063e-08,5.960464477539062e-07,better
bank,0.1,lr,adasyn@1.0,mcc,0.1192019984843819,1.0,25,5.960464477539063e-08,5.960464477539062e-07,better
bank,0.1,lr,adasyn@1.0,brier,-0.11736589561796709,0.0,25,5.960464477539063e-08,5.364418029785156e-07,worse
bank,0.1,lr,adasyn@1.0,prec_at_top,0.0,0.4,25,0.7800572380389176,0.7800572380389176,no difference
bank,0.1,lr,adasyn@1.0,empc,0.04449400096251965,0.72,25,0.021908342838287354,0.07497882843017578,no difference
bank,0.1,lr,class_weight,roc_auc,0.006529271778721313,0.96,25,1.7881393432617188e-07,1.6093254089355469e-06,better
bank,0.1,lr,class_weight,pr_auc,-0.019139090996514507,0.0,25,5.960464477539063e-08,5.364418029785156e-07,worse
bank,0.1,lr,class_weight,f1,0.2324523893952984,1.0,25,5.960464477539063e-08,5.960464477539062e-07,better
bank,0.1,lr,class_weight,mcc,0.11936978248344882,1.0,25,5.960464477539063e-08,5.960464477539062e-07,better
bank,0.1,lr,class_weight,brier,-0.1135688817641158,0.0,25,5.960464477539063e-08,5.364418029785156e-07,worse
bank,0.1,lr,class_weight,prec_at_top,-0.011299435028248594,0.28,25,0.006655605482949377,0.03993363289769626,worse
bank,0.1,lr,class_weight,empc,0.03589349519095841,0.84,25,0.00032907724380493164,0.0023035407066345215,better
bank,0.1,lr,dirichlet@1.0,roc_auc,0.004752430300644539,0.76,25,0.0005564093589782715,0.002225637435913086,better
bank,0.1,lr,dirichlet@1.0,pr_auc,-0.022732834667957225,0.0,25,5.960464477539063e-08,5.364418029785156e-07,worse
bank,0.1,lr,dirichlet@1.0,f1,0.2416627153469259,1.0,25,5.960464477539063e-08,5.960464477539062e-07,better
bank,0.1,lr,dirichlet@1.0,mcc,0.12799276724307349,1.0,25,5.960464477539063e-08,5.960464477539062e-07,better
bank,0.1,lr,dirichlet@1.0,brier,-0.1045099316814153,0.0,25,5.960464477539063e-08,5.364418029785156e-07,worse
bank,0.1,lr,dirichlet@1.0,prec_at_top,-0.011299435028248594,0.28,25,0.010345450798039614,0.04614758429537168,worse
bank,0.1,lr,dirichlet@1.0,empc,0.0571343573280263,0.72,25,0.0012963414192199707,0.00692903995513916,better
bank,0.1,lr,easy_ensemble,roc_auc,0.0059547242349118346,0.96,25,2.980232238769531e-07,2.384185791015625e-06,better
bank,0.1,lr,easy_ensemble,pr_auc,-0.017866813903690992,0.0,25,5.960464477539063e-08,5.364418029785156e-07,worse
bank,0.1,lr,easy_ensemble,f1,0.23207495177734921,1.0,25,5.960464477539063e-08,5.960464477539062e-07,better
bank,0.1,lr,easy_ensemble,mcc,0.11827144699090253,1.0,25,5.960464477539063e-08,5.960464477539062e-07,better
bank,0.1,lr,easy_ensemble,brier,-0.115087927287389,0.0,25,5.960464477539063e-08,5.364418029785156e-07,worse
bank,0.1,lr,easy_ensemble,prec_at_top,-0.005649717514124297,0.28,25,0.07560654423619044,0.15121308847238088,no difference
bank,0.1,lr,easy_ensemble,empc,0.049092307547538905,0.8,25,0.00012022256851196289,0.001082003116607666,better
bank,0.1,lr,ros@1.0,roc_auc,0.006075575618204043,0.96,25,2.980232238769531e-07,2.384185791015625e-06,better
bank,0.1,lr,ros@1.0,pr_auc,-0.020152358295165707,0.0,25,5.960464477539063e-08,5.364418029785156e-07,worse
bank,0.1,lr,ros@1.0,f1,0.2306592954594573,1.0,25,5.960464477539063e-08,5.960464477539062e-07,better
bank,0.1,lr,ros@1.0,mcc,0.11810807049709302,1.0,25,5.960464477539063e-08,5.960464477539062e-07,better
bank,0.1,lr,ros@1.0,brier,-0.11320778545847192,0.0,25,5.960464477539063e-08,5.364418029785156e-07,worse
bank,0.1,lr,ros@1.0,prec_at_top,-0.011299435028248594,0.24,25,0.009229516859074336,0.04614758429537168,worse
bank,0.1,lr,ros@1.0,empc,0.046811143384454246,0.8,25,0.00016230344772338867,0.0012984275817871094,better
bank,0.1,lr,rus@1.0,roc_auc,0.004389887289555139,0.68,25,0.0011548399925231934,0.0023096799850463867,better
bank,0.1,lr,rus@1.0,pr_auc,-0.020137962742627413,0.04,25,1.1920928955078125e-07,5.364418029785156e-07,worse
bank,0.1,lr,rus@1.0,f1,0.227282935182326,1.0,25,5.960464477539063e-08,5.960464477539062e-07,better
bank,0.1,lr,rus@1.0,mcc,0.11847308528133121,1.0,25,5.960464477539063e-08,5.960464477539062e-07,better
bank,0.1,lr,rus@1.0,brier,-0.1132563579588196,0.0,25,5.960464477539063e-08,5.364418029785156e-07,worse
bank,0.1,lr,rus@1.0,prec_at_top,-0.005649717514124297,0.2,25,0.03233031826634484,0.09699095479903452,no difference
bank,0.1,lr,rus@1.0,empc,0.014419560845928325,0.56,25,0.25210392475128174,0.25210392475128174,no difference
bank,0.1,lr,smote@0.5,roc_auc,0.004426144041197233,0.88,25,1.0073184967041016e-05,5.036592483520508e-05,better
bank,0.1,lr,smote@0.5,pr_auc,-0.013621468582023177,0.0,25,5.960464477539063e-08,5.364418029785156e-07,worse
bank,0.1,lr,smote@0.5,f1,0.2633966256598422,1.0,25,5.960464477539063e-08,5.960464477539062e-07,better
bank,0.1,lr,smote@0.5,mcc,0.13269808753034512,1.0,25,5.960464477539063e-08,5.960464477539062e-07,better
bank,0.1,lr,smote@0.5,brier,-0.044618150485002187,0.0,25,5.960464477539063e-08,5.364418029785156e-07,worse
bank,0.1,lr,smote@0.5,prec_at_top,-0.011299435028248539,0.2,25,0.005368003033228587,0.03757602123260011,worse
bank,0.1,lr,smote@0.5,empc,0.03213161425296418,0.72,25,0.018744707107543945,0.07497882843017578,no difference
bank,0.1,lr,smote@1.0,roc_auc,0.00553268005149643,0.88,25,3.2782554626464844e-06,1.9669532775878906e-05,better
bank,0.1,lr,smote@1.0,pr_auc,-0.0192712412633102,0.0,25,5.960464477539063e-08,5.364418029785156e-07,worse
bank,0.1,lr,smote@1.0,f1,0.2430263016804277,1.0,25,5.960464477539063e-08,5.960464477539062e-07,better
bank,0.1,lr,smote@1.0,mcc,0.12207381888675911,1.0,25,5.960464477539063e-08,5.960464477539062e-07,better
bank,0.1,lr,smote@1.0,brier,-0.10944200206151829,0.0,25,5.960464477539063e-08,5.364418029785156e-07,worse
bank,0.1,lr,smote@1.0,prec_at_top,-0.011299435028248594,0.12,25,0.0005339358277306915,0.004805422449576224,worse
bank,0.1,lr,smote@1.0,empc,0.051837864418265545,0.8,25,0.0011548399925231934,0.00692903995513916,better
bank,0.1,lr,smote_enn@1.0,roc_auc,0.0062916502636888305,0.76,25,0.0005564093589782715,0.002225637435913086,better
bank,0.1,lr,smote_enn@1.0,pr_auc,-0.026724034557373988,0.0,25,5.960464477539063e-08,5.364418029785156e-07,worse
bank,0.1,lr,smote_enn@1.0,f1,0.21282921460960946,1.0,25,5.960464477539063e-08,5.960464477539062e-07,better
bank,0.1,lr,smote_enn@1.0,mcc,0.1132613134187408,1.0,25,5.960464477539063e-08,5.960464477539062e-07,better
bank,0.1,lr,smote_enn@1.0,brier,-0.151854059648142,0.0,25,5.960464477539063e-08,5.364418029785156e-07,worse
bank,0.1,lr,smote_enn@1.0,prec_at_top,-0.011299435028248539,0.12,25,0.0009372050285055899,0.007497640228044719,worse
bank,0.1,lr,smote_enn@1.0,empc,0.02547163847645395,0.68,25,0.029578447341918945,0.07497882843017578,no difference
bank,0.1,lr,threshold,roc_auc,0.0,0.0,25,,,no difference
bank,0.1,lr,threshold,pr_auc,0.0,0.0,25,,,no difference
bank,0.1,lr,threshold,f1,0.2513025163507372,1.0,25,5.960464477539063e-08,5.960464477539062e-07,better
bank,0.1,lr,threshold,mcc,0.12774090107613179,1.0,25,5.960464477539063e-08,5.960464477539062e-07,better
bank,0.1,lr,threshold,brier,0.0,0.0,25,,,no difference
bank,0.1,lr,threshold,prec_at_top,0.0,0.0,25,,,no difference
bank,0.1,lr,threshold,empc,0.0,0.0,25,,,no difference
bank,0.1,rf,adasyn@1.0,roc_auc,-0.00710027273275371,0.2,25,1.5079975128173828e-05,0.00013571977615356445,worse
bank,0.1,rf,adasyn@1.0,pr_auc,-0.089700007915402,0.0,25,5.960464477539063e-08,5.960464477539062e-07,worse
bank,0.1,rf,adasyn@1.0,f1,0.05997900734742839,0.96,25,1.1920928955078125e-07,5.960464477539062e-07,better
bank,0.1,rf,adasyn@1.0,mcc,-0.014305991591225531,0.32,25,0.01597297191619873,0.04791891574859619,worse
bank,0.1,rf,adasyn@1.0,brier,-0.016532032042569006,0.0,25,5.960464477539063e-08,5.960464477539062e-07,worse
bank,0.1,rf,adasyn@1.0,prec_at_top,-0.039548022598870025,0.12,25,2.4984599745614137e-05,0.00022486139771052725,worse
bank,0.1,rf,adasyn@1.0,empc,-0.16388231504812012,0.0,25,5.960464477539063e-08,5.960464477539062e-07,worse
bank,0.1,rf,class_weight,roc_auc,-0.00030323342589921864,0.44,25,0.5964998602867126,1.0,no difference
bank,0.1,rf,class_weight,pr_auc,-0.024390453843750826,0.0,25,5.960464477539063e-08,5.960464477539062e-07,worse
bank,0.1,rf,class_weight,f1,0.05566782006920412,1.0,25,5.960464477539063e-08,5.960464477539062e-07,better
bank,0.1,rf,class_weight,mcc,0.020820829136650287,0.84,25,0.00016230344772338867,0.0008115172386169434,better
bank,0.1,rf,class_weight,brier,-0.0034314699405030014,0.0,25,5.960464477539063e-08,5.960464477539062e-07,worse
bank,0.1,rf,class_weight,prec_at_top,0.0,0.4,25,1.0,1.0,no difference
bank,0.1,rf,class_weight,empc,-0.04206939728956005,0.28,25,0.0027848482131958008,0.008354544639587402,worse
bank,0.1,rf,dirichlet@1.0,roc_auc,-0.004996735087868798,0.16,25,0.00021690130233764648,0.001301407814025879,worse
bank,0.1,rf,dirichlet@1.0,pr_auc,-0.09210945655107355,0.0,25,5.960464477539063e-08,5.960464477539062e-07,worse
bank,0.1,rf,dirichlet@1.0,f1,-0.03082686477133828,0.28,25,0.001625359058380127,0.004876077175140381,worse
bank,0.1,rf,dirichlet@1.0,mcc,-0.051761886318706984,0.04,25,1.1920928955078125e-07,9.5367431640625e-07,worse
bank,0.1,rf,dirichlet@1.0,brier,-0.005338602469430506,0.0,25,5.960464477539063e-08,5.960464477539062e-07,worse
bank,0.1,rf,dirichlet@1.0,prec_at_top,-0.016949152542372836,0.08,25,9.345572772116046e-05,0.0005923991101143356,worse
bank,0.1,rf,dirichlet@1.0,empc,-0.07100056650732123,0.28,25,0.0011548399925231934,0.0046193599700927734,worse
bank,0.1,rf,easy_ensemble,roc_auc,0.005534380944269501,0.84,25,0.0001398921012878418,0.0009792447090148926,better
bank,0.1,rf,easy_ensemble,pr_auc,-0.031346484272306685,0.0,25,5.960464477539063e-08,5.960464477539062e-07,worse
bank,0.1,rf,easy_ensemble,f1,-0.012598923710034793,0.36,25,0.14091521501541138,0.14091521501541138,no difference
bank,0.1,rf,easy_ensemble,mcc,-0.07268029752358968,0.0,25,5.960464477539063e-08,5.960464477539062e-07,worse
bank,0.1,rf,easy_ensemble,brier,-0.09118244288251161,0.0,25,5.960464477539063e-08,5.960464477539062e-07,worse
bank,0.1,rf,easy_ensemble,prec_at_top,-0.011299435028248594,0.2,25,0.012559734521964912,0.05023893808785965,no difference
bank,0.1,rf,easy_ensemble,empc,-0.05375202376714672,0.36,25,0.2996123433113098,0.5744585990905762,no difference
bank,0.1,rf,ros@1.0,roc_auc,-0.005041477367437319,0.08,25,1.9669532775878906e-06,1.9669532775878906e-05,worse
bank,0.1,rf,ros@1.0,pr_auc,-0.03814098977763258,0.04,25,1.1920928955078125e-07,5.960464477539062e-07,worse
bank,0.1,rf,ros@1.0,f1,0.08544556033795642,1.0,25,5.960464477539063e-08,5.960464477539062e-07,better
bank,0.1,rf,ros@1.0,mcc,0.03034295869303799,0.72,25,0.0003764033317565918,0.0015056133270263672,better
bank,0.1,rf,ros@1.0,brier,-0.008203656401289207,0.0,25,5.960464477539063e-08,5.960464477539062e-07,worse
bank,0.1,rf,ros@1.0,prec_at_top,-0.005649717514124297,0.2,25,0.012799113720245552,0.05023893808785965,no difference
bank,0.1,rf,ros@1.0,empc,-0.09259307829899566,0.08,25,1.4901161193847656e-06,1.043081283569336e-05,worse
bank,0.1,rf,rus@1.0,roc_auc,-0.006160426441954692,0.32,25,0.03933870792388916,0.11801612377166748,no difference
bank,0.1,rf,rus@1.0,pr_auc,-0.05638084436577251,0.0,25,5.960464477539063e-08,5.960464477539062e-07,worse
bank,0.1,rf,rus@1.0,f1,-0.03369093814197677,0.28,25,0.0067255496978759766,0.013451099395751953,worse
bank,0.1,rf,rus@1.0,mcc,-0.08683379746241648,0.0,25,5.960464477539063e-08,5.960464477539062e-07,worse
bank,0.1,rf,rus@1.0,brier,-0.0927473876560378,0.0,25,5.960464477539063e-08,5.960464477539062e-07,worse
bank,0.1,rf,rus@1.0,prec_at_top,-0.02824858757062143,0.2,25,8.462844430204794e-05,0.0005923991101143356,worse
bank,0.1,rf,rus@1.0,empc,-0.12013279591272719,0.16,25,2.664327621459961e-05,0.00015985965728759766,worse
bank,0.1,rf,smote@0.5,roc_auc,-0.0030500672078763724,0.28,25,0.021908342838287354,0.08763337135314941,no difference
bank,0.1,rf,smote@0.5,pr_auc,-0.04890111223808358,0.0,25,5.960464477539063e-08,5.960464477539062e-07,worse
bank,0.1,rf,smote@0.5,f1,0.06879177890851051,1.0,25,5.960464477539063e-08,5.960464477539062e-07,better
bank,0.1,rf,smote@0.5,mcc,0.01520179037615127,0.6,25,0.05875152349472046,0.11750304698944092,no difference
bank,0.1,rf,smote@0.5,brier,-0.007578462678786403,0.0,25,5.960464477539063e-08,5.960464477539062e-07,worse
bank,0.1,rf,smote@0.5,prec_at_top,-0.011299435028248594,0.16,25,0.001213595419196752,0.00606797709598376,worse
bank,0.1,rf,smote@0.5,empc,-0.08709088831491352,0.2,25,2.664327621459961e-05,0.00015985965728759766,worse
bank,0.1,rf,smote@1.0,roc_auc,-0.006119640659523751,0.2,25,0.0050716400146484375,0.025358200073242188,worse
bank,0.1,rf,smote@1.0,pr_auc,-0.07761048311578567,0.0,25,5.960464477539063e-08,5.960464477539062e-07,worse
bank,0.1,rf,smote@1.0,f1,0.05823293172690769,1.0,25,5.960464477539063e-08,5.960464477539062e-07,better
bank,0.1,rf,smote@1.0,mcc,-0.008253250424563097,0.44,25,0.5249125957489014,0.5249125957489014,no difference
bank,0.1,rf,smote@1.0,brier,-0.014630049870189094,0.0,25,5.960464477539063e-08,5.960464477539062e-07,worse
bank,0.1,rf,smote@1.0,prec_at_top,-0.03389830508474567,0.04,25,5.160583639350406e-05,0.0004128466911480325,worse
bank,0.1,rf,smote@1.0,empc,-0.17355980559364426,0.04,25,1.1920928955078125e-07,1.0728836059570312e-06,worse
bank,0.1,rf,smote_enn@1.0,roc_auc,-0.006775759768194778,0.12,25,1.5079975128173828e-05,0.00013571977615356445,worse
bank,0.1,rf,smote_enn@1.0,pr_auc,-0.1143030069285011,0.0,25,5.960464477539063e-08,5.960464477539062e-07,worse
bank,0.1,rf,smote_enn@1.0,f1,0.03707750388629799,0.8,25,8.803606033325195e-05,0.0003521442413330078,better
bank,0.1,rf,smote_enn@1.0,mcc,-0.043947825448172495,0.12,25,1.5079975128173828e-05,0.0001055598258972168,worse
bank,0.1,rf,smote_enn@1.0,brier,-0.0413953812384833,0.0,25,5.960464477539063e-08,5.960464477539062e-07,worse
bank,0.1,rf,smote_enn@1.0,prec_at_top,-0.050847457627118675,0.0,25,1.220145455994324e-05,0.0001220145455994324,worse
bank,0.1,rf,smote_enn@1.0,empc,-0.21473322765202507,0.08,25,8.344650268554688e-07,6.67572021484375e-06,worse
bank,0.1,rf,threshold,roc_auc,0.0012395331269217102,0.52,25,0.5601714849472046,1.0,no difference
bank,0.1,rf,threshold,pr_auc,0.001972716086065418,0.64,25,0.5424043536186218,0.5424043536186218,no difference
bank,0.1,rf,threshold,f1,0.09933824919644546,1.0,25,5.960464477539063e-08,5.960464477539062e-07,better
bank,0.1,rf,threshold,mcc,0.046120600823271296,0.84,25,8.803606033325195e-05,0.0005282163619995117,better
bank,0.1,rf,threshold,brier,4.3656522551699384e-05,0.52,25,0.507703959941864,0.507703959941864,no difference
bank,0.1,rf,threshold,prec_at_top,0.0,0.48,25,0.24604376206787104,0.4920875241357421,no difference
bank,0.1,rf,threshold,empc,0.022505767382928088,0.64,25,0.2872292995452881,0.5744585990905762,no difference
bank,0.1,xgb,adasyn@1.0,roc_auc,-0.00042559077319215266,0.48,25,0.8119303584098816,1.0,no difference
bank,0.1,xgb,adasyn@1.0,pr_auc,-0.006693059894986697,0.32,25,0.325391948223114,0.976175844669342,no difference
bank,0.1,xgb,adasyn@1.0,f1,0.03821328611412578,0.96,25,1.7881393432617188e-07,1.0728836059570312e-06,better
bank,0.1,xgb,adasyn@1.0,mcc,0.003439397722624471,0.68,25,0.21998637914657593,0.7423979043960571,no difference
bank,0.1,xgb,adasyn@1.0,brier,-0.004599386032560195,0.0,25,5.960464477539063e-08,5.960464477539062e-07,worse
bank,0.1,xgb,adasyn@1.0,prec_at_top,-0.011299435028248594,0.2,25,0.2027574663202525,1.0,no difference
bank,0.1,xgb,adasyn@1.0,empc,0.008895272375338159,0.52,25,0.5601714849472046,1.0,no difference
bank,0.1,xgb,class_weight,roc_auc,-0.007110912502083733,0.04,25,1.4901161193847656e-06,1.4901161193847656e-05,worse
bank,0.1,xgb,class_weight,pr_auc,-0.012192746507313612,0.12,25,3.2782554626464844e-06,2.950429916381836e-05,worse
bank,0.1,xgb,class_weight,f1,0.020505050505050415,0.84,25,0.0002498030662536621,0.0004996061325073242,better
bank,0.1,xgb,class_weight,mcc,-0.031188102645225424,0.16,25,3.814697265625e-05,0.00026702880859375,worse
bank,0.1,xgb,class_weight,brier,-0.0296689621133166,0.0,25,5.960464477539063e-08,5.960464477539062e-07,worse
bank,0.1,xgb,class_weight,prec_at_top,0.0,0.36,25,0.9037329391015385,1.0,no difference
bank,0.1,xgb,class_weight,empc,-0.06430756878356503,0.2,25,0.0006313323974609375,0.0056819915771484375,worse
bank,0.1,xgb,dirichlet@1.0,roc_auc,0.0019518496436988775,0.56,25,0.2751842737197876,1.0,no difference
bank,0.1,xgb,dirichlet@1.0,pr_auc,-0.00911139695746166,0.24,25,0.0067255496978759766,0.05380439758300781,no difference
bank,0.1,xgb,dirichlet@1.0,f1,0.022489592852066198,0.76,25,0.000429689884185791,0.0004996061325073242,better
bank,0.1,xgb,dirichlet@1.0,mcc,-0.0006994343066327735,0.48,25,0.8948604464530945,1.0,no difference
bank,0.1,xgb,dirichlet@1.0,brier,-0.0014127800516224032,0.08,25,6.556510925292969e-06,1.3113021850585938e-05,worse
bank,0.1,xgb,dirichlet@1.0,prec_at_top,0.0,0.36,25,0.2731403306575927,1.0,no difference
bank,0.1,xgb,dirichlet@1.0,empc,-0.018588621315371423,0.44,25,0.5782062411308289,1.0,no difference
bank,0.1,xgb,easy_ensemble,roc_auc,0.0032735023638020833,0.76,25,0.002025127410888672,0.014175891876220703,better
bank,0.1,xgb,easy_ensemble,pr_auc,-0.005262012125664239,0.36,25,0.15633821487426758,0.9380292892456055,no difference
bank,0.1,xgb,easy_ensemble,f1,-0.06263203380065291,0.04,25,1.7881393432617188e-07,1.0728836059570312e-06,worse
bank,0.1,xgb,easy_ensemble,mcc,-0.09993858517067672,0.0,25,5.960464477539063e-08,5.960464477539062e-07,worse
bank,0.1,xgb,easy_ensemble,brier,-0.08624887459456382,0.0,25,5.960464477539063e-08,5.960464477539062e-07,worse
bank,0.1,xgb,easy_ensemble,prec_at_top,-0.005649717514124353,0.4,25,0.5314286998491764,1.0,no difference
bank,0.1,xgb,easy_ensemble,empc,0.01861803766791592,0.56,25,0.39571136236190796,1.0,no difference
bank,0.1,xgb,ros@1.0,roc_auc,-0.005848326541613824,0.12,25,8.803606033325195e-05,0.0007042884826660156,worse
bank,0.1,xgb,ros@1.0,pr_auc,-0.0031682975653832823,0.4,25,0.4741646647453308,0.976175844669342,no difference
bank,0.1,xgb,ros@1.0,f1,0.027215654300856096,0.84,25,5.245208740234375e-06,2.09808349609375e-05,better
bank,0.1,xgb,ros@1.0,mcc,-0.024299651728046823,0.12,25,8.165836334228516e-06,6.532669067382812e-05,worse
bank,0.1,xgb,ros@1.0,brier,-0.030954580547667296,0.0,25,5.960464477539063e-08,5.960464477539062e-07,worse
bank,0.1,xgb,ros@1.0,prec_at_top,0.0,0.36,25,0.42260368073185695,1.0,no difference
bank,0.1,xgb,ros@1.0,empc,-0.06755538746111167,0.32,25,0.003419220447540283,0.027353763580322266,worse
bank,0.1,xgb,rus@1.0,roc_auc,-0.010163813417369383,0.12,25,1.4901161193847656e-06,1.4901161193847656e-05,worse
bank,0.1,xgb,rus@1.0,pr_auc,-0.0392718298990265,0.04,25,2.980232238769531e-07,2.9802322387695312e-06,worse
bank,0.1,xgb,rus@1.0,f1,-0.07987265652635311,0.0,25,5.960464477539063e-08,5.960464477539062e-07,worse
bank,0.1,xgb,rus@1.0,mcc,-0.11990874413878438,0.0,25,5.960464477539063e-08,5.960464477539062e-07,worse
bank,0.1,xgb,rus@1.0,brier,-0.09729835516500118,0.0,25,5.960464477539063e-08,5.960464477539062e-07,worse
bank,0.1,xgb,rus@1.0,prec_at_top,-0.028248587570621486,0.08,25,0.0004496845047487659,0.004496845047487659,worse
bank,0.1,xgb,rus@1.0,empc,-0.19085215402835853,0.08,25,5.960464477539062e-07,5.9604644775390625e-06,worse
bank,0.1,xgb,smote@0.5,roc_auc,0.001021417855661011,0.56,25,0.325391948223114,1.0,no difference
bank,0.1,xgb,smote@0.5,pr_auc,0.0048012517734891125,0.6,25,0.18172985315322876,0.9380292892456055,no difference
bank,0.1,xgb,smote@0.5,f1,0.029576587795765885,1.0,25,5.960464477539063e-08,5.960464477539062e-07,better
bank,0.1,xgb,smote@0.5,mcc,0.004184972244318019,0.6,25,0.14847958087921143,0.7423979043960571,no difference
bank,0.1,xgb,smote@0.5,brier,-0.001915122623733001,0.08,25,8.344650268554688e-07,2.5033950805664062e-06,worse
bank,0.1,xgb,smote@0.5,prec_at_top,0.005649717514124242,0.64,25,0.21953352158193373,1.0,no difference
bank,0.1,xgb,smote@0.5,empc,0.006126646352477838,0.52,25,0.7914759516716003,1.0,no difference
bank,0.1,xgb,smote@1.0,roc_auc,-0.00020924879681938346,0.44,25,1.0,1.0,no difference
bank,0.1,xgb,smote@1.0,pr_auc,-0.000335794800283562,0.48,25,0.7914759516716003,0.976175844669342,no difference
bank,0.1,xgb,smote@1.0,f1,0.04312928450859482,1.0,25,5.960464477539063e-08,5.960464477539062e-07,better
bank,0.1,xgb,smote@1.0,mcc,0.00933536360195586,0.64,25,0.16449612379074097,0.7423979043960571,no difference
bank,0.1,xgb,smote@1.0,brier,-0.0041693088504293,0.0,25,5.960464477539063e-08,5.960464477539062e-07,worse
bank,0.1,xgb,smote@1.0,prec_at_top,0.0,0.48,25,1.0,1.0,no difference
bank,0.1,xgb,smote@1.0,empc,0.009153335068225577,0.56,25,0.6915188431739807,1.0,no difference
bank,0.1,xgb,smote_enn@1.0,roc_auc,0.00024471469458542394,0.52,25,0.507703959941864,1.0,no difference
bank,0.1,xgb,smote_enn@1.0,pr_auc,-0.01122098638556035,0.32,25,0.05157625675201416,0.3610337972640991,no difference
bank,0.1,xgb,smote_enn@1.0,f1,0.031088911088911098,0.88,25,5.3882598876953125e-05,0.00016164779663085938,better
bank,0.1,xgb,smote_enn@1.0,mcc,-0.023684753054564633,0.16,25,0.00016230344772338867,0.000973820686340332,worse
bank,0.1,xgb,smote_enn@1.0,brier,-0.027853652052681005,0.0,25,5.960464477539063e-08,5.960464477539062e-07,worse
bank,0.1,xgb,smote_enn@1.0,prec_at_top,-0.011299435028248594,0.44,25,0.22257414273756548,1.0,no difference
bank,0.1,xgb,smote_enn@1.0,empc,-0.007362419801695275,0.44,25,0.4418373703956604,1.0,no difference
bank,0.1,xgb,threshold,roc_auc,-0.00017732948883009136,0.48,25,0.293986216832801,1.0,no difference
bank,0.1,xgb,threshold,pr_auc,0.002429255056704327,0.64,25,0.16449612379074097,0.9380292892456055,no difference
bank,0.1,xgb,threshold,f1,0.045854873733755186,1.0,25,5.960464477539063e-08,5.960464477539062e-07,better
bank,0.1,xgb,threshold,mcc,-0.0026905858554517326,0.48,25,0.7914759516716003,1.0,no difference
bank,0.1,xgb,threshold,brier,0.00016962702567759752,0.76,25,0.02550506591796875,0.02550506591796875,better
bank,0.1,xgb,threshold,prec_at_top,-0.005649717514124242,0.4,25,0.9144462775949597,1.0,no difference
bank,0.1,xgb,threshold,empc,0.004473046552148752,0.56,25,0.7914759516716003,1.0,no difference
bank,natural,hgb,adasyn@1.0,roc_auc,0.0018570188061711734,0.72,25,0.0011548399925231934,0.00692903995513916,better
bank,natural,hgb,adasyn@1.0,pr_auc,0.0031881373610956887,0.72,25,0.004604637622833252,0.018418550491333008,better
bank,natural,hgb,adasyn@1.0,f1,0.02212827898045766,0.96,25,1.1920928955078125e-07,1.1920928955078125e-06,better
bank,natural,hgb,adasyn@1.0,mcc,0.007002637460995942,0.64,25,0.0626264214515686,0.08763337135314941,no difference
bank,natural,hgb,adasyn@1.0,brier,-0.0022582157882062998,0.2,25,0.00021690130233764648,0.0006507039070129395,worse
bank,natural,hgb,adasyn@1.0,prec_at_top,0.0050000000000000044,0.56,25,0.09363445090906573,0.4681722545453287,no difference
bank,natural,hgb,adasyn@1.0,empc,0.014211164614624572,0.68,25,0.23036134243011475,0.6910840272903442,no difference
bank,natural,hgb,class_weight,roc_auc,-0.0018014933269170363,0.2,25,0.0001398921012878418,0.0009792447090148926,worse
bank,natural,hgb,class_weight,pr_auc,-0.002250545165671136,0.24,25,0.023649930953979492,0.07094979286193848,no difference
bank,natural,hgb,class_weight,f1,0.023429219815708446,0.92,25,6.556510925292969e-06,3.933906555175781e-05,better
bank,natural,hgb,class_weight,mcc,-0.018421405094603327,0.12,25,2.2113323211669922e-05,0.00017690658569335938,worse
bank,natural,hgb,class_weight,brier,-0.020704429016137907,0.0,25,5.960464477539063e-08,5.364418029785156e-07,worse
bank,natural,hgb,class_weight,prec_at_top,0.0,0.32,25,0.25160378420946095,0.7548113526283828,no difference
bank,natural,hgb,class_weight,empc,-0.010276042814620467,0.36,25,0.15633821487426758,0.6809488534927368,no difference
bank,natural,hgb,dirichlet@1.0,roc_auc,0.001969612139103627,0.64,25,0.05875152349472046,0.17625457048416138,no difference
bank,natural,hgb,dirichlet@1.0,pr_auc,0.002738172419430529,0.72,25,0.02747941017150879,0.07094979286193848,no difference
bank,natural,hgb,dirichlet@1.0,f1,0.01470931784808438,0.84,25,0.00012022256851196289,0.00036066770553588867,better
bank,natural,hgb,dirichlet@1.0,mcc,0.007992367374417109,0.72,25,0.036682069301605225,0.08763337135314941,no difference
bank,natural,hgb,dirichlet@1.0,brier,0.00010132910283260077,0.52,25,0.615043044090271,0.615043044090271,no difference
bank,natural,hgb,dirichlet@1.0,prec_at_top,0.0050000000000000044,0.64,25,0.34300597228653873,0.7548113526283828,no difference
bank,natural,hgb,dirichlet@1.0,empc,0.038806811536312935,0.68,25,0.1134914755821228,0.6809488534927368,no difference
bank,natural,hgb,easy_ensemble,roc_auc,0.0038220038220039276,0.84,25,8.165836334228516e-06,6.532669067382812e-05,better
bank,natural,hgb,easy_ensemble,pr_auc,0.0071574920047661195,0.88,25,1.9669532775878906e-06,1.5735626220703125e-05,better
bank,natural,hgb,easy_ensemble,f1,0.007905914494888089,0.64,25,0.12664812803268433,0.12664812803268433,no difference
bank,natural,hgb,easy_ensemble,mcc,-0.039519284979851965,0.04,25,1.1920928955078125e-07,1.0728836059570312e-06,worse
bank,natural,hgb,easy_ensemble,brier,-0.04205542384889169,0.0,25,5.960464477539063e-08,5.364418029785156e-07,worse
bank,natural,hgb,easy_ensemble,prec_at_top,0.010000000000000009,0.64,25,0.0037015008914960687,0.02961200713196855,better
bank,natural,hgb,easy_ensemble,empc,0.06945105515046102,0.84,25,0.000102996826171875,0.000823974609375,better
bank,natural,hgb,ros@1.0,roc_auc,-0.002742341725392672,0.32,25,0.012466490268707275,0.06233245134353638,no difference
bank,natural,hgb,ros@1.0,pr_auc,0.00046801071663038485,0.52,25,0.5424043536186218,0.5424043536186218,no difference
bank,natural,hgb,ros@1.0,f1,0.01989630525512276,0.92,25,8.165836334228516e-06,4.082918167114258e-05,better
bank,natural,hgb,ros@1.0,mcc,-0.023378927125021542,0.24,25,0.0002498030662536621,0.0014988183975219727,worse
bank,natural,hgb,ros@1.0,brier,-0.018993585709530802,0.0,25,5.960464477539063e-08,5.364418029785156e-07,worse
bank,natural,hgb,ros@1.0,prec_at_top,0.0,0.44,25,0.3793653819932641,0.7548113526283828,no difference
bank,natural,hgb,ros@1.0,empc,-0.019824161576471155,0.44,25,0.13364005088806152,0.6809488534927368,no difference
bank,natural,hgb,rus@1.0,roc_auc,-0.007219854677481763,0.08,25,2.980232238769531e-07,2.682209014892578e-06,worse
bank,natural,hgb,rus@1.0,pr_auc,-0.014410179921136246,0.0,25,5.960464477539063e-08,5.364418029785156e-07,worse
bank,natural,hgb,rus@1.0,f1,-0.009516753335779837,0.2,25,0.014722049236297607,0.029444098472595215,worse
bank,natural,hgb,rus@1.0,mcc,-0.059327006553715034,0.0,25,5.960464477539063e-08,5.960464477539062e-07,worse
bank,natural,hgb,rus@1.0,brier,-0.0495110906227066,0.0,25,5.960464477539063e-08,5.364418029785156e-07,worse
bank,natural,hgb,rus@1.0,prec_at_top,-0.020000000000000018,0.16,25,0.0013722562620348906,0.012350306358314016,worse
bank,natural,hgb,rus@1.0,empc,-0.10391767636484239,0.16,25,8.803606033325195e-05,0.0007923245429992676,worse
bank,natural,hgb,smote@0.5,roc_auc,0.0012609000886788513,0.68,25,0.03933870792388916,0.15735483169555664,no difference
bank,natural,hgb,smote@0.5,pr_auc,0.0022420373578331265,0.76,25,0.0030878782272338867,0.015439391136169434,better
bank,natural,hgb,smote@0.5,f1,0.02128035999307698,0.88,25,8.344650268554688e-07,5.841255187988281e-06,better
bank,natural,hgb,smote@0.5,mcc,0.007204599534170186,0.72,25,0.021908342838287354,0.08763337135314941,no difference
bank,natural,hgb,smote@0.5,brier,-0.0010280616675505116,0.28,25,0.02550506591796875,0.0510101318359375,no difference
bank,natural,hgb,smote@0.5,prec_at_top,0.0050000000000000044,0.6,25,0.09372423464874731,0.4681722545453287,no difference
bank,natural,hgb,smote@0.5,empc,0.03447735765676896,0.72,25,0.017312347888946533,0.12118643522262573,no difference
bank,natural,hgb,smote@1.0,roc_auc,0.0011583231922215331,0.6,25,0.0626264214515686,0.17625457048416138,no difference
bank,natural,hgb,smote@1.0,pr_auc,0.004640550690798051,0.84,25,0.00012022256851196289,0.0008415579795837402,better
bank,natural,hgb,smote@1.0,f1,0.028597112197314423,0.96,25,1.1920928955078125e-07,1.1920928955078125e-06,better
bank,natural,hgb,smote@1.0,mcc,0.013644696173255255,0.72,25,0.00806879997253418,0.0403439998626709,better
bank,natural,hgb,smote@1.0,brier,-0.002349699071774805,0.12,25,3.814697265625e-05,0.000152587890625,worse
bank,natural,hgb,smote@1.0,prec_at_top,0.010000000000000009,0.68,25,0.022849796615316508,0.15994857630721557,no difference
bank,natural,hgb,smote@1.0,empc,-0.003978390867128034,0.48,25,0.978915274143219,0.978915274143219,no difference
bank,natural,hgb,smote_enn@1.0,roc_auc,-0.0019325951529342023,0.44,25,0.4418373703956604,0.4418373703956604,no difference
bank,natural,hgb,smote_enn@1.0,pr_auc,-0.00730196532655758,0.2,25,0.002507925033569336,0.015047550201416016,worse
bank,natural,hgb,smote_enn@1.0,f1,0.01707657074579305,0.92,25,3.1948089599609375e-05,0.0001277923583984375,better
bank,natural,hgb,smote_enn@1.0,mcc,-0.02443506464035805,0.08,25,2.2113323211669922e-05,0.00017690658569335938,worse
bank,natural,hgb,smote_enn@1.0,brier,-0.0384386470665274,0.0,25,5.960464477539063e-08,5.364418029785156e-07,worse
bank,natural,hgb,smote_enn@1.0,prec_at_top,-0.010000000000000009,0.36,25,0.033011281529513894,0.19806768917708337,no difference
bank,natural,hgb,smote_enn@1.0,empc,0.015374011459103443,0.56,25,0.457846462726593,0.915692925453186,no difference
bank,natural,hgb,threshold,roc_auc,0.0,0.0,25,,,no difference
bank,natural,hgb,threshold,pr_auc,0.0,0.0,25,,,no difference
bank,natural,hgb,threshold,f1,0.025563057436768566,0.96,25,1.7881393432617188e-07,1.430511474609375e-06,better
bank,natural,hgb,threshold,mcc,-0.005484698899505425,0.32,25,0.02550506591796875,0.08763337135314941,no difference
bank,natural,hgb,threshold,brier,0.0,0.0,25,,,no difference
bank,natural,hgb,threshold,prec_at_top,0.0,0.0,25,,,no difference
bank,natural,hgb,threshold,empc,0.0,0.0,25,,,no difference
bank,natural,lgbm,adasyn@1.0,roc_auc,0.0016056117751032106,0.72,25,0.0018156766891479492,0.014525413513183594,better
bank,natural,lgbm,adasyn@1.0,pr_auc,0.0038802482418844875,0.72,25,0.0041751861572265625,0.0334014892578125,better
bank,natural,lgbm,adasyn@1.0,f1,0.011084640454363526,0.8,25,0.0011548399925231934,0.004289746284484863,better
bank,natural,lgbm,adasyn@1.0,mcc,0.0013670371998079078,0.56,25,0.7914759516716003,1.0,no difference
bank,natural,lgbm,adasyn@1.0,brier,-0.00014628037915469239,0.48,25,0.6338268518447876,1.0,no difference
bank,natural,lgbm,adasyn@1.0,prec_at_top,0.009999999999999898,0.56,25,0.09101204378561085,0.6370843064992759,no difference
bank,natural,lgbm,adasyn@1.0,empc,0.07349054502254582,0.6,25,0.011453330516815186,0.09162664413452148,no difference
bank,natural,lgbm,class_weight,roc_auc,0.00017858902354905837,0.56,25,0.7711594104766846,0.7711594104766846,no difference
bank,natural,lgbm,class_weight,pr_auc,0.0028513244282009076,0.64,25,0.1134914755821228,0.4539659023284912,no difference
bank,natural,lgbm,class_weight,f1,0.012059905412506566,0.76,25,0.0009118914604187012,0.004289746284484863,better
bank,natural,lgbm,class_weight,mcc,-0.032081235124109986,0.08,25,5.245208740234375e-06,4.1961669921875e-05,worse
bank,natural,lgbm,class_weight,brier,-0.0159702865034628,0.0,25,5.960464477539063e-08,5.960464477539062e-07,worse
bank,natural,lgbm,class_weight,prec_at_top,0.0050000000000000044,0.64,25,0.06172308829109132,0.49378470632873056,no difference
bank,natural,lgbm,class_weight,empc,-0.00045906350332369783,0.48,25,0.457846462726593,0.7914227247238159,no difference
bank,natural,lgbm,dirichlet@1.0,roc_auc,0.0016673067520523999,0.64,25,0.029578447341918945,0.14789223670959473,no difference
bank,natural,lgbm,dirichlet@1.0,pr_auc,0.0026206136493454046,0.64,25,0.055070459842681885,0.3304227590560913,no difference
bank,natural,lgbm,dirichlet@1.0,f1,0.006455049666280188,0.76,25,0.0067255496978759766,0.013451099395751953,better
bank,natural,lgbm,dirichlet@1.0,mcc,0.0002873491064008249,0.52,25,1.0,1.0,no difference
bank,natural,lgbm,dirichlet@1.0,brier,-0.00026615316790250254,0.44,25,1.0,1.0,no difference
bank,natural,lgbm,dirichlet@1.0,prec_at_top,-0.004999999999999893,0.48,25,0.24594426599415997,0.9797592520922738,no difference
bank,natural,lgbm,dirichlet@1.0,empc,0.0025922156637649962,0.52,25,0.13364005088806152,0.5345602035522461,no difference
bank,natural,lgbm,easy_ensemble,roc_auc,0.0012693741507302514,0.68,25,0.021411701897956752,0.1284702113877405,no difference
bank,natural,lgbm,easy_ensemble,pr_auc,0.0014039919406442225,0.56,25,0.3665854334831238,0.4934883713722229,no difference
bank,natural,lgbm,easy_ensemble,f1,-0.006539881752790744,0.36,25,0.16449612379074097,0.16449612379074097,no difference
bank,natural,lgbm,easy_ensemble,mcc,-0.055886644552808507,0.0,25,5.960464477539063e-08,5.960464477539062e-07,worse
bank,natural,lgbm,easy_ensemble,brier,-0.04482290039467991,0.0,25,5.960464477539063e-08,5.960464477539062e-07,worse
bank,natural,lgbm,easy_ensemble,prec_at_top,0.0050000000000000044,0.56,25,0.500086825793218,1.0,no difference
bank,natural,lgbm,easy_ensemble,empc,0.04764523339023974,0.68,25,0.023649930953979492,0.16554951667785645,no difference
bank,natural,lgbm,ros@1.0,roc_auc,-0.0011182214572045268,0.36,25,0.3525196313858032,0.7050392627716064,no difference
bank,natural,lgbm,ros@1.0,pr_auc,0.002117034471249335,0.6,25,0.24106645584106445,0.4934883713722229,no difference
bank,natural,lgbm,ros@1.0,f1,0.012748915649293924,0.84,25,2.664327621459961e-05,0.00023978948593139648,better
bank,natural,lgbm,ros@1.0,mcc,-0.025055227416828807,0.16,25,7.49826431274414e-05,0.00044989585876464844,worse
bank,natural,lgbm,ros@1.0,brier,-0.013608692568523997,0.0,25,5.960464477539063e-08,5.960464477539062e-07,worse
bank,natural,lgbm,ros@1.0,prec_at_top,0.0050000000000000044,0.52,25,0.22187708473022127,0.9797592520922738,no difference
bank,natural,lgbm,ros@1.0,empc,0.019393261029473585,0.64,25,0.18172985315322876,0.5451895594596863,no difference
bank,natural,lgbm,rus@1.0,roc_auc,-0.008523161065533968,0.08,25,2.980232238769531e-07,2.9802322387695312e-06,worse
bank,natural,lgbm,rus@1.0,pr_auc,-0.022829413709646196,0.0,25,5.960464477539063e-08,5.960464477539062e-07,worse
bank,natural,lgbm,rus@1.0,f1,-0.016625186797906477,0.2,25,0.000429689884185791,0.003007829189300537,worse
bank,natural,lgbm,rus@1.0,mcc,-0.0677921684344121,0.0,25,5.960464477539063e-08,5.960464477539062e-07,worse
bank,natural,lgbm,rus@1.0,brier,-0.053818833162713395,0.0,25,5.960464477539063e-08,5.960464477539062e-07,worse
bank,natural,lgbm,rus@1.0,prec_at_top,-0.02499999999999991,0.0,25,1.2135143749093729e-05,0.00012135143749093729,worse
bank,natural,lgbm,rus@1.0,empc,-0.12683953628914502,0.12,25,8.165836334228516e-06,8.165836334228516e-05,worse
bank,natural,lgbm,smote@0.5,roc_auc,0.0016103803330376198,0.84,25,0.0004894733428955078,0.00440526008605957,better
bank,natural,lgbm,smote@0.5,pr_auc,0.002970836197770166,0.68,25,0.012466490268707275,0.08726543188095093,no difference
bank,natural,lgbm,smote@0.5,f1,0.010761999010390877,0.8,25,0.0007149577140808105,0.004289746284484863,better
bank,natural,lgbm,smote@0.5,mcc,0.0033630576696110914,0.6,25,0.325391948223114,1.0,no difference
bank,natural,lgbm,smote@0.5,brier,0.00019168945913271285,0.56,25,0.5782062411308289,1.0,no difference
bank,natural,lgbm,smote@0.5,prec_at_top,0.0050000000000000044,0.64,25,0.09784764679532769,0.6370843064992759,no difference
bank,natural,lgbm,smote@0.5,empc,0.025359406596238365,0.68,25,0.02550506591796875,0.16554951667785645,no difference
bank,natural,lgbm,smote@1.0,roc_auc,0.0020822054720359695,0.68,25,0.0041751861572265625,0.029226303100585938,better
bank,natural,lgbm,smote@1.0,pr_auc,0.0035517851933789535,0.92,25,3.1948089599609375e-05,0.0002875328063964844,better
bank,natural,lgbm,smote@1.0,f1,0.011502972504334963,0.8,25,7.49826431274414e-05,0.0005998611450195312,better
bank,natural,lgbm,smote@1.0,mcc,0.0013708910426959986,0.56,25,0.39571136236190796,1.0,no difference
bank,natural,lgbm,smote@1.0,brier,-0.00032717070894719424,0.44,25,0.7111607789993286,1.0,no difference
bank,natural,lgbm,smote@1.0,prec_at_top,0.0050000000000000044,0.68,25,0.03773770953782517,0.3396393858404265,no difference
bank,natural,lgbm,smote@1.0,empc,0.026017501212790783,0.72,25,0.0801958441734314,0.400979220867157,no difference
bank,natural,lgbm,smote_enn@1.0,roc_auc,0.0010349332383230436,0.56,25,0.09573346376419067,0.3829338550567627,no difference
bank,natural,lgbm,smote_enn@1.0,pr_auc,-0.005356705865781852,0.28,25,0.0709836483001709,0.3549182415008545,no difference
bank,natural,lgbm,smote_enn@1.0,f1,0.019111970368634545,0.76,25,0.0007149577140808105,0.004289746284484863,better
bank,natural,lgbm,smote_enn@1.0,mcc,-0.01949635869215749,0.24,25,7.49826431274414e-05,0.00044989585876464844,worse
bank,natural,lgbm,smote_enn@1.0,brier,-0.03134187935349381,0.0,25,5.960464477539063e-08,5.960464477539062e-07,worse
bank,natural,lgbm,smote_enn@1.0,prec_at_top,-0.014999999999999902,0.36,25,0.19595185041845475,0.9797592520922738,no difference
bank,natural,lgbm,smote_enn@1.0,empc,0.07344736002112295,0.8,25,0.0006313323974609375,0.0056819915771484375,better
bank,natural,lgbm,threshold,roc_auc,-0.0010549841058317133,0.36,25,0.11993378400802612,0.3829338550567627,no difference
bank,natural,lgbm,threshold,pr_auc,-0.0007118578018797672,0.36,25,0.16449612379074097,0.4934883713722229,no difference
bank,natural,lgbm,threshold,f1,0.009119651688141994,0.92,25,1.9669532775878906e-06,1.9669532775878906e-05,better
bank,natural,lgbm,threshold,mcc,-0.022481514223000598,0.12,25,1.5079975128173828e-05,0.0001055598258972168,worse
bank,natural,lgbm,threshold,brier,-0.00021226258957769695,0.36,25,0.18172985315322876,0.9086492657661438,no difference
bank,natural,lgbm,threshold,prec_at_top,0.0,0.44,25,0.7689841739768185,1.0,no difference
bank,natural,lgbm,threshold,empc,-0.012596071760506256,0.36,25,0.39571136236190796,0.7914227247238159,no difference
bank,natural,lr,adasyn@1.0,roc_auc,-0.0015763066610524623,0.4,25,0.19081425666809082,0.19081425666809082,no difference
bank,natural,lr,adasyn@1.0,pr_auc,-0.013847869867400386,0.0,25,5.960464477539063e-08,5.364418029785156e-07,worse
bank,natural,lr,adasyn@1.0,f1,0.1756402315236043,1.0,25,5.960464477539063e-08,5.960464477539062e-07,better
bank,natural,lr,adasyn@1.0,mcc,0.0653173717472687,1.0,25,5.960464477539063e-08,5.960464477539062e-07,better
bank,natural,lr,adasyn@1.0,brier,-0.066898361418296,0.0,25,5.960464477539063e-08,5.364418029785156e-07,worse
bank,natural,lr,adasyn@1.0,prec_at_top,-0.009999999999999898,0.2,25,0.006590747979558031,0.006590747979558031,worse
bank,natural,lr,adasyn@1.0,empc,0.01681851708163773,0.52,25,0.6528410911560059,0.6528410911560059,no difference
bank,natural,lr,class_weight,roc_auc,0.003331528755257551,1.0,25,5.960464477539063e-08,5.364418029785156e-07,better
bank,natural,lr,class_weight,pr_auc,-0.011997018591411002,0.0,25,5.960464477539063e-08,5.364418029785156e-07,worse
bank,natural,lr,class_weight,f1,0.18381706244503077,1.0,25,5.960464477539063e-08,5.960464477539062e-07,better
bank,natural,lr,class_weight,mcc,0.07522943664794329,1.0,25,5.960464477539063e-08,5.960464477539062e-07,better
bank,natural,lr,class_weight,brier,-0.058804472596318574,0.0,25,5.960464477539063e-08,5.364418029785156e-07,worse
bank,natural,lr,class_weight,prec_at_top,-0.010000000000000009,0.16,25,0.0015158915690134252,0.006063566276053701,worse
bank,natural,lr,class_weight,empc,0.08444225906207237,0.96,25,1.1920928955078125e-07,9.5367431640625e-07,better
bank,natural,lr,dirichlet@1.0,roc_auc,0.0019511036460188036,0.8,25,0.0004908249338836073,0.001472474801650822,better
bank,natural,lr,dirichlet@1.0,pr_auc,-0.017342884564837513,0.0,25,5.960464477539063e-08,5.364418029785156e-07,worse
bank,natural,lr,dirichlet@1.0,f1,0.18561072056239014,1.0,25,5.960464477539063e-08,5.960464477539062e-07,better
bank,natural,lr,dirichlet@1.0,mcc,0.07361750400230949,1.0,25,5.960464477539063e-08,5.960464477539062e-07,better
bank,natural,lr,dirichlet@1.0,brier,-0.05597549264391449,0.0,25,5.960464477539063e-08,5.364418029785156e-07,worse
bank,natural,lr,dirichlet@1.0,prec_at_top,-0.010000000000000009,0.08,25,0.00011979571445449684,0.0009583657156359747,worse
bank,natural,lr,dirichlet@1.0,empc,0.111772097515356,0.88,25,5.245208740234375e-06,2.09808349609375e-05,better
bank,natural,lr,easy_ensemble,roc_auc,0.003142243078135709,1.0,25,5.960464477539063e-08,5.364418029785156e-07,better
bank,natural,lr,easy_ensemble,pr_auc,-0.011435591664731182,0.0,25,5.960464477539063e-08,5.364418029785156e-07,worse
bank,natural,lr,easy_ensemble,f1,0.18381706244503077,1.0,25,5.960464477539063e-08,5.960464477539062e-07,better
bank,natural,lr,easy_ensemble,mcc,0.07852790485516653,1.0,25,5.960464477539063e-08,5.960464477539062e-07,better
bank,natural,lr,easy_ensemble,brier,-0.05928233165824209,0.0,25,5.960464477539063e-08,5.364418029785156e-07,worse
bank,natural,lr,easy_ensemble,prec_at_top,-0.010000000000000009,0.08,25,0.0016574585609520224,0.006063566276053701,worse
bank,natural,lr,easy_ensemble,empc,0.08017396982567604,1.0,25,5.960464477539063e-08,5.364418029785156e-07,better
bank,natural,lr,ros@1.0,roc_auc,0.0038266309452750225,1.0,25,5.960464477539063e-08,5.364418029785156e-07,better
bank,natural,lr,ros@1.0,pr_auc,-0.012519589095732697,0.0,25,5.960464477539063e-08,5.364418029785156e-07,worse
bank,natural,lr,ros@1.0,f1,0.18472834067547722,1.0,25,5.960464477539063e-08,5.960464477539062e-07,better
bank,natural,lr,ros@1.0,mcc,0.07622925469362618,1.0,25,5.960464477539063e-08,5.960464477539062e-07,better
bank,natural,lr,ros@1.0,brier,-0.059058806682081605,0.0,25,5.960464477539063e-08,5.364418029785156e-07,worse
bank,natural,lr,ros@1.0,prec_at_top,-0.010000000000000009,0.12,25,0.0019384262213988143,0.006063566276053701,worse
bank,natural,lr,ros@1.0,empc,0.08957553854373579,0.92,25,2.980232238769531e-07,2.086162567138672e-06,better
bank,natural,lr,rus@1.0,roc_auc,0.0023444091240701903,0.96,25,4.172325134277344e-06,1.6689300537109375e-05,better
bank,natural,lr,rus@1.0,pr_auc,-0.013356075796341682,0.0,25,5.960464477539063e-08,5.364418029785156e-07,worse
bank,natural,lr,rus@1.0,f1,0.18112934362934363,1.0,25,5.960464477539063e-08,5.960464477539062e-07,better
bank,natural,lr,rus@1.0,mcc,0.07215304273509732,1.0,25,5.960464477539063e-08,5.960464477539062e-07,better
bank,natural,lr,rus@1.0,brier,-0.06162545728291069,0.0,25,5.960464477539063e-08,5.364418029785156e-07,worse
bank,natural,lr,rus@1.0,prec_at_top,-0.015000000000000013,0.12,25,0.0002600833778832732,0.001787690539343936,worse
bank,natural,lr,rus@1.0,empc,0.07831289405794273,0.92,25,1.1324882507324219e-06,5.662441253662109e-06,better
bank,natural,lr,smote@0.5,roc_auc,0.0014945608165948254,0.96,25,5.960464477539062e-07,2.9802322387695312e-06,better
bank,natural,lr,smote@0.5,pr_auc,-0.007052759773442663,0.0,25,5.960464477539063e-08,5.364418029785156e-07,worse
bank,natural,lr,smote@0.5,f1,0.1562667329610648,1.0,25,5.960464477539063e-08,5.960464477539062e-07,better
bank,natural,lr,smote@0.5,mcc,0.0704758426223332,1.0,25,5.960464477539063e-08,5.960464477539062e-07,better
bank,natural,lr,smote@0.5,brier,-0.012530965538926908,0.0,25,5.960464477539063e-08,5.364418029785156e-07,worse
bank,natural,lr,smote@0.5,prec_at_top,-0.010000000000000009,0.08,25,0.00025538436276341945,0.001787690539343936,worse
bank,natural,lr,smote@0.5,empc,0.044348551286005566,0.84,25,0.000102996826171875,0.00020599365234375,better
bank,natural,lr,smote@1.0,roc_auc,0.0034549187091558187,1.0,25,5.960464477539063e-08,5.364418029785156e-07,better
bank,natural,lr,smote@1.0,pr_auc,-0.013203758411656108,0.0,25,5.960464477539063e-08,5.364418029785156e-07,worse
bank,natural,lr,smote@1.0,f1,0.1845745653595683,1.0,25,5.960464477539063e-08,5.960464477539062e-07,better
bank,natural,lr,smote@1.0,mcc,0.07543377320708067,1.0,25,5.960464477539063e-08,5.960464477539062e-07,better
bank,natural,lr,smote@1.0,brier,-0.05754629022098451,0.0,25,5.960464477539063e-08,5.364418029785156e-07,worse
bank,natural,lr,smote@1.0,prec_at_top,-0.010000000000000009,0.16,25,0.001195519788336701,0.005977598941683504,worse
bank,natural,lr,smote@1.0,empc,0.1095336074002704,0.96,25,8.344650268554688e-07,5.0067901611328125e-06,better
bank,natural,lr,smote_enn@1.0,roc_auc,0.0026312907668838426,0.64,25,0.010510802268981934,0.021021604537963867,better
bank,natural,lr,smote_enn@1.0,pr_auc,-0.017257617300665218,0.0,25,5.960464477539063e-08,5.364418029785156e-07,worse
bank,natural,lr,smote_enn@1.0,f1,0.1596831849723137,1.0,25,5.960464477539063e-08,5.960464477539062e-07,better
bank,natural,lr,smote_enn@1.0,mcc,0.04661671262122091,0.92,25,8.344650268554688e-07,8.344650268554688e-07,better
bank,natural,lr,smote_enn@1.0,brier,-0.09674768370240638,0.0,25,5.960464477539063e-08,5.364418029785156e-07,worse
bank,natural,lr,smote_enn@1.0,prec_at_top,-0.025000000000000022,0.08,25,3.951479456571645e-05,0.00035563315109144806,worse
bank,natural,lr,smote_enn@1.0,empc,0.11146559995384475,0.88,25,5.3882598876953125e-05,0.00016164779663085938,better
bank,natural,lr,threshold,roc_auc,0.0,0.0,25,,,no difference
bank,natural,lr,threshold,pr_auc,0.0,0.0,25,,,no difference
bank,natural,lr,threshold,f1,0.1718391085479694,1.0,25,5.960464477539063e-08,5.960464477539062e-07,better
bank,natural,lr,threshold,mcc,0.06226085520518099,1.0,25,5.960464477539063e-08,5.960464477539062e-07,better
bank,natural,lr,threshold,brier,0.0,0.0,25,,,no difference
bank,natural,lr,threshold,prec_at_top,0.0,0.0,25,,,no difference
bank,natural,lr,threshold,empc,0.0,0.0,25,,,no difference
bank,natural,rf,adasyn@1.0,roc_auc,-0.005413734227293521,0.04,25,3.2782554626464844e-06,2.6226043701171875e-05,worse
bank,natural,rf,adasyn@1.0,pr_auc,-0.03942873036102945,0.0,25,5.960464477539063e-08,5.960464477539062e-07,worse
bank,natural,rf,adasyn@1.0,f1,0.026399366296759652,0.96,25,5.960464477539062e-07,2.9802322387695312e-06,better
bank,natural,rf,adasyn@1.0,mcc,-0.027894318503323412,0.08,25,1.9669532775878906e-06,1.3768672943115234e-05,worse
bank,natural,rf,adasyn@1.0,brier,-0.015352157595833693,0.0,25,5.960464477539063e-08,5.960464477539062e-07,worse
bank,natural,rf,adasyn@1.0,prec_at_top,-0.05499999999999994,0.0,25,1.2135143749093729e-05,0.0001190533619416531,worse
bank,natural,rf,adasyn@1.0,empc,-0.02565660392637259,0.4,25,0.3525196313858032,1.0,no difference
bank,natural,rf,class_weight,roc_auc,-0.0004796784457801184,0.44,25,0.42614197731018066,0.42614197731018066,no difference
bank,natural,rf,class_weight,pr_auc,-0.008746978029196995,0.04,25,1.1920928955078125e-07,5.960464477539062e-07,worse
bank,natural,rf,class_weight,f1,0.030182681382724508,1.0,25,5.960464477539063e-08,5.960464477539062e-07,better
bank,natural,rf,class_weight,mcc,0.0035740131948645004,0.64,25,0.457846462726593,0.915692925453186,no difference
bank,natural,rf,class_weight,brier,-0.0035878044833106,0.0,25,5.960464477539063e-08,5.960464477539062e-07,worse
bank,natural,rf,class_weight,prec_at_top,-0.010000000000000009,0.0,25,3.8300963244093635e-05,0.0001190533619416531,worse
bank,natural,rf,class_weight,empc,0.020405431005963592,0.68,25,0.021908342838287354,0.15335839986801147,no difference
bank,natural,rf,dirichlet@1.0,roc_auc,-0.0030369352403250005,0.12,25,2.664327621459961e-05,0.00018650293350219727,worse
bank,natural,rf,dirichlet@1.0,pr_auc,-0.045642333581173644,0.0,25,5.960464477539063e-08,5.960464477539062e-07,worse
bank,natural,rf,dirichlet@1.0,f1,0.014642212745852756,0.8,25,0.002025127410888672,0.004050254821777344,better
bank,natural,rf,dirichlet@1.0,mcc,-0.01815472753080616,0.12,25,5.245208740234375e-06,3.147125244140625e-05,worse
bank,natural,rf,dirichlet@1.0,brier,-0.005941901268660302,0.0,25,5.960464477539063e-08,5.960464477539062e-07,worse
bank,natural,rf,dirichlet@1.0,prec_at_top,-0.06000000000000005,0.0,25,1.2146175363820999e-05,0.0001190533619416531,worse
bank,natural,rf,dirichlet@1.0,empc,0.03324363726140689,0.68,25,0.0050716400146484375,0.0405731201171875,better
bank,natural,rf,easy_ensemble,roc_auc,0.002986747462804251,0.96,25,4.172325134277344e-07,3.7550926208496094e-06,better
bank,natural,rf,easy_ensemble,pr_auc,-0.010528895023284579,0.08,25,1.1324882507324219e-06,2.2649765014648438e-06,worse
bank,natural,rf,easy_ensemble,f1,0.01965958128060885,0.88,25,1.5079975128173828e-05,6.031990051269531e-05,better
bank,natural,rf,easy_ensemble,mcc,-0.04437632595869895,0.0,25,5.960464477539063e-08,5.960464477539062e-07,worse
bank,natural,rf,easy_ensemble,brier,-0.04566210530573381,0.0,25,5.960464477539063e-08,5.960464477539062e-07,worse
bank,natural,rf,easy_ensemble,prec_at_top,-0.020000000000000018,0.0,25,1.190533619416531e-05,0.0001190533619416531,worse
bank,natural,rf,easy_ensemble,empc,0.11460754622442693,0.92,25,2.980232238769531e-07,2.9802322387695312e-06,better
bank,natural,rf,ros@1.0,roc_auc,-0.0029721555145284517,0.2,25,6.365776062011719e-05,0.0003819465637207031,worse
bank,natural,rf,ros@1.0,pr_auc,-0.01491283638816443,0.0,25,5.960464477539063e-08,5.960464477539062e-07,worse
bank,natural,rf,ros@1.0,f1,0.03753579201149526,1.0,25,5.960464477539063e-08,5.960464477539062e-07,better
bank,natural,rf,ros@1.0,mcc,-0.006265865699195183,0.32,25,0.21998637914657593,0.8799455165863037,no difference
bank,natural,rf,ros@1.0,brier,-0.008524087556208301,0.0,25,5.960464477539063e-08,5.960464477539062e-07,worse
bank,natural,rf,ros@1.0,prec_at_top,-0.02499999999999991,0.0,25,1.7895042146750995e-05,0.0001190533619416531,worse
bank,natural,rf,ros@1.0,empc,-0.019063135229815842,0.28,25,0.023649930953979492,0.15335839986801147,no difference
bank,natural,rf,rus@1.0,roc_auc,-0.004098310178342612,0.24,25,0.00032907724380493164,0.0016453862190246582,worse
bank,natural,rf,rus@1.0,pr_auc,-0.029331318808281215,0.0,25,5.960464477539063e-08,5.960464477539062e-07,worse
bank,natural,rf,rus@1.0,f1,0.008251456395096057,0.68,25,0.017312347888946533,0.017312347888946533,better
bank,natural,rf,rus@1.0,mcc,-0.05406650783957834,0.04,25,1.1920928955078125e-07,1.0728836059570312e-06,worse
bank,natural,rf,rus@1.0,brier,-0.04850662111539779,0.0,25,5.960464477539063e-08,5.960464477539062e-07,worse
bank,natural,rf,rus@1.0,prec_at_top,-0.03499999999999992,0.0,25,1.2003392197317215e-05,0.0001190533619416531,worse
bank,natural,rf,rus@1.0,empc,-0.025331581550256388,0.44,25,0.5424043536186218,1.0,no difference
bank,natural,rf,smote@0.5,roc_auc,0.001130560452594298,0.68,25,0.04512268304824829,0.13536804914474487,no difference
bank,natural,rf,smote@0.5,pr_auc,-0.009580499703741086,0.08,25,2.980232238769531e-07,8.940696716308594e-07,worse
bank,natural,rf,smote@0.5,f1,0.0254029031889359,1.0,25,5.960464477539063e-08,5.960464477539062e-07,better
bank,natural,rf,smote@0.5,mcc,-0.0008142598289377911,0.48,25,0.936802864074707,0.936802864074707,no difference
bank,natural,rf,smote@0.5,brier,-0.0028524239758681014,0.0,25,5.960464477539063e-08,5.960464477539062e-07,worse
bank,natural,rf,smote@0.5,prec_at_top,-0.020000000000000018,0.0,25,2.6102365639377057e-05,0.0001190533619416531,worse
bank,natural,rf,smote@0.5,empc,0.0464637050460901,0.84,25,4.5418739318847656e-05,0.0004087686538696289,better
bank,natural,rf,smote@1.0,roc_auc,-0.0033346881466154166,0.28,25,0.0030878782272338867,0.012351512908935547,worse
bank,natural,rf,smote@1.0,pr_auc,-0.026816423820388513,0.0,25,5.960464477539063e-08,5.960464477539062e-07,worse
bank,natural,rf,smote@1.0,f1,0.033768145635561964,0.96,25,4.172325134277344e-07,2.5033950805664062e-06,better
bank,natural,rf,smote@1.0,mcc,-0.012749959375866649,0.2,25,0.010510802268981934,0.05255401134490967,no difference
bank,natural,rf,smote@1.0,brier,-0.011328812080339506,0.0,25,5.960464477539063e-08,5.960464477539062e-07,worse
bank,natural,rf,smote@1.0,prec_at_top,-0.039999999999999925,0.0,25,1.2135143749093729e-05,0.0001190533619416531,worse
bank,natural,rf,smote@1.0,empc,0.01237545554031172,0.72,25,0.3525196313858032,1.0,no difference
bank,natural,rf,smote_enn@1.0,roc_auc,-0.00872289855340691,0.04,25,1.1920928955078125e-07,1.1920928955078125e-06,worse
bank,natural,rf,smote_enn@1.0,pr_auc,-0.06997460806687361,0.0,25,5.960464477539063e-08,5.960464477539062e-07,worse
bank,natural,rf,smote_enn@1.0,f1,0.023112040490812946,0.84,25,0.000102996826171875,0.000308990478515625,better
bank,natural,rf,smote_enn@1.0,mcc,-0.040498500467802234,0.04,25,1.1920928955078125e-07,1.0728836059570312e-06,worse
bank,natural,rf,smote_enn@1.0,brier,-0.04049067570370821,0.0,25,5.960464477539063e-08,5.960464477539062e-07,worse
bank,natural,rf,smote_enn@1.0,prec_at_top,-0.10999999999999999,0.0,25,1.2091097895121612e-05,0.0001190533619416531,worse
bank,natural,rf,smote_enn@1.0,empc,0.03494883030930662,0.56,25,0.5782062411308289,1.0,no difference
bank,natural,rf,threshold,roc_auc,-0.0002760850218477273,0.36,25,0.09031611680984497,0.18063223361968994,no difference
bank,natural,rf,threshold,pr_auc,-0.0011753753067000883,0.32,25,0.2634761333465576,0.2634761333465576,no difference
bank,natural,rf,threshold,f1,0.03810544172135166,1.0,25,5.960464477539063e-08,5.960464477539062e-07,better
bank,natural,rf,threshold,mcc,-0.007139021276651003,0.4,25,0.2996123433113098,0.8988370299339294,no difference
bank,natural,rf,threshold,brier,-0.0001522113614181031,0.4,25,0.19081425666809082,0.19081425666809082,no difference
bank,natural,rf,threshold,prec_at_top,0.0,0.36,25,0.6047330355546827,0.6047330355546827,no difference
bank,natural,rf,threshold,empc,-0.016006423755977828,0.32,25,0.036682069301605225,0.18341034650802612,no difference
bank,natural,xgb,adasyn@1.0,roc_auc,0.001437492962916731,0.64,25,0.14847958087921143,0.7423979043960571,no difference
bank,natural,xgb,adasyn@1.0,pr_auc,0.0007850110889586759,0.52,25,0.4418373703956604,1.0,no difference
bank,natural,xgb,adasyn@1.0,f1,0.023857251089083986,0.92,25,5.960464477539062e-07,5.364418029785156e-06,better
bank,natural,xgb,adasyn@1.0,mcc,0.0012042874626927436,0.56,25,0.33878785371780396,0.8616878986358643,no difference
bank,natural,xgb,adasyn@1.0,brier,-0.0031999681076460007,0.0,25,5.960464477539063e-08,5.960464477539062e-07,worse
bank,natural,xgb,adasyn@1.0,prec_at_top,0.0,0.44,25,0.7013750031704902,1.0,no difference
bank,natural,xgb,adasyn@1.0,empc,-0.0033180783436277395,0.48,25,0.7509929537773132,1.0,no difference
bank,natural,xgb,class_weight,roc_auc,-0.002173205563036129,0.0,25,5.960464477539063e-08,5.960464477539062e-07,worse
bank,natural,xgb,class_weight,pr_auc,-0.003783988253700077,0.08,25,2.980232238769531e-07,2.9802322387695312e-06,worse
bank,natural,xgb,class_weight,f1,0.013744945517140561,0.72,25,0.0037809014320373535,0.01134270429611206,better
bank,natural,xgb,class_weight,mcc,-0.03129415102518762,0.0,25,5.960464477539063e-08,5.960464477539062e-07,worse
bank,natural,xgb,class_weight,brier,-0.02397443451548839,0.0,25,5.960464477539063e-08,5.960464477539062e-07,worse
bank,natural,xgb,class_weight,prec_at_top,-0.0050000000000000044,0.36,25,0.572050855973348,1.0,no difference
bank,natural,xgb,class_weight,empc,-0.07649714234481486,0.16,25,0.00018787384033203125,0.0016908645629882812,worse
bank,natural,xgb,dirichlet@1.0,roc_auc,-1.696611866097708e-05,0.48,25,0.936802864074707,1.0,no difference
bank,natural,xgb,dirichlet@1.0,pr_auc,-0.0021718353655635347,0.48,25,0.325391948223114,1.0,no difference
bank,natural,xgb,dirichlet@1.0,f1,0.01894639196152259,0.84,25,8.165836334228516e-06,4.8995018005371094e-05,better
bank,natural,xgb,dirichlet@1.0,mcc,0.006636750812926251,0.6,25,0.2002161741256714,0.8008646965026855,no difference
bank,natural,xgb,dirichlet@1.0,brier,-0.0008071726309973049,0.2,25,0.0001398921012878418,0.0004196763038635254,worse
bank,natural,xgb,dirichlet@1.0,prec_at_top,-0.004999999999999893,0.32,25,0.16101475584692082,0.8050737792346041,no difference
bank,natural,xgb,dirichlet@1.0,empc,-0.011317520810623094,0.48,25,0.49078595638275146,1.0,no difference
bank,natural,xgb,easy_ensemble,roc_auc,0.0008729839238315051,0.72,25,0.2751842737197876,1.0,no difference
bank,natural,xgb,easy_ensemble,pr_auc,0.00036881543659128546,0.52,25,0.9578450322151184,1.0,no difference
bank,natural,xgb,easy_ensemble,f1,-0.000971280619621484,0.48,25,1.0,1.0,no difference
bank,natural,xgb,easy_ensemble,mcc,-0.04879488552722322,0.0,25,5.960464477539063e-08,5.960464477539062e-07,worse
bank,natural,xgb,easy_ensemble,brier,-0.043602083901901886,0.0,25,5.960464477539063e-08,5.960464477539062e-07,worse
bank,natural,xgb,easy_ensemble,prec_at_top,0.0,0.48,25,0.4836682231369023,1.0,no difference
bank,natural,xgb,easy_ensemble,empc,-0.008413426510771593,0.44,25,0.6338268518447876,1.0,no difference
bank,natural,xgb,ros@1.0,roc_auc,-0.0014189844698319076,0.2,25,0.0012963414192199707,0.010370731353759766,worse
bank,natural,xgb,ros@1.0,pr_auc,0.0005340250394404444,0.6,25,0.8119303584098816,1.0,no difference
bank,natural,xgb,ros@1.0,f1,0.016400573046728928,0.76,25,0.001625359058380127,0.006501436233520508,better
bank,natural,xgb,ros@1.0,mcc,-0.030068278361064238,0.08,25,1.1324882507324219e-06,7.927417755126953e-06,worse
bank,natural,xgb,ros@1.0,brier,-0.02286626789438269,0.0,25,5.960464477539063e-08,5.960464477539062e-07,worse
bank,natural,xgb,ros@1.0,prec_at_top,0.0050000000000000044,0.68,25,0.08769688085565326,0.5261812851339196,no difference
bank,natural,xgb,ros@1.0,empc,-0.04158331658172454,0.24,25,0.005578815937042236,0.04463052749633789,worse
bank,natural,xgb,rus@1.0,roc_auc,-0.007764003842743228,0.04,25,1.7881393432617188e-07,1.6093254089355469e-06,worse
bank,natural,xgb,rus@1.0,pr_auc,-0.018353379342153753,0.08,25,4.172325134277344e-07,3.7550926208496094e-06,worse
bank,natural,xgb,rus@1.0,f1,-0.011359033216311154,0.32,25,0.10731470584869385,0.2146294116973877,no difference
bank,natural,xgb,rus@1.0,mcc,-0.06746541548596163,0.0,25,5.960464477539063e-08,5.960464477539062e-07,worse
bank,natural,xgb,rus@1.0,brier,-0.04952224938710671,0.0,25,5.960464477539063e-08,5.960464477539062e-07,worse
bank,natural,xgb,rus@1.0,prec_at_top,-0.019999999999999907,0.12,25,0.00036479458522880703,0.0036479458522880705,worse
bank,natural,xgb,rus@1.0,empc,-0.1268658478445701,0.08,25,0.00012022256851196289,0.001202225685119629,worse
bank,natural,xgb,smote@0.5,roc_auc,0.0009778653846450602,0.68,25,0.0709836483001709,0.4259018898010254,no difference
bank,natural,xgb,smote@0.5,pr_auc,0.0020377070100232597,0.68,25,0.055070459842681885,0.3854932188987732,no difference
bank,natural,xgb,smote@0.5,f1,0.015330152753151638,0.92,25,1.1324882507324219e-06,9.059906005859375e-06,better
bank,natural,xgb,smote@0.5,mcc,0.0017126370183222495,0.52,25,0.3809836506843567,0.8616878986358643,no difference
bank,natural,xgb,smote@0.5,brier,-0.0010554453417034038,0.24,25,0.0009118914604187012,0.0018237829208374023,worse
bank,natural,xgb,smote@0.5,prec_at_top,0.010000000000000009,0.64,25,0.005538262488150364,0.044306099905202914,better
bank,natural,xgb,smote@0.5,empc,-0.0030315638715689985,0.48,25,0.6338268518447876,1.0,no difference
bank,natural,xgb,smote@1.0,roc_auc,5.8610228101718675e-05,0.56,25,0.8119303584098816,1.0,no difference
bank,natural,xgb,smote@1.0,pr_auc,0.001273884501574729,0.64,25,0.06670159101486206,0.40020954608917236,no difference
bank,natural,xgb,smote@1.0,f1,0.025711765177640622,1.0,25,5.960464477539063e-08,5.960464477539062e-07,better
bank,natural,xgb,smote@1.0,mcc,0.0013540721178399995,0.6,25,0.2872292995452881,0.8616878986358643,no difference
bank,natural,xgb,smote@1.0,brier,-0.003091517612592201,0.0,25,5.960464477539063e-08,5.960464477539062e-07,worse
bank,natural,xgb,smote@1.0,prec_at_top,0.0,0.44,25,0.781850578358683,1.0,no difference
bank,natural,xgb,smote@1.0,empc,-0.013577728888097162,0.44,25,0.8119303584098816,1.0,no difference
bank,natural,xgb,smote_enn@1.0,roc_auc,-0.0018721056261700175,0.32,25,0.04826241731643677,0.3378369212150574,no difference
bank,natural,xgb,smote_enn@1.0,pr_auc,-0.009778290553553948,0.04,25,4.172325134277344e-07,3.7550926208496094e-06,worse
bank,natural,xgb,smote_enn@1.0,f1,0.016321007556364564,0.84,25,0.0010271072387695312,0.005135536193847656,better
bank,natural,xgb,smote_enn@1.0,mcc,-0.030910280353562747,0.12,25,3.1948089599609375e-05,0.00019168853759765625,worse
bank,natural,xgb,smote_enn@1.0,brier,-0.0343490864652958,0.0,25,5.960464477539063e-08,5.960464477539062e-07,worse
bank,natural,xgb,smote_enn@1.0,prec_at_top,-0.015000000000000013,0.2,25,0.0012831978639090721,0.01154878077518165,worse
bank,natural,xgb,smote_enn@1.0,empc,-0.013251063892092851,0.44,25,0.7914759516716003,1.0,no difference
bank,natural,xgb,threshold,roc_auc,1.8474726574013722e-05,0.52,25,0.8739878535270691,1.0,no difference
bank,natural,xgb,threshold,pr_auc,0.0009526336010379222,0.56,25,0.507703959941864,1.0,no difference
bank,natural,xgb,threshold,f1,0.022309253299210297,0.92,25,3.2782554626464844e-06,2.294778823852539e-05,better
bank,natural,xgb,threshold,mcc,-0.011339128557674383,0.24,25,0.001625359058380127,0.008126795291900635,worse
bank,natural,xgb,threshold,brier,9.580806358440441e-05,0.56,25,0.4741646647453308,0.4741646647453308,no difference
bank,natural,xgb,threshold,prec_at_top,0.0,0.48,25,0.05297164551893677,0.3708015186325574,no difference
bank,natural,xgb,threshold,empc,-0.01210046059854264,0.44,25,0.4107651710510254,1.0,no difference
bankchurners,0.02,hgb,adasyn@1.0,roc_auc,-0.0034621848739495586,0.24,25,0.004604637622833252,0.018418550491333008,worse
bankchurners,0.02,hgb,adasyn@1.0,pr_auc,-0.04510998177899572,0.16,25,6.556510925292969e-06,3.933906555175781e-05,worse
bankchurners,0.02,hgb,adasyn@1.0,f1,0.021857923497267784,0.76,25,0.0032504075349196544,0.016252037674598274,better
bankchurners,0.02,hgb,adasyn@1.0,mcc,0.011012314382672028,0.6,25,0.10340377676901528,0.31021133030704584,no difference
bankchurners,0.02,hgb,adasyn@1.0,brier,0.0002474472723030009,0.72,25,0.010510802268981934,0.042043209075927734,better
bankchurners,0.02,hgb,adasyn@1.0,prec_at_top,-0.005747126436781602,0.12,25,0.04415782852060551,0.2649469711236331,no difference
bankchurners,0.02,hgb,adasyn@1.0,empc,-0.07540311387840881,0.2,25,0.000102996826171875,0.000514984130859375,worse
bankchurners,0.02,hgb,class_weight,roc_auc,-0.0007563025210084451,0.36,25,0.14847958087921143,0.4454387426376343,no difference
bankchurners,0.02,hgb,class_weight,pr_auc,-0.006382804962599464,0.24,25,0.004604637622833252,0.013813912868499756,worse
bankchurners,0.02,hgb,class_weight,f1,0.06349206349206349,0.84,25,3.1948089599609375e-05,0.00022363662719726562,better
bankchurners,0.02,hgb,class_weight,mcc,0.04631705522101359,0.76,25,0.002255260944366455,0.015786826610565186,better
bankchurners,0.02,hgb,class_weight,brier,0.0005201987001147001,0.76,25,0.0006313323974609375,0.003787994384765625,better
bankchurners,0.02,hgb,class_weight,prec_at_top,0.0,0.2,25,1.0,1.0,no difference
bankchurners,0.02,hgb,class_weight,empc,-0.023265164651762538,0.16,25,0.00016230344772338867,0.0006492137908935547,worse
bankchurners,0.02,hgb,dirichlet@1.0,roc_auc,-0.0012283737024222363,0.36,25,0.33878785371780396,0.6775757074356079,no difference
bankchurners,0.02,hgb,dirichlet@1.0,pr_auc,-0.011163719894510038,0.36,25,0.05875152349472046,0.11750304698944092,no difference
bankchurners,0.02,hgb,dirichlet@1.0,f1,-0.01103896103896107,0.2,25,0.007838221652520782,0.031352886610083126,worse
bankchurners,0.02,hgb,dirichlet@1.0,mcc,-0.017396870954272226,0.28,25,0.014269191674987056,0.057076766699948225,no difference
bankchurners,0.02,hgb,dirichlet@1.0,brier,-0.00013639901807669871,0.36,25,0.25210392475128174,0.25210392475128174,no difference
bankchurners,0.02,hgb,dirichlet@1.0,prec_at_top,0.0,0.2,25,0.7773651383145936,1.0,no difference
bankchurners,0.02,hgb,dirichlet@1.0,empc,-0.003122982120419393,0.44,25,0.24106645584106445,0.4821329116821289,no difference
bankchurners,0.02,hgb,easy_ensemble,roc_auc,-0.006521008403361339,0.12,25,1.5079975128173828e-05,0.0001055598258972168,worse
bankchurners,0.02,hgb,easy_ensemble,pr_auc,-0.10504360857143735,0.0,25,5.960464477539063e-08,5.364418029785156e-07,worse
bankchurners,0.02,hgb,easy_ensemble,f1,-0.30250883072185497,0.0,25,5.960464477539063e-08,5.960464477539062e-07,worse
bankchurners,0.02,hgb,easy_ensemble,mcc,-0.242494763673674,0.0,25,5.960464477539063e-08,5.960464477539062e-07,worse
bankchurners,0.02,hgb,easy_ensemble,brier,-0.0511816004495104,0.0,25,5.960464477539063e-08,5.364418029785156e-07,worse
bankchurners,0.02,hgb,easy_ensemble,prec_at_top,-0.005747126436781602,0.2,25,0.004902119610821359,0.03921695688657087,worse
bankchurners,0.02,hgb,easy_ensemble,empc,-0.1421693661900425,0.0,25,5.960464477539063e-08,5.364418029785156e-07,worse
bankchurners,0.02,hgb,ros@1.0,roc_auc,3.361344537800015e-05,0.56,25,0.5964998602867126,0.6775757074356079,no difference
bankchurners,0.02,hgb,ros@1.0,pr_auc,-0.001694820167058686,0.44,25,0.8325093984603882,0.8325093984603882,no difference
bankchurners,0.02,hgb,ros@1.0,f1,0.047573127611700405,0.84,25,2.664327621459961e-05,0.00021314620971679688,better
bankchurners,0.02,hgb,ros@1.0,mcc,0.02701932717574662,0.68,25,0.004604637622833252,0.02302318811416626,better
bankchurners,0.02,hgb,ros@1.0,brier,0.0006154621744018998,0.84,25,0.0007149577140808105,0.003787994384765625,better
bankchurners,0.02,hgb,ros@1.0,prec_at_top,0.0,0.28,25,0.9241161805726141,1.0,no difference
bankchurners,0.02,hgb,ros@1.0,empc,-0.005545687229832619,0.48,25,0.4418373703956604,0.4821329116821289,no difference
bankchurners,0.02,hgb,rus@1.0,roc_auc,-0.016521008403361237,0.0,25,5.960464477539063e-08,5.364418029785156e-07,worse
bankchurners,0.02,hgb,rus@1.0,pr_auc,-0.22565580375392513,0.0,25,5.960464477539063e-08,5.364418029785156e-07,worse
bankchurners,0.02,hgb,rus@1.0,f1,-0.34983498349834985,0.0,25,5.960464477539063e-08,5.960464477539062e-07,worse
bankchurners,0.02,hgb,rus@1.0,mcc,-0.2899145087677138,0.0,25,5.960464477539063e-08,5.960464477539062e-07,worse
bankchurners,0.02,hgb,rus@1.0,brier,-0.0708044424386948,0.0,25,5.960464477539063e-08,5.364418029785156e-07,worse
bankchurners,0.02,hgb,rus@1.0,prec_at_top,-0.017241379310344807,0.0,25,1.7719072649544354e-05,0.0001594716538458992,worse
bankchurners,0.02,hgb,rus@1.0,empc,-0.24457682873857645,0.0,25,5.960464477539063e-08,5.364418029785156e-07,worse
bankchurners,0.02,hgb,smote@0.5,roc_auc,-0.0028719723183391332,0.2,25,0.003419220447540283,0.017096102237701416,worse
bankchurners,0.02,hgb,smote@0.5,pr_auc,-0.04809733499948787,0.12,25,8.165836334228516e-06,4.082918167114258e-05,worse
bankchurners,0.02,hgb,smote@0.5,f1,0.011299435028248594,0.6,25,0.12664812803268433,0.12664812803268433,no difference
bankchurners,0.02,hgb,smote@0.5,mcc,0.0067732544928382765,0.52,25,0.9578450322151184,0.9578450322151184,no difference
bankchurners,0.02,hgb,smote@0.5,brier,0.0003717103616697002,0.72,25,0.034173786640167236,0.06834757328033447,no difference
bankchurners,0.02,hgb,smote@0.5,prec_at_top,-0.005747126436781602,0.12,25,0.050764448890521216,0.2649469711236331,no difference
bankchurners,0.02,hgb,smote@0.5,empc,-0.045793187720971074,0.2,25,0.00018787384033203125,0.0006492137908935547,worse
bankchurners,0.02,hgb,smote@1.0,roc_auc,-0.0038927335640139837,0.16,25,0.002507925033569336,0.015047550201416016,worse
bankchurners,0.02,hgb,smote@1.0,pr_auc,-0.051691843383754765,0.16,25,1.5079975128173828e-05,6.031990051269531e-05,worse
bankchurners,0.02,hgb,smote@1.0,f1,0.021857923497267784,0.64,25,0.019183212767887602,0.0575496383036628,no difference
bankchurners,0.02,hgb,smote@1.0,mcc,0.0067732544928382765,0.6,25,0.21923253328133308,0.43846506656266615,no difference
bankchurners,0.02,hgb,smote@1.0,brier,0.0006290840037971,0.68,25,0.01597297191619873,0.04791891574859619,better
bankchurners,0.02,hgb,smote@1.0,prec_at_top,-0.005747126436781602,0.28,25,0.21416597486265565,0.8566638994506226,no difference
bankchurners,0.02,hgb,smote@1.0,empc,-0.055550614197315995,0.12,25,3.814697265625e-05,0.0002288818359375,worse
bankchurners,0.02,hgb,smote_enn@1.0,roc_auc,-0.009109243697479008,0.12,25,5.245208740234375e-06,4.1961669921875e-05,worse
bankchurners,0.02,hgb,smote_enn@1.0,pr_auc,-0.12618319880148177,0.0,25,5.960464477539063e-08,5.364418029785156e-07,worse
bankchurners,0.02,hgb,smote_enn@1.0,f1,-0.024425287356321768,0.36,25,0.023649930953979492,0.0575496383036628,no difference
bankchurners,0.02,hgb,smote_enn@1.0,mcc,-0.0647766530670773,0.08,25,2.2113323211669922e-05,0.00017690658569335938,worse
bankchurners,0.02,hgb,smote_enn@1.0,brier,-0.0031789210845268,0.0,25,5.960464477539063e-08,5.364418029785156e-07,worse
bankchurners,0.02,hgb,smote_enn@1.0,prec_at_top,-0.005747126436781602,0.16,25,0.007319854583185688,0.051238982082299815,no difference
bankchurners,0.02,hgb,smote_enn@1.0,empc,-0.14738041766074716,0.0,25,5.960464477539063e-08,5.364418029785156e-07,worse
bankchurners,0.02,hgb,threshold,roc_auc,0.0,0.0,25,,,no difference
bankchurners,0.02,hgb,threshold,pr_auc,0.0,0.0,25,,,no difference
bankchurners,0.02,hgb,threshold,f1,0.04285714285714293,0.84,25,0.0004894733428955078,0.002936840057373047,better
bankchurners,0.02,hgb,threshold,mcc,0.03258187687512848,0.76,25,0.0027848482131958008,0.016709089279174805,better
bankchurners,0.02,hgb,threshold,brier,0.0,0.0,25,,,no difference
bankchurners,0.02,hgb,threshold,prec_at_top,0.0,0.0,25,,,no difference
bankchurners,0.02,hgb,threshold,empc,0.0,0.0,25,,,no difference
bankchurners,0.02,lgbm,adasyn@1.0,roc_auc,-0.0015570934256053937,0.24,25,0.002025127410888672,0.012150764465332031,worse
bankchurners,0.02,lgbm,adasyn@1.0,pr_auc,-0.03057348749567035,0.16,25,8.165836334228516e-06,5.716085433959961e-05,worse
bankchurners,0.02,lgbm,adasyn@1.0,f1,0.011494252873563204,0.6,25,0.0977286327370087,0.2931858982110261,no difference
bankchurners,0.02,lgbm,adasyn@1.0,mcc,0.0010241578518097594,0.52,25,0.9095253478102147,1.0,no difference
bankchurners,0.02,lgbm,adasyn@1.0,brier,0.000559314708641,0.8,25,0.001625359058380127,0.006501436233520508,better
bankchurners,0.02,lgbm,adasyn@1.0,prec_at_top,-0.005747126436781602,0.12,25,0.018283808716931745,0.1279866610185222,no difference
bankchurners,0.02,lgbm,adasyn@1.0,empc,-0.0404834264933297,0.16,25,0.0041751861572265625,0.020875930786132812,worse
bankchurners,0.02,lgbm,class_weight,roc_auc,-0.00028571428571444457,0.36,25,0.1531274510196695,0.612509804078678,no difference
bankchurners,0.02,lgbm,class_weight,pr_auc,0.002350221640985195,0.6,25,0.8119303584098816,1.0,no difference
bankchurners,0.02,lgbm,class_weight,f1,0.02714932126696834,0.84,25,5.3882598876953125e-05,0.00032329559326171875,better
bankchurners,0.02,lgbm,class_weight,mcc,0.02025666169820617,0.68,25,0.017312347888946533,0.08656173944473267,no difference
bankchurners,0.02,lgbm,class_weight,brier,0.0010729799104107,0.88,25,1.0073184967041016e-05,6.0439109802246094e-05,better
bankchurners,0.02,lgbm,class_weight,prec_at_top,0.0,0.16,25,0.8858229490911618,1.0,no difference
bankchurners,0.02,lgbm,class_weight,empc,-0.006355722557086274,0.4,25,0.42614197731018066,1.0,no difference
bankchurners,0.02,lgbm,dirichlet@1.0,roc_auc,-0.0006401384083044581,0.44,25,0.6915188431739807,1.0,no difference
bankchurners,0.02,lgbm,dirichlet@1.0,pr_auc,0.0007881733435404215,0.52,25,0.8739878535270691,1.0,no difference
bankchurners,0.02,lgbm,dirichlet@1.0,f1,-0.011428571428571344,0.36,25,0.2014511720662171,0.4029023441324342,no difference
bankchurners,0.02,lgbm,dirichlet@1.0,mcc,-0.020834931502280996,0.36,25,0.07273623070102449,0.29094492280409795,no difference
bankchurners,0.02,lgbm,dirichlet@1.0,brier,-8.026708401170056e-05,0.4,25,0.8948604464530945,1.0,no difference
bankchurners,0.02,lgbm,dirichlet@1.0,prec_at_top,0.0,0.16,25,0.24036005564406582,0.7210801669321975,no difference
bankchurners,0.02,lgbm,dirichlet@1.0,empc,-0.001747330300205352,0.44,25,0.5782062411308289,1.0,no difference
bankchurners,0.02,lgbm,easy_ensemble,roc_auc,-0.006453287197231594,0.08,25,1.4901161193847656e-06,1.341104507446289e-05,worse
bankchurners,0.02,lgbm,easy_ensemble,pr_auc,-0.08066834649145649,0.0,25,5.960464477539063e-08,5.960464477539062e-07,worse
bankchurners,0.02,lgbm,easy_ensemble,f1,-0.30635386119257085,0.0,25,5.960464477539063e-08,5.960464477539062e-07,worse
bankchurners,0.02,lgbm,easy_ensemble,mcc,-0.24423222834948471,0.0,25,5.960464477539063e-08,5.960464477539062e-07,worse
bankchurners,0.02,lgbm,easy_ensemble,brier,-0.047950321761838596,0.0,25,5.960464477539063e-08,5.960464477539062e-07,worse
bankchurners,0.02,lgbm,easy_ensemble,prec_at_top,-0.005747126436781602,0.08,25,0.0015563376427295294,0.014007038784565764,worse
bankchurners,0.02,lgbm,easy_ensemble,empc,-0.11247800196617341,0.08,25,5.960464477539062e-07,4.76837158203125e-06,worse
bankchurners,0.02,lgbm,ros@1.0,roc_auc,-0.0004325259515569613,0.44,25,0.39571136236190796,1.0,no difference
bankchurners,0.02,lgbm,ros@1.0,pr_auc,0.0012419227155796575,0.56,25,0.5782062411308289,1.0,no difference
bankchurners,0.02,lgbm,ros@1.0,f1,0.05820105820105825,0.92,25,4.172325134277344e-07,3.337860107421875e-06,better
bankchurners,0.02,lgbm,ros@1.0,mcc,0.04215433915918487,0.84,25,4.5418739318847656e-05,0.00036334991455078125,better
bankchurners,0.02,lgbm,ros@1.0,brier,0.0010895309948312,0.92,25,8.165836334228516e-06,5.716085433959961e-05,better
bankchurners,0.02,lgbm,ros@1.0,prec_at_top,0.0,0.04,25,0.1025786368770843,0.4103145475083372,no difference
bankchurners,0.02,lgbm,ros@1.0,empc,-0.0029420593614967183,0.44,25,0.8119303584098816,1.0,no difference
bankchurners,0.02,lgbm,rus@1.0,roc_auc,-0.017093425605536172,0.0,25,5.960464477539063e-08,5.960464477539062e-07,worse
bankchurners,0.02,lgbm,rus@1.0,pr_auc,-0.18046244879548023,0.0,25,5.960464477539063e-08,5.960464477539062e-07,worse
bankchurners,0.02,lgbm,rus@1.0,f1,-0.33333333333333337,0.0,25,5.960464477539063e-08,5.960464477539062e-07,worse
bankchurners,0.02,lgbm,rus@1.0,mcc,-0.2674265542680008,0.0,25,5.960464477539063e-08,5.960464477539062e-07,worse
bankchurners,0.02,lgbm,rus@1.0,brier,-0.060374442438289,0.0,25,5.960464477539063e-08,5.960464477539062e-07,worse
bankchurners,0.02,lgbm,rus@1.0,prec_at_top,-0.01734104046242771,0.0,25,5.8053866514192195e-05,0.0005805386651419219,worse
bankchurners,0.02,lgbm,rus@1.0,empc,-0.22566059715915765,0.0,25,5.960464477539063e-08,5.960464477539062e-07,worse
bankchurners,0.02,lgbm,smote@0.5,roc_auc,-0.0021280276816609822,0.2,25,0.002507925033569336,0.01253962516784668,worse
bankchurners,0.02,lgbm,smote@0.5,pr_auc,-0.028213336125876842,0.2,25,6.365776062011719e-05,0.00031828880310058594,worse
bankchurners,0.02,lgbm,smote@0.5,f1,0.021857923497267784,0.68,25,0.016395071849192262,0.0819753592459613,no difference
bankchurners,0.02,lgbm,smote@0.5,mcc,0.008117584515375031,0.6,25,0.5110890641174397,1.0,no difference
bankchurners,0.02,lgbm,smote@0.5,brier,0.00044707098311010107,0.88,25,0.0009118914604187012,0.004559457302093506,better
bankchurners,0.02,lgbm,smote@0.5,prec_at_top,0.0,0.12,25,0.018503351246368552,0.1279866610185222,no difference
bankchurners,0.02,lgbm,smote@0.5,empc,-0.04456772111178775,0.2,25,0.0004894733428955078,0.0034263134002685547,worse
bankchurners,0.02,lgbm,smote@1.0,roc_auc,-0.0020000000000000018,0.16,25,0.0011548399925231934,0.008083879947662354,worse
bankchurners,0.02,lgbm,smote@1.0,pr_auc,-0.03799428439542085,0.16,25,1.8298625946044922e-05,0.00010979175567626953,worse
bankchurners,0.02,lgbm,smote@1.0,f1,0.018497965223825408,0.64,25,0.06670159101486206,0.26680636405944824,no difference
bankchurners,0.02,lgbm,smote@1.0,mcc,0.005564270733961374,0.56,25,1.0,1.0,no difference
bankchurners,0.02,lgbm,smote@1.0,brier,0.000444364214627499,0.8,25,0.001625359058380127,0.006501436233520508,better
bankchurners,0.02,lgbm,smote@1.0,prec_at_top,0.0,0.12,25,0.02279578697353888,0.1279866610185222,no difference
bankchurners,0.02,lgbm,smote@1.0,empc,-0.05214051231767247,0.28,25,0.0014527440071105957,0.008716464042663574,worse
bankchurners,0.02,lgbm,smote_enn@1.0,roc_auc,-0.007629757785467262,0.12,25,4.172325134277344e-06,3.337860107421875e-05,worse
bankchurners,0.02,lgbm,smote_enn@1.0,pr_auc,-0.10818005117418672,0.0,25,5.960464477539063e-08,5.960464477539062e-07,worse
bankchurners,0.02,lgbm,smote_enn@1.0,f1,-0.012578616352201255,0.4,25,0.5249125957489014,0.5249125957489014,no difference
bankchurners,0.02,lgbm,smote_enn@1.0,mcc,-0.043473732843426705,0.16,25,0.0001398921012878418,0.0009792447090148926,worse
bankchurners,0.02,lgbm,smote_enn@1.0,brier,-0.0023329009410843014,0.08,25,4.172325134277344e-07,3.337860107421875e-06,worse
bankchurners,0.02,lgbm,smote_enn@1.0,prec_at_top,-0.005747126436781602,0.12,25,0.007455478809377434,0.05964383047501947,no difference
bankchurners,0.02,lgbm,smote_enn@1.0,empc,-0.11923937051813172,0.0,25,5.960464477539063e-08,5.960464477539062e-07,worse
bankchurners,0.02,lgbm,threshold,roc_auc,-8.403361344544447e-05,0.48,25,0.6915188431739807,1.0,no difference
bankchurners,0.02,lgbm,threshold,pr_auc,-0.0014058550108957402,0.48,25,0.8739878535270691,1.0,no difference
bankchurners,0.02,lgbm,threshold,f1,0.04593301435406694,0.92,25,3.814697265625e-05,0.00026702880859375,better
bankchurners,0.02,lgbm,threshold,mcc,0.017990652516481243,0.72,25,0.013554692268371582,0.08132815361022949,no difference
bankchurners,0.02,lgbm,threshold,brier,-2.251322637500039e-06,0.48,25,0.6528410911560059,1.0,no difference
bankchurners,0.02,lgbm,threshold,prec_at_top,0.0,0.16,25,0.5213775161197409,1.0,no difference
bankchurners,0.02,lgbm,threshold,empc,-0.004794355512155346,0.48,25,0.5249125957489014,1.0,no difference
bankchurners,0.02,lr,adasyn@1.0,roc_auc,0.0012283737024220143,0.6,25,0.312333345413208,0.624666690826416,no difference
bankchurners,0.02,lr,adasyn@1.0,pr_auc,-0.06324702537312038,0.0,25,5.960464477539063e-08,5.364418029785156e-07,worse
bankchurners,0.02,lr,adasyn@1.0,f1,-0.0964560862865948,0.12,25,1.5079975128173828e-05,6.031990051269531e-05,worse
bankchurners,0.02,lr,adasyn@1.0,mcc,-0.08292551221777711,0.12,25,4.5418739318847656e-05,0.0004087686538696289,worse
bankchurners,0.02,lr,adasyn@1.0,brier,-0.0869659404996417,0.0,25,5.960464477539063e-08,5.364418029785156e-07,worse
bankchurners,0.02,lr,adasyn@1.0,prec_at_top,-0.005747126436781602,0.12,25,0.0014398317062666427,0.010544016871404686,worse
bankchurners,0.02,lr,adasyn@1.0,empc,-0.07394217834254241,0.04,25,1.1920928955078125e-07,7.152557373046875e-07,worse
bankchurners,0.02,lr,class_weight,roc_auc,0.0025378151260505577,0.76,25,0.03180783987045288,0.25446271896362305,no difference
bankchurners,0.02,lr,class_weight,pr_auc,-0.06918040486589538,0.0,25,5.960464477539063e-08,5.364418029785156e-07,worse
bankchurners,0.02,lr,class_weight,f1,-0.1035149736543721,0.12,25,6.556510925292969e-06,4.589557647705078e-05,worse
bankchurners,0.02,lr,class_weight,mcc,-0.09165685874297724,0.16,25,4.5418739318847656e-05,0.0004087686538696289,worse
bankchurners,0.02,lr,class_weight,brier,-0.0935778344128976,0.0,25,5.960464477539063e-08,5.364418029785156e-07,worse
bankchurners,0.02,lr,class_weight,prec_at_top,-0.005747126436781602,0.08,25,0.001971008186862226,0.010544016871404686,worse
bankchurners,0.02,lr,class_weight,empc,-0.0843402115746617,0.0,25,5.960464477539063e-08,5.364418029785156e-07,worse
bankchurners,0.02,lr,dirichlet@1.0,roc_auc,-0.0019204152249133744,0.48,25,0.4741646647453308,0.624666690826416,no difference
bankchurners,0.02,lr,dirichlet@1.0,pr_auc,-0.049817402360148144,0.0,25,5.960464477539063e-08,5.364418029785156e-07,worse
bankchurners,0.02,lr,dirichlet@1.0,f1,-0.06798728295426759,0.12,25,0.0010271072387695312,0.0020542144775390625,worse
bankchurners,0.02,lr,dirichlet@1.0,mcc,-0.0632349688802481,0.16,25,0.0009118914604187012,0.0027356743812561035,worse
bankchurners,0.02,lr,dirichlet@1.0,brier,-0.06603237171948381,0.0,25,5.960464477539063e-08,5.364418029785156e-07,worse
bankchurners,0.02,lr,dirichlet@1.0,prec_at_top,-0.005747126436781602,0.08,25,0.008209285708456415,0.024627857125369246,worse
bankchurners,0.02,lr,dirichlet@1.0,empc,-0.048110048467846,0.04,25,1.1920928955078125e-07,7.152557373046875e-07,worse
bankchurners,0.02,lr,easy_ensemble,roc_auc,0.006302521008403339,0.68,25,0.002257573792589646,0.020318164133306813,better
bankchurners,0.02,lr,easy_ensemble,pr_auc,-0.05312833556966401,0.0,25,5.960464477539063e-08,5.364418029785156e-07,worse
bankchurners,0.02,lr,easy_ensemble,f1,-0.11226882000520971,0.12,25,2.562999725341797e-06,2.562999725341797e-05,worse
bankchurners,0.02,lr,easy_ensemble,mcc,-0.10017179542072502,0.16,25,4.5418739318847656e-05,0.0004087686538696289,worse
bankchurners,0.02,lr,easy_ensemble,brier,-0.1033336595667916,0.0,25,5.960464477539063e-08,5.364418029785156e-07,worse
bankchurners,0.02,lr,easy_ensemble,prec_at_top,0.0,0.24,25,0.21926984138103944,0.21926984138103944,no difference
bankchurners,0.02,lr,easy_ensemble,empc,-0.05184155076237623,0.08,25,4.172325134277344e-07,8.940696716308594e-07,worse
bankchurners,0.02,lr,ros@1.0,roc_auc,0.0017474048442905898,0.64,25,0.09573346376419067,0.574400782585144,no difference
bankchurners,0.02,lr,ros@1.0,pr_auc,-0.07433658379586677,0.0,25,5.960464477539063e-08,5.364418029785156e-07,worse
bankchurners,0.02,lr,ros@1.0,f1,-0.10334616523541612,0.12,25,6.556510925292969e-06,4.589557647705078e-05,worse
bankchurners,0.02,lr,ros@1.0,mcc,-0.1007588550216002,0.16,25,4.5418739318847656e-05,0.0004087686538696289,worse
bankchurners,0.02,lr,ros@1.0,brier,-0.09314739865569881,0.0,25,5.960464477539063e-08,5.364418029785156e-07,worse
bankchurners,0.02,lr,ros@1.0,prec_at_top,-0.005747126436781602,0.12,25,0.0011715574301560763,0.010544016871404686,worse
bankchurners,0.02,lr,ros@1.0,empc,-0.08805835529266623,0.0,25,5.960464477539063e-08,5.364418029785156e-07,worse
bankchurners,0.02,lr,rus@1.0,roc_auc,-0.006924369747899228,0.32,25,0.04215019941329956,0.2950513958930969,no difference
bankchurners,0.02,lr,rus@1.0,pr_auc,-0.09046447395460461,0.0,25,5.960464477539063e-08,5.364418029785156e-07,worse
bankchurners,0.02,lr,rus@1.0,f1,-0.12230944542922262,0.12,25,2.562999725341797e-06,2.562999725341797e-05,worse
bankchurners,0.02,lr,rus@1.0,mcc,-0.1156011146691436,0.16,25,3.814697265625e-05,0.0003814697265625,worse
bankchurners,0.02,lr,rus@1.0,brier,-0.1083341326513122,0.0,25,5.960464477539063e-08,5.364418029785156e-07,worse
bankchurners,0.02,lr,rus@1.0,prec_at_top,-0.00578034682080919,0.2,25,0.004107172566955496,0.016428690267821983,worse
bankchurners,0.02,lr,rus@1.0,empc,-0.09851804405532572,0.04,25,1.1920928955078125e-07,7.152557373046875e-07,worse
bankchurners,0.02,lr,smote@0.5,roc_auc,0.002420168067227002,0.56,25,0.14847958087921143,0.5939183235168457,no difference
bankchurners,0.02,lr,smote@0.5,pr_auc,-0.0433798731543763,0.0,25,5.960464477539063e-08,5.364418029785156e-07,worse
bankchurners,0.02,lr,smote@0.5,f1,-0.036514968452141194,0.32,25,0.04512268304824829,0.04512268304824829,worse
bankchurners,0.02,lr,smote@0.5,mcc,-0.05298105407186471,0.24,25,0.008822321891784668,0.017644643783569336,worse
bankchurners,0.02,lr,smote@0.5,brier,-0.05052873611221181,0.0,25,5.960464477539063e-08,5.364418029785156e-07,worse
bankchurners,0.02,lr,smote@0.5,prec_at_top,-0.005747126436781602,0.16,25,0.010868543248804662,0.024627857125369246,worse
bankchurners,0.02,lr,smote@0.5,empc,-0.05131103237466411,0.04,25,2.980232238769531e-07,8.940696716308594e-07,worse
bankchurners,0.02,lr,smote@1.0,roc_auc,0.0017815126050420016,0.6,25,0.1828758296144224,0.5939183235168457,no difference
bankchurners,0.02,lr,smote@1.0,pr_auc,-0.05343652102474589,0.0,25,5.960464477539063e-08,5.364418029785156e-07,worse
bankchurners,0.02,lr,smote@1.0,f1,-0.09516963772282921,0.12,25,3.814697265625e-05,0.00011444091796875,worse
bankchurners,0.02,lr,smote@1.0,mcc,-0.07147913010966483,0.12,25,8.803606033325195e-05,0.0004087686538696289,worse
bankchurners,0.02,lr,smote@1.0,brier,-0.082307765951507,0.0,25,5.960464477539063e-08,5.364418029785156e-07,worse
bankchurners,0.02,lr,smote@1.0,prec_at_top,-0.005747126436781602,0.16,25,0.001324921364716461,0.010544016871404686,worse
bankchurners,0.02,lr,smote@1.0,empc,-0.0705780587915259,0.08,25,4.172325134277344e-07,8.940696716308594e-07,worse
bankchurners,0.02,lr,smote_enn@1.0,roc_auc,0.0021626297577853615,0.56,25,0.1134914755821228,0.574400782585144,no difference
bankchurners,0.02,lr,smote_enn@1.0,pr_auc,-0.059008753310989925,0.0,25,5.960464477539063e-08,5.364418029785156e-07,worse
bankchurners,0.02,lr,smote_enn@1.0,f1,-0.10020331106593092,0.12,25,1.0073184967041016e-05,5.036592483520508e-05,worse
bankchurners,0.02,lr,smote_enn@1.0,mcc,-0.09038891849281261,0.2,25,6.365776062011719e-05,0.0004087686538696289,worse
bankchurners,0.02,lr,smote_enn@1.0,brier,-0.0960289771996494,0.0,25,5.960464477539063e-08,5.364418029785156e-07,worse
bankchurners,0.02,lr,smote_enn@1.0,prec_at_top,-0.005747126436781602,0.12,25,0.0012677222213569846,0.010544016871404686,worse
bankchurners,0.02,lr,smote_enn@1.0,empc,-0.07262001792262851,0.0,25,5.960464477539063e-08,5.364418029785156e-07,worse
bankchurners,0.02,lr,threshold,roc_auc,0.0,0.0,25,,,no difference
bankchurners,0.02,lr,threshold,pr_auc,0.0,0.0,25,,,no difference
bankchurners,0.02,lr,threshold,f1,0.11469979296066252,0.92,25,4.172325134277344e-06,3.337860107421875e-05,better
bankchurners,0.02,lr,threshold,mcc,0.0637607337464835,0.8,25,0.012466490268707275,0.017644643783569336,better
bankchurners,0.02,lr,threshold,brier,0.0,0.0,25,,,no difference
bankchurners,0.02,lr,threshold,prec_at_top,0.0,0.0,25,,,no difference
bankchurners,0.02,lr,threshold,empc,0.0,0.0,25,,,no difference
bankchurners,0.02,rf,adasyn@1.0,roc_auc,-2.5951557093617517e-05,0.48,25,0.5249125957489014,1.0,no difference
bankchurners,0.02,rf,adasyn@1.0,pr_auc,-0.07074874422523758,0.04,25,1.1920928955078125e-07,8.344650268554688e-07,worse
bankchurners,0.02,rf,adasyn@1.0,f1,0.23340961098398177,0.96,25,1.9978448452977e-05,0.0001240353267601515,better
bankchurners,0.02,rf,adasyn@1.0,mcc,0.12428294114241367,0.84,25,0.0003276491215969546,0.0013105964863878185,better
bankchurners,0.02,rf,adasyn@1.0,brier,-0.0012083243671037,0.08,25,2.980232238769531e-07,1.1920928955078125e-06,worse
bankchurners,0.02,rf,adasyn@1.0,prec_at_top,0.0,0.4,25,0.9721444469474878,1.0,no difference
bankchurners,0.02,rf,adasyn@1.0,empc,-0.059942913244919516,0.32,25,0.0006313323974609375,0.0031566619873046875,worse
bankchurners,0.02,rf,class_weight,roc_auc,0.005069204152248985,0.8,25,0.000363402616970555,0.002543818318793885,better
bankchurners,0.02,rf,class_weight,pr_auc,0.008081292672743268,0.56,25,0.3809836506843567,0.7619673013687134,no difference
bankchurners,0.02,rf,class_weight,f1,0.1325757575757575,0.88,25,3.024132806741821e-05,0.0001240353267601515,better
bankchurners,0.02,rf,class_weight,mcc,0.1085546400906251,0.88,25,3.426894882540151e-05,0.00021573125537504542,better
bankchurners,0.02,rf,class_weight,brier,0.0007095272826478007,0.96,25,2.980232238769531e-07,1.1920928955078125e-06,better
bankchurners,0.02,rf,class_weight,prec_at_top,0.005747126436781602,0.6,25,0.04766947258681676,0.2383473629340838,no difference
bankchurners,0.02,rf,class_weight,empc,0.02401545837494401,0.6,25,0.055070459842681885,0.11014091968536377,no difference
bankchurners,0.02,rf,dirichlet@1.0,roc_auc,-0.006277310924369672,0.24,25,0.006129205226898193,0.03677523136138916,worse
bankchurners,0.02,rf,dirichlet@1.0,pr_auc,-0.07445451847704554,0.04,25,1.1920928955078125e-07,8.344650268554688e-07,worse
bankchurners,0.02,rf,dirichlet@1.0,f1,-0.15338345864661648,0.04,25,3.081875076786363e-05,0.0001240353267601515,worse
bankchurners,0.02,rf,dirichlet@1.0,mcc,-0.1535226995902797,0.04,25,3.081875076786363e-05,0.00021573125537504542,worse
bankchurners,0.02,rf,dirichlet@1.0,brier,-0.0012734199022119003,0.0,25,5.960464477539063e-08,5.960464477539062e-07,worse
bankchurners,0.02,rf,dirichlet@1.0,prec_at_top,-0.00578034682080919,0.08,25,0.001438860385005819,0.011510883080046552,worse
bankchurners,0.02,rf,dirichlet@1.0,empc,-0.0624841655325411,0.08,25,3.2782554626464844e-06,2.294778823852539e-05,worse
bankchurners,0.02,rf,easy_ensemble,roc_auc,-0.0202681660899654,0.12,25,3.2782554626464844e-06,2.950429916381836e-05,worse
bankchurners,0.02,rf,easy_ensemble,pr_auc,-0.1239892018123051,0.0,25,5.960464477539063e-08,5.960464477539062e-07,worse
bankchurners,0.02,rf,easy_ensemble,f1,-0.038668320926385474,0.36,25,0.10731470584869385,0.2146294116973877,no difference
bankchurners,0.02,rf,easy_ensemble,mcc,-0.08722357153924687,0.24,25,0.0012963414192199707,0.003889024257659912,worse
bankchurners,0.02,rf,easy_ensemble,brier,-0.0883811826510481,0.0,25,5.960464477539063e-08,5.960464477539062e-07,worse
bankchurners,0.02,rf,easy_ensemble,prec_at_top,-0.01734104046242771,0.04,25,2.3270991148419176e-05,0.0002094389203357726,worse
bankchurners,0.02,rf,easy_ensemble,empc,-0.1330349039050981,0.0,25,5.960464477539063e-08,5.960464477539062e-07,worse
bankchurners,0.02,rf,ros@1.0,roc_auc,0.006193771626297528,0.92,25,0.00012022256851196289,0.0009617805480957031,better
bankchurners,0.02,rf,ros@1.0,pr_auc,0.01217005988050146,0.64,25,0.0626264214515686,0.1878792643547058,no difference
bankchurners,0.02,rf,ros@1.0,f1,0.24210526315789482,0.96,25,1.8197386214786344e-05,0.0001240353267601515,better
bankchurners,0.02,rf,ros@1.0,mcc,0.17163100189878144,0.92,25,2.349544588168923e-05,0.00018796356705351385,better
bankchurners,0.02,rf,ros@1.0,brier,0.0012857958225292992,1.0,25,5.960464477539063e-08,5.960464477539062e-07,better
bankchurners,0.02,rf,ros@1.0,prec_at_top,0.005747126436781602,0.56,25,0.02516331489147464,0.15097988934884785,no difference
bankchurners,0.02,rf,ros@1.0,empc,0.03714750322259397,0.68,25,0.017312347888946533,0.0519370436668396,no difference
bankchurners,0.02,rf,rus@1.0,roc_auc,-0.024013840830449884,0.0,25,5.960464477539063e-08,5.960464477539062e-07,worse
bankchurners,0.02,rf,rus@1.0,pr_auc,-0.15667136433551615,0.0,25,5.960464477539063e-08,5.960464477539062e-07,worse
bankchurners,0.02,rf,rus@1.0,f1,-0.029840957534021884,0.4,25,0.10731470584869385,0.2146294116973877,no difference
bankchurners,0.02,rf,rus@1.0,mcc,-0.0784232714696394,0.24,25,0.0018156766891479492,0.003889024257659912,worse
bankchurners,0.02,rf,rus@1.0,brier,-0.08613670676467,0.0,25,5.960464477539063e-08,5.960464477539062e-07,worse
bankchurners,0.02,rf,rus@1.0,prec_at_top,-0.022988505747126492,0.04,25,1.4230832016650476e-05,0.00014230832016650475,worse
bankchurners,0.02,rf,rus@1.0,empc,-0.19383348774305598,0.04,25,1.1920928955078125e-07,1.0728836059570312e-06,worse
bankchurners,0.02,rf,smote@0.5,roc_auc,0.0016386554621847793,0.6,25,0.16449612379074097,0.6579844951629639,no difference
bankchurners,0.02,rf,smote@0.5,pr_auc,-0.04479102045103733,0.08,25,1.1324882507324219e-06,4.5299530029296875e-06,worse
bankchurners,0.02,rf,smote@0.5,f1,0.24035476718403548,0.96,25,1.1920928955078125e-07,1.0728836059570312e-06,better
bankchurners,0.02,rf,smote@0.5,mcc,0.14984255564720672,0.92,25,1.4901161193847656e-06,1.341104507446289e-05,better
bankchurners,0.02,rf,smote@0.5,brier,-0.00045191675239890025,0.2,25,0.00016230344772338867,0.00032460689544677734,worse
bankchurners,0.02,rf,smote@0.5,prec_at_top,0.0,0.28,25,0.8350205272483949,1.0,no difference
bankchurners,0.02,rf,smote@0.5,empc,-0.03374498725844299,0.28,25,0.011453330516815186,0.04581332206726074,worse
bankchurners,0.02,rf,smote@1.0,roc_auc,0.0018823529411764461,0.56,25,0.33878785371780396,1.0,no difference
bankchurners,0.02,rf,smote@1.0,pr_auc,-0.07479059667207422,0.04,25,1.1920928955078125e-07,8.344650268554688e-07,worse
bankchurners,0.02,rf,smote@1.0,f1,0.23415578132559262,0.96,25,1.7719332394307358e-05,0.0001240353267601515,better
bankchurners,0.02,rf,smote@1.0,mcc,0.12428294114241367,0.88,25,0.00014037856722794054,0.0007018928361397027,better
bankchurners,0.02,rf,smote@1.0,brier,-0.0013399472959054002,0.04,25,1.1920928955078125e-07,5.960464477539062e-07,worse
bankchurners,0.02,rf,smote@1.0,prec_at_top,0.0,0.32,25,0.17032853418637228,0.6813141367454891,no difference
bankchurners,0.02,rf,smote@1.0,empc,-0.05298016608583478,0.16,25,3.814697265625e-05,0.0002288818359375,worse
bankchurners,0.02,rf,smote_enn@1.0,roc_auc,-0.005553633217993181,0.28,25,0.008822321891784668,0.04411160945892334,worse
bankchurners,0.02,rf,smote_enn@1.0,pr_auc,-0.16457764853925405,0.0,25,5.960464477539063e-08,5.960464477539062e-07,worse
bankchurners,0.02,rf,smote_enn@1.0,f1,0.2358974358974359,0.92,25,5.960464477539062e-07,4.76837158203125e-06,better
bankchurners,0.02,rf,smote_enn@1.0,mcc,0.09976179954660314,0.68,25,0.007370948791503906,0.007370948791503906,better
bankchurners,0.02,rf,smote_enn@1.0,brier,-0.0051835358855578,0.0,25,5.960464477539063e-08,5.960464477539062e-07,worse
bankchurners,0.02,rf,smote_enn@1.0,prec_at_top,-0.00578034682080919,0.24,25,0.002383842260722511,0.016686895825057578,worse
bankchurners,0.02,rf,smote_enn@1.0,empc,-0.13584391899076154,0.08,25,4.172325134277344e-07,3.337860107421875e-06,worse
bankchurners,0.02,rf,threshold,roc_auc,1.7301038062189633e-05,0.52,25,0.9158032536506653,1.0,no difference
bankchurners,0.02,rf,threshold,pr_auc,0.005099325515674713,0.64,25,0.8948604464530945,0.8948604464530945,no difference
bankchurners,0.02,rf,threshold,f1,0.29389788293897884,1.0,25,5.960464477539063e-08,5.960464477539062e-07,better
bankchurners,0.02,rf,threshold,mcc,0.18739306950706924,0.96,25,2.980232238769531e-07,2.9802322387695312e-06,better
bankchurners,0.02,rf,threshold,brier,-1.77152058760989e-05,0.44,25,0.7914759516716003,0.7914759516716003,no difference
bankchurners,0.02,rf,threshold,prec_at_top,0.0,0.28,25,0.22794492734631167,0.683834782038935,no difference
bankchurners,0.02,rf,threshold,empc,-0.0015520620306395116,0.44,25,0.507703959941864,0.507703959941864,no difference
bankchurners,0.02,xgb,adasyn@1.0,roc_auc,-0.0036470588235294477,0.2,25,0.0008081197738647461,0.0048487186431884766,worse
bankchurners,0.02,xgb,adasyn@1.0,pr_auc,-0.02875488182560726,0.16,25,0.000102996826171875,0.000514984130859375,worse
bankchurners,0.02,xgb,adasyn@1.0,f1,0.030453492221118816,0.72,25,0.023649930953979492,0.11824965476989746,no difference
bankchurners,0.02,xgb,adasyn@1.0,mcc,0.01708738530951892,0.68,25,0.2002161741256714,0.8008646965026855,no difference
bankchurners,0.02,xgb,adasyn@1.0,brier,3.37434157303999e-05,0.52,25,0.4418373703956604,1.0,no difference
bankchurners,0.02,xgb,adasyn@1.0,prec_at_top,0.0,0.24,25,0.603456232686653,1.0,no difference
bankchurners,0.02,xgb,adasyn@1.0,empc,-0.03220226395945791,0.2,25,0.00018787384033203125,0.0013151168823242188,worse
bankchurners,0.02,xgb,class_weight,roc_auc,0.0005378151260503339,0.68,25,0.12664812803268433,0.5065925121307373,no difference
bankchurners,0.02,xgb,class_weight,pr_auc,0.008397806203138902,0.64,25,0.029578447341918945,0.08873534202575684,no difference
bankchurners,0.02,xgb,class_weight,f1,0.05820105820105825,0.92,25,1.1324882507324219e-06,7.927417755126953e-06,better
bankchurners,0.02,xgb,class_weight,mcc,0.03536159446134535,0.8,25,6.365776062011719e-05,0.0004456043243408203,better
bankchurners,0.02,xgb,class_weight,brier,0.0006167386155668001,0.72,25,0.0037809014320373535,0.02268540859222412,better
bankchurners,0.02,xgb,class_weight,prec_at_top,0.0,0.2,25,0.36571229628151325,1.0,no difference
bankchurners,0.02,xgb,class_weight,empc,-0.010373509437894834,0.44,25,0.5782062411308289,1.0,no difference
bankchurners,0.02,xgb,dirichlet@1.0,roc_auc,-0.00048442906574397426,0.48,25,0.4118183415394211,0.8635212190196615,no difference
bankchurners,0.02,xgb,dirichlet@1.0,pr_auc,-0.005991853637157485,0.32,25,0.12664812803268433,0.25329625606536865,no difference
bankchurners,0.02,xgb,dirichlet@1.0,f1,0.002797202797202747,0.52,25,0.4115302280988584,0.6021709702115632,no difference
bankchurners,0.02,xgb,dirichlet@1.0,mcc,0.004739917252358672,0.52,25,0.21239270063434001,0.8008646965026855,no difference
bankchurners,0.02,xgb,dirichlet@1.0,brier,7.384105022330018e-05,0.64,25,0.7111607789993286,1.0,no difference
bankchurners,0.02,xgb,dirichlet@1.0,prec_at_top,0.0,0.2,25,0.8917558535067943,1.0,no difference
bankchurners,0.02,xgb,dirichlet@1.0,empc,-0.015504971312314875,0.28,25,0.005578815937042236,0.022315263748168945,worse
bankchurners,0.02,xgb,easy_ensemble,roc_auc,-0.00929065743944646,0.08,25,2.980232238769531e-07,2.682209014892578e-06,worse
bankchurners,0.02,xgb,easy_ensemble,pr_auc,-0.10269729433815455,0.0,25,5.960464477539063e-08,5.960464477539062e-07,worse
bankchurners,0.02,xgb,easy_ensemble,f1,-0.3257918552036199,0.0,25,5.960464477539063e-08,5.960464477539062e-07,worse
bankchurners,0.02,xgb,easy_ensemble,mcc,-0.26125092006888145,0.0,25,5.960464477539063e-08,5.960464477539062e-07,worse
bankchurners,0.02,xgb,easy_ensemble,brier,-0.0509464350741141,0.0,25,5.960464477539063e-08,5.960464477539062e-07,worse
bankchurners,0.02,xgb,easy_ensemble,prec_at_top,-0.011494252873563204,0.08,25,0.00030193210755761877,0.002717388968018569,worse
bankchurners,0.02,xgb,easy_ensemble,empc,-0.13244902580021245,0.0,25,5.960464477539063e-08,5.960464477539062e-07,worse
bankchurners,0.02,xgb,ros@1.0,roc_auc,0.00048739495798322263,0.6,25,0.28784040633988717,0.8635212190196615,no difference
bankchurners,0.02,xgb,ros@1.0,pr_auc,0.011567054048274295,0.8,25,0.0027848482131958008,0.011139392852783203,better
bankchurners,0.02,xgb,ros@1.0,f1,0.07239819004524883,0.92,25,2.980232238769531e-07,2.384185791015625e-06,better
bankchurners,0.02,xgb,ros@1.0,mcc,0.05139182269290632,0.92,25,1.1324882507324219e-06,9.059906005859375e-06,better
bankchurners,0.02,xgb,ros@1.0,brier,0.0007198226533688002,0.8,25,0.0003764033317565918,0.0026348233222961426,better
bankchurners,0.02,xgb,ros@1.0,prec_at_top,0.0,0.32,25,0.1480711734748595,1.0,no difference
bankchurners,0.02,xgb,ros@1.0,empc,0.009220121090819822,0.6,25,0.7711594104766846,1.0,no difference
bankchurners,0.02,xgb,rus@1.0,roc_auc,-0.016384083044982622,0.04,25,1.1920928955078125e-07,1.1920928955078125e-06,worse
bankchurners,0.02,xgb,rus@1.0,pr_auc,-0.19025231981115065,0.0,25,5.960464477539063e-08,5.960464477539062e-07,worse
bankchurners,0.02,xgb,rus@1.0,f1,-0.34912673533363187,0.0,25,5.960464477539063e-08,5.960464477539062e-07,worse
bankchurners,0.02,xgb,rus@1.0,mcc,-0.2917105269036741,0.0,25,5.960464477539063e-08,5.960464477539062e-07,worse
bankchurners,0.02,xgb,rus@1.0,brier,-0.0580468363830521,0.0,25,5.960464477539063e-08,5.960464477539062e-07,worse
bankchurners,0.02,xgb,rus@1.0,prec_at_top,-0.011494252873563288,0.04,25,4.7885929213004284e-05,0.00047885929213004286,worse
bankchurners,0.02,xgb,rus@1.0,empc,-0.19208770964246613,0.0,25,5.960464477539063e-08,5.960464477539062e-07,worse
bankchurners,0.02,xgb,smote@0.5,roc_auc,-0.0026989619377164598,0.24,25,0.002025127410888672,0.01012563705444336,worse
bankchurners,0.02,xgb,smote@0.5,pr_auc,-0.025914936181273385,0.12,25,2.664327621459961e-05,0.00015985965728759766,worse
bankchurners,0.02,xgb,smote@0.5,f1,0.003284072249589487,0.6,25,0.3010854851057816,0.6021709702115632,no difference
bankchurners,0.02,xgb,smote@0.5,mcc,-0.0038445820030852396,0.36,25,0.9031684413796277,0.9031684413796277,no difference
bankchurners,0.02,xgb,smote@0.5,brier,-0.00019271720330590013,0.36,25,1.0,1.0,no difference
bankchurners,0.02,xgb,smote@0.5,prec_at_top,0.0,0.24,25,0.8148134324613757,1.0,no difference
bankchurners,0.02,xgb,smote@0.5,empc,-0.04324563330405384,0.16,25,0.0010271072387695312,0.005135536193847656,worse
bankchurners,0.02,xgb,smote@1.0,roc_auc,-0.003529411764706003,0.16,25,0.0004894733428955078,0.0034263134002685547,worse
bankchurners,0.02,xgb,smote@1.0,pr_auc,-0.02748438911192652,0.12,25,8.165836334228516e-06,5.716085433959961e-05,worse
bankchurners,0.02,xgb,smote@1.0,f1,0.02515723270440251,0.68,25,0.030814367185105027,0.12325746874042011,no difference
bankchurners,0.02,xgb,smote@1.0,mcc,0.007911509882710721,0.6,25,0.2014511720662171,0.8008646965026855,no difference
bankchurners,0.02,xgb,smote@1.0,brier,-5.914105152240133e-05,0.48,25,0.9158032536506653,1.0,no difference
bankchurners,0.02,xgb,smote@1.0,prec_at_top,0.0,0.2,25,0.49848994784239475,1.0,no difference
bankchurners,0.02,xgb,smote@1.0,empc,-0.03528251606389954,0.28,25,0.0005564093589782715,0.003338456153869629,worse
bankchurners,0.02,xgb,smote_enn@1.0,roc_auc,-0.008512110726643596,0.12,25,5.245208740234375e-06,4.1961669921875e-05,worse
bankchurners,0.02,xgb,smote_enn@1.0,pr_auc,-0.102649347234964,0.0,25,5.960464477539063e-08,5.960464477539062e-07,worse
bankchurners,0.02,xgb,smote_enn@1.0,f1,-0.031746031746031744,0.28,25,0.01597297191619873,0.09583783149719238,no difference
bankchurners,0.02,xgb,smote_enn@1.0,mcc,-0.0649687101095836,0.08,25,0.00012022256851196289,0.0007213354110717773,worse
bankchurners,0.02,xgb,smote_enn@1.0,brier,-0.0036343810219942995,0.0,25,5.960464477539063e-08,5.960464477539062e-07,worse
bankchurners,0.02,xgb,smote_enn@1.0,prec_at_top,-0.005747126436781602,0.2,25,0.0293742047485473,0.2349936379883784,no difference
bankchurners,0.02,xgb,smote_enn@1.0,empc,-0.1175138891698343,0.0,25,5.960464477539063e-08,5.960464477539062e-07,worse
bankchurners,0.02,xgb,threshold,roc_auc,0.0001176470588233336,0.52,25,0.7111607789993286,0.8635212190196615,no difference
bankchurners,0.02,xgb,threshold,pr_auc,0.0022330594385011615,0.52,25,0.7711594104766846,0.7711594104766846,no difference
bankchurners,0.02,xgb,threshold,f1,0.03269230769230769,0.72,25,0.03933870792388916,0.12325746874042011,no difference
bankchurners,0.02,xgb,threshold,mcc,0.01179009238173534,0.64,25,0.13364005088806152,0.6682002544403076,no difference
bankchurners,0.02,xgb,threshold,brier,-3.425473563909917e-05,0.48,25,0.978915274143219,1.0,no difference
bankchurners,0.02,xgb,threshold,prec_at_top,0.0,0.16,25,0.38893531091236555,1.0,no difference
bankchurners,0.02,xgb,threshold,empc,-0.0016963730054594395,0.48,25,0.8325093984603882,1.0,no difference
bankchurners,0.05,hgb,adasyn@1.0,roc_auc,-0.0012161269001980113,0.2,25,0.0012963414192199707,0.007778048515319824,worse
bankchurners,0.05,hgb,adasyn@1.0,pr_auc,-0.016193240469758896,0.12,25,1.9669532775878906e-06,1.1801719665527344e-05,worse
bankchurners,0.05,hgb,adasyn@1.0,f1,0.0019047619047618536,0.52,25,0.5782062411308289,1.0,no difference
bankchurners,0.05,hgb,adasyn@1.0,mcc,-0.0006591176994378278,0.48,25,0.8948604464530945,1.0,no difference
bankchurners,0.05,hgb,adasyn@1.0,brier,0.00012548399538799687,0.52,25,0.8119303584098816,1.0,no difference
bankchurners,0.05,hgb,adasyn@1.0,prec_at_top,-0.005586592178770888,0.24,25,0.041157860911512155,0.20578930455756078,no difference
bankchurners,0.05,hgb,adasyn@1.0,empc,-0.0482692042599866,0.12,25,1.233816146850586e-05,8.636713027954102e-05,worse
bankchurners,0.05,hgb,class_weight,roc_auc,-0.0007843137254900379,0.28,25,0.008822321891784668,0.03528928756713867,worse
bankchurners,0.05,hgb,class_weight,pr_auc,-0.0016003934886030802,0.44,25,0.2634761333465576,0.7904284000396729,no difference
bankchurners,0.05,hgb,class_weight,f1,0.025038436195914726,0.76,25,0.0014527440071105957,0.01016920804977417,better
bankchurners,0.05,hgb,class_weight,mcc,0.016168657681978393,0.72,25,0.01597297191619873,0.11181080341339111,no difference
bankchurners,0.05,hgb,class_weight,brier,0.0009261843162767999,0.64,25,0.04826241731643677,0.24131208658218384,no difference
bankchurners,0.05,hgb,class_weight,prec_at_top,0.0,0.2,25,0.18479665152969427,0.5543899545890828,no difference
bankchurners,0.05,hgb,class_weight,empc,-0.016318817834159116,0.28,25,0.00963503122329712,0.028905093669891357,worse
bankchurners,0.05,hgb,dirichlet@1.0,roc_auc,-0.0007600793126240069,0.36,25,0.13364005088806152,0.26728010177612305,no difference
bankchurners,0.05,hgb,dirichlet@1.0,pr_auc,0.0002497699029013756,0.52,25,0.978915274143219,0.978915274143219,no difference
bankchurners,0.05,hgb,dirichlet@1.0,f1,0.007032348804500654,0.56,25,0.5782062411308289,1.0,no difference
bankchurners,0.05,hgb,dirichlet@1.0,mcc,0.006990892734112686,0.56,25,0.507703959941864,1.0,no difference
bankchurners,0.05,hgb,dirichlet@1.0,brier,0.0003272197103778001,0.56,25,0.2872292995452881,0.8616878986358643,no difference
bankchurners,0.05,hgb,dirichlet@1.0,prec_at_top,0.0,0.16,25,0.21027707895091097,0.5543899545890828,no difference
bankchurners,0.05,hgb,dirichlet@1.0,empc,-0.004082768893888478,0.48,25,0.312333345413208,0.624666690826416,no difference
bankchurners,0.05,hgb,easy_ensemble,roc_auc,-0.0028496732026144223,0.08,25,3.883801501287102e-05,0.00027186610509009716,worse
bankchurners,0.05,hgb,easy_ensemble,pr_auc,-0.027609769118710936,0.04,25,4.172325134277344e-07,2.9206275939941406e-06,worse
bankchurners,0.05,hgb,easy_ensemble,f1,-0.2089347079037801,0.0,25,5.960464477539063e-08,5.960464477539062e-07,worse
bankchurners,0.05,hgb,easy_ensemble,mcc,-0.1766870080011248,0.0,25,5.960464477539063e-08,5.960464477539062e-07,worse
bankchurners,0.05,hgb,easy_ensemble,brier,-0.0312670881382719,0.0,25,5.960464477539063e-08,5.364418029785156e-07,worse
bankchurners,0.05,hgb,easy_ensemble,prec_at_top,-0.005586592178770999,0.12,25,0.0004057148616167276,0.002840004031317093,worse
bankchurners,0.05,hgb,easy_ensemble,empc,-0.0929879083593006,0.2,25,3.1948089599609375e-05,0.00019168853759765625,worse
bankchurners,0.05,hgb,ros@1.0,roc_auc,0.00018954248366020998,0.52,25,0.2002161741256714,0.26728010177612305,no difference
bankchurners,0.05,hgb,ros@1.0,pr_auc,0.0009105143016557848,0.64,25,0.2751842737197876,0.7904284000396729,no difference
bankchurners,0.05,hgb,ros@1.0,f1,0.02193686463349387,0.76,25,0.0050716400146484375,0.030429840087890625,better
bankchurners,0.05,hgb,ros@1.0,mcc,0.018753872974211383,0.76,25,0.02747941017150879,0.16487646102905273,no difference
bankchurners,0.05,hgb,ros@1.0,brier,0.0006049168070157013,0.76,25,0.012466490268707275,0.07479894161224365,no difference
bankchurners,0.05,hgb,ros@1.0,prec_at_top,0.0,0.36,25,0.4368918047099327,0.5543899545890828,no difference
bankchurners,0.05,hgb,ros@1.0,empc,-0.019699114201018997,0.36,25,0.312333345413208,0.624666690826416,no difference
bankchurners,0.05,hgb,rus@1.0,roc_auc,-0.006629213483146157,0.0,25,5.960464477539063e-08,5.364418029785156e-07,worse
bankchurners,0.05,hgb,rus@1.0,pr_auc,-0.08175927813341555,0.0,25,5.960464477539063e-08,5.364418029785156e-07,worse
bankchurners,0.05,hgb,rus@1.0,f1,-0.24642857142857133,0.0,25,5.960464477539063e-08,5.960464477539062e-07,worse
bankchurners,0.05,hgb,rus@1.0,mcc,-0.22165107045945465,0.0,25,5.960464477539063e-08,5.960464477539062e-07,worse
bankchurners,0.05,hgb,rus@1.0,brier,-0.0437286925300926,0.0,25,5.960464477539063e-08,5.364418029785156e-07,worse
bankchurners,0.05,hgb,rus@1.0,prec_at_top,-0.01675977653631283,0.04,25,2.1920504286482083e-05,0.00019728453857833874,worse
bankchurners,0.05,hgb,rus@1.0,empc,-0.2085545326453322,0.0,25,5.960464477539063e-08,5.364418029785156e-07,worse
bankchurners,0.05,hgb,smote@0.5,roc_auc,-0.000713813615333736,0.36,25,0.05269826058098816,0.15809478174296449,no difference
bankchurners,0.05,hgb,smote@0.5,pr_auc,-0.007193620199401507,0.2,25,0.0030878782272338867,0.012351512908935547,worse
bankchurners,0.05,hgb,smote@0.5,f1,0.015810276679841806,0.72,25,0.01597297191619873,0.06389188766479492,no difference
bankchurners,0.05,hgb,smote@0.5,mcc,0.011815151406424751,0.64,25,0.0801958441734314,0.400979220867157,no difference
bankchurners,0.05,hgb,smote@0.5,brier,0.0001947867340795998,0.52,25,0.14847958087921143,0.5939183235168457,no difference
bankchurners,0.05,hgb,smote@0.5,prec_at_top,-0.005586592178770888,0.16,25,0.1051500320944206,0.4206001283776824,no difference
bankchurners,0.05,hgb,smote@0.5,empc,-0.03581040924913692,0.24,25,0.0014527440071105957,0.005810976028442383,worse
bankchurners,0.05,hgb,smote@1.0,roc_auc,-0.0009215686274509638,0.24,25,0.004604637622833252,0.02302318811416626,worse
bankchurners,0.05,hgb,smote@1.0,pr_auc,-0.016679613683385996,0.12,25,4.172325134277344e-06,2.086162567138672e-05,worse
bankchurners,0.05,hgb,smote@1.0,f1,-0.0011828195460930058,0.4,25,0.5964998602867126,1.0,no difference
bankchurners,0.05,hgb,smote@1.0,mcc,-0.0046422614371290916,0.36,25,0.19081425666809082,0.5724427700042725,no difference
bankchurners,0.05,hgb,smote@1.0,brier,-0.00018077601747219958,0.44,25,0.5424043536186218,1.0,no difference
bankchurners,0.05,hgb,smote@1.0,prec_at_top,-0.005586592178770888,0.24,25,0.032650663901435714,0.19590398340861429,no difference
bankchurners,0.05,hgb,smote@1.0,empc,-0.05433639269716917,0.2,25,0.00018787384033203125,0.0009393692016601562,worse
bankchurners,0.05,hgb,smote_enn@1.0,roc_auc,-0.007307189542483661,0.0,25,5.960464477539063e-08,5.364418029785156e-07,worse
bankchurners,0.05,hgb,smote_enn@1.0,pr_auc,-0.08953159291677704,0.0,25,5.960464477539063e-08,5.364418029785156e-07,worse
bankchurners,0.05,hgb,smote_enn@1.0,f1,-0.073730964467005,0.0,25,5.960464477539063e-08,5.960464477539062e-07,worse
bankchurners,0.05,hgb,smote_enn@1.0,mcc,-0.08403265604484456,0.0,25,5.960464477539063e-08,5.960464477539062e-07,worse
bankchurners,0.05,hgb,smote_enn@1.0,brier,-0.011012522002266099,0.0,25,5.960464477539063e-08,5.364418029785156e-07,worse
bankchurners,0.05,hgb,smote_enn@1.0,prec_at_top,-0.01675977653631283,0.08,25,7.02953099093196e-05,0.0005623624792745568,worse
bankchurners,0.05,hgb,smote_enn@1.0,empc,-0.18881099079273156,0.0,25,5.960464477539063e-08,5.364418029785156e-07,worse
bankchurners,0.05,hgb,threshold,roc_auc,0.0,0.0,25,,,no difference
bankchurners,0.05,hgb,threshold,pr_auc,0.0,0.0,25,,,no difference
bankchurners,0.05,hgb,threshold,f1,0.013470258735662877,0.72,25,0.0067255496978759766,0.03362774848937988,better
bankchurners,0.05,hgb,threshold,mcc,0.008358187919219828,0.64,25,0.0801958441734314,0.400979220867157,no difference
bankchurners,0.05,hgb,threshold,brier,0.0,0.0,25,,,no difference
bankchurners,0.05,hgb,threshold,prec_at_top,0.0,0.0,25,,,no difference
bankchurners,0.05,hgb,threshold,empc,0.0,0.0,25,,,no difference
bankchurners,0.05,lgbm,adasyn@1.0,roc_auc,-0.000862745098039408,0.28,25,0.0037809014320373535,0.026466310024261475,worse
bankchurners,0.05,lgbm,adasyn@1.0,pr_auc,-0.01594684691043391,0.2,25,7.49826431274414e-05,0.0005248785018920898,worse
bankchurners,0.05,lgbm,adasyn@1.0,f1,0.005237168936106595,0.56,25,0.44045294529422474,0.8809058905884495,no difference
bankchurners,0.05,lgbm,adasyn@1.0,mcc,0.004341526187480738,0.56,25,0.7103183482536846,1.0,no difference
bankchurners,0.05,lgbm,adasyn@1.0,brier,0.0004148060388913001,0.64,25,0.17295855283737183,0.8647927641868591,no difference
bankchurners,0.05,lgbm,adasyn@1.0,prec_at_top,-0.005586592178770888,0.24,25,0.0953155538870754,0.476577769435377,no difference
bankchurners,0.05,lgbm,adasyn@1.0,empc,-0.040673909938794495,0.2,25,0.000429689884185791,0.003007829189300537,worse
bankchurners,0.05,lgbm,class_weight,roc_auc,-0.0005221414408460578,0.32,25,0.02550506591796875,0.102020263671875,no difference
bankchurners,0.05,lgbm,class_weight,pr_auc,-0.00154156246401993,0.44,25,0.325391948223114,0.650783896446228,no difference
bankchurners,0.05,lgbm,class_weight,f1,0.0275145910710225,0.88,25,6.556510925292969e-06,4.589557647705078e-05,better
bankchurners,0.05,lgbm,class_weight,mcc,0.024398593245313016,0.84,25,5.3882598876953125e-05,0.0003771781921386719,better
bankchurners,0.05,lgbm,class_weight,brier,0.0014416819758758994,0.76,25,0.0009118914604187012,0.005471348762512207,better
bankchurners,0.05,lgbm,class_weight,prec_at_top,0.0,0.24,25,0.7826720024770065,1.0,no difference
bankchurners,0.05,lgbm,class_weight,empc,-0.013636338276616033,0.4,25,0.21998637914657593,0.8799455165863037,no difference
bankchurners,0.05,lgbm,dirichlet@1.0,roc_auc,3.9215686274407524e-05,0.52,25,0.607015558229527,0.607015558229527,no difference
bankchurners,0.05,lgbm,dirichlet@1.0,pr_auc,-0.002790543923000488,0.28,25,0.05157625675201416,0.20630502700805664,no difference
bankchurners,0.05,lgbm,dirichlet@1.0,f1,0.0021077988557662852,0.56,25,0.8751259430093796,0.8809058905884495,no difference
bankchurners,0.05,lgbm,dirichlet@1.0,mcc,0.000971713861023793,0.56,25,0.863879913234324,1.0,no difference
bankchurners,0.05,lgbm,dirichlet@1.0,brier,-9.302548641980032e-05,0.48,25,0.8325093984603882,0.9642658233642578,no difference
bankchurners,0.05,lgbm,dirichlet@1.0,prec_at_top,0.0,0.24,25,0.5833054946274572,1.0,no difference
bankchurners,0.05,lgbm,dirichlet@1.0,empc,-0.006864523684051882,0.4,25,0.4418373703956604,0.937000036239624,no difference
bankchurners,0.05,lgbm,easy_ensemble,roc_auc,-0.002967320261437978,0.04,25,1.569120219955584e-05,0.00012552961759644673,worse
bankchurners,0.05,lgbm,easy_ensemble,pr_auc,-0.028829048100161958,0.04,25,1.1920928955078125e-07,9.5367431640625e-07,worse
bankchurners,0.05,lgbm,easy_ensemble,f1,-0.19942326754978823,0.0,25,5.960464477539063e-08,5.960464477539062e-07,worse
bankchurners,0.05,lgbm,easy_ensemble,mcc,-0.1750593189761951,0.0,25,5.960464477539063e-08,5.960464477539062e-07,worse
bankchurners,0.05,lgbm,easy_ensemble,brier,-0.0307189128489557,0.0,25,5.960464477539063e-08,5.960464477539062e-07,worse
bankchurners,0.05,lgbm,easy_ensemble,prec_at_top,-0.005586592178770944,0.2,25,0.0030673146366065216,0.024538517092852173,worse
bankchurners,0.05,lgbm,easy_ensemble,empc,-0.08179238364973918,0.04,25,1.7881393432617188e-07,1.430511474609375e-06,worse
bankchurners,0.05,lgbm,ros@1.0,roc_auc,-0.0006609385327164263,0.36,25,0.01597297191619873,0.07986485958099365,no difference
bankchurners,0.05,lgbm,ros@1.0,pr_auc,-0.0010089715892394047,0.44,25,0.936802864074707,0.936802864074707,no difference
bankchurners,0.05,lgbm,ros@1.0,f1,0.021315858848340974,0.8,25,7.49826431274414e-05,0.00044989585876464844,better
bankchurners,0.05,lgbm,ros@1.0,mcc,0.016805621397225967,0.8,25,0.0009118914604187012,0.005471348762512207,better
bankchurners,0.05,lgbm,ros@1.0,brier,0.0012372349561887014,0.76,25,0.0002498030662536621,0.0017486214637756348,better
bankchurners,0.05,lgbm,ros@1.0,prec_at_top,0.0,0.32,25,0.32267062005500047,1.0,no difference
bankchurners,0.05,lgbm,ros@1.0,empc,0.0028776695885208703,0.56,25,0.312333345413208,0.937000036239624,no difference
bankchurners,0.05,lgbm,rus@1.0,roc_auc,-0.006873760740251034,0.0,25,5.960464477539063e-08,5.960464477539062e-07,worse
bankchurners,0.05,lgbm,rus@1.0,pr_auc,-0.07238993518353498,0.0,25,5.960464477539063e-08,5.960464477539062e-07,worse
bankchurners,0.05,lgbm,rus@1.0,f1,-0.23384615384615381,0.0,25,5.960464477539063e-08,5.960464477539062e-07,worse
bankchurners,0.05,lgbm,rus@1.0,mcc,-0.20615345693405585,0.0,25,5.960464477539063e-08,5.960464477539062e-07,worse
bankchurners,0.05,lgbm,rus@1.0,brier,-0.0434406730953507,0.0,25,5.960464477539063e-08,5.960464477539062e-07,worse
bankchurners,0.05,lgbm,rus@1.0,prec_at_top,-0.01675977653631283,0.08,25,4.01761908320714e-05,0.0003615857174886426,worse
bankchurners,0.05,lgbm,rus@1.0,empc,-0.21320386185372842,0.0,25,5.960464477539063e-08,5.960464477539062e-07,worse
bankchurners,0.05,lgbm,smote@0.5,roc_auc,-0.000912095175148564,0.32,25,0.004604637622833252,0.02762782573699951,worse
bankchurners,0.05,lgbm,smote@0.5,pr_auc,-0.0109787547775555,0.2,25,0.000102996826171875,0.00061798095703125,worse
bankchurners,0.05,lgbm,smote@0.5,f1,0.015389082462253234,0.68,25,0.08513903617858887,0.2554171085357666,no difference
bankchurners,0.05,lgbm,smote@0.5,mcc,0.01421783824583589,0.68,25,0.17295855283737183,0.5939183235168457,no difference
bankchurners,0.05,lgbm,smote@0.5,brier,0.0002777024222707005,0.64,25,0.325391948223114,0.9642658233642578,no difference
bankchurners,0.05,lgbm,smote@0.5,prec_at_top,0.0,0.2,25,0.06671440019126396,0.4670008013388477,no difference
bankchurners,0.05,lgbm,smote@0.5,empc,-0.03569663367070053,0.12,25,0.0009118914604187012,0.005471348762512207,worse
bankchurners,0.05,lgbm,smote@1.0,roc_auc,-0.0007336417713154075,0.36,25,0.04215019941329956,0.12645059823989868,no difference
bankchurners,0.05,lgbm,smote@1.0,pr_auc,-0.01196308477277308,0.12,25,0.0001398921012878418,0.000699460506439209,worse
bankchurners,0.05,lgbm,smote@1.0,f1,0.007857733664185296,0.72,25,0.055070459842681885,0.22028183937072754,no difference
bankchurners,0.05,lgbm,smote@1.0,mcc,0.006748029608457218,0.68,25,0.14847958087921143,0.5939183235168457,no difference
bankchurners,0.05,lgbm,smote@1.0,brier,0.00033786090640420055,0.6,25,0.24106645584106445,0.9642658233642578,no difference
bankchurners,0.05,lgbm,smote@1.0,prec_at_top,0.0,0.2,25,0.07409228925839975,0.4670008013388477,no difference
bankchurners,0.05,lgbm,smote@1.0,empc,-0.041060331059603605,0.32,25,0.0030878782272338867,0.015439391136169434,worse
bankchurners,0.05,lgbm,smote_enn@1.0,roc_auc,-0.006100462656972727,0.0,25,5.960464477539063e-08,5.960464477539062e-07,worse
bankchurners,0.05,lgbm,smote_enn@1.0,pr_auc,-0.07992940968511686,0.0,25,5.960464477539063e-08,5.960464477539062e-07,worse
bankchurners,0.05,lgbm,smote_enn@1.0,f1,-0.06793550092519163,0.0,25,5.960464477539063e-08,5.960464477539062e-07,worse
bankchurners,0.05,lgbm,smote_enn@1.0,mcc,-0.07478891366706097,0.0,25,5.960464477539063e-08,5.960464477539062e-07,worse
bankchurners,0.05,lgbm,smote_enn@1.0,brier,-0.0087088075831251,0.0,25,5.960464477539063e-08,5.960464477539062e-07,worse
bankchurners,0.05,lgbm,smote_enn@1.0,prec_at_top,-0.011173184357541943,0.04,25,3.2254997635917724e-05,0.00032254997635917725,worse
bankchurners,0.05,lgbm,smote_enn@1.0,empc,-0.18734516069122353,0.0,25,5.960464477539063e-08,5.960464477539062e-07,worse
bankchurners,0.05,lgbm,threshold,roc_auc,-0.0002511566424324707,0.4,25,0.28784040633988717,0.5756808126797743,no difference
bankchurners,0.05,lgbm,threshold,pr_auc,-0.002948777974288719,0.32,25,0.09573346376419067,0.287200391292572,no difference
bankchurners,0.05,lgbm,threshold,f1,0.027376476020845697,0.8,25,0.0018156766891479492,0.009078383445739746,better
bankchurners,0.05,lgbm,threshold,mcc,0.022914212098237074,0.76,25,0.0067255496978759766,0.03362774848937988,better
bankchurners,0.05,lgbm,threshold,brier,0.000150854608029799,0.56,25,0.2751842737197876,0.9642658233642578,no difference
bankchurners,0.05,lgbm,threshold,prec_at_top,0.0,0.28,25,0.7933705391975193,1.0,no difference
bankchurners,0.05,lgbm,threshold,empc,0.0059333401611056935,0.6,25,0.7509929537773132,0.937000036239624,no difference
bankchurners,0.05,lr,adasyn@1.0,roc_auc,0.0013398692810457913,0.56,25,0.2872292995452881,0.8616878986358643,no difference
bankchurners,0.05,lr,adasyn@1.0,pr_auc,-0.044398925593724825,0.0,25,5.960464477539063e-08,5.364418029785156e-07,worse
bankchurners,0.05,lr,adasyn@1.0,f1,-0.10731460389774744,0.0,25,5.960464477539063e-08,5.960464477539062e-07,worse
bankchurners,0.05,lr,adasyn@1.0,mcc,-0.09705286257974671,0.08,25,1.1324882507324219e-06,9.059906005859375e-06,worse
bankchurners,0.05,lr,adasyn@1.0,brier,-0.0858123300897799,0.0,25,5.960464477539063e-08,5.364418029785156e-07,worse
bankchurners,0.05,lr,adasyn@1.0,prec_at_top,-0.011173184357541832,0.24,25,0.009266671125628161,0.07413336900502529,no difference
bankchurners,0.05,lr,adasyn@1.0,empc,-0.0644549631996496,0.08,25,5.245208740234375e-06,4.7206878662109375e-05,worse
bankchurners,0.05,lr,class_weight,roc_auc,0.0023594771241828294,0.72,25,0.007370948791503906,0.05896759033203125,no difference
bankchurners,0.05,lr,class_weight,pr_auc,-0.0414266828288572,0.0,25,5.960464477539063e-08,5.364418029785156e-07,worse
bankchurners,0.05,lr,class_weight,f1,-0.095861229458308,0.0,25,5.960464477539063e-08,5.960464477539062e-07,worse
bankchurners,0.05,lr,class_weight,mcc,-0.08651973199092022,0.16,25,6.556510925292969e-06,3.933906555175781e-05,worse
bankchurners,0.05,lr,class_weight,brier,-0.07930747684980749,0.0,25,5.960464477539063e-08,5.364418029785156e-07,worse
bankchurners,0.05,lr,class_weight,prec_at_top,-0.005586592178770999,0.24,25,0.02268593309236892,0.1134296654618446,no difference
bankchurners,0.05,lr,class_weight,empc,-0.052730850887588554,0.16,25,3.1948089599609375e-05,0.00015974044799804688,worse
bankchurners,0.05,lr,dirichlet@1.0,roc_auc,-0.0014805023132847817,0.4,25,0.3809836506843567,0.8616878986358643,no difference
bankchurners,0.05,lr,dirichlet@1.0,pr_auc,-0.023000258375158456,0.04,25,1.7881393432617188e-07,5.364418029785156e-07,worse
bankchurners,0.05,lr,dirichlet@1.0,f1,-0.07619781348594912,0.24,25,8.803606033325195e-05,0.0001760721206665039,worse
bankchurners,0.05,lr,dirichlet@1.0,mcc,-0.06348936510212272,0.2,25,8.803606033325195e-05,0.00026410818099975586,worse
bankchurners,0.05,lr,dirichlet@1.0,brier,-0.06491572245534499,0.0,25,5.960464477539063e-08,5.364418029785156e-07,worse
bankchurners,0.05,lr,dirichlet@1.0,prec_at_top,-0.011173184357541888,0.16,25,0.01843890499621353,0.11063342997728118,no difference
bankchurners,0.05,lr,dirichlet@1.0,empc,-0.03567422795438158,0.2,25,0.0009118914604187012,0.0009789466857910156,worse
bankchurners,0.05,lr,easy_ensemble,roc_auc,0.002253800396562977,0.72,25,0.0041751861572265625,0.03757667541503906,better
bankchurners,0.05,lr,easy_ensemble,pr_auc,-0.03455553145546009,0.0,25,5.960464477539063e-08,5.364418029785156e-07,worse
bankchurners,0.05,lr,easy_ensemble,f1,-0.11709018435475832,0.0,25,5.960464477539063e-08,5.960464477539062e-07,worse
bankchurners,0.05,lr,easy_ensemble,mcc,-0.09560978499527689,0.12,25,4.172325134277344e-06,2.9206275939941406e-05,worse
bankchurners,0.05,lr,easy_ensemble,brier,-0.0831481779421828,0.0,25,5.960464477539063e-08,5.364418029785156e-07,worse
bankchurners,0.05,lr,easy_ensemble,prec_at_top,-0.005586592178770888,0.28,25,0.06435097511563588,0.18015446042880812,no difference
bankchurners,0.05,lr,easy_ensemble,empc,-0.028056890771002374,0.12,25,0.00016230344772338867,0.0006492137908935547,worse
bankchurners,0.05,lr,ros@1.0,roc_auc,0.0012222222222222356,0.68,25,0.017312347888946533,0.12118643522262573,no difference
bankchurners,0.05,lr,ros@1.0,pr_auc,-0.04399561200603297,0.0,25,5.960464477539063e-08,5.364418029785156e-07,worse
bankchurners,0.05,lr,ros@1.0,f1,-0.09505833905284827,0.04,25,1.7881393432617188e-07,8.940696716308594e-07,worse
bankchurners,0.05,lr,ros@1.0,mcc,-0.08617500074777062,0.16,25,1.0073184967041016e-05,5.036592483520508e-05,worse
bankchurners,0.05,lr,ros@1.0,brier,-0.0795231673667541,0.0,25,5.960464477539063e-08,5.364418029785156e-07,worse
bankchurners,0.05,lr,ros@1.0,prec_at_top,-0.005586592178770888,0.36,25,0.04730678837496272,0.18015446042880812,no difference
bankchurners,0.05,lr,ros@1.0,empc,-0.05469467667314731,0.16,25,2.2113323211669922e-05,0.00015479326248168945,worse
bankchurners,0.05,lr,rus@1.0,roc_auc,0.001070720423000604,0.56,25,0.978915274143219,0.978915274143219,no difference
bankchurners,0.05,lr,rus@1.0,pr_auc,-0.0489923346634088,0.04,25,1.1920928955078125e-07,5.364418029785156e-07,worse
bankchurners,0.05,lr,rus@1.0,f1,-0.10294230327177989,0.0,25,5.960464477539063e-08,5.960464477539062e-07,worse
bankchurners,0.05,lr,rus@1.0,mcc,-0.092265922044939,0.04,25,2.980232238769531e-07,2.9802322387695312e-06,worse
bankchurners,0.05,lr,rus@1.0,brier,-0.0846225392222182,0.0,25,5.960464477539063e-08,5.364418029785156e-07,worse
bankchurners,0.05,lr,rus@1.0,prec_at_top,-0.011173184357541999,0.16,25,0.005481641852604985,0.04933477667344486,worse
bankchurners,0.05,lr,rus@1.0,empc,-0.07692405094519894,0.12,25,1.0073184967041016e-05,8.058547973632812e-05,worse
bankchurners,0.05,lr,smote@0.5,roc_auc,0.00027759418374107003,0.56,25,0.05875152349472046,0.2937576174736023,no difference
bankchurners,0.05,lr,smote@0.5,pr_auc,-0.021501854744499116,0.0,25,5.960464477539063e-08,5.364418029785156e-07,worse
bankchurners,0.05,lr,smote@0.5,f1,-0.007187780772686392,0.44,25,0.936802864074707,0.936802864074707,no difference
bankchurners,0.05,lr,smote@0.5,mcc,-0.023712174118043383,0.36,25,0.1134914755821228,0.17027807235717773,no difference
bankchurners,0.05,lr,smote@0.5,brier,-0.039252319231896704,0.0,25,5.960464477539063e-08,5.364418029785156e-07,worse
bankchurners,0.05,lr,smote@0.5,prec_at_top,0.0,0.32,25,0.20387453574691805,0.20387453574691805,no difference
bankchurners,0.05,lr,smote@0.5,empc,-0.024378267796115072,0.16,25,0.0004894733428955078,0.0009789466857910156,worse
bankchurners,0.05,lr,smote@1.0,roc_auc,0.0008393919365495828,0.6,25,0.036682069301605225,0.22009241580963135,no difference
bankchurners,0.05,lr,smote@1.0,pr_auc,-0.03338031686852505,0.0,25,5.960464477539063e-08,5.364418029785156e-07,worse
bankchurners,0.05,lr,smote@1.0,f1,-0.08894921750239537,0.2,25,2.2113323211669922e-05,6.633996963500977e-05,worse
bankchurners,0.05,lr,smote@1.0,mcc,-0.0788547659906747,0.24,25,2.664327621459961e-05,0.00010657310485839844,worse
bankchurners,0.05,lr,smote@1.0,brier,-0.073471620725087,0.0,25,5.960464477539063e-08,5.364418029785156e-07,worse
bankchurners,0.05,lr,smote@1.0,prec_at_top,-0.005586592178770999,0.24,25,0.014337078896027082,0.10035955227218957,no difference
bankchurners,0.05,lr,smote@1.0,empc,-0.0366838521519981,0.2,25,0.00021690130233764648,0.0006507039070129395,worse
bankchurners,0.05,lr,smote_enn@1.0,roc_auc,-0.00013071895424843216,0.48,25,0.14847958087921143,0.5939183235168457,no difference
bankchurners,0.05,lr,smote_enn@1.0,pr_auc,-0.038649304661629524,0.0,25,5.960464477539063e-08,5.364418029785156e-07,worse
bankchurners,0.05,lr,smote_enn@1.0,f1,-0.12513904338153498,0.0,25,5.960464477539063e-08,5.960464477539062e-07,worse
bankchurners,0.05,lr,smote_enn@1.0,mcc,-0.10809053660205731,0.08,25,5.960464477539062e-07,5.364418029785156e-06,worse
bankchurners,0.05,lr,smote_enn@1.0,brier,-0.0976389193598219,0.0,25,5.960464477539063e-08,5.364418029785156e-07,worse
bankchurners,0.05,lr,smote_enn@1.0,prec_at_top,-0.005586592178770888,0.28,25,0.04503861510720203,0.18015446042880812,no difference
bankchurners,0.05,lr,smote_enn@1.0,empc,-0.05564080019375073,0.16,25,2.2113323211669922e-05,0.00015479326248168945,worse
bankchurners,0.05,lr,threshold,roc_auc,0.0,0.0,25,,,no difference
bankchurners,0.05,lr,threshold,pr_auc,0.0,0.0,25,,,no difference
bankchurners,0.05,lr,threshold,f1,0.054312047399605046,0.92,25,1.4901161193847656e-06,5.9604644775390625e-06,better
bankchurners,0.05,lr,threshold,mcc,0.014631413308969388,0.6,25,0.08513903617858887,0.17027807235717773,no difference
bankchurners,0.05,lr,threshold,brier,0.0,0.0,25,,,no difference
bankchurners,0.05,lr,threshold,prec_at_top,0.0,0.0,25,,,no difference
bankchurners,0.05,lr,threshold,empc,0.0,0.0,25,,,no difference
bankchurners,0.05,rf,adasyn@1.0,roc_auc,-0.0021381361533380216,0.24,25,0.003419220447540283,0.013676881790161133,worse
bankchurners,0.05,rf,adasyn@1.0,pr_auc,-0.06544456683601951,0.0,25,5.960464477539063e-08,5.960464477539062e-07,worse
bankchurners,0.05,rf,adasyn@1.0,f1,0.07647184757011338,0.92,25,2.8615430925098657e-05,8.584629277529597e-05,better
bankchurners,0.05,rf,adasyn@1.0,mcc,0.033599755421085176,0.84,25,0.004160676163661576,0.012482028490984728,better
bankchurners,0.05,rf,adasyn@1.0,brier,-0.003275491010606601,0.0,25,5.960464477539063e-08,5.960464477539062e-07,worse
bankchurners,0.05,rf,adasyn@1.0,prec_at_top,-0.011173184357541888,0.12,25,0.0002446850169595664,0.0014681101017573984,worse
bankchurners,0.05,rf,adasyn@1.0,empc,-0.13751281563167872,0.08,25,2.980232238769531e-07,1.7881393432617188e-06,worse
bankchurners,0.05,rf,class_weight,roc_auc,0.0019967320261438104,0.72,25,0.006129205226898193,0.01838761568069458,better
bankchurners,0.05,rf,class_weight,pr_auc,-0.01842018188319272,0.2,25,0.00012022256851196289,0.00036066770553588867,worse
bankchurners,0.05,rf,class_weight,f1,0.024010217113665355,0.8,25,0.0011548399925231934,0.0011548399925231934,better
bankchurners,0.05,rf,class_weight,mcc,0.010011900552777453,0.68,25,0.14847958087921143,0.29695916175842285,no difference
bankchurners,0.05,rf,class_weight,brier,4.6484260156798296e-05,0.52,25,0.7111607789993286,0.7111607789993286,no difference
bankchurners,0.05,rf,class_weight,prec_at_top,0.005586592178770888,0.52,25,0.040970083192981364,0.12291024957894409,no difference
bankchurners,0.05,rf,class_weight,empc,0.014739541293409708,0.56,25,0.4107651710510254,0.8215303421020508,no difference
bankchurners,0.05,rf,dirichlet@1.0,roc_auc,-0.005935228023793759,0.04,25,1.4762082417917123e-05,0.00010333457692541986,worse
bankchurners,0.05,rf,dirichlet@1.0,pr_auc,-0.06904334837964055,0.0,25,5.960464477539063e-08,5.960464477539062e-07,worse
bankchurners,0.05,rf,dirichlet@1.0,f1,-0.11194029850746268,0.0,25,5.960464477539063e-08,5.960464477539062e-07,worse
bankchurners,0.05,rf,dirichlet@1.0,mcc,-0.10078710775888139,0.0,25,5.960464477539063e-08,5.960464477539062e-07,worse
bankchurners,0.05,rf,dirichlet@1.0,brier,-0.0038724471180482008,0.0,25,5.960464477539063e-08,5.960464477539062e-07,worse
bankchurners,0.05,rf,dirichlet@1.0,prec_at_top,-0.016759776536312887,0.04,25,2.1604615201725447e-05,0.00015123230641207814,worse
bankchurners,0.05,rf,dirichlet@1.0,empc,-0.15554447726880505,0.0,25,5.960464477539063e-08,5.960464477539062e-07,worse
bankchurners,0.05,rf,easy_ensemble,roc_auc,-0.010489094514209985,0.0,25,5.960464477539063e-08,5.960464477539062e-07,worse
bankchurners,0.05,rf,easy_ensemble,pr_auc,-0.11677342908070876,0.0,25,5.960464477539063e-08,5.960464477539062e-07,worse
bankchurners,0.05,rf,easy_ensemble,f1,-0.09359742054352843,0.0,25,5.960464477539063e-08,5.960464477539062e-07,worse
bankchurners,0.05,rf,easy_ensemble,mcc,-0.10672463327174164,0.0,25,5.960464477539063e-08,5.960464477539062e-07,worse
bankchurners,0.05,rf,easy_ensemble,brier,-0.061870887867445504,0.0,25,5.960464477539063e-08,5.960464477539062e-07,worse
bankchurners,0.05,rf,easy_ensemble,prec_at_top,-0.03910614525139661,0.0,25,1.7806884045919503e-05,0.00014876687841392528,worse
bankchurners,0.05,rf,easy_ensemble,empc,-0.2602327243713001,0.0,25,5.960464477539063e-08,5.960464477539062e-07,worse
bankchurners,0.05,rf,ros@1.0,roc_auc,0.002761437908496589,0.8,25,0.002025127410888672,0.01012563705444336,better
bankchurners,0.05,rf,ros@1.0,pr_auc,-0.017154127991344303,0.32,25,0.0030878782272338867,0.0061757564544677734,worse
bankchurners,0.05,rf,ros@1.0,f1,0.07437235893611727,0.96,25,1.7881393432617188e-07,8.940696716308594e-07,better
bankchurners,0.05,rf,ros@1.0,mcc,0.04440873794402178,0.96,25,1.233816146850586e-05,7.402896881103516e-05,better
bankchurners,0.05,rf,ros@1.0,brier,0.0010062479452283002,0.84,25,6.556510925292969e-06,1.9669532775878906e-05,better
bankchurners,0.05,rf,ros@1.0,prec_at_top,0.0,0.48,25,0.20278926176127066,0.21839209900279852,no difference
bankchurners,0.05,rf,ros@1.0,empc,-0.0022342127436214554,0.48,25,0.936802864074707,0.936802864074707,no difference
bankchurners,0.05,rf,rus@1.0,roc_auc,-0.013694646397884758,0.0,25,5.960464477539063e-08,5.960464477539062e-07,worse
bankchurners,0.05,rf,rus@1.0,pr_auc,-0.13540944829103374,0.0,25,5.960464477539063e-08,5.960464477539062e-07,worse
bankchurners,0.05,rf,rus@1.0,f1,-0.10521449254203463,0.04,25,1.1920928955078125e-07,7.152557373046875e-07,worse
bankchurners,0.05,rf,rus@1.0,mcc,-0.11309477725871131,0.0,25,5.960464477539063e-08,5.960464477539062e-07,worse
bankchurners,0.05,rf,rus@1.0,brier,-0.0618932247421969,0.0,25,5.960464477539063e-08,5.960464477539062e-07,worse
bankchurners,0.05,rf,rus@1.0,prec_at_top,-0.03910614525139672,0.0,25,1.1797142546939151e-05,0.00011797142546939152,worse
bankchurners,0.05,rf,rus@1.0,empc,-0.2993112641391218,0.0,25,5.960464477539063e-08,5.960464477539062e-07,worse
bankchurners,0.05,rf,smote@0.5,roc_auc,-0.000983660130718822,0.32,25,0.0626264214515686,0.1252528429031372,no difference
bankchurners,0.05,rf,smote@0.5,pr_auc,-0.04313227197957559,0.04,25,1.7881393432617188e-07,7.152557373046875e-07,worse
bankchurners,0.05,rf,smote@0.5,f1,0.07493622448979587,1.0,25,5.960464477539063e-08,5.960464477539062e-07,better
bankchurners,0.05,rf,smote@0.5,mcc,0.03762235286946758,0.84,25,5.3882598876953125e-05,0.0002694129943847656,better
bankchurners,0.05,rf,smote@0.5,brier,-0.0015767272906269982,0.04,25,1.7881393432617188e-07,7.152557373046875e-07,worse
bankchurners,0.05,rf,smote@0.5,prec_at_top,-0.011173184357541888,0.2,25,0.0037982902241080925,0.01519316089643237,worse
bankchurners,0.05,rf,smote@0.5,empc,-0.05260960436462314,0.08,25,6.556510925292969e-06,2.6226043701171875e-05,worse
bankchurners,0.05,rf,smote@1.0,roc_auc,-0.002571895424836601,0.24,25,0.0006313323974609375,0.003787994384765625,worse
bankchurners,0.05,rf,smote@1.0,pr_auc,-0.06600972562758589,0.0,25,5.960464477539063e-08,5.960464477539062e-07,worse
bankchurners,0.05,rf,smote@1.0,f1,0.08499025341130595,0.92,25,2.980232238769531e-07,1.1920928955078125e-06,better
bankchurners,0.05,rf,smote@1.0,mcc,0.040577312944277244,0.8,25,0.0004894733428955078,0.0019578933715820312,better
bankchurners,0.05,rf,smote@1.0,brier,-0.0030961944145426017,0.0,25,5.960464477539063e-08,5.960464477539062e-07,worse
bankchurners,0.05,rf,smote@1.0,prec_at_top,-0.011173184357541888,0.2,25,0.001524198150587518,0.00762099075293759,worse
bankchurners,0.05,rf,smote@1.0,empc,-0.12095015665779285,0.04,25,1.4901161193847656e-06,7.450580596923828e-06,worse
bankchurners,0.05,rf,smote_enn@1.0,roc_auc,-0.011496732026143985,0.0,25,5.960464477539063e-08,5.960464477539062e-07,worse
bankchurners,0.05,rf,smote_enn@1.0,pr_auc,-0.1676388131075004,0.0,25,5.960464477539063e-08,5.960464477539062e-07,worse
bankchurners,0.05,rf,smote_enn@1.0,f1,0.049325980392156854,0.84,25,0.00012022256851196289,0.00024044513702392578,better
bankchurners,0.05,rf,smote_enn@1.0,mcc,-0.009436704793352013,0.44,25,0.49078595638275146,0.49078595638275146,no difference
bankchurners,0.05,rf,smote_enn@1.0,brier,-0.0129153009503876,0.0,25,5.960464477539063e-08,5.960464477539062e-07,worse
bankchurners,0.05,rf,smote_enn@1.0,prec_at_top,-0.027932960893854775,0.04,25,1.652965315710281e-05,0.00014876687841392528,worse
bankchurners,0.05,rf,smote_enn@1.0,empc,-0.2775330843010613,0.0,25,5.960464477539063e-08,5.960464477539062e-07,worse
bankchurners,0.05,rf,threshold,roc_auc,9.803921568618534e-05,0.52,25,0.8739878535270691,0.8739878535270691,no difference
bankchurners,0.05,rf,threshold,pr_auc,0.0020868040881572014,0.56,25,0.49078595638275146,0.49078595638275146,no difference
bankchurners,0.05,rf,threshold,f1,0.14515108368928964,1.0,25,5.960464477539063e-08,5.960464477539062e-07,better
bankchurners,0.05,rf,threshold,mcc,0.0944525622435044,1.0,25,5.960464477539063e-08,5.960464477539062e-07,better
bankchurners,0.05,rf,threshold,brier,6.452695865880043e-05,0.68,25,0.33878785371780396,0.6775757074356079,no difference
bankchurners,0.05,rf,threshold,prec_at_top,-0.005586592178770888,0.24,25,0.10919604950139926,0.21839209900279852,no difference
bankchurners,0.05,rf,threshold,empc,-0.01739419470777337,0.36,25,0.0801958441734314,0.2405875325202942,no difference
bankchurners,0.05,xgb,adasyn@1.0,roc_auc,-0.0006245869134170468,0.32,25,0.04215019941329956,0.2107509970664978,no difference
bankchurners,0.05,xgb,adasyn@1.0,pr_auc,-0.018159860868044442,0.12,25,1.1324882507324219e-06,6.794929504394531e-06,worse
bankchurners,0.05,xgb,adasyn@1.0,f1,-0.0036310820624546603,0.48,25,0.8531995415687561,1.0,no difference
bankchurners,0.05,xgb,adasyn@1.0,mcc,-0.007718425891560132,0.48,25,0.7309892177581787,1.0,no difference
bankchurners,0.05,xgb,adasyn@1.0,brier,-0.0006179031379224004,0.16,25,0.001625359058380127,0.009752154350280762,worse
bankchurners,0.05,xgb,adasyn@1.0,prec_at_top,-0.005586592178770888,0.24,25,0.03564948854888944,0.22799112078245443,no difference
bankchurners,0.05,xgb,adasyn@1.0,empc,-0.05654902426408537,0.12,25,3.814697265625e-05,0.00026702880859375,worse
bankchurners,0.05,xgb,class_weight,roc_auc,0.0006013071895426547,0.68,25,0.02779893171672892,0.16679359030037352,no difference
bankchurners,0.05,xgb,class_weight,pr_auc,0.0016221840014537525,0.56,25,0.09031611680984497,0.18063223361968994,no difference
bankchurners,0.05,xgb,class_weight,f1,0.025038436195914726,0.8,25,8.803606033325195e-05,0.0006162524223327637,better
bankchurners,0.05,xgb,class_weight,mcc,0.020747379772994345,0.68,25,0.0007149577140808105,0.005004703998565674,better
bankchurners,0.05,xgb,class_weight,brier,0.00012296158645450084,0.52,25,0.6338268518447876,1.0,no difference
bankchurners,0.05,xgb,class_weight,prec_at_top,0.0,0.44,25,0.4848353167639494,1.0,no difference
bankchurners,0.05,xgb,class_weight,empc,0.0006362154940480202,0.52,25,0.8531995415687561,1.0,no difference
bankchurners,0.05,xgb,dirichlet@1.0,roc_auc,0.00013725490196114798,0.52,25,0.6915188431739807,0.6915188431739807,no difference
bankchurners,0.05,xgb,dirichlet@1.0,pr_auc,-0.003841909720298964,0.28,25,0.029578447341918945,0.10991764068603516,no difference
bankchurners,0.05,xgb,dirichlet@1.0,f1,-0.007298136645962794,0.4,25,0.17931823604537578,0.7816910743713379,no difference
bankchurners,0.05,xgb,dirichlet@1.0,mcc,-0.006854860047129874,0.44,25,0.1887500729032935,0.9437503645164674,no difference
bankchurners,0.05,xgb,dirichlet@1.0,brier,-0.00018876620692910052,0.4,25,0.20993918180465698,0.629817545413971,no difference
bankchurners,0.05,xgb,dirichlet@1.0,prec_at_top,0.0,0.36,25,0.21761702055426813,0.8704680822170725,no difference
bankchurners,0.05,xgb,dirichlet@1.0,empc,-0.011738690846689437,0.44,25,0.8119303584098816,1.0,no difference
bankchurners,0.05,xgb,easy_ensemble,roc_auc,-0.003654990085921961,0.08,25,1.9995727004828314e-05,0.00015996581603862651,worse
bankchurners,0.05,xgb,easy_ensemble,pr_auc,-0.03973260758354635,0.0,25,5.960464477539063e-08,5.960464477539062e-07,worse
bankchurners,0.05,xgb,easy_ensemble,f1,-0.2021604938271605,0.0,25,5.960464477539063e-08,5.960464477539062e-07,worse
bankchurners,0.05,xgb,easy_ensemble,mcc,-0.17957209044643463,0.0,25,5.960464477539063e-08,5.960464477539062e-07,worse
bankchurners,0.05,xgb,easy_ensemble,brier,-0.033129203078067396,0.0,25,5.960464477539063e-08,5.960464477539062e-07,worse
bankchurners,0.05,xgb,easy_ensemble,prec_at_top,-0.005586592178770944,0.08,25,0.0006218381179514873,0.004974704943611899,worse
bankchurners,0.05,xgb,easy_ensemble,empc,-0.1253017718252356,0.04,25,1.1920928955078125e-07,9.5367431640625e-07,worse
bankchurners,0.05,xgb,ros@1.0,roc_auc,-0.00041830065359460544,0.36,25,0.16449612379074097,0.4934883713722229,no difference
bankchurners,0.05,xgb,ros@1.0,pr_auc,0.002487150553966422,0.64,25,0.13364005088806152,0.18063223361968994,no difference
bankchurners,0.05,xgb,ros@1.0,f1,0.02821659215101835,0.76,25,0.00016230344772338867,0.000973820686340332,better
bankchurners,0.05,xgb,ros@1.0,mcc,0.024681253669617598,0.76,25,0.0007149577140808105,0.005004703998565674,better
bankchurners,0.05,xgb,ros@1.0,brier,-0.0002445421793982015,0.4,25,0.936802864074707,1.0,no difference
bankchurners,0.05,xgb,ros@1.0,prec_at_top,0.0,0.4,25,0.7931874779439414,1.0,no difference
bankchurners,0.05,xgb,ros@1.0,empc,0.005591227442803159,0.52,25,0.936802864074707,1.0,no difference
bankchurners,0.05,xgb,rus@1.0,roc_auc,-0.007333333333333192,0.0,25,5.960464477539063e-08,5.960464477539062e-07,worse
bankchurners,0.05,xgb,rus@1.0,pr_auc,-0.0813177717036816,0.0,25,5.960464477539063e-08,5.960464477539062e-07,worse
bankchurners,0.05,xgb,rus@1.0,f1,-0.22356316988775427,0.0,25,5.960464477539063e-08,5.960464477539062e-07,worse
bankchurners,0.05,xgb,rus@1.0,mcc,-0.19707065585039452,0.0,25,5.960464477539063e-08,5.960464477539062e-07,worse
bankchurners,0.05,xgb,rus@1.0,brier,-0.0379833292385727,0.0,25,5.960464477539063e-08,5.960464477539062e-07,worse
bankchurners,0.05,xgb,rus@1.0,prec_at_top,-0.016759776536312887,0.04,25,4.0831758501285234e-05,0.0003674858265115671,worse
bankchurners,0.05,xgb,rus@1.0,empc,-0.21144666875577656,0.0,25,5.960464477539063e-08,5.960464477539062e-07,worse
bankchurners,0.05,xgb,smote@0.5,roc_auc,-0.00013879709187059053,0.4,25,0.24106645584106445,0.4934883713722229,no difference
bankchurners,0.05,xgb,smote@0.5,pr_auc,-0.013335148455006274,0.16,25,1.233816146850586e-05,6.16908073425293e-05,worse
bankchurners,0.05,xgb,smote@0.5,f1,0.0010351966873706209,0.56,25,0.325391948223114,0.976175844669342,no difference
bankchurners,0.05,xgb,smote@0.5,mcc,-0.003378725073795774,0.48,25,0.6528410911560059,1.0,no difference
bankchurners,0.05,xgb,smote@0.5,brier,-0.0003828532377965002,0.4,25,0.02747941017150879,0.13739705085754395,no difference
bankchurners,0.05,xgb,smote@0.5,prec_at_top,-0.005586592178770999,0.36,25,0.032570160111779205,0.22799112078245443,no difference
bankchurners,0.05,xgb,smote@0.5,empc,-0.03469272700645876,0.16,25,0.005578815937042236,0.02789407968521118,worse
bankchurners,0.05,xgb,smote@1.0,roc_auc,-0.0014606741573034432,0.28,25,0.018744707107543945,0.13121294975280762,no difference
bankchurners,0.05,xgb,smote@1.0,pr_auc,-0.018097963269187778,0.04,25,1.7881393432617188e-07,1.2516975402832031e-06,worse
bankchurners,0.05,xgb,smote@1.0,f1,-0.002067441363085454,0.48,25,0.6915188431739807,1.0,no difference
bankchurners,0.05,xgb,smote@1.0,mcc,-0.004053334933418862,0.44,25,0.325391948223114,1.0,no difference
bankchurners,0.05,xgb,smote@1.0,brier,-0.000857691642621599,0.16,25,0.00028705596923828125,0.0020093917846679688,worse
bankchurners,0.05,xgb,smote@1.0,prec_at_top,-0.005586592178770888,0.28,25,0.057143976651263584,0.2857198832563179,no difference
bankchurners,0.05,xgb,smote@1.0,empc,-0.05381817496537078,0.16,25,7.49826431274414e-05,0.00044989585876464844,worse
bankchurners,0.05,xgb,smote_enn@1.0,roc_auc,-0.0064441506939855175,0.04,25,1.569120219955584e-05,0.00014122081979600257,worse
bankchurners,0.05,xgb,smote_enn@1.0,pr_auc,-0.07889377291622468,0.0,25,5.960464477539063e-08,5.960464477539062e-07,worse
bankchurners,0.05,xgb,smote_enn@1.0,f1,-0.07118771075309105,0.0,25,5.960464477539063e-08,5.960464477539062e-07,worse
bankchurners,0.05,xgb,smote_enn@1.0,mcc,-0.07926087490385092,0.0,25,5.960464477539063e-08,5.960464477539062e-07,worse
bankchurners,0.05,xgb,smote_enn@1.0,brier,-0.010065808374146099,0.0,25,5.960464477539063e-08,5.960464477539062e-07,worse
bankchurners,0.05,xgb,smote_enn@1.0,prec_at_top,-0.01675977653631283,0.08,25,3.3797482292349804e-05,0.000337974822923498,worse
bankchurners,0.05,xgb,smote_enn@1.0,empc,-0.21163139158372513,0.0,25,5.960464477539063e-08,5.960464477539062e-07,worse
bankchurners,0.05,xgb,threshold,roc_auc,-0.0004692663582287482,0.4,25,0.10731470584869385,0.4292588233947754,no difference
bankchurners,0.05,xgb,threshold,pr_auc,-0.001034436900664848,0.28,25,0.02747941017150879,0.10991764068603516,no difference
bankchurners,0.05,xgb,threshold,f1,0.012048192771084376,0.6,25,0.15633821487426758,0.7816910743713379,no difference
bankchurners,0.05,xgb,threshold,mcc,0.010724464892083119,0.6,25,0.325391948223114,1.0,no difference
bankchurners,0.05,xgb,threshold,brier,-0.00013095455665800004,0.36,25,0.12664812803268433,0.5065925121307373,no difference
bankchurners,0.05,xgb,threshold,prec_at_top,0.0,0.32,25,0.5903972525701651,1.0,no difference
bankchurners,0.05,xgb,threshold,empc,-0.002651626164333898,0.48,25,0.3809836506843567,1.0,no difference
bankchurners,0.1,hgb,adasyn@1.0,roc_auc,-0.0004544039838157987,0.24,25,0.0037809014320373535,0.015123605728149414,worse
bankchurners,0.1,hgb,adasyn@1.0,pr_auc,-0.0020333008470052594,0.28,25,0.02550506591796875,0.102020263671875,no difference
bankchurners,0.1,hgb,adasyn@1.0,f1,0.0028843818314306935,0.56,25,0.21998637914657593,0.8799455165863037,no difference
bankchurners,0.1,hgb,adasyn@1.0,mcc,0.0015393875908539245,0.52,25,0.4107651710510254,1.0,no difference
bankchurners,0.1,hgb,adasyn@1.0,brier,9.299295099199877e-05,0.6,25,0.6528410911560059,1.0,no difference
bankchurners,0.1,hgb,adasyn@1.0,prec_at_top,-0.005291005291005346,0.24,25,0.003700172425019964,0.00858763877005229,worse
bankchurners,0.1,hgb,adasyn@1.0,empc,-0.04748638047881837,0.16,25,4.5418739318847656e-05,0.00027251243591308594,worse
bankchurners,0.1,hgb,class_weight,roc_auc,-0.00015018773466846103,0.36,25,0.05875152349472046,0.11750304698944092,no difference
bankchurners,0.1,hgb,class_weight,pr_auc,-0.00017294782720944646,0.44,25,0.8531995415687561,1.0,no difference
bankchurners,0.1,hgb,class_weight,f1,0.004194342752336544,0.68,25,0.06670159101486206,0.4669111371040344,no difference
bankchurners,0.1,hgb,class_weight,mcc,0.003304013004834072,0.64,25,0.14091521501541138,0.8454912900924683,no difference
bankchurners,0.1,hgb,class_weight,brier,5.1073812336399974e-05,0.52,25,0.6915188431739807,1.0,no difference
bankchurners,0.1,hgb,class_weight,prec_at_top,-0.010582010582010581,0.12,25,0.00031440456089643233,0.0018864273653785941,worse
bankchurners,0.1,hgb,class_weight,empc,0.005997210856194535,0.56,25,0.8119303584098816,0.9483293294906616,no difference
bankchurners,0.1,hgb,dirichlet@1.0,roc_auc,-0.00014316837846262143,0.48,25,0.7711594104766846,0.7711594104766846,no difference
bankchurners,0.1,hgb,dirichlet@1.0,pr_auc,8.150068243784059e-05,0.56,25,0.9158032536506653,1.0,no difference
bankchurners,0.1,hgb,dirichlet@1.0,f1,0.0052465409973070365,0.68,25,0.10139739513397217,0.608384370803833,no difference
bankchurners,0.1,hgb,dirichlet@1.0,mcc,0.00558397445567016,0.68,25,0.1134914755821228,0.7944403290748596,no difference
bankchurners,0.1,hgb,dirichlet@1.0,brier,0.0005803816794323,0.68,25,0.0801958441734314,0.4811750650405884,no difference
bankchurners,0.1,hgb,dirichlet@1.0,prec_at_top,0.0,0.4,25,0.16577625546271035,0.16577625546271035,no difference
bankchurners,0.1,hgb,dirichlet@1.0,empc,-0.01662048759258994,0.36,25,0.2996123433113098,0.8988370299339294,no difference
bankchurners,0.1,hgb,easy_ensemble,roc_auc,-0.0009772798008091943,0.08,25,5.960464477539062e-07,4.172325134277344e-06,worse
bankchurners,0.1,hgb,easy_ensemble,pr_auc,-0.006550764532510134,0.08,25,5.960464477539062e-07,4.172325134277344e-06,worse
bankchurners,0.1,hgb,easy_ensemble,f1,-0.08456618385200054,0.0,25,5.960464477539063e-08,5.960464477539062e-07,worse
bankchurners,0.1,hgb,easy_ensemble,mcc,-0.08547422684240447,0.0,25,5.960464477539063e-08,5.960464477539062e-07,worse
bankchurners,0.1,hgb,easy_ensemble,brier,-0.018750064961094298,0.0,25,5.960464477539063e-08,5.364418029785156e-07,worse
bankchurners,0.1,hgb,easy_ensemble,prec_at_top,-0.015873015873015817,0.04,25,4.832913552236789e-05,0.0003383039486565752,worse
bankchurners,0.1,hgb,easy_ensemble,empc,-0.06710199768260505,0.08,25,1.9669532775878906e-06,1.3768672943115234e-05,worse
bankchurners,0.1,hgb,ros@1.0,roc_auc,-0.00040362953692119063,0.16,25,0.002507925033569336,0.01253962516784668,worse
bankchurners,0.1,hgb,ros@1.0,pr_auc,-0.000605952185288805,0.44,25,0.978915274143219,1.0,no difference
bankchurners,0.1,hgb,ros@1.0,f1,0.003362566456127647,0.56,25,0.3665854334831238,1.0,no difference
bankchurners,0.1,hgb,ros@1.0,mcc,0.0012595624807912875,0.56,25,0.6720751523971558,1.0,no difference
bankchurners,0.1,hgb,ros@1.0,brier,-7.833560269697448e-06,0.48,25,0.42614197731018066,1.0,no difference
bankchurners,0.1,hgb,ros@1.0,prec_at_top,-0.010582010582010581,0.08,25,0.0022107347655309995,0.00858763877005229,worse
bankchurners,0.1,hgb,ros@1.0,empc,0.0027477597010907573,0.52,25,0.4741646647453308,0.9483293294906616,no difference
bankchurners,0.1,hgb,rus@1.0,roc_auc,-0.0029287270463740356,0.0,25,5.960464477539063e-08,5.364418029785156e-07,worse
bankchurners,0.1,hgb,rus@1.0,pr_auc,-0.02346898621982274,0.0,25,5.960464477539063e-08,5.364418029785156e-07,worse
bankchurners,0.1,hgb,rus@1.0,f1,-0.10292381415376062,0.0,25,5.960464477539063e-08,5.960464477539062e-07,worse
bankchurners,0.1,hgb,rus@1.0,mcc,-0.10480574300358048,0.0,25,5.960464477539063e-08,5.960464477539062e-07,worse
bankchurners,0.1,hgb,rus@1.0,brier,-0.0261393188213253,0.0,25,5.960464477539063e-08,5.364418029785156e-07,worse
bankchurners,0.1,hgb,rus@1.0,prec_at_top,-0.042328042328042326,0.0,25,1.2212534653800161e-05,0.00010931557827438899,worse
bankchurners,0.1,hgb,rus@1.0,empc,-0.15291629085163372,0.0,25,5.960464477539063e-08,5.364418029785156e-07,worse
bankchurners,0.1,hgb,smote@0.5,roc_auc,-0.0005788982259570252,0.24,25,0.00806879997253418,0.02420639991760254,worse
bankchurners,0.1,hgb,smote@0.5,pr_auc,-0.002780721231669725,0.32,25,0.017312347888946533,0.08656173944473267,no difference
bankchurners,0.1,hgb,smote@0.5,f1,0.003008326618318513,0.6,25,0.3525196313858032,1.0,no difference
bankchurners,0.1,hgb,smote@0.5,mcc,0.0018077917045933312,0.56,25,0.5601714849472046,1.0,no difference
bankchurners,0.1,hgb,smote@0.5,brier,-0.0002133001934810988,0.4,25,0.6338268518447876,1.0,no difference
bankchurners,0.1,hgb,smote@0.5,prec_at_top,-0.010582010582010581,0.2,25,0.0021469096925130723,0.00858763877005229,worse
bankchurners,0.1,hgb,smote@0.5,empc,-0.04348157723589097,0.24,25,0.0009118914604187012,0.0036475658416748047,worse
bankchurners,0.1,hgb,smote@1.0,roc_auc,-0.0005695611577966053,0.2,25,0.0006313323974609375,0.003787994384765625,worse
bankchurners,0.1,hgb,smote@1.0,pr_auc,-0.0037131722382516275,0.2,25,0.00016230344772338867,0.000973820686340332,worse
bankchurners,0.1,hgb,smote@1.0,f1,0.0018422094333302441,0.56,25,0.4418373703956604,1.0,no difference
bankchurners,0.1,hgb,smote@1.0,mcc,-0.00023702333757746885,0.48,25,0.9158032536506653,1.0,no difference
bankchurners,0.1,hgb,smote@1.0,brier,-6.878342438759906e-05,0.48,25,0.936802864074707,1.0,no difference
bankchurners,0.1,hgb,smote@1.0,prec_at_top,-0.005291005291005235,0.08,25,0.001474381320485359,0.007371906602426795,worse
bankchurners,0.1,hgb,smote@1.0,empc,-0.03711525910327129,0.2,25,0.00028705596923828125,0.0014352798461914062,worse
bankchurners,0.1,hgb,smote_enn@1.0,roc_auc,-0.004749687108886236,0.0,25,5.960464477539063e-08,5.364418029785156e-07,worse
bankchurners,0.1,hgb,smote_enn@1.0,pr_auc,-0.04039610266650573,0.0,25,5.960464477539063e-08,5.364418029785156e-07,worse
bankchurners,0.1,hgb,smote_enn@1.0,f1,-0.06275128104059913,0.0,25,5.960464477539063e-08,5.960464477539062e-07,worse
bankchurners,0.1,hgb,smote_enn@1.0,mcc,-0.06757333296069368,0.0,25,5.960464477539063e-08,5.960464477539062e-07,worse
bankchurners,0.1,hgb,smote_enn@1.0,brier,-0.0161037148683734,0.0,25,5.960464477539063e-08,5.364418029785156e-07,worse
bankchurners,0.1,hgb,smote_enn@1.0,prec_at_top,-0.05820105820105814,0.0,25,1.2146175363820999e-05,0.00010931557827438899,worse
bankchurners,0.1,hgb,smote_enn@1.0,empc,-0.2558629576718978,0.0,25,5.960464477539063e-08,5.364418029785156e-07,worse
bankchurners,0.1,hgb,threshold,roc_auc,0.0,0.0,25,,,no difference
bankchurners,0.1,hgb,threshold,pr_auc,0.0,0.0,25,,,no difference
bankchurners,0.1,hgb,threshold,f1,0.0029667302394575934,0.56,25,0.1373547103361862,0.686773551680931,no difference
bankchurners,0.1,hgb,threshold,mcc,0.002207498268667285,0.56,25,0.2530979089471155,1.0,no difference
bankchurners,0.1,hgb,threshold,brier,0.0,0.0,25,,,no difference
bankchurners,0.1,hgb,threshold,prec_at_top,0.0,0.0,25,,,no difference
bankchurners,0.1,hgb,threshold,empc,0.0,0.0,25,,,no difference
bankchurners,0.1,lgbm,adasyn@1.0,roc_auc,-0.00030037546933681103,0.12,25,0.0005564093589782715,0.0038948655128479004,worse
bankchurners,0.1,lgbm,adasyn@1.0,pr_auc,-0.0020007688674116286,0.16,25,0.0004894733428955078,0.0034263134002685547,worse
bankchurners,0.1,lgbm,adasyn@1.0,f1,0.0032992120185582063,0.68,25,0.20993918180465698,0.8008646965026855,no difference
bankchurners,0.1,lgbm,adasyn@1.0,mcc,0.0033402538956895933,0.68,25,0.33878785371780396,1.0,no difference
bankchurners,0.1,lgbm,adasyn@1.0,brier,0.00026354103113730015,0.72,25,0.15633821487426758,0.7816910743713379,no difference
bankchurners,0.1,lgbm,adasyn@1.0,prec_at_top,0.0,0.28,25,0.13246547245661217,0.6623273622830608,no difference
bankchurners,0.1,lgbm,adasyn@1.0,empc,-0.043138205925268736,0.28,25,0.0005564093589782715,0.003338456153869629,worse
bankchurners,0.1,lgbm,class_weight,roc_auc,-0.00014628073451605772,0.36,25,0.061467851328781575,0.18440355398634473,no difference
bankchurners,0.1,lgbm,class_weight,pr_auc,-0.00037335089988699277,0.4,25,0.20993918180465698,0.8397567272186279,no difference
bankchurners,0.1,lgbm,class_weight,f1,0.008664125950984203,0.8,25,8.803606033325195e-05,0.0006162524223327637,better
bankchurners,0.1,lgbm,class_weight,mcc,0.00818068730471444,0.8,25,0.00018787384033203125,0.0013151168823242188,better
bankchurners,0.1,lgbm,class_weight,brier,0.0005090531610156025,0.64,25,0.021908342838287354,0.15335839986801147,no difference
bankchurners,0.1,lgbm,class_weight,prec_at_top,0.0,0.36,25,0.6273795936090039,1.0,no difference
bankchurners,0.1,lgbm,class_weight,empc,0.0033016857659511345,0.52,25,0.7711594104766846,1.0,no difference
bankchurners,0.1,lgbm,dirichlet@1.0,roc_auc,0.00013071895424832114,0.56,25,0.8739878535270691,0.8739878535270691,no difference
bankchurners,0.1,lgbm,dirichlet@1.0,pr_auc,-3.5350570969594486e-05,0.48,25,0.936802864074707,1.0,no difference
bankchurners,0.1,lgbm,dirichlet@1.0,f1,-0.0005887014604324392,0.4,25,0.9272980307084063,0.9272980307084063,no difference
bankchurners,0.1,lgbm,dirichlet@1.0,mcc,-0.00034051566061010785,0.4,25,0.9031684413796277,1.0,no difference
bankchurners,0.1,lgbm,dirichlet@1.0,brier,0.00035684111448760006,0.64,25,0.2996123433113098,1.0,no difference
bankchurners,0.1,lgbm,dirichlet@1.0,prec_at_top,0.0,0.4,25,0.4858375286347396,1.0,no difference
bankchurners,0.1,lgbm,dirichlet@1.0,empc,-0.0145331567776541,0.28,25,0.02747941017150879,0.13739705085754395,no difference
bankchurners,0.1,lgbm,easy_ensemble,roc_auc,-0.0009305944600062066,0.2,25,8.165836334228516e-06,6.532669067382812e-05,worse
bankchurners,0.1,lgbm,easy_ensemble,pr_auc,-0.00548126253249559,0.16,25,0.0001398921012878418,0.0011191368103027344,worse
bankchurners,0.1,lgbm,easy_ensemble,f1,-0.0859962610321292,0.0,25,5.960464477539063e-08,5.960464477539062e-07,worse
bankchurners,0.1,lgbm,easy_ensemble,mcc,-0.08645592119284518,0.0,25,5.960464477539063e-08,5.960464477539062e-07,worse
bankchurners,0.1,lgbm,easy_ensemble,brier,-0.017411108796329997,0.0,25,5.960464477539063e-08,5.960464477539062e-07,worse
bankchurners,0.1,lgbm,easy_ensemble,prec_at_top,-0.010582010582010581,0.08,25,0.00040143547606157954,0.0032114838084926363,worse
bankchurners,0.1,lgbm,easy_ensemble,empc,-0.06646523563456519,0.04,25,1.1324882507324219e-06,9.059906005859375e-06,worse
bankchurners,0.1,lgbm,ros@1.0,roc_auc,-0.0003112356053531773,0.28,25,0.0014527440071105957,0.0072637200355529785,worse
bankchurners,0.1,lgbm,ros@1.0,pr_auc,-0.00044520067074260705,0.4,25,0.33878785371780396,1.0,no difference
bankchurners,0.1,lgbm,ros@1.0,f1,0.0022131351771240704,0.8,25,0.0037809014320373535,0.02268540859222412,better
bankchurners,0.1,lgbm,ros@1.0,mcc,0.0006850950731057681,0.56,25,0.10731470584869385,0.5365735292434692,no difference
bankchurners,0.1,lgbm,ros@1.0,brier,0.00020154932212880158,0.64,25,0.3525196313858032,1.0,no difference
bankchurners,0.1,lgbm,ros@1.0,prec_at_top,-0.005291005291005235,0.2,25,0.008328399882221962,0.05829879917555374,no difference
bankchurners,0.1,lgbm,ros@1.0,empc,-0.010126006316735214,0.36,25,0.07547956705093384,0.2264387011528015,no difference
bankchurners,0.1,lgbm,rus@1.0,roc_auc,-0.0033831310301896123,0.0,25,5.960464477539063e-08,5.960464477539062e-07,worse
bankchurners,0.1,lgbm,rus@1.0,pr_auc,-0.02161795627137919,0.0,25,5.960464477539063e-08,5.960464477539062e-07,worse
bankchurners,0.1,lgbm,rus@1.0,f1,-0.10213074324719185,0.0,25,5.960464477539063e-08,5.960464477539062e-07,worse
bankchurners,0.1,lgbm,rus@1.0,mcc,-0.10205066471951996,0.0,25,5.960464477539063e-08,5.960464477539062e-07,worse
bankchurners,0.1,lgbm,rus@1.0,brier,-0.0251457423680152,0.0,25,5.960464477539063e-08,5.960464477539062e-07,worse
bankchurners,0.1,lgbm,rus@1.0,prec_at_top,-0.03703703703703698,0.0,25,1.1883633803343584e-05,0.00011883633803343584,worse
bankchurners,0.1,lgbm,rus@1.0,empc,-0.16552779488126834,0.0,25,5.960464477539063e-08,5.960464477539062e-07,worse
bankchurners,0.1,lgbm,smote@0.5,roc_auc,-0.00029567382508566276,0.36,25,0.029578447341918945,0.11831378936767578,no difference
bankchurners,0.1,lgbm,smote@0.5,pr_auc,-0.0011227366509931613,0.4,25,0.04215019941329956,0.2107509970664978,no difference
bankchurners,0.1,lgbm,smote@0.5,f1,0.0017662110244778262,0.6,25,0.2002161741256714,0.8008646965026855,no difference
bankchurners,0.1,lgbm,smote@0.5,mcc,0.0008220448625404497,0.56,25,0.457846462726593,1.0,no difference
bankchurners,0.1,lgbm,smote@0.5,brier,0.0001304594556412013,0.68,25,0.029578447341918945,0.17747068405151367,no difference
bankchurners,0.1,lgbm,smote@0.5,prec_at_top,0.0,0.36,25,0.7315217720317999,1.0,no difference
bankchurners,0.1,lgbm,smote@0.5,empc,-0.008492059888346226,0.28,25,0.055070459842681885,0.22028183937072754,no difference
bankchurners,0.1,lgbm,smote@1.0,roc_auc,-0.0003267973856210249,0.12,25,0.0008292057593073193,0.004975234555843916,worse
bankchurners,0.1,lgbm,smote@1.0,pr_auc,-0.00405578064499057,0.24,25,0.0009118914604187012,0.005471348762512207,worse
bankchurners,0.1,lgbm,smote@1.0,f1,0.001362522963870183,0.56,25,0.27760541836356367,0.8008646965026855,no difference
bankchurners,0.1,lgbm,smote@1.0,mcc,0.0006481834520297713,0.52,25,0.6271697535393987,1.0,no difference
bankchurners,0.1,lgbm,smote@1.0,brier,8.261641246249882e-05,0.52,25,0.8119303584098816,1.0,no difference
bankchurners,0.1,lgbm,smote@1.0,prec_at_top,-0.005291005291005235,0.24,25,0.017720276762533464,0.10632166057520079,no difference
bankchurners,0.1,lgbm,smote@1.0,empc,-0.049447700559164254,0.12,25,0.00018787384033203125,0.0013151168823242188,worse
bankchurners,0.1,lgbm,smote_enn@1.0,roc_auc,-0.004727784730913398,0.0,25,5.960464477539063e-08,5.960464477539062e-07,worse
bankchurners,0.1,lgbm,smote_enn@1.0,pr_auc,-0.037797061323973646,0.0,25,5.960464477539063e-08,5.960464477539062e-07,worse
bankchurners,0.1,lgbm,smote_enn@1.0,f1,-0.05782848922744954,0.0,25,5.960464477539063e-08,5.960464477539062e-07,worse
bankchurners,0.1,lgbm,smote_enn@1.0,mcc,-0.062455114423277225,0.0,25,5.960464477539063e-08,5.960464477539062e-07,worse
bankchurners,0.1,lgbm,smote_enn@1.0,brier,-0.0135788299256598,0.0,25,5.960464477539063e-08,5.960464477539062e-07,worse
bankchurners,0.1,lgbm,smote_enn@1.0,prec_at_top,-0.05291005291005291,0.0,25,1.1959731804286406e-05,0.00011883633803343584,worse
bankchurners,0.1,lgbm,smote_enn@1.0,empc,-0.21329398011972245,0.0,25,5.960464477539063e-08,5.960464477539062e-07,worse
bankchurners,0.1,lgbm,threshold,roc_auc,-4.6685340802987696e-05,0.44,25,0.27760541836356367,0.5552108367271273,no difference
bankchurners,0.1,lgbm,threshold,pr_auc,9.01174365319779e-05,0.52,25,0.9158032536506653,1.0,no difference
bankchurners,0.1,lgbm,threshold,f1,0.00573152337858196,0.84,25,0.007370948791503906,0.03685474395751953,better
bankchurners,0.1,lgbm,threshold,mcc,0.005156151872247827,0.8,25,0.010510802268981934,0.0630648136138916,no difference
bankchurners,0.1,lgbm,threshold,brier,0.00017026945589779935,0.6,25,0.2751842737197876,1.0,no difference
bankchurners,0.1,lgbm,threshold,prec_at_top,0.0,0.36,25,0.44933673152227005,1.0,no difference
bankchurners,0.1,lgbm,threshold,empc,0.0005396072944208186,0.52,25,0.7509929537773132,1.0,no difference
bankchurners,0.1,lr,adasyn@1.0,roc_auc,-3.1289111388499435e-06,0.48,25,0.9578450322151184,1.0,no difference
bankchurners,0.1,lr,adasyn@1.0,pr_auc,-0.028946786101619493,0.0,25,5.960464477539063e-08,5.364418029785156e-07,worse
bankchurners,0.1,lr,adasyn@1.0,f1,-0.07869558730277154,0.0,25,5.960464477539063e-08,5.960464477539062e-07,worse
bankchurners,0.1,lr,adasyn@1.0,mcc,-0.08406459167469416,0.0,25,5.960464477539063e-08,5.960464477539062e-07,worse
bankchurners,0.1,lr,adasyn@1.0,brier,-0.0686744032039944,0.0,25,5.960464477539063e-08,5.364418029785156e-07,worse
bankchurners,0.1,lr,adasyn@1.0,prec_at_top,-0.015873015873015928,0.04,25,1.9335523501477553e-05,0.000174019711513298,worse
bankchurners,0.1,lr,adasyn@1.0,empc,-0.09693795539248162,0.04,25,4.172325134277344e-07,3.7550926208496094e-06,worse
bankchurners,0.1,lr,class_weight,roc_auc,0.0015686274509804088,0.76,25,0.0050716400146484375,0.04564476013183594,better
bankchurners,0.1,lr,class_weight,pr_auc,-0.018581250355146905,0.0,25,5.960464477539063e-08,5.364418029785156e-07,worse
bankchurners,0.1,lr,class_weight,f1,-0.054652767131687874,0.0,25,5.960464477539063e-08,5.960464477539062e-07,worse
bankchurners,0.1,lr,class_weight,mcc,-0.06250494255084438,0.0,25,5.960464477539063e-08,5.960464477539062e-07,worse
bankchurners,0.1,lr,class_weight,brier,-0.0561431947015847,0.0,25,5.960464477539063e-08,5.364418029785156e-07,worse
bankchurners,0.1,lr,class_weight,prec_at_top,-0.010582010582010581,0.04,25,0.00014213921628598871,0.0008528352977159323,worse
bankchurners,0.1,lr,class_weight,empc,-0.04155958025432227,0.12,25,0.0002498030662536621,0.0017486214637756348,worse
bankchurners,0.1,lr,dirichlet@1.0,roc_auc,-0.0009274821039527703,0.36,25,0.10731470584869385,0.5365735292434692,no difference
bankchurners,0.1,lr,dirichlet@1.0,pr_auc,-0.014437277107753221,0.04,25,1.7881393432617188e-07,5.364418029785156e-07,worse
bankchurners,0.1,lr,dirichlet@1.0,f1,-0.027313266443701245,0.12,25,8.344650268554688e-07,2.5033950805664062e-06,worse
bankchurners,0.1,lr,dirichlet@1.0,mcc,-0.03662735783005189,0.0,25,5.960464477539063e-08,5.960464477539062e-07,worse
bankchurners,0.1,lr,dirichlet@1.0,brier,-0.045200664787829296,0.0,25,5.960464477539063e-08,5.364418029785156e-07,worse
bankchurners,0.1,lr,dirichlet@1.0,prec_at_top,-0.015873015873015928,0.12,25,0.0005263059834734945,0.0015789179504204836,worse
bankchurners,0.1,lr,dirichlet@1.0,empc,-0.034023407333102273,0.24,25,0.0027848482131958008,0.0055696964263916016,worse
bankchurners,0.1,lr,easy_ensemble,roc_auc,0.0019856831621538618,0.72,25,0.005578815937042236,0.04564476013183594,better
bankchurners,0.1,lr,easy_ensemble,pr_auc,-0.01681445827325112,0.0,25,5.960464477539063e-08,5.364418029785156e-07,worse
bankchurners,0.1,lr,easy_ensemble,f1,-0.05798040593972409,0.0,25,5.960464477539063e-08,5.960464477539062e-07,worse
bankchurners,0.1,lr,easy_ensemble,mcc,-0.06616874664355243,0.0,25,5.960464477539063e-08,5.960464477539062e-07,worse
bankchurners,0.1,lr,easy_ensemble,brier,-0.05788773888985411,0.0,25,5.960464477539063e-08,5.364418029785156e-07,worse
bankchurners,0.1,lr,easy_ensemble,prec_at_top,-0.010582010582010581,0.08,25,0.00019035346026107167,0.0008528352977159323,worse
bankchurners,0.1,lr,easy_ensemble,empc,-0.05227783018212673,0.2,25,0.0011548399925231934,0.00346451997756958,worse
bankchurners,0.1,lr,ros@1.0,roc_auc,0.0011391223155929886,0.8,25,0.005578815937042236,0.04564476013183594,better
bankchurners,0.1,lr,ros@1.0,pr_auc,-0.01642218228733139,0.0,25,5.960464477539063e-08,5.364418029785156e-07,worse
bankchurners,0.1,lr,ros@1.0,f1,-0.05637513171759745,0.0,25,5.960464477539063e-08,5.960464477539062e-07,worse
bankchurners,0.1,lr,ros@1.0,mcc,-0.06141486147900577,0.0,25,5.960464477539063e-08,5.960464477539062e-07,worse
bankchurners,0.1,lr,ros@1.0,brier,-0.0567813523588155,0.0,25,5.960464477539063e-08,5.364418029785156e-07,worse
bankchurners,0.1,lr,ros@1.0,prec_at_top,-0.010582010582010581,0.0,25,3.8391641545175015e-05,0.0003071331323614001,worse
bankchurners,0.1,lr,ros@1.0,empc,-0.0385731684527304,0.24,25,0.00032907724380493164,0.00197446346282959,worse
bankchurners,0.1,lr,rus@1.0,roc_auc,-0.00039215686274507444,0.4,25,0.18172985315322876,0.726919412612915,no difference
bankchurners,0.1,lr,rus@1.0,pr_auc,-0.021888857238477888,0.0,25,5.960464477539063e-08,5.364418029785156e-07,worse
bankchurners,0.1,lr,rus@1.0,f1,-0.0693144065237089,0.0,25,5.960464477539063e-08,5.960464477539062e-07,worse
bankchurners,0.1,lr,rus@1.0,mcc,-0.06823750288551483,0.0,25,5.960464477539063e-08,5.960464477539062e-07,worse
bankchurners,0.1,lr,rus@1.0,brier,-0.0602294958846291,0.0,25,5.960464477539063e-08,5.364418029785156e-07,worse
bankchurners,0.1,lr,rus@1.0,prec_at_top,-0.015873015873015817,0.2,25,0.0005615229839861112,0.0015789179504204836,worse
bankchurners,0.1,lr,rus@1.0,empc,-0.0970862153670633,0.08,25,3.2782554626464844e-06,2.6226043701171875e-05,worse
bankchurners,0.1,lr,smote@0.5,roc_auc,0.000973091364205203,0.64,25,0.04826241731643677,0.2895745038986206,no difference
bankchurners,0.1,lr,smote@0.5,pr_auc,-0.009127625391571081,0.08,25,5.960464477539062e-07,5.960464477539062e-07,worse
bankchurners,0.1,lr,smote@0.5,f1,0.016168626694942456,0.64,25,0.1134914755821228,0.1134914755821228,no difference
bankchurners,0.1,lr,smote@0.5,mcc,-0.008479606554051888,0.44,25,0.2634761333465576,0.26728010177612305,no difference
bankchurners,0.1,lr,smote@0.5,brier,-0.0228175394345076,0.0,25,5.960464477539063e-08,5.364418029785156e-07,worse
bankchurners,0.1,lr,smote@0.5,prec_at_top,-0.005291005291005346,0.04,25,0.0009043183659519902,0.0015789179504204836,worse
bankchurners,0.1,lr,smote@0.5,empc,-0.015172872589636732,0.36,25,0.3525196313858032,0.3525196313858032,no difference
bankchurners,0.1,lr,smote@1.0,roc_auc,0.0004599499374219329,0.64,25,0.24106645584106445,0.726919412612915,no difference
bankchurners,0.1,lr,smote@1.0,pr_auc,-0.01691029870758598,0.0,25,5.960464477539063e-08,5.364418029785156e-07,worse
bankchurners,0.1,lr,smote@1.0,f1,-0.04734539313768138,0.04,25,1.1920928955078125e-07,5.960464477539062e-07,worse
bankchurners,0.1,lr,smote@1.0,mcc,-0.053371558339339376,0.0,25,5.960464477539063e-08,5.960464477539062e-07,worse
bankchurners,0.1,lr,smote@1.0,brier,-0.052126167145414695,0.0,25,5.960464477539063e-08,5.364418029785156e-07,worse
bankchurners,0.1,lr,smote@1.0,prec_at_top,-0.015873015873015817,0.08,25,0.00014685328890036032,0.0008528352977159323,worse
bankchurners,0.1,lr,smote@1.0,empc,-0.041183163589046945,0.24,25,0.0006313323974609375,0.0031566619873046875,worse
bankchurners,0.1,lr,smote_enn@1.0,roc_auc,0.0007812013694366016,0.56,25,0.507703959941864,1.0,no difference
bankchurners,0.1,lr,smote_enn@1.0,pr_auc,-0.021661365468626848,0.0,25,5.960464477539063e-08,5.364418029785156e-07,worse
bankchurners,0.1,lr,smote_enn@1.0,f1,-0.09378881987577636,0.0,25,5.960464477539063e-08,5.960464477539062e-07,worse
bankchurners,0.1,lr,smote_enn@1.0,mcc,-0.09196698780226042,0.0,25,5.960464477539063e-08,5.960464477539062e-07,worse
bankchurners,0.1,lr,smote_enn@1.0,brier,-0.0794161495612429,0.0,25,5.960464477539063e-08,5.364418029785156e-07,worse
bankchurners,0.1,lr,smote_enn@1.0,prec_at_top,-0.010582010582010581,0.04,25,8.27162860871652e-05,0.0005790140026101564,worse
bankchurners,0.1,lr,smote_enn@1.0,empc,-0.04502803468565064,0.2,25,0.0008081197738647461,0.0032324790954589844,worse
bankchurners,0.1,lr,threshold,roc_auc,0.0,0.0,25,,,no difference
bankchurners,0.1,lr,threshold,pr_auc,0.0,0.0,25,,,no difference
bankchurners,0.1,lr,threshold,f1,0.023943361903669413,0.84,25,7.49826431274414e-05,0.0001499652862548828,better
bankchurners,0.1,lr,threshold,mcc,0.007609427467557994,0.56,25,0.13364005088806152,0.26728010177612305,no difference
bankchurners,0.1,lr,threshold,brier,0.0,0.0,25,,,no difference
bankchurners,0.1,lr,threshold,prec_at_top,0.0,0.0,25,,,no difference
bankchurners,0.1,lr,threshold,empc,0.0,0.0,25,,,no difference
bankchurners,0.1,rf,adasyn@1.0,roc_auc,-0.00037192654839723893,0.44,25,0.6915188431739807,1.0,no difference
bankchurners,0.1,rf,adasyn@1.0,pr_auc,-0.016202229905448617,0.16,25,3.2782554626464844e-06,1.0251998901367188e-05,worse
bankchurners,0.1,rf,adasyn@1.0,f1,0.04264859830032064,0.92,25,2.980232238769531e-07,1.1920928955078125e-06,better
bankchurners,0.1,rf,adasyn@1.0,mcc,0.02980911421862742,0.8,25,4.5418739318847656e-05,9.083747863769531e-05,better
bankchurners,0.1,rf,adasyn@1.0,brier,-0.0031323897308523987,0.12,25,8.344650268554688e-07,5.0067901611328125e-06,worse
bankchurners,0.1,rf,adasyn@1.0,prec_at_top,-0.015873015873015928,0.08,25,0.0006079066146975201,0.0024316264587900802,worse
bankchurners,0.1,rf,adasyn@1.0,empc,-0.08908494198879335,0.16,25,3.814697265625e-05,0.00019073486328125,worse
bankchurners,0.1,rf,class_weight,roc_auc,0.0010200250312890624,0.8,25,0.00963503122329712,0.048175156116485596,better
bankchurners,0.1,rf,class_weight,pr_auc,-0.009651057069451019,0.08,25,2.562999725341797e-06,1.0251998901367188e-05,worse
bankchurners,0.1,rf,class_weight,f1,0.014751552795031042,0.76,25,0.0037809014320373535,0.007561802864074707,better
bankchurners,0.1,rf,class_weight,mcc,0.00851425984355525,0.6,25,0.12664812803268433,0.12664812803268433,no difference
bankchurners,0.1,rf,class_weight,brier,-3.97879913350066e-06,0.48,25,0.507703959941864,0.6775757074356079,no difference
bankchurners,0.1,rf,class_weight,prec_at_top,-0.010582010582010581,0.16,25,0.002039502516495996,0.0061185075494879886,worse
bankchurners,0.1,rf,class_weight,empc,0.023943139883344067,0.76,25,0.03933870792388916,0.07867741584777832,no difference
bankchurners,0.1,rf,dirichlet@1.0,roc_auc,-0.0025925925925924798,0.0,25,5.960464477539063e-08,5.960464477539062e-07,worse
bankchurners,0.1,rf,dirichlet@1.0,pr_auc,-0.03197798843054078,0.0,25,5.960464477539063e-08,5.960464477539062e-07,worse
bankchurners,0.1,rf,dirichlet@1.0,f1,-0.04430058390454428,0.0,25,5.960464477539063e-08,5.960464477539062e-07,worse
bankchurners,0.1,rf,dirichlet@1.0,mcc,-0.045888865733033635,0.0,25,5.960464477539063e-08,5.960464477539062e-07,worse
bankchurners,0.1,rf,dirichlet@1.0,brier,-0.0047322621669263,0.0,25,5.960464477539063e-08,5.960464477539062e-07,worse
bankchurners,0.1,rf,dirichlet@1.0,prec_at_top,-0.031746031746031744,0.0,25,1.1937949601759943e-05,0.00011797142546939152,worse
bankchurners,0.1,rf,dirichlet@1.0,empc,-0.14378472786244245,0.0,25,5.960464477539063e-08,5.960464477539062e-07,worse
bankchurners,0.1,rf,easy_ensemble,roc_auc,-0.004934292866082601,0.0,25,5.960464477539063e-08,5.960464477539062e-07,worse
bankchurners,0.1,rf,easy_ensemble,pr_auc,-0.04866202470015879,0.0,25,5.960464477539063e-08,5.960464477539062e-07,worse
bankchurners,0.1,rf,easy_ensemble,f1,-0.05442532954581725,0.08,25,1.4901161193847656e-06,4.470348358154297e-06,worse
bankchurners,0.1,rf,easy_ensemble,mcc,-0.06250383522035396,0.04,25,2.980232238769531e-07,1.7881393432617188e-06,worse
bankchurners,0.1,rf,easy_ensemble,brier,-0.037992624961925694,0.0,25,5.960464477539063e-08,5.960464477539062e-07,worse
bankchurners,0.1,rf,easy_ensemble,prec_at_top,-0.05291005291005291,0.0,25,1.1797142546939151e-05,0.00011797142546939152,worse
bankchurners,0.1,rf,easy_ensemble,empc,-0.21172048020687573,0.0,25,5.960464477539063e-08,5.960464477539062e-07,worse
bankchurners,0.1,rf,ros@1.0,roc_auc,0.0016931216931216353,0.84,25,6.365776062011719e-05,0.0003819465637207031,better
bankchurners,0.1,rf,ros@1.0,pr_auc,-0.00576742735109359,0.16,25,7.49826431274414e-05,0.0001499652862548828,worse
bankchurners,0.1,rf,ros@1.0,f1,0.04361692533471073,0.96,25,1.7881393432617188e-07,8.940696716308594e-07,better
bankchurners,0.1,rf,ros@1.0,mcc,0.03340752747489828,0.88,25,1.9669532775878906e-06,7.867813110351562e-06,better
bankchurners,0.1,rf,ros@1.0,brier,0.0011720847388877985,0.92,25,8.344650268554688e-07,5.0067901611328125e-06,better
bankchurners,0.1,rf,ros@1.0,prec_at_top,0.0,0.24,25,0.05366539182616073,0.10733078365232146,no difference
bankchurners,0.1,rf,ros@1.0,empc,0.04188717638836614,0.84,25,0.0014527440071105957,0.004358232021331787,better
bankchurners,0.1,rf,rus@1.0,roc_auc,-0.006864301276065965,0.0,25,5.960464477539063e-08,5.960464477539062e-07,worse
bankchurners,0.1,rf,rus@1.0,pr_auc,-0.05391603298504899,0.0,25,5.960464477539063e-08,5.960464477539062e-07,worse
bankchurners,0.1,rf,rus@1.0,f1,-0.07309236947791165,0.04,25,1.1920928955078125e-07,7.152557373046875e-07,worse
bankchurners,0.1,rf,rus@1.0,mcc,-0.07555828925171293,0.0,25,5.960464477539063e-08,5.960464477539062e-07,worse
bankchurners,0.1,rf,rus@1.0,brier,-0.04022035525477571,0.0,25,5.960464477539063e-08,5.960464477539062e-07,worse
bankchurners,0.1,rf,rus@1.0,prec_at_top,-0.05291005291005291,0.0,25,1.2047180802782837e-05,0.00011797142546939152,worse
bankchurners,0.1,rf,rus@1.0,empc,-0.2611282723007289,0.0,25,5.960464477539063e-08,5.960464477539062e-07,worse
bankchurners,0.1,rf,smote@0.5,roc_auc,-7.780890133834983e-05,0.4,25,0.507703959941864,1.0,no difference
bankchurners,0.1,rf,smote@0.5,pr_auc,-0.013226823844006863,0.04,25,1.9669532775878906e-06,9.834766387939453e-06,worse
bankchurners,0.1,rf,smote@0.5,f1,0.02764930371268992,1.0,25,5.960464477539063e-08,5.960464477539062e-07,better
bankchurners,0.1,rf,smote@0.5,mcc,0.017092835114728255,0.92,25,2.980232238769531e-07,1.7881393432617188e-06,better
bankchurners,0.1,rf,smote@0.5,brier,-0.0007727630879028995,0.12,25,0.0011548399925231934,0.00346451997756958,worse
bankchurners,0.1,rf,smote@0.5,prec_at_top,-0.010582010582010581,0.16,25,0.00030294273517131884,0.0015147136758565942,worse
bankchurners,0.1,rf,smote@0.5,empc,-0.045545676572326776,0.24,25,0.0009118914604187012,0.0036475658416748047,worse
bankchurners,0.1,rf,smote@1.0,roc_auc,-0.0005975723622779761,0.4,25,0.10936945605474224,0.43747782421896897,no difference
bankchurners,0.1,rf,smote@1.0,pr_auc,-0.02225705048942128,0.04,25,1.1920928955078125e-07,7.152557373046875e-07,worse
bankchurners,0.1,rf,smote@1.0,f1,0.034829996445918665,1.0,25,5.960464477539063e-08,5.960464477539062e-07,better
bankchurners,0.1,rf,smote@1.0,mcc,0.023937328711333472,0.96,25,1.1920928955078125e-07,8.344650268554688e-07,better
bankchurners,0.1,rf,smote@1.0,brier,-0.002928532390444702,0.12,25,8.344650268554688e-07,5.0067901611328125e-06,worse
bankchurners,0.1,rf,smote@1.0,prec_at_top,-0.010582010582010581,0.12,25,9.608628535562441e-05,0.0005765177121337464,worse
bankchurners,0.1,rf,smote@1.0,empc,-0.08150950963941739,0.12,25,8.344650268554688e-07,5.0067901611328125e-06,worse
bankchurners,0.1,rf,smote_enn@1.0,roc_auc,-0.008191721132897567,0.0,25,5.960464477539063e-08,5.960464477539062e-07,worse
bankchurners,0.1,rf,smote_enn@1.0,pr_auc,-0.08444798516227647,0.0,25,5.960464477539063e-08,5.960464477539062e-07,worse
bankchurners,0.1,rf,smote_enn@1.0,f1,-0.016358145318884354,0.32,25,0.004604637622833252,0.007561802864074707,worse
bankchurners,0.1,rf,smote_enn@1.0,mcc,-0.032312661756805694,0.12,25,4.172325134277344e-06,1.2516975402832031e-05,worse
bankchurners,0.1,rf,smote_enn@1.0,brier,-0.0161269381128139,0.0,25,5.960464477539063e-08,5.960464477539062e-07,worse
bankchurners,0.1,rf,smote_enn@1.0,prec_at_top,-0.06349206349206349,0.0,25,1.1927070484013162e-05,0.00011797142546939152,worse
bankchurners,0.1,rf,smote_enn@1.0,empc,-0.3523117292169733,0.0,25,5.960464477539063e-08,5.960464477539062e-07,worse
bankchurners,0.1,rf,threshold,roc_auc,3.267973856235784e-05,0.6,25,0.8948604464530945,1.0,no difference
bankchurners,0.1,rf,threshold,pr_auc,-6.807341986458937e-05,0.48,25,0.4418373703956604,0.4418373703956604,no difference
bankchurners,0.1,rf,threshold,f1,0.045809194745364934,1.0,25,5.960464477539063e-08,5.960464477539062e-07,better
bankchurners,0.1,rf,threshold,mcc,0.03811559151816135,1.0,25,5.960464477539063e-08,5.960464477539062e-07,better
bankchurners,0.1,rf,threshold,brier,-0.00015900883970859994,0.32,25,0.33878785371780396,0.6775757074356079,no difference
bankchurners,0.1,rf,threshold,prec_at_top,0.0,0.32,25,0.4840150966052378,0.4840150966052378,no difference
bankchurners,0.1,rf,threshold,empc,-0.004273508696589268,0.44,25,0.18172985315322876,0.18172985315322876,no difference
bankchurners,0.1,xgb,adasyn@1.0,roc_auc,-0.0004948646125115808,0.08,25,6.365776062011719e-05,0.00031828880310058594,worse
bankchurners,0.1,xgb,adasyn@1.0,pr_auc,-0.0042209482775640295,0.2,25,0.00012022256851196289,0.0006011128425598145,worse
bankchurners,0.1,xgb,adasyn@1.0,f1,-0.0009376052974700011,0.48,25,0.936802864074707,1.0,no difference
bankchurners,0.1,xgb,adasyn@1.0,mcc,-0.0017541413879196277,0.48,25,0.6338268518447876,1.0,no difference
bankchurners,0.1,xgb,adasyn@1.0,brier,-0.0004444892340024001,0.08,25,4.5418739318847656e-05,0.00027251243591308594,worse
bankchurners,0.1,xgb,adasyn@1.0,prec_at_top,-0.01058201058201047,0.24,25,0.006033921052080392,0.030169605260401963,worse
bankchurners,0.1,xgb,adasyn@1.0,empc,-0.0618565103131683,0.24,25,0.0005564093589782715,0.0027820467948913574,worse
bankchurners,0.1,xgb,class_weight,roc_auc,0.0001960784313724817,0.68,25,0.05875152349472046,0.23500609397888184,no difference
bankchurners,0.1,xgb,class_weight,pr_auc,0.0015802509253203256,0.8,25,0.03933870792388916,0.11801612377166748,no difference
bankchurners,0.1,xgb,class_weight,f1,0.0013018667322421962,0.56,25,0.2751842737197876,1.0,no difference
bankchurners,0.1,xgb,class_weight,mcc,-0.0004867984235400469,0.44,25,0.6338268518447876,1.0,no difference
bankchurners,0.1,xgb,class_weight,brier,-0.0006535570492476016,0.24,25,0.02747941017150879,0.102020263671875,no difference
bankchurners,0.1,xgb,class_weight,prec_at_top,0.0,0.36,25,0.919464607203221,1.0,no difference
bankchurners,0.1,xgb,class_weight,empc,0.01051506097296695,0.68,25,0.11993378400802612,0.23986756801605225,no difference
bankchurners,0.1,xgb,dirichlet@1.0,roc_auc,-0.0001595744680852329,0.36,25,0.42614197731018066,0.42614197731018066,no difference
bankchurners,0.1,xgb,dirichlet@1.0,pr_auc,-0.001024784318294003,0.32,25,0.0626264214515686,0.11801612377166748,no difference
bankchurners,0.1,xgb,dirichlet@1.0,f1,-0.001520466075541571,0.44,25,0.8948604464530945,1.0,no difference
bankchurners,0.1,xgb,dirichlet@1.0,mcc,-0.0024209625026654358,0.44,25,0.9158032536506653,1.0,no difference
bankchurners,0.1,xgb,dirichlet@1.0,brier,-5.458229641230189e-05,0.48,25,0.6915188431739807,0.6915188431739807,no difference
bankchurners,0.1,xgb,dirichlet@1.0,prec_at_top,-0.005291005291005124,0.44,25,0.4644579954123793,1.0,no difference
bankchurners,0.1,xgb,dirichlet@1.0,empc,-0.023942098497069075,0.4,25,0.02747941017150879,0.10991764068603516,no difference
bankchurners,0.1,xgb,easy_ensemble,roc_auc,-0.0017117958294428082,0.0,25,1.2279185361336645e-05,9.823348289069316e-05,worse
bankchurners,0.1,xgb,easy_ensemble,pr_auc,-0.011928179814797879,0.0,25,5.960464477539063e-08,5.960464477539062e-07,worse
bankchurners,0.1,xgb,easy_ensemble,f1,-0.09084777096318863,0.0,25,5.960464477539063e-08,5.960464477539062e-07,worse
bankchurners,0.1,xgb,easy_ensemble,mcc,-0.09509682623989824,0.0,25,5.960464477539063e-08,5.960464477539062e-07,worse
bankchurners,0.1,xgb,easy_ensemble,brier,-0.0196592977421698,0.0,25,5.960464477539063e-08,5.960464477539062e-07,worse
bankchurners,0.1,xgb,easy_ensemble,prec_at_top,-0.015873015873015928,0.0,25,1.1593756389807134e-05,0.00011593756389807134,worse
bankchurners,0.1,xgb,easy_ensemble,empc,-0.1170724481190053,0.0,25,5.960464477539063e-08,5.960464477539062e-07,worse
bankchurners,0.1,xgb,ros@1.0,roc_auc,0.00014316837846262143,0.64,25,0.2002161741256714,0.4004323482513428,no difference
bankchurners,0.1,xgb,ros@1.0,pr_auc,0.001635314196247184,0.8,25,0.001625359058380127,0.006501436233520508,better
bankchurners,0.1,xgb,ros@1.0,f1,0.0,0.48,25,0.3313349065031326,1.0,no difference
bankchurners,0.1,xgb,ros@1.0,mcc,-0.0017262066358481043,0.48,25,0.5601714849472046,1.0,no difference
bankchurners,0.1,xgb,ros@1.0,brier,-0.0003405024136298,0.32,25,0.02550506591796875,0.102020263671875,no difference
bankchurners,0.1,xgb,ros@1.0,prec_at_top,0.0,0.44,25,0.6108604743188,1.0,no difference
bankchurners,0.1,xgb,ros@1.0,empc,0.011225608142755306,0.6,25,0.2996123433113098,0.2996123433113098,no difference
bankchurners,0.1,xgb,rus@1.0,roc_auc,-0.003280423280423217,0.0,25,5.960464477539063e-08,5.960464477539062e-07,worse
bankchurners,0.1,xgb,rus@1.0,pr_auc,-0.023234811729655802,0.0,25,5.960464477539063e-08,5.960464477539062e-07,worse
bankchurners,0.1,xgb,rus@1.0,f1,-0.10482110247651089,0.0,25,5.960464477539063e-08,5.960464477539062e-07,worse
bankchurners,0.1,xgb,rus@1.0,mcc,-0.10816244389242469,0.0,25,5.960464477539063e-08,5.960464477539062e-07,worse
bankchurners,0.1,xgb,rus@1.0,brier,-0.0232516051265351,0.0,25,5.960464477539063e-08,5.960464477539062e-07,worse
bankchurners,0.1,xgb,rus@1.0,prec_at_top,-0.03703703703703709,0.0,25,1.1981545991387279e-05,0.00011593756389807134,worse
bankchurners,0.1,xgb,rus@1.0,empc,-0.17236595402457322,0.0,25,5.960464477539063e-08,5.960464477539062e-07,worse
bankchurners,0.1,xgb,smote@0.5,roc_auc,-0.0005508870214752104,0.08,25,1.5079975128173828e-05,0.0001055598258972168,worse
bankchurners,0.1,xgb,smote@0.5,pr_auc,-0.0035829240013778296,0.12,25,8.344650268554688e-07,5.0067901611328125e-06,worse
bankchurners,0.1,xgb,smote@0.5,f1,-0.0007285532147410789,0.48,25,0.7509929537773132,1.0,no difference
bankchurners,0.1,xgb,smote@0.5,mcc,-0.0004664117309577387,0.48,25,0.3665854334831238,1.0,no difference
bankchurners,0.1,xgb,smote@0.5,brier,-0.000609756019932902,0.2,25,0.0007149577140808105,0.0035747885704040527,worse
bankchurners,0.1,xgb,smote@0.5,prec_at_top,-0.010582010582010581,0.2,25,0.008216808011897336,0.032867232047589345,worse
bankchurners,0.1,xgb,smote@0.5,empc,-0.04153608395448938,0.12,25,4.172325134277344e-06,2.9206275939941406e-05,worse
bankchurners,0.1,xgb,smote@1.0,roc_auc,-0.000765639589168976,0.16,25,4.5418739318847656e-05,0.00027251243591308594,worse
bankchurners,0.1,xgb,smote@1.0,pr_auc,-0.005902806776956204,0.04,25,4.172325134277344e-07,2.9206275939941406e-06,worse
bankchurners,0.1,xgb,smote@1.0,f1,-0.0034941018366432264,0.44,25,0.23036134243011475,1.0,no difference
bankchurners,0.1,xgb,smote@1.0,mcc,-0.004939396597599899,0.4,25,0.14091521501541138,0.9864065051078796,no difference
bankchurners,0.1,xgb,smote@1.0,brier,-0.0008626215421350999,0.04,25,2.562999725341797e-06,1.7940998077392578e-05,worse
bankchurners,0.1,xgb,smote@1.0,prec_at_top,-0.015873015873015817,0.16,25,0.0005539608014048005,0.0038777256098336036,worse
bankchurners,0.1,xgb,smote@1.0,empc,-0.04974698177231396,0.2,25,0.0003764033317565918,0.0022584199905395508,worse
bankchurners,0.1,xgb,smote_enn@1.0,roc_auc,-0.005109511889862417,0.0,25,5.960464477539063e-08,5.960464477539062e-07,worse
bankchurners,0.1,xgb,smote_enn@1.0,pr_auc,-0.03766405253949878,0.0,25,5.960464477539063e-08,5.960464477539062e-07,worse
bankchurners,0.1,xgb,smote_enn@1.0,f1,-0.07312307753237657,0.0,25,5.960464477539063e-08,5.960464477539062e-07,worse
bankchurners,0.1,xgb,smote_enn@1.0,mcc,-0.07917247490069568,0.0,25,5.960464477539063e-08,5.960464477539062e-07,worse
bankchurners,0.1,xgb,smote_enn@1.0,brier,-0.0153546616441829,0.0,25,5.960464477539063e-08,5.960464477539062e-07,worse
bankchurners,0.1,xgb,smote_enn@1.0,prec_at_top,-0.052910052910052796,0.0,25,1.2157215047642698e-05,0.00011593756389807134,worse
bankchurners,0.1,xgb,smote_enn@1.0,empc,-0.2540795814125927,0.0,25,5.960464477539063e-08,5.960464477539062e-07,worse
bankchurners,0.1,xgb,threshold,roc_auc,0.00018362900715840347,0.68,25,0.11993378400802612,0.35980135202407837,no difference
bankchurners,0.1,xgb,threshold,pr_auc,0.0004380975509026275,0.68,25,0.05157625675201416,0.11801612377166748,no difference
bankchurners,0.1,xgb,threshold,f1,0.004813273308983956,0.68,25,0.17295855283737183,1.0,no difference
bankchurners,0.1,xgb,threshold,mcc,0.004112006710836114,0.64,25,0.2634761333465576,1.0,no difference
bankchurners,0.1,xgb,threshold,brier,0.0001743243655442997,0.6,25,0.055070459842681885,0.11014091968536377,no difference
bankchurners,0.1,xgb,threshold,prec_at_top,0.005291005291005235,0.6,25,0.004510746849794756,0.027064481098768536,better
bankchurners,0.1,xgb,threshold,empc,0.009358227159568244,0.68,25,0.0709836483001709,0.2129509449005127,no difference
bankchurners,natural,hgb,adasyn@1.0,roc_auc,-0.0003131221719455679,0.24,25,0.000429689884185791,0.003007829189300537,worse
bankchurners,natural,hgb,adasyn@1.0,pr_auc,-0.0006218828028358159,0.28,25,0.014722049236297607,0.05888819694519043,no difference
bankchurners,natural,hgb,adasyn@1.0,f1,0.0009845659244746008,0.56,25,0.8531995415687561,1.0,no difference
bankchurners,natural,hgb,adasyn@1.0,mcc,0.0004387936925096536,0.56,25,0.7914759516716003,1.0,no difference
bankchurners,natural,hgb,adasyn@1.0,brier,-0.00027949396641099855,0.48,25,0.7509929537773132,0.8255528211593628,no difference
bankchurners,natural,hgb,adasyn@1.0,prec_at_top,0.0,0.28,25,0.7234689047145038,1.0,no difference
bankchurners,natural,hgb,adasyn@1.0,empc,-0.041121387041556545,0.28,25,0.0027848482131958008,0.011139392852783203,worse
bankchurners,natural,hgb,class_weight,roc_auc,0.00014479638009079476,0.72,25,0.012466490268707275,0.037399470806121826,better
bankchurners,natural,hgb,class_weight,pr_auc,0.0007658451119104681,0.6,25,0.0709836483001709,0.17625457048416138,no difference
bankchurners,natural,hgb,class_weight,f1,-0.001745873850463986,0.4,25,0.7914759516716003,1.0,no difference
bankchurners,natural,hgb,class_weight,mcc,-0.0023077810707181623,0.4,25,0.4107651710510254,1.0,no difference
bankchurners,natural,hgb,class_weight,brier,-0.00036130488864710014,0.4,25,0.2751842737197876,0.8255528211593628,no difference
bankchurners,natural,hgb,class_weight,prec_at_top,0.0,0.16,25,0.2613952984713741,1.0,no difference
bankchurners,natural,hgb,class_weight,empc,0.006282277686198157,0.56,25,0.20993918180465698,0.629817545413971,no difference
bankchurners,natural,hgb,dirichlet@1.0,roc_auc,9.773755656117267e-05,0.52,25,0.5601714849472046,1.0,no difference
bankchurners,natural,hgb,dirichlet@1.0,pr_auc,0.0002500352843783915,0.6,25,0.8119303584098816,0.8119303584098816,no difference
bankchurners,natural,hgb,dirichlet@1.0,f1,0.0002368360716455964,0.52,25,0.9158032536506653,1.0,no difference
bankchurners,natural,hgb,dirichlet@1.0,mcc,7.929540992845929e-05,0.52,25,0.8948604464530945,1.0,no difference
bankchurners,natural,hgb,dirichlet@1.0,brier,0.00031945844118900016,0.6,25,0.1134914755821228,0.567457377910614,no difference
bankchurners,natural,hgb,dirichlet@1.0,prec_at_top,0.0,0.32,25,0.4164101296125623,1.0,no difference
bankchurners,natural,hgb,dirichlet@1.0,empc,-0.02420906566310066,0.4,25,0.2996123433113098,0.629817545413971,no difference
bankchurners,natural,hgb,easy_ensemble,roc_auc,-0.0002742692168890004,0.2,25,0.0009798622815398032,0.0058791736892388185,worse
bankchurners,natural,hgb,easy_ensemble,pr_auc,-0.0026997153149703745,0.12,25,1.233816146850586e-05,8.636713027954102e-05,worse
bankchurners,natural,hgb,easy_ensemble,f1,-0.04189057373414917,0.0,25,5.960464477539063e-08,5.960464477539062e-07,worse
bankchurners,natural,hgb,easy_ensemble,mcc,-0.04846151360642237,0.0,25,5.960464477539063e-08,5.960464477539062e-07,worse
bankchurners,natural,hgb,easy_ensemble,brier,-0.0118355315132911,0.0,25,5.960464477539063e-08,5.364418029785156e-07,worse
bankchurners,natural,hgb,easy_ensemble,prec_at_top,0.0,0.16,25,0.10758461885145992,0.6455077131087595,no difference
bankchurners,natural,hgb,easy_ensemble,empc,-0.040678275523386986,0.2,25,0.00012022256851196289,0.0008415579795837402,worse
bankchurners,natural,hgb,ros@1.0,roc_auc,9.743774810533345e-05,0.6,25,0.507703959941864,1.0,no difference
bankchurners,natural,hgb,ros@1.0,pr_auc,0.0006907397530311332,0.76,25,0.05875152349472046,0.17625457048416138,no difference
bankchurners,natural,hgb,ros@1.0,f1,0.0001506024096386005,0.52,25,0.8531995415687561,1.0,no difference
bankchurners,natural,hgb,ros@1.0,mcc,-0.0005135348067690781,0.44,25,0.5782062411308289,1.0,no difference
bankchurners,natural,hgb,ros@1.0,brier,-8.033880620490069e-05,0.44,25,0.4107651710510254,0.8255528211593628,no difference
bankchurners,natural,hgb,ros@1.0,prec_at_top,0.0,0.28,25,0.6226756894243178,1.0,no difference
bankchurners,natural,hgb,ros@1.0,empc,0.0023252709996572918,0.56,25,0.8531995415687561,0.8531995415687561,no difference
bankchurners,natural,hgb,rus@1.0,roc_auc,-0.0018135746606333658,0.0,25,5.960464477539063e-08,5.364418029785156e-07,worse
bankchurners,natural,hgb,rus@1.0,pr_auc,-0.009221873527275215,0.0,25,5.960464477539063e-08,5.364418029785156e-07,worse
bankchurners,natural,hgb,rus@1.0,f1,-0.05359839728771765,0.0,25,5.960464477539063e-08,5.960464477539062e-07,worse
bankchurners,natural,hgb,rus@1.0,mcc,-0.06083347135214934,0.0,25,5.960464477539063e-08,5.960464477539062e-07,worse
bankchurners,natural,hgb,rus@1.0,brier,-0.017653933387903598,0.0,25,5.960464477539063e-08,5.364418029785156e-07,worse
bankchurners,natural,hgb,rus@1.0,prec_at_top,-0.0049261083743844525,0.08,25,0.0008317091334379275,0.00665367306750342,worse
bankchurners,natural,hgb,rus@1.0,empc,-0.12967759417766267,0.0,25,5.960464477539063e-08,5.364418029785156e-07,worse
bankchurners,natural,hgb,smote@0.5,roc_auc,-0.0003583710407240037,0.28,25,0.0037809014320373535,0.018904507160186768,worse
bankchurners,natural,hgb,smote@0.5,pr_auc,-0.0018084669652853602,0.2,25,0.002255260944366455,0.011276304721832275,worse
bankchurners,natural,hgb,smote@0.5,f1,-0.0038595754467007914,0.28,25,0.00806879997253418,0.05648159980773926,no difference
bankchurners,natural,hgb,smote@0.5,mcc,-0.005227328213663451,0.24,25,0.0030878782272338867,0.021615147590637207,worse
bankchurners,natural,hgb,smote@0.5,brier,-0.0005988659170941997,0.28,25,0.008822321891784668,0.05293393135070801,no difference
bankchurners,natural,hgb,smote@0.5,prec_at_top,0.0,0.12,25,0.8655343251561596,1.0,no difference
bankchurners,natural,hgb,smote@0.5,empc,-0.031237953640518512,0.24,25,0.0012963414192199707,0.0064817070960998535,worse
bankchurners,natural,hgb,smote@1.0,roc_auc,-0.00037712017322244495,0.2,25,0.0037809014320373535,0.018904507160186768,worse
bankchurners,natural,hgb,smote@1.0,pr_auc,-0.001996626496125975,0.24,25,0.0007149577140808105,0.004289746284484863,worse
bankchurners,natural,hgb,smote@1.0,f1,-0.002029590288315619,0.4,25,0.615043044090271,1.0,no difference
bankchurners,natural,hgb,smote@1.0,mcc,-0.0030426916258839976,0.4,25,0.33878785371780396,1.0,no difference
bankchurners,natural,hgb,smote@1.0,brier,-0.00016775651077829967,0.36,25,0.15633821487426758,0.6253528594970703,no difference
bankchurners,natural,hgb,smote@1.0,prec_at_top,0.0,0.16,25,0.04092710267463171,0.28648971872242196,no difference
bankchurners,natural,hgb,smote@1.0,empc,-0.039227005474693044,0.28,25,0.0008081197738647461,0.0048487186431884766,worse
bankchurners,natural,hgb,smote_enn@1.0,roc_auc,-0.005185853482497449,0.0,25,5.960464477539063e-08,5.364418029785156e-07,worse
bankchurners,natural,hgb,smote_enn@1.0,pr_auc,-0.026941212456971897,0.0,25,5.960464477539063e-08,5.364418029785156e-07,worse
bankchurners,natural,hgb,smote_enn@1.0,f1,-0.05736434108527133,0.0,25,5.960464477539063e-08,5.960464477539062e-07,worse
bankchurners,natural,hgb,smote_enn@1.0,mcc,-0.06563601395821117,0.0,25,5.960464477539063e-08,5.960464477539062e-07,worse
bankchurners,natural,hgb,smote_enn@1.0,brier,-0.0186997190729593,0.0,25,5.960464477539063e-08,5.364418029785156e-07,worse
bankchurners,natural,hgb,smote_enn@1.0,prec_at_top,-0.019801980198019598,0.0,25,1.223471913060967e-05,0.00011011247217548703,worse
bankchurners,natural,hgb,smote_enn@1.0,empc,-0.25528932211910416,0.0,25,5.960464477539063e-08,5.364418029785156e-07,worse
bankchurners,natural,hgb,threshold,roc_auc,0.0,0.0,25,,,no difference
bankchurners,natural,hgb,threshold,pr_auc,0.0,0.0,25,,,no difference
bankchurners,natural,hgb,threshold,f1,-0.00037878787878797837,0.4,25,0.18172985315322876,1.0,no difference
bankchurners,natural,hgb,threshold,mcc,-0.0013044901939173181,0.4,25,0.036682069301605225,0.22009241580963135,no difference
bankchurners,natural,hgb,threshold,brier,0.0,0.0,25,,,no difference
bankchurners,natural,hgb,threshold,prec_at_top,0.0,0.0,25,,,no difference
bankchurners,natural,hgb,threshold,empc,0.0,0.0,25,,,no difference
bankchurners,natural,lgbm,adasyn@1.0,roc_auc,-3.789245759655557e-05,0.44,25,0.7317059346728588,1.0,no difference
bankchurners,natural,lgbm,adasyn@1.0,pr_auc,-0.0002453128163616425,0.44,25,0.5249125957489014,1.0,no difference
bankchurners,natural,lgbm,adasyn@1.0,f1,0.0026870250721279243,0.68,25,0.029578447341918945,0.20704913139343262,no difference
bankchurners,natural,lgbm,adasyn@1.0,mcc,0.0024154322844691656,0.64,25,0.10139739513397217,0.608384370803833,no difference
bankchurners,natural,lgbm,adasyn@1.0,brier,0.0005456097669300983,0.76,25,0.011453330516815186,0.0801733136177063,no difference
bankchurners,natural,lgbm,adasyn@1.0,prec_at_top,0.0,0.24,25,0.7211818004401325,1.0,no difference
bankchurners,natural,lgbm,adasyn@1.0,empc,-0.019205872333841967,0.4,25,0.0801958441734314,0.4811750650405884,no difference
bankchurners,natural,lgbm,class_weight,roc_auc,7.058823529415559e-05,0.68,25,0.0801958441734314,0.5613709092140198,no difference
bankchurners,natural,lgbm,class_weight,pr_auc,0.0004216338625702143,0.68,25,0.08513903617858887,0.5959732532501221,no difference
bankchurners,natural,lgbm,class_weight,f1,0.002726494599529228,0.64,25,0.312333345413208,0.937000036239624,no difference
bankchurners,natural,lgbm,class_weight,mcc,0.0035991880413354105,0.64,25,0.5424043536186218,1.0,no difference
bankchurners,natural,lgbm,class_weight,brier,-9.18751252406997e-05,0.48,25,0.8119303584098816,1.0,no difference
bankchurners,natural,lgbm,class_weight,prec_at_top,0.0,0.32,25,0.2520304922524548,1.0,no difference
bankchurners,natural,lgbm,class_weight,empc,0.008725482163150389,0.56,25,0.457846462726593,1.0,no difference
bankchurners,natural,lgbm,dirichlet@1.0,roc_auc,8.868778280535228e-05,0.52,25,0.4418373703956604,1.0,no difference
bankchurners,natural,lgbm,dirichlet@1.0,pr_auc,-1.5246743310992628e-05,0.48,25,0.4418373703956604,1.0,no difference
bankchurners,natural,lgbm,dirichlet@1.0,f1,0.0016965678627144376,0.52,25,0.20993918180465698,0.8397567272186279,no difference
bankchurners,natural,lgbm,dirichlet@1.0,mcc,0.0019547425709348643,0.52,25,0.23036134243011475,1.0,no difference
bankchurners,natural,lgbm,dirichlet@1.0,brier,0.0005576307762161017,0.6,25,0.16449612379074097,0.9869767427444458,no difference
bankchurners,natural,lgbm,dirichlet@1.0,prec_at_top,0.0,0.04,25,0.07540356287126336,0.6786320658413703,no difference
bankchurners,natural,lgbm,dirichlet@1.0,empc,-0.006514499372038074,0.4,25,0.4741646647453308,1.0,no difference
bankchurners,natural,lgbm,easy_ensemble,roc_auc,-0.0003004524886880411,0.2,25,0.00028705596923828125,0.00229644775390625,worse
bankchurners,natural,lgbm,easy_ensemble,pr_auc,-0.0022834936814153384,0.12,25,1.1324882507324219e-06,9.059906005859375e-06,worse
bankchurners,natural,lgbm,easy_ensemble,f1,-0.03659102700636252,0.0,25,5.960464477539063e-08,5.960464477539062e-07,worse
bankchurners,natural,lgbm,easy_ensemble,mcc,-0.04135303914802668,0.0,25,5.960464477539063e-08,5.960464477539062e-07,worse
bankchurners,natural,lgbm,easy_ensemble,brier,-0.012637926797777602,0.0,25,5.960464477539063e-08,5.960464477539062e-07,worse
bankchurners,natural,lgbm,easy_ensemble,prec_at_top,0.0,0.12,25,0.1091212854742424,0.8170533608438514,no difference
bankchurners,natural,lgbm,easy_ensemble,empc,-0.045527472237967714,0.16,25,5.3882598876953125e-05,0.000431060791015625,worse
bankchurners,natural,lgbm,ros@1.0,roc_auc,9.41176470588001e-05,0.56,25,0.42614197731018066,1.0,no difference
bankchurners,natural,lgbm,ros@1.0,pr_auc,-0.0001472578204252395,0.44,25,0.8531995415687561,1.0,no difference
bankchurners,natural,lgbm,ros@1.0,f1,-0.0003494602780151901,0.48,25,0.6915188431739807,1.0,no difference
bankchurners,natural,lgbm,ros@1.0,mcc,-0.0012422728420515838,0.48,25,0.9578450322151184,1.0,no difference
bankchurners,natural,lgbm,ros@1.0,brier,-8.55565754465e-05,0.44,25,0.7509929537773132,1.0,no difference
bankchurners,natural,lgbm,ros@1.0,prec_at_top,0.0,0.32,25,0.32493163795946545,1.0,no difference
bankchurners,natural,lgbm,ros@1.0,empc,0.011168708921692527,0.68,25,0.25210392475128174,1.0,no difference
bankchurners,natural,lgbm,rus@1.0,roc_auc,-0.0014633706243233346,0.0,25,5.960464477539063e-08,5.960464477539062e-07,worse
bankchurners,natural,lgbm,rus@1.0,pr_auc,-0.007560068373639206,0.0,25,5.960464477539063e-08,5.960464477539062e-07,worse
bankchurners,natural,lgbm,rus@1.0,f1,-0.038817123569678036,0.0,25,5.960464477539063e-08,5.960464477539062e-07,worse
bankchurners,natural,lgbm,rus@1.0,mcc,-0.04517530542666903,0.0,25,5.960464477539063e-08,5.960464477539062e-07,worse
bankchurners,natural,lgbm,rus@1.0,brier,-0.015510953631499999,0.0,25,5.960464477539063e-08,5.960464477539062e-07,worse
bankchurners,natural,lgbm,rus@1.0,prec_at_top,0.0,0.16,25,0.10213167010548142,0.8170533608438514,no difference
bankchurners,natural,lgbm,rus@1.0,empc,-0.09679427820507946,0.04,25,1.7881393432617188e-07,1.6093254089355469e-06,worse
bankchurners,natural,lgbm,smote@0.5,roc_auc,3.619909502039498e-06,0.52,25,0.7750969621959847,1.0,no difference
bankchurners,natural,lgbm,smote@0.5,pr_auc,-0.00032893804150191386,0.4,25,0.5424043536186218,1.0,no difference
bankchurners,natural,lgbm,smote@0.5,f1,0.0008333002658623689,0.6,25,0.15633821487426758,0.7816910743713379,no difference
bankchurners,natural,lgbm,smote@0.5,mcc,0.0005090021907829811,0.6,25,0.2751842737197876,1.0,no difference
bankchurners,natural,lgbm,smote@0.5,brier,0.0004494787879515995,0.68,25,0.21998637914657593,1.0,no difference
bankchurners,natural,lgbm,smote@0.5,prec_at_top,0.0,0.36,25,0.17085077395610515,1.0,no difference
bankchurners,natural,lgbm,smote@0.5,empc,-0.00796606887175244,0.4,25,0.2634761333465576,1.0,no difference
bankchurners,natural,lgbm,smote@1.0,roc_auc,-4.150126308199997e-05,0.44,25,0.5249125957489014,1.0,no difference
bankchurners,natural,lgbm,smote@1.0,pr_auc,-0.0003310167722143653,0.48,25,0.2751842737197876,1.0,no difference
bankchurners,natural,lgbm,smote@1.0,f1,-0.000716279663054431,0.48,25,0.8325093984603882,1.0,no difference
bankchurners,natural,lgbm,smote@1.0,mcc,-0.0014449561433615976,0.48,25,1.0,1.0,no difference
bankchurners,natural,lgbm,smote@1.0,brier,0.00025085959947010114,0.6,25,0.3809836506843567,1.0,no difference
bankchurners,natural,lgbm,smote@1.0,prec_at_top,0.0,0.24,25,1.0,1.0,no difference
bankchurners,natural,lgbm,smote@1.0,empc,-0.029569735970412125,0.2,25,0.004604637622833252,0.032232463359832764,worse
bankchurners,natural,lgbm,smote_enn@1.0,roc_auc,-0.0047004524886877785,0.0,25,5.960464477539063e-08,5.960464477539062e-07,worse
bankchurners,natural,lgbm,smote_enn@1.0,pr_auc,-0.024732481251347416,0.0,25,5.960464477539063e-08,5.960464477539062e-07,worse
bankchurners,natural,lgbm,smote_enn@1.0,f1,-0.05564741809983231,0.0,25,5.960464477539063e-08,5.960464477539062e-07,worse
bankchurners,natural,lgbm,smote_enn@1.0,mcc,-0.06537120564362009,0.0,25,5.960464477539063e-08,5.960464477539062e-07,worse
bankchurners,natural,lgbm,smote_enn@1.0,brier,-0.018469448543860796,0.0,25,5.960464477539063e-08,5.960464477539062e-07,worse
bankchurners,natural,lgbm,smote_enn@1.0,prec_at_top,-0.014851485148514976,0.0,25,1.8036818694368888e-05,0.0001803681869436889,worse
bankchurners,natural,lgbm,smote_enn@1.0,empc,-0.24098118120160095,0.0,25,5.960464477539063e-08,5.960464477539062e-07,worse
bankchurners,natural,lgbm,threshold,roc_auc,-1.984843016955562e-05,0.44,25,0.5424043536186218,1.0,no difference
bankchurners,natural,lgbm,threshold,pr_auc,-0.0002677672264922437,0.44,25,0.14847958087921143,0.8908774852752686,no difference
bankchurners,natural,lgbm,threshold,f1,-0.002653925233190413,0.4,25,0.0801958441734314,0.4811750650405884,no difference
bankchurners,natural,lgbm,threshold,mcc,-0.0037818735854090457,0.32,25,0.055070459842681885,0.3854932188987732,no difference
bankchurners,natural,lgbm,threshold,brier,7.672750035650142e-05,0.56,25,0.9158032536506653,1.0,no difference
bankchurners,natural,lgbm,threshold,prec_at_top,0.0,0.24,25,0.28334474163433065,1.0,no difference
bankchurners,natural,lgbm,threshold,empc,0.0005728043400310412,0.6,25,0.5964998602867126,1.0,no difference
bankchurners,natural,lr,adasyn@1.0,roc_auc,-0.0010316742081446506,0.4,25,0.2996123433113098,0.6918342113494873,no difference
bankchurners,natural,lr,adasyn@1.0,pr_auc,-0.029224642050430294,0.0,25,5.960464477539063e-08,5.364418029785156e-07,worse
bankchurners,natural,lr,adasyn@1.0,f1,-0.04699238566735997,0.08,25,2.980232238769531e-07,2.682209014892578e-06,worse
bankchurners,natural,lr,adasyn@1.0,mcc,-0.0569982467758674,0.04,25,1.1920928955078125e-07,1.0728836059570312e-06,worse
bankchurners,natural,lr,adasyn@1.0,brier,-0.053367521541124494,0.0,25,5.960464477539063e-08,5.364418029785156e-07,worse
bankchurners,natural,lr,adasyn@1.0,prec_at_top,-0.02970297029702962,0.0,25,1.2223622842585624e-05,0.00011001260558327061,worse
bankchurners,natural,lr,adasyn@1.0,empc,-0.059816023223670634,0.28,25,0.0041751861572265625,0.03757667541503906,worse
bankchurners,natural,lr,class_weight,roc_auc,0.0009610859728508281,0.76,25,0.0010271072387695312,0.009243965148925781,better
bankchurners,natural,lr,class_weight,pr_auc,-0.01310101329236002,0.0,25,5.960464477539063e-08,5.364418029785156e-07,worse
bankchurners,natural,lr,class_weight,f1,-0.01837321427847327,0.16,25,0.0006313323974609375,0.00252532958984375,worse
bankchurners,natural,lr,class_weight,mcc,-0.03580769548620011,0.12,25,4.172325134277344e-06,2.5033950805664062e-05,worse
bankchurners,natural,lr,class_weight,brier,-0.039471329192705795,0.0,25,5.960464477539063e-08,5.364418029785156e-07,worse
bankchurners,natural,lr,class_weight,prec_at_top,-0.014778325123152691,0.08,25,0.00012025536114157618,0.0006012768057078809,worse
bankchurners,natural,lr,class_weight,empc,-0.009951054761336842,0.4,25,0.6338268518447876,1.0,no difference
bankchurners,natural,lr,dirichlet@1.0,roc_auc,-0.0005828220858895561,0.36,25,0.06670159101486206,0.3335079550743103,no difference
bankchurners,natural,lr,dirichlet@1.0,pr_auc,-0.012848172249994017,0.0,25,5.960464477539063e-08,5.364418029785156e-07,worse
bankchurners,natural,lr,dirichlet@1.0,f1,-0.007633151785896519,0.24,25,0.04215019941329956,0.04215019941329956,worse
bankchurners,natural,lr,dirichlet@1.0,mcc,-0.02552878178841378,0.16,25,0.00012022256851196289,0.00024044513702392578,worse
bankchurners,natural,lr,dirichlet@1.0,brier,-0.0325001695465604,0.0,25,5.960464477539063e-08,5.364418029785156e-07,worse
bankchurners,natural,lr,dirichlet@1.0,prec_at_top,-0.014851485148514754,0.08,25,0.00022571323792196137,0.0009028529516878455,worse
bankchurners,natural,lr,dirichlet@1.0,empc,-0.02820351629099882,0.32,25,0.10139739513397217,0.7097817659378052,no difference
bankchurners,natural,lr,easy_ensemble,roc_auc,0.0011909502262442695,0.68,25,0.0027848482131958008,0.019493937492370605,better
bankchurners,natural,lr,easy_ensemble,pr_auc,-0.012379132348288135,0.0,25,5.960464477539063e-08,5.364418029785156e-07,worse
bankchurners,natural,lr,easy_ensemble,f1,-0.021853146853146876,0.16,25,0.0008081197738647461,0.00252532958984375,worse
bankchurners,natural,lr,easy_ensemble,mcc,-0.038635162015822844,0.12,25,1.9669532775878906e-06,1.3768672943115234e-05,worse
bankchurners,natural,lr,easy_ensemble,brier,-0.0402941346767858,0.0,25,5.960464477539063e-08,5.364418029785156e-07,worse
bankchurners,natural,lr,easy_ensemble,prec_at_top,-0.00990099009900991,0.08,25,0.0006043653540467283,0.0012087307080934566,worse
bankchurners,natural,lr,easy_ensemble,empc,-0.005610948480301303,0.48,25,0.39571136236190796,1.0,no difference
bankchurners,natural,lr,ros@1.0,roc_auc,0.0008904977375564505,0.76,25,0.008822321891784668,0.05293393135070801,no difference
bankchurners,natural,lr,ros@1.0,pr_auc,-0.013087113242430393,0.0,25,5.960464477539063e-08,5.364418029785156e-07,worse
bankchurners,natural,lr,ros@1.0,f1,-0.019813519813519864,0.16,25,0.0004894733428955078,0.002447366714477539,worse
bankchurners,natural,lr,ros@1.0,mcc,-0.037247341985166105,0.12,25,4.172325134277344e-06,2.5033950805664062e-05,worse
bankchurners,natural,lr,ros@1.0,brier,-0.039690093069327206,0.0,25,5.960464477539063e-08,5.364418029785156e-07,worse
bankchurners,natural,lr,ros@1.0,prec_at_top,-0.014778325123152691,0.0,25,3.967883461171561e-05,0.0002502141252177712,worse
bankchurners,natural,lr,ros@1.0,empc,-0.02522193479572632,0.32,25,0.07547956705093384,0.6038365364074707,no difference
bankchurners,natural,lr,rus@1.0,roc_auc,0.00032659689642722256,0.56,25,0.5964998602867126,0.6918342113494873,no difference
bankchurners,natural,lr,rus@1.0,pr_auc,-0.013108312692703183,0.0,25,5.960464477539063e-08,5.364418029785156e-07,worse
bankchurners,natural,lr,rus@1.0,f1,-0.02527418500869838,0.16,25,0.000102996826171875,0.00061798095703125,worse
bankchurners,natural,lr,rus@1.0,mcc,-0.0407510261116949,0.12,25,1.4901161193847656e-06,1.1920928955078125e-05,worse
bankchurners,natural,lr,rus@1.0,brier,-0.04044718986134781,0.0,25,5.960464477539063e-08,5.364418029785156e-07,worse
bankchurners,natural,lr,rus@1.0,prec_at_top,-0.014851485148514754,0.12,25,0.00033873986888971957,0.0010162196066691588,worse
bankchurners,natural,lr,rus@1.0,empc,-0.019598771529525827,0.36,25,0.14847958087921143,0.8908774852752686,no difference
bankchurners,natural,lr,smote@0.5,roc_auc,0.00045791855203636267,0.8,25,0.0014527440071105957,0.011621952056884766,better
bankchurners,natural,lr,smote@0.5,pr_auc,-0.006865662017237262,0.04,25,1.1920928955078125e-07,5.364418029785156e-07,worse
bankchurners,natural,lr,smote@0.5,f1,0.01733503618561094,0.92,25,6.556510925292969e-06,4.589557647705078e-05,better
bankchurners,natural,lr,smote@0.5,mcc,0.003090375325581096,0.56,25,0.2751842737197876,0.2751842737197876,no difference
bankchurners,natural,lr,smote@0.5,brier,-0.011954946080960802,0.0,25,5.960464477539063e-08,5.364418029785156e-07,worse
bankchurners,natural,lr,smote@0.5,prec_at_top,-0.009852216748768461,0.28,25,0.007726101988976858,0.007726101988976858,worse
bankchurners,natural,lr,smote@0.5,empc,0.007013537986538587,0.56,25,0.978915274143219,1.0,no difference
bankchurners,natural,lr,smote@1.0,roc_auc,0.0003909502262444686,0.6,25,0.17295855283737183,0.6918342113494873,no difference
bankchurners,natural,lr,smote@1.0,pr_auc,-0.014312440752160427,0.0,25,5.960464477539063e-08,5.364418029785156e-07,worse
bankchurners,natural,lr,smote@1.0,f1,-0.02075410656623311,0.16,25,0.007370948791503906,0.014741897583007812,worse
bankchurners,natural,lr,smote@1.0,mcc,-0.032216976285939,0.16,25,2.2113323211669922e-05,8.845329284667969e-05,worse
bankchurners,natural,lr,smote@1.0,brier,-0.0358391114537291,0.0,25,5.960464477539063e-08,5.364418029785156e-07,worse
bankchurners,natural,lr,smote@1.0,prec_at_top,-0.014778325123152691,0.08,25,3.5744875031110174e-05,0.0002502141252177712,worse
bankchurners,natural,lr,smote@1.0,empc,-0.018146693743812392,0.44,25,0.4741646647453308,1.0,no difference
bankchurners,natural,lr,smote_enn@1.0,roc_auc,-0.00038794658967877815,0.4,25,0.17419078747320682,0.6918342113494873,no difference
bankchurners,natural,lr,smote_enn@1.0,pr_auc,-0.016763270099963368,0.0,25,5.960464477539063e-08,5.364418029785156e-07,worse
bankchurners,natural,lr,smote_enn@1.0,f1,-0.054502306482148044,0.08,25,2.980232238769531e-07,2.682209014892578e-06,worse
bankchurners,natural,lr,smote_enn@1.0,mcc,-0.06498830457138915,0.0,25,5.960464477539063e-08,5.960464477539062e-07,worse
bankchurners,natural,lr,smote_enn@1.0,brier,-0.0639853956094324,0.0,25,5.960464477539063e-08,5.364418029785156e-07,worse
bankchurners,natural,lr,smote_enn@1.0,prec_at_top,-0.029556650246305383,0.04,25,1.6602651274527975e-05,0.0001328212101962238,worse
bankchurners,natural,lr,smote_enn@1.0,empc,-0.01702257359155368,0.4,25,0.5601714849472046,1.0,no difference
bankchurners,natural,lr,threshold,roc_auc,0.0,0.0,25,,,no difference
bankchurners,natural,lr,threshold,pr_auc,0.0,0.0,25,,,no difference
bankchurners,natural,lr,threshold,f1,0.022383217238612474,0.96,25,1.1920928955078125e-07,1.1920928955078125e-06,better
bankchurners,natural,lr,threshold,mcc,0.011352318815623041,0.88,25,4.5418739318847656e-05,0.00013625621795654297,better
bankchurners,natural,lr,threshold,brier,0.0,0.0,25,,,no difference
bankchurners,natural,lr,threshold,prec_at_top,0.0,0.0,25,,,no difference
bankchurners,natural,lr,threshold,empc,0.0,0.0,25,,,no difference
bankchurners,natural,rf,adasyn@1.0,roc_auc,-0.00011728617827522214,0.48,25,0.8739878535270691,0.8739878535270691,no difference
bankchurners,natural,rf,adasyn@1.0,pr_auc,-0.006330542329867517,0.16,25,1.8298625946044922e-05,7.319450378417969e-05,worse
bankchurners,natural,rf,adasyn@1.0,f1,0.01817212525786338,0.96,25,1.1920928955078125e-07,8.344650268554688e-07,better
bankchurners,natural,rf,adasyn@1.0,mcc,0.013634792134731955,0.84,25,2.2113323211669922e-05,8.845329284667969e-05,better
bankchurners,natural,rf,adasyn@1.0,brier,-0.0027181809759812964,0.0,25,5.960464477539063e-08,5.960464477539062e-07,worse
bankchurners,natural,rf,adasyn@1.0,prec_at_top,-0.0049261083743842304,0.08,25,0.0028431415137717504,0.00852942454131525,worse
bankchurners,natural,rf,adasyn@1.0,empc,-0.03869252776789356,0.44,25,0.2751842737197876,0.5503685474395752,no difference
bankchurners,natural,rf,class_weight,roc_auc,0.00033665158371043447,0.64,25,0.12664812803268433,0.379944384098053,no difference
bankchurners,natural,rf,class_weight,pr_auc,-0.0045565998610871405,0.16,25,2.664327621459961e-05,7.992982864379883e-05,worse
bankchurners,natural,rf,class_weight,f1,0.00828510182207931,0.72,25,0.000429689884185791,0.000429689884185791,better
bankchurners,natural,rf,class_weight,mcc,0.006372811560582559,0.64,25,0.017312347888946533,0.017312347888946533,better
bankchurners,natural,rf,class_weight,brier,-4.5099970808697154e-05,0.48,25,0.7711594104766846,1.0,no difference
bankchurners,natural,rf,class_weight,prec_at_top,-0.009852216748768572,0.08,25,0.00017160819281366964,0.0008580409640683482,worse
bankchurners,natural,rf,class_weight,empc,0.03286002472435179,0.72,25,0.010510802268981934,0.042043209075927734,better
bankchurners,natural,rf,dirichlet@1.0,roc_auc,-0.002928545651389558,0.0,25,5.960464477539063e-08,5.960464477539062e-07,worse
bankchurners,natural,rf,dirichlet@1.0,pr_auc,-0.01690814957703346,0.0,25,5.960464477539063e-08,5.960464477539062e-07,worse
bankchurners,natural,rf,dirichlet@1.0,f1,-0.020905077262693084,0.0,25,5.960464477539063e-08,5.960464477539062e-07,worse
bankchurners,natural,rf,dirichlet@1.0,mcc,-0.025071243704276047,0.0,25,5.960464477539063e-08,5.960464477539062e-07,worse
bankchurners,natural,rf,dirichlet@1.0,brier,-0.004676880958553703,0.0,25,5.960464477539063e-08,5.960464477539062e-07,worse
bankchurners,natural,rf,dirichlet@1.0,prec_at_top,-0.01970443349753681,0.0,25,1.8179489321282247e-05,0.00012725642524897572,worse
bankchurners,natural,rf,dirichlet@1.0,empc,-0.1067648775289829,0.0,25,5.960464477539063e-08,5.960464477539062e-07,worse
bankchurners,natural,rf,easy_ensemble,roc_auc,-0.0031239819004523772,0.0,25,5.960464477539063e-08,5.960464477539062e-07,worse
bankchurners,natural,rf,easy_ensemble,pr_auc,-0.0193534143701386,0.0,25,5.960464477539063e-08,5.960464477539062e-07,worse
bankchurners,natural,rf,easy_ensemble,f1,-0.02544055433026493,0.08,25,1.5079975128173828e-05,3.0219554901123047e-05,worse
bankchurners,natural,rf,easy_ensemble,mcc,-0.03195902952308116,0.08,25,1.4901161193847656e-06,8.940696716308594e-06,worse
bankchurners,natural,rf,easy_ensemble,brier,-0.024792921942280305,0.0,25,5.960464477539063e-08,5.960464477539062e-07,worse
bankchurners,natural,rf,easy_ensemble,prec_at_top,-0.024630541871921263,0.0,25,1.2212534653800161e-05,0.00012157215047642698,worse
bankchurners,natural,rf,easy_ensemble,empc,-0.11165552261960876,0.0,25,5.960464477539063e-08,5.960464477539062e-07,worse
bankchurners,natural,rf,ros@1.0,roc_auc,0.0009085972850678692,0.84,25,6.365776062011719e-05,0.0003819465637207031,better
bankchurners,natural,rf,ros@1.0,pr_auc,-0.0005489020388668164,0.48,25,0.3809836506843567,0.43997275829315186,no difference
bankchurners,natural,rf,ros@1.0,f1,0.02520036705228379,1.0,25,5.960464477539063e-08,5.960464477539062e-07,better
bankchurners,natural,rf,ros@1.0,mcc,0.022457035676038184,0.96,25,1.7881393432617188e-07,1.2516975402832031e-06,better
bankchurners,natural,rf,ros@1.0,brier,0.0013105947036661028,0.92,25,4.5418739318847656e-05,0.00018167495727539062,better
bankchurners,natural,rf,ros@1.0,prec_at_top,-0.0049261083743842304,0.2,25,0.019732036968394286,0.03946407393678857,worse
bankchurners,natural,rf,ros@1.0,empc,0.056444529426221024,0.8,25,0.00012022256851196289,0.0007213354110717773,better
bankchurners,natural,rf,rus@1.0,roc_auc,-0.004041862143630448,0.0,25,5.960464477539063e-08,5.960464477539062e-07,worse
bankchurners,natural,rf,rus@1.0,pr_auc,-0.025399848153006443,0.0,25,5.960464477539063e-08,5.960464477539062e-07,worse
bankchurners,natural,rf,rus@1.0,f1,-0.03130100269239444,0.08,25,1.9669532775878906e-06,9.834766387939453e-06,worse
bankchurners,natural,rf,rus@1.0,mcc,-0.03879823219844114,0.04,25,1.4901161193847656e-06,8.940696716308594e-06,worse
bankchurners,natural,rf,rus@1.0,brier,-0.026103367022013303,0.0,25,5.960464477539063e-08,5.960464477539062e-07,worse
bankchurners,natural,rf,rus@1.0,prec_at_top,-0.03448275862068961,0.0,25,1.2157215047642698e-05,0.00012157215047642698,worse
bankchurners,natural,rf,rus@1.0,empc,-0.14420168389265342,0.0,25,5.960464477539063e-08,5.960464477539062e-07,worse
bankchurners,natural,rf,smote@0.5,roc_auc,-0.0002959220498016668,0.28,25,0.02550506591796875,0.102020263671875,no difference
bankchurners,natural,rf,smote@0.5,pr_auc,-0.005313390984952537,0.0,25,5.960464477539063e-08,5.960464477539062e-07,worse
bankchurners,natural,rf,smote@0.5,f1,0.012805474095796687,0.92,25,1.0073184967041016e-05,3.0219554901123047e-05,better
bankchurners,natural,rf,smote@0.5,mcc,0.009243056815795625,0.76,25,0.0005564093589782715,0.001289069652557373,better
bankchurners,natural,rf,smote@0.5,brier,-0.0004218454490186041,0.28,25,0.002025127410888672,0.006075382232666016,worse
bankchurners,natural,rf,smote@0.5,prec_at_top,-0.00985221674876835,0.12,25,0.0016885456987832165,0.006754182795132866,worse
bankchurners,natural,rf,smote@0.5,empc,-0.012820558880830113,0.4,25,0.312333345413208,0.5503685474395752,no difference
bankchurners,natural,rf,smote@1.0,roc_auc,-0.001227149321266996,0.2,25,7.49826431274414e-05,0.0003819465637207031,worse
bankchurners,natural,rf,smote@1.0,pr_auc,-0.009810120598158112,0.0,25,5.960464477539063e-08,5.960464477539062e-07,worse
bankchurners,natural,rf,smote@1.0,f1,0.014053208137715156,0.92,25,4.172325134277344e-06,1.6689300537109375e-05,better
bankchurners,natural,rf,smote@1.0,mcc,0.010650734629915615,0.8,25,0.000429689884185791,0.001289069652557373,better
bankchurners,natural,rf,smote@1.0,brier,-0.0022534319891537036,0.0,25,5.960464477539063e-08,5.960464477539062e-07,worse
bankchurners,natural,rf,smote@1.0,prec_at_top,-0.014778325123152691,0.04,25,5.202050382842924e-05,0.00031212302297057545,worse
bankchurners,natural,rf,smote@1.0,empc,-0.03343250232497752,0.2,25,0.001625359058380127,0.008126795291900635,worse
bankchurners,natural,rf,smote_enn@1.0,roc_auc,-0.00976832579185516,0.0,25,5.960464477539063e-08,5.960464477539062e-07,worse
bankchurners,natural,rf,smote_enn@1.0,pr_auc,-0.05640848386600128,0.0,25,5.960464477539063e-08,5.960464477539062e-07,worse
bankchurners,natural,rf,smote_enn@1.0,f1,-0.03727094487595206,0.04,25,1.7881393432617188e-07,1.0728836059570312e-06,worse
bankchurners,natural,rf,smote_enn@1.0,mcc,-0.05227802923284619,0.04,25,1.1920928955078125e-07,9.5367431640625e-07,worse
bankchurners,natural,rf,smote_enn@1.0,brier,-0.0180126505308687,0.0,25,5.960464477539063e-08,5.960464477539062e-07,worse
bankchurners,natural,rf,smote_enn@1.0,prec_at_top,-0.06403940886699522,0.0,25,1.2212534653800161e-05,0.00012157215047642698,worse
bankchurners,natural,rf,smote_enn@1.0,empc,-0.3112169094650641,0.0,25,5.960464477539063e-08,5.960464477539062e-07,worse
bankchurners,natural,rf,threshold,roc_auc,-9.02201371366651e-06,0.48,25,0.20993918180465698,0.41987836360931396,no difference
bankchurners,natural,rf,threshold,pr_auc,-0.0001223962666048184,0.4,25,0.21998637914657593,0.43997275829315186,no difference
bankchurners,natural,rf,threshold,f1,0.02393219468344676,1.0,25,5.960464477539063e-08,5.960464477539062e-07,better
bankchurners,natural,rf,threshold,mcc,0.021793906651652484,1.0,25,5.960464477539063e-08,5.960464477539062e-07,better
bankchurners,natural,rf,threshold,brier,5.437004824320607e-05,0.56,25,0.6528410911560059,1.0,no difference
bankchurners,natural,rf,threshold,prec_at_top,0.0,0.4,25,0.8369078122513285,0.8369078122513285,no difference
bankchurners,natural,rf,threshold,empc,0.011995007604880925,0.72,25,0.10731470584869385,0.32194411754608154,no difference
bankchurners,natural,xgb,adasyn@1.0,roc_auc,-0.00041085972850662955,0.2,25,0.0006313323974609375,0.003787994384765625,worse
bankchurners,natural,xgb,adasyn@1.0,pr_auc,-0.00193453231418661,0.2,25,6.365776062011719e-05,0.0003819465637207031,worse
bankchurners,natural,xgb,adasyn@1.0,f1,-0.0016196067690037452,0.36,25,0.2751842737197876,0.5503685474395752,no difference
bankchurners,natural,xgb,adasyn@1.0,mcc,-0.0022980585623700867,0.32,25,0.0801958441734314,0.2405875325202942,no difference
bankchurners,natural,xgb,adasyn@1.0,brier,-0.000681739398535601,0.24,25,0.0005564093589782715,0.003338456153869629,worse
bankchurners,natural,xgb,adasyn@1.0,prec_at_top,0.0,0.24,25,0.4881345790383613,1.0,no difference
bankchurners,natural,xgb,adasyn@1.0,empc,-0.05421668962253712,0.12,25,1.8298625946044922e-05,0.00012809038162231445,worse
bankchurners,natural,xgb,class_weight,roc_auc,-3.2579185520464904e-05,0.48,25,0.7509929537773132,1.0,no difference
bankchurners,natural,xgb,class_weight,pr_auc,-0.00031985539839629595,0.36,25,0.2996123433113098,0.8988370299339294,no difference
bankchurners,natural,xgb,class_weight,f1,-0.0031838067130398606,0.36,25,0.0626264214515686,0.313132107257843,no difference
bankchurners,natural,xgb,class_weight,mcc,-0.004928019219200719,0.36,25,0.023649930953979492,0.11824965476989746,no difference
bankchurners,natural,xgb,class_weight,brier,-0.0010681987713407025,0.16,25,0.0003764033317565918,0.0026348233222961426,worse
bankchurners,natural,xgb,class_weight,prec_at_top,0.0,0.36,25,0.4365064901831438,1.0,no difference
bankchurners,natural,xgb,class_weight,empc,0.007398943301058836,0.56,25,0.312333345413208,0.937000036239624,no difference
bankchurners,natural,xgb,dirichlet@1.0,roc_auc,-3.07692307691676e-05,0.48,25,0.5964998602867126,1.0,no difference
bankchurners,natural,xgb,dirichlet@1.0,pr_auc,-1.610255337292088e-05,0.48,25,0.49078595638275146,0.9815719127655029,no difference
bankchurners,natural,xgb,dirichlet@1.0,f1,0.0017197592337071521,0.76,25,0.11608313373865504,0.34824940121596515,no difference
bankchurners,natural,xgb,dirichlet@1.0,mcc,0.001943590622014657,0.72,25,0.17931823604537578,0.32899224758148193,no difference
bankchurners,natural,xgb,dirichlet@1.0,brier,-0.00015232078579729968,0.36,25,0.7111607789993286,1.0,no difference
bankchurners,natural,xgb,dirichlet@1.0,prec_at_top,0.0,0.32,25,0.3468342064194856,1.0,no difference
bankchurners,natural,xgb,dirichlet@1.0,empc,-0.005689090130170271,0.36,25,0.06670159101486206,0.26680636405944824,no difference
bankchurners,natural,xgb,easy_ensemble,roc_auc,-0.0005792132804040007,0.04,25,4.172325134277344e-07,3.337860107421875e-06,worse
bankchurners,natural,xgb,easy_ensemble,pr_auc,-0.003389639814430634,0.12,25,1.1324882507324219e-06,9.059906005859375e-06,worse
bankchurners,natural,xgb,easy_ensemble,f1,-0.04183402636468203,0.0,25,5.960464477539063e-08,5.960464477539062e-07,worse
bankchurners,natural,xgb,easy_ensemble,mcc,-0.04789892107100724,0.0,25,5.960464477539063e-08,5.960464477539062e-07,worse
bankchurners,natural,xgb,easy_ensemble,brier,-0.011547863578749401,0.0,25,5.960464477539063e-08,5.960464477539062e-07,worse
bankchurners,natural,xgb,easy_ensemble,prec_at_top,0.0,0.16,25,0.10811244214965425,0.7567870950475798,no difference
bankchurners,natural,xgb,easy_ensemble,empc,-0.061870591103867056,0.16,25,1.233816146850586e-05,9.870529174804688e-05,worse
bankchurners,natural,xgb,ros@1.0,roc_auc,7.963800904975393e-05,0.56,25,0.24106645584106445,0.9642658233642578,no difference
bankchurners,natural,xgb,ros@1.0,pr_auc,6.541579075647341e-06,0.52,25,0.7711594104766846,0.9815719127655029,no difference
bankchurners,natural,xgb,ros@1.0,f1,-0.0017688503162107683,0.4,25,0.33878785371780396,0.5503685474395752,no difference
bankchurners,natural,xgb,ros@1.0,mcc,-0.003074241752242135,0.4,25,0.16449612379074097,0.32899224758148193,no difference
bankchurners,natural,xgb,ros@1.0,brier,-0.0010665932891470997,0.2,25,0.010510802268981934,0.042043209075927734,worse
bankchurners,natural,xgb,ros@1.0,prec_at_top,0.0,0.32,25,0.07739155763790306,0.6191324611032245,no difference
bankchurners,natural,xgb,ros@1.0,empc,0.010858711205370852,0.56,25,0.6915188431739807,1.0,no difference
bankchurners,natural,xgb,rus@1.0,roc_auc,-0.001795475113121947,0.0,25,5.960464477539063e-08,5.960464477539062e-07,worse
bankchurners,natural,xgb,rus@1.0,pr_auc,-0.01022122169606765,0.0,25,5.960464477539063e-08,5.960464477539062e-07,worse
bankchurners,natural,xgb,rus@1.0,f1,-0.04492455418381358,0.0,25,5.960464477539063e-08,5.960464477539062e-07,worse
bankchurners,natural,xgb,rus@1.0,mcc,-0.0504687697490771,0.0,25,5.960464477539063e-08,5.960464477539062e-07,worse
bankchurners,natural,xgb,rus@1.0,brier,-0.014217084705284704,0.0,25,5.960464477539063e-08,5.960464477539062e-07,worse
bankchurners,natural,xgb,rus@1.0,prec_at_top,-0.0049261083743842304,0.08,25,0.005471958895234066,0.0492476300571066,worse
bankchurners,natural,xgb,rus@1.0,empc,-0.10631083781201411,0.0,25,5.960464477539063e-08,5.960464477539062e-07,worse
bankchurners,natural,xgb,smote@0.5,roc_auc,-0.000400577408877667,0.28,25,0.0050716400146484375,0.025358200073242188,worse
bankchurners,natural,xgb,smote@0.5,pr_auc,-0.0015794483055080466,0.2,25,0.00021690130233764648,0.0010845065116882324,worse
bankchurners,natural,xgb,smote@0.5,f1,-0.0030954538925950237,0.36,25,0.08513903617858887,0.34055614471435547,no difference
bankchurners,natural,xgb,smote@0.5,mcc,-0.004656977846245969,0.36,25,0.034173786640167236,0.13669514656066895,no difference
bankchurners,natural,xgb,smote@0.5,brier,-0.0004679916804019024,0.32,25,0.017312347888946533,0.0519370436668396,no difference
bankchurners,natural,xgb,smote@0.5,prec_at_top,0.0,0.2,25,0.2651296265188383,1.0,no difference
bankchurners,natural,xgb,smote@0.5,empc,-0.02580720620991883,0.32,25,0.0050716400146484375,0.025358200073242188,worse
bankchurners,natural,xgb,smote@1.0,roc_auc,-0.0005557560447492227,0.16,25,0.00021690130233764648,0.0015183091163635254,worse
bankchurners,natural,xgb,smote@1.0,pr_auc,-0.0018422377958293712,0.12,25,2.664327621459961e-05,0.00018650293350219727,worse
bankchurners,natural,xgb,smote@1.0,f1,-0.005599550889263116,0.36,25,0.007370948791503906,0.051596641540527344,no difference
bankchurners,natural,xgb,smote@1.0,mcc,-0.006833636493417616,0.32,25,0.002255260944366455,0.015786826610565186,worse
bankchurners,natural,xgb,smote@1.0,brier,-0.0007540826026582979,0.16,25,0.0006313323974609375,0.003338456153869629,worse
bankchurners,natural,xgb,smote@1.0,prec_at_top,0.0,0.32,25,0.9551784900009875,1.0,no difference
bankchurners,natural,xgb,smote@1.0,empc,-0.04256076225873784,0.16,25,0.00018787384033203125,0.0011272430419921875,worse
bankchurners,natural,xgb,smote_enn@1.0,roc_auc,-0.005277878022374338,0.0,25,5.960464477539063e-08,5.960464477539062e-07,worse
bankchurners,natural,xgb,smote_enn@1.0,pr_auc,-0.025377876539191324,0.0,25,5.960464477539063e-08,5.960464477539062e-07,worse
bankchurners,natural,xgb,smote_enn@1.0,f1,-0.0598364184244512,0.0,25,5.960464477539063e-08,5.960464477539062e-07,worse
bankchurners,natural,xgb,smote_enn@1.0,mcc,-0.06986722231266085,0.0,25,5.960464477539063e-08,5.960464477539062e-07,worse
bankchurners,natural,xgb,smote_enn@1.0,brier,-0.0176193894665007,0.0,25,5.960464477539063e-08,5.960464477539062e-07,worse
bankchurners,natural,xgb,smote_enn@1.0,prec_at_top,-0.019704433497537033,0.0,25,1.801904781332759e-05,0.00018019047813327589,worse
bankchurners,natural,xgb,smote_enn@1.0,empc,-0.24571056639132394,0.0,25,5.960464477539063e-08,5.960464477539062e-07,worse
bankchurners,natural,xgb,threshold,roc_auc,-3.9819004524876966e-05,0.48,25,0.457846462726593,1.0,no difference
bankchurners,natural,xgb,threshold,pr_auc,-0.00022891407799818797,0.36,25,0.14847958087921143,0.5939183235168457,no difference
bankchurners,natural,xgb,threshold,f1,-0.0016563146997928824,0.36,25,0.018744707107543945,0.11246824264526367,no difference
bankchurners,natural,xgb,threshold,mcc,-0.002996796757278597,0.24,25,0.004604637622833252,0.02762782573699951,worse
bankchurners,natural,xgb,threshold,brier,-2.1182062251899614e-05,0.48,25,0.5601714849472046,1.0,no difference
bankchurners,natural,xgb,threshold,prec_at_top,0.0,0.28,25,0.4406478971233142,1.0,no difference
bankchurners,natural,xgb,threshold,empc,-0.002344052251487483,0.44,25,0.8531995415687561,1.0,no difference
iranian,0.02,hgb,adasyn@1.0,roc_auc,0.010614620784112239,0.76,25,0.005578815937042236,0.02789407968521118,better
iranian,0.02,hgb,adasyn@1.0,pr_auc,0.021610022591991074,0.6,25,0.7111607789993286,0.7111607789993286,no difference
iranian,0.02,hgb,adasyn@1.0,f1,0.04166666666666663,0.56,25,0.4236398394807208,0.8230063725842365,no difference
iranian,0.02,hgb,adasyn@1.0,mcc,0.0002121093349244374,0.52,25,0.8611559780689877,1.0,no difference
iranian,0.02,hgb,adasyn@1.0,brier,-0.0018216071644560003,0.28,25,0.03933870792388916,0.1966935396194458,no difference
iranian,0.02,hgb,adasyn@1.0,prec_at_top,0.0,0.24,25,0.5055707258803321,1.0,no difference
iranian,0.02,hgb,adasyn@1.0,empc,-0.02029520295202958,0.44,25,0.2751842737197876,0.8255528211593628,no difference
iranian,0.02,hgb,class_weight,roc_auc,0.0,0.48,25,0.9316935455667716,1.0,no difference
iranian,0.02,hgb,class_weight,pr_auc,-0.010741158983345045,0.36,25,0.1134914755821228,0.3041921854019165,no difference
iranian,0.02,hgb,class_weight,f1,0.022222222222222254,0.56,25,0.0298290379406944,0.14914518970347201,no difference
iranian,0.02,hgb,class_weight,mcc,0.0,0.44,25,0.33915541347158473,1.0,no difference
iranian,0.02,hgb,class_weight,brier,-0.00011292020969329991,0.48,25,0.8948604464530945,1.0,no difference
iranian,0.02,hgb,class_weight,prec_at_top,0.0,0.16,25,0.8292484591829462,1.0,no difference
iranian,0.02,hgb,class_weight,empc,-0.022356737169615615,0.28,25,0.03827234656769827,0.19136173283849134,no difference
iranian,0.02,hgb,dirichlet@1.0,roc_auc,0.004964903269987997,0.72,25,0.002507925033569336,0.015642042558122245,better
iranian,0.02,hgb,dirichlet@1.0,pr_auc,0.03587033714165544,0.76,25,0.010510802268981934,0.0630648136138916,no difference
iranian,0.02,hgb,dirichlet@1.0,f1,0.07843137254901955,0.72,25,0.010995017215527,0.076965120508689,no difference
iranian,0.02,hgb,dirichlet@1.0,mcc,0.05964014403151219,0.68,25,0.03967248626597541,0.23803491759585244,no difference
iranian,0.02,hgb,dirichlet@1.0,brier,0.0010563942699876993,0.76,25,0.0626264214515686,0.2505056858062744,no difference
iranian,0.02,hgb,dirichlet@1.0,prec_at_top,0.0,0.36,25,0.10734839623319099,0.7514387736323369,no difference
iranian,0.02,hgb,dirichlet@1.0,empc,0.029309736139921605,0.72,25,0.02747941017150879,0.16487646102905273,no difference
iranian,0.02,hgb,easy_ensemble,roc_auc,-0.041996233521657156,0.24,25,0.000429689884185791,0.003437519073486328,worse
iranian,0.02,hgb,easy_ensemble,pr_auc,-0.23700443772700686,0.04,25,1.7881393432617188e-07,1.430511474609375e-06,worse
iranian,0.02,hgb,easy_ensemble,f1,-0.4491048593350384,0.0,25,5.960464477539063e-08,5.960464477539062e-07,worse
iranian,0.02,hgb,easy_ensemble,mcc,-0.3926570040556555,0.0,25,5.960464477539063e-08,5.960464477539062e-07,worse
iranian,0.02,hgb,easy_ensemble,brier,-0.11302937046234289,0.0,25,5.960464477539063e-08,5.364418029785156e-07,worse
iranian,0.02,hgb,easy_ensemble,prec_at_top,-0.03703703703703698,0.04,25,7.404797761150473e-05,0.0005923838208920379,worse
iranian,0.02,hgb,easy_ensemble,empc,-0.28707133189897427,0.04,25,1.1920928955078125e-07,9.5367431640625e-07,worse
iranian,0.02,hgb,ros@1.0,roc_auc,0.0029104605375792625,0.56,25,0.6915188431739807,1.0,no difference
iranian,0.02,hgb,ros@1.0,pr_auc,0.02185754284400343,0.68,25,0.02550506591796875,0.10954171419143677,no difference
iranian,0.02,hgb,ros@1.0,f1,0.11184210526315785,0.76,25,0.0019177427511170991,0.015341942008936793,better
iranian,0.02,hgb,ros@1.0,mcc,0.07147859599720141,0.76,25,0.004247498648934921,0.03397998919147937,better
iranian,0.02,hgb,ros@1.0,brier,0.0016241182359591003,0.72,25,0.017312347888946533,0.1038740873336792,no difference
iranian,0.02,hgb,ros@1.0,prec_at_top,0.0,0.12,25,0.49459932738312373,1.0,no difference
iranian,0.02,hgb,ros@1.0,empc,-0.005440760360074903,0.44,25,0.7309892177581787,1.0,no difference
iranian,0.02,hgb,rus@1.0,roc_auc,-0.07467043314500921,0.08,25,5.960464477539062e-07,5.364418029785156e-06,worse
iranian,0.02,hgb,rus@1.0,pr_auc,-0.4458526435709795,0.0,25,5.960464477539063e-08,5.364418029785156e-07,worse
iranian,0.02,hgb,rus@1.0,f1,-0.4600301659125189,0.0,25,5.960464477539063e-08,5.960464477539062e-07,worse
iranian,0.02,hgb,rus@1.0,mcc,-0.42429705239977605,0.0,25,5.960464477539063e-08,5.960464477539062e-07,worse
iranian,0.02,hgb,rus@1.0,brier,-0.1335124685732825,0.0,25,5.960464477539063e-08,5.364418029785156e-07,worse
iranian,0.02,hgb,rus@1.0,prec_at_top,-0.03703703703703701,0.04,25,2.06514283012907e-05,0.0001858628547116163,worse
iranian,0.02,hgb,rus@1.0,empc,-0.5427121858484867,0.0,25,5.960464477539063e-08,5.364418029785156e-07,worse
iranian,0.02,hgb,smote@0.5,roc_auc,0.011470638589282656,0.72,25,0.002234577508303178,0.015642042558122245,better
iranian,0.02,hgb,smote@0.5,pr_auc,0.029303755646926444,0.68,25,0.021908342838287354,0.10954171419143677,no difference
iranian,0.02,hgb,smote@0.5,f1,0.056022408963585346,0.68,25,0.015153259504322706,0.09091955702593624,no difference
iranian,0.02,hgb,smote@0.5,mcc,0.030935635703452424,0.6,25,0.10338617456738618,0.5169308728369308,no difference
iranian,0.02,hgb,smote@0.5,brier,-0.0004681647580550008,0.44,25,0.8119303584098816,1.0,no difference
iranian,0.02,hgb,smote@0.5,prec_at_top,0.0,0.36,25,0.17554744858249915,1.0,no difference
iranian,0.02,hgb,smote@0.5,empc,0.022021883456662894,0.68,25,0.07547956705093384,0.30191826820373535,no difference
iranian,0.02,hgb,smote@1.0,roc_auc,0.00787536380756726,0.64,25,0.017719471291181378,0.07087788516472551,no difference
iranian,0.02,hgb,smote@1.0,pr_auc,0.012099809201048695,0.68,25,0.10139739513397217,0.3041921854019165,no difference
iranian,0.02,hgb,smote@1.0,f1,0.04166666666666663,0.68,25,0.11545842288590577,0.3463752686577173,no difference
iranian,0.02,hgb,smote@1.0,mcc,0.0092525335725121,0.56,25,0.5964998602867126,1.0,no difference
iranian,0.02,hgb,smote@1.0,brier,-0.0014731427204331994,0.4,25,0.2002161741256714,0.6006485223770142,no difference
iranian,0.02,hgb,smote@1.0,prec_at_top,0.0,0.2,25,0.5716076449533316,1.0,no difference
iranian,0.02,hgb,smote@1.0,empc,0.0,0.48,25,0.9316935455667716,1.0,no difference
iranian,0.02,hgb,smote_enn@1.0,roc_auc,0.006163328197226425,0.52,25,0.17295855283737183,0.5188756585121155,no difference
iranian,0.02,hgb,smote_enn@1.0,pr_auc,-0.062186436320399,0.32,25,0.008822321891784668,0.061756253242492676,no difference
iranian,0.02,hgb,smote_enn@1.0,f1,-0.05777777777777782,0.28,25,0.0626264214515686,0.2505056858062744,no difference
iranian,0.02,hgb,smote_enn@1.0,mcc,-0.06739550209702605,0.2,25,0.0067255496978759766,0.047078847885131836,worse
iranian,0.02,hgb,smote_enn@1.0,brier,-0.010246647096754,0.0,25,5.960464477539063e-08,5.364418029785156e-07,worse
iranian,0.02,hgb,smote_enn@1.0,prec_at_top,0.0,0.24,25,0.3572725590318748,1.0,no difference
iranian,0.02,hgb,smote_enn@1.0,empc,-0.10414000366765541,0.32,25,0.0010271072387695312,0.007189750671386719,worse
iranian,0.02,hgb,threshold,roc_auc,0.0,0.0,25,,,no difference
iranian,0.02,hgb,threshold,pr_auc,0.0,0.0,25,,,no difference
iranian,0.02,hgb,threshold,f1,0.0060606060606061,0.56,25,0.41150318629211824,0.8230063725842365,no difference
iranian,0.02,hgb,threshold,mcc,0.0,0.44,25,0.975734716867293,1.0,no difference
iranian,0.02,hgb,threshold,brier,0.0,0.0,25,,,no difference
iranian,0.02,hgb,threshold,prec_at_top,0.0,0.0,25,,,no difference
iranian,0.02,hgb,threshold,empc,0.0,0.0,25,,,no difference
iranian,0.02,lgbm,adasyn@1.0,roc_auc,0.005820921075158414,0.72,25,0.02027493715286255,0.08139577376059699,no difference
iranian,0.02,lgbm,adasyn@1.0,pr_auc,-0.01764023210831711,0.4,25,0.33878785371780396,1.0,no difference
iranian,0.02,lgbm,adasyn@1.0,f1,0.006578947368421018,0.52,25,0.45927539698341824,1.0,no difference
iranian,0.02,lgbm,adasyn@1.0,mcc,-0.02741420224879776,0.44,25,0.5997858319647831,1.0,no difference
iranian,0.02,lgbm,adasyn@1.0,brier,-0.0009846964408116998,0.28,25,0.04826241731643677,0.2895745038986206,no difference
iranian,0.02,lgbm,adasyn@1.0,prec_at_top,0.0,0.24,25,0.2772892580884726,0.8318677742654178,no difference
iranian,0.02,lgbm,adasyn@1.0,empc,0.022318354972218235,0.56,25,0.978915274143219,1.0,no difference
iranian,0.02,lgbm,class_weight,roc_auc,-0.000856017805170417,0.36,25,0.1887500729032935,0.5662502187098805,no difference
iranian,0.02,lgbm,class_weight,pr_auc,0.010604298801973222,0.56,25,0.15633821487426758,0.8908774852752686,no difference
iranian,0.02,lgbm,class_weight,f1,0.05555555555555558,0.52,25,0.007001516070429908,0.05601212856343926,no difference
iranian,0.02,lgbm,class_weight,mcc,0.04204307452267286,0.52,25,0.04009519453689733,0.2962785486697136,no difference
iranian,0.02,lgbm,class_weight,brier,0.000670103562576501,0.8,25,0.02550506591796875,0.17853546142578125,no difference
iranian,0.02,lgbm,class_weight,prec_at_top,0.0,0.0,25,0.31731050786291415,0.8318677742654178,no difference
iranian,0.02,lgbm,class_weight,empc,0.0,0.44,25,0.32188434536878685,1.0,no difference
iranian,0.02,lgbm,dirichlet@1.0,roc_auc,0.0046224961479199855,0.72,25,0.011453330516815186,0.08139577376059699,no difference
iranian,0.02,lgbm,dirichlet@1.0,pr_auc,-0.01345287136168083,0.4,25,0.14847958087921143,0.8908774852752686,no difference
iranian,0.02,lgbm,dirichlet@1.0,f1,0.022222222222222254,0.52,25,0.36150485578872893,1.0,no difference
iranian,0.02,lgbm,dirichlet@1.0,mcc,0.0,0.48,25,0.8791279663822171,1.0,no difference
iranian,0.02,lgbm,dirichlet@1.0,brier,-0.0004596776197349998,0.44,25,0.0801958441734314,0.400979220867157,no difference
iranian,0.02,lgbm,dirichlet@1.0,prec_at_top,0.0,0.2,25,0.07154597258900632,0.4292758355340379,no difference
iranian,0.02,lgbm,dirichlet@1.0,empc,-0.013099367678051865,0.44,25,0.7509929537773132,1.0,no difference
iranian,0.02,lgbm,easy_ensemble,roc_auc,-0.06986817325800376,0.12,25,4.172325134277344e-06,3.7550926208496094e-05,worse
iranian,0.02,lgbm,easy_ensemble,pr_auc,-0.36107125928176226,0.0,25,5.960464477539063e-08,5.960464477539062e-07,worse
iranian,0.02,lgbm,easy_ensemble,f1,-0.5098920863309353,0.0,25,5.960464477539063e-08,5.960464477539062e-07,worse
iranian,0.02,lgbm,easy_ensemble,mcc,-0.44758134398108507,0.0,25,5.960464477539063e-08,5.960464477539062e-07,worse
iranian,0.02,lgbm,easy_ensemble,brier,-0.13036546098863,0.0,25,5.960464477539063e-08,5.960464477539062e-07,worse
iranian,0.02,lgbm,easy_ensemble,prec_at_top,-0.03703703703703698,0.0,25,8.670731863656777e-05,0.0007803658677291099,worse
iranian,0.02,lgbm,easy_ensemble,empc,-0.3826989264949209,0.0,25,5.960464477539063e-08,5.960464477539062e-07,worse
iranian,0.02,lgbm,ros@1.0,roc_auc,-0.0015408320493067729,0.32,25,0.016270914794374737,0.08139577376059699,no difference
iranian,0.02,lgbm,ros@1.0,pr_auc,-0.016095908853790697,0.28,25,0.09031611680984497,0.6322128176689148,no difference
iranian,0.02,lgbm,ros@1.0,f1,0.027272727272727337,0.6,25,0.12693820612406437,0.6346910306203218,no difference
iranian,0.02,lgbm,ros@1.0,mcc,0.023356691181753986,0.6,25,0.42631500748255813,1.0,no difference
iranian,0.02,lgbm,ros@1.0,brier,-0.0005016938815845997,0.4,25,0.4741646647453308,1.0,no difference
iranian,0.02,lgbm,ros@1.0,prec_at_top,0.0,0.0,25,0.013874405883025447,0.11099524706420358,no difference
iranian,0.02,lgbm,ros@1.0,empc,-0.023083470191061384,0.24,25,0.0030878782272338867,0.022278785705566406,worse
iranian,0.02,lgbm,rus@1.0,roc_auc,-0.08816983393254585,0.04,25,1.7881393432617188e-07,1.7881393432617188e-06,worse
iranian,0.02,lgbm,rus@1.0,pr_auc,-0.5540557725897466,0.0,25,5.960464477539063e-08,5.960464477539062e-07,worse
iranian,0.02,lgbm,rus@1.0,f1,-0.5164710336993563,0.0,25,5.960464477539063e-08,5.960464477539062e-07,worse
iranian,0.02,lgbm,rus@1.0,mcc,-0.44312918958035363,0.0,25,5.960464477539063e-08,5.960464477539062e-07,worse
iranian,0.02,lgbm,rus@1.0,brier,-0.1558036975216266,0.0,25,5.960464477539063e-08,5.960464477539062e-07,worse
iranian,0.02,lgbm,rus@1.0,prec_at_top,-0.0555555555555555,0.0,25,1.7527103167749165e-05,0.00017527103167749164,worse
iranian,0.02,lgbm,rus@1.0,empc,-0.5615713610101036,0.0,25,5.960464477539063e-08,5.960464477539062e-07,worse
iranian,0.02,lgbm,smote@0.5,roc_auc,0.0054785139530901805,0.72,25,0.012806167653193075,0.08139577376059699,no difference
iranian,0.02,lgbm,smote@0.5,pr_auc,-0.006560476560476536,0.48,25,0.7914759516716003,1.0,no difference
iranian,0.02,lgbm,smote@0.5,f1,0.044117647058823484,0.64,25,0.03325039468686109,0.19950236812116656,no difference
iranian,0.02,lgbm,smote@0.5,mcc,0.010955293752542672,0.6,25,0.4107651710510254,1.0,no difference
iranian,0.02,lgbm,smote@0.5,brier,-0.0006456410005767008,0.4,25,0.4107651710510254,1.0,no difference
iranian,0.02,lgbm,smote@0.5,prec_at_top,0.0,0.2,25,0.04216819709715596,0.2951773796800917,no difference
iranian,0.02,lgbm,smote@0.5,empc,0.0109836779181397,0.6,25,0.3525196313858032,1.0,no difference
iranian,0.02,lgbm,smote@1.0,roc_auc,0.004331450094161804,0.76,25,0.010174471720074624,0.08139577376059699,no difference
iranian,0.02,lgbm,smote@1.0,pr_auc,-0.002580366990837857,0.48,25,0.7509929537773132,1.0,no difference
iranian,0.02,lgbm,smote@1.0,f1,0.03508771929824561,0.64,25,0.33878785371780396,1.0,no difference
iranian,0.02,lgbm,smote@1.0,mcc,0.0006814962165673233,0.52,25,0.9578450322151184,1.0,no difference
iranian,0.02,lgbm,smote@1.0,brier,-0.0009795380671874,0.36,25,0.10139739513397217,0.40558958053588867,no difference
iranian,0.02,lgbm,smote@1.0,prec_at_top,0.0,0.2,25,0.12133525035848211,0.6066762517924106,no difference
iranian,0.02,lgbm,smote@1.0,empc,0.024359816389169953,0.56,25,0.8739878535270691,1.0,no difference
iranian,0.02,lgbm,smote_enn@1.0,roc_auc,0.0018832391713747842,0.6,25,0.3463029684471133,0.5662502187098805,no difference
iranian,0.02,lgbm,smote_enn@1.0,pr_auc,-0.054979347114689214,0.28,25,0.0003764033317565918,0.0030112266540527344,worse
iranian,0.02,lgbm,smote_enn@1.0,f1,-0.05777777777777782,0.36,25,0.49255517692263506,1.0,no difference
iranian,0.02,lgbm,smote_enn@1.0,mcc,-0.07400377883325149,0.32,25,0.0370348185837142,0.2962785486697136,no difference
iranian,0.02,lgbm,smote_enn@1.0,brier,-0.0075975485177652,0.04,25,1.7881393432617188e-07,1.430511474609375e-06,worse
iranian,0.02,lgbm,smote_enn@1.0,prec_at_top,0.0,0.16,25,0.16820413904818,0.67281655619272,no difference
iranian,0.02,lgbm,smote_enn@1.0,empc,-0.08105257674446054,0.28,25,0.0027848482131958008,0.022278785705566406,worse
iranian,0.02,lgbm,threshold,roc_auc,-0.000856017805170417,0.4,25,0.19081425666809082,0.5662502187098805,no difference
iranian,0.02,lgbm,threshold,pr_auc,0.006849347909474668,0.64,25,0.25210392475128174,1.0,no difference
iranian,0.02,lgbm,threshold,f1,0.03921568627450989,0.68,25,0.016270914794374737,0.11389640356062317,no difference
iranian,0.02,lgbm,threshold,mcc,0.024800970346589013,0.64,25,0.09436225831584012,0.5661735498950408,no difference
iranian,0.02,lgbm,threshold,brier,8.267608819080043e-05,0.6,25,0.3525196313858032,1.0,no difference
iranian,0.02,lgbm,threshold,prec_at_top,0.0,0.0,25,0.31731050786291415,0.8318677742654178,no difference
iranian,0.02,lgbm,threshold,empc,0.0149020941894078,0.64,25,0.02439588345742676,0.14637530074456057,no difference
iranian,0.02,lr,adasyn@1.0,roc_auc,-0.0015408320493064398,0.44,25,0.6338268518447876,1.0,no difference
iranian,0.02,lr,adasyn@1.0,pr_auc,-0.0900332532777316,0.16,25,5.245208740234375e-06,4.7206878662109375e-05,worse
iranian,0.02,lr,adasyn@1.0,f1,-0.26324110671936757,0.08,25,1.1324882507324219e-06,9.059906005859375e-06,worse
iranian,0.02,lr,adasyn@1.0,mcc,-0.18888103440126003,0.12,25,1.5079975128173828e-05,0.0001055598258972168,worse
iranian,0.02,lr,adasyn@1.0,brier,-0.0919888913196508,0.0,25,5.960464477539063e-08,5.364418029785156e-07,worse
iranian,0.02,lr,adasyn@1.0,prec_at_top,0.0,0.16,25,0.564773144879279,1.0,no difference
iranian,0.02,lr,adasyn@1.0,empc,-0.03337397238653478,0.32,25,0.04826241731643677,0.38609933853149414,no difference
iranian,0.02,lr,class_weight,roc_auc,0.002568053415511029,0.64,25,0.07547956705093384,0.6793161034584045,no difference
iranian,0.02,lr,class_weight,pr_auc,-0.048920851877467586,0.16,25,1.0073184967041016e-05,7.051229476928711e-05,worse
iranian,0.02,lr,class_weight,f1,-0.26470588235294124,0.08,25,1.1324882507324219e-06,9.059906005859375e-06,worse
iranian,0.02,lr,class_weight,mcc,-0.1691017378621092,0.12,25,1.5079975128173828e-05,0.0001055598258972168,worse
iranian,0.02,lr,class_weight,brier,-0.0835549151752379,0.0,25,5.960464477539063e-08,5.364418029785156e-07,worse
iranian,0.02,lr,class_weight,prec_at_top,0.0,0.24,25,0.8734928151433521,1.0,no difference
iranian,0.02,lr,class_weight,empc,-0.017364422624355558,0.36,25,0.13364005088806152,0.8018403053283691,no difference
iranian,0.02,lr,dirichlet@1.0,roc_auc,-0.0029104605375790404,0.4,25,0.5249125957489014,1.0,no difference
iranian,0.02,lr,dirichlet@1.0,pr_auc,-0.06495112320067559,0.16,25,1.8298625946044922e-05,0.00010979175567626953,worse
iranian,0.02,lr,dirichlet@1.0,f1,-0.2209302325581396,0.16,25,5.245208740234375e-06,1.5735626220703125e-05,worse
iranian,0.02,lr,dirichlet@1.0,mcc,-0.1753804277726505,0.16,25,7.49826431274414e-05,0.00022494792938232422,worse
iranian,0.02,lr,dirichlet@1.0,brier,-0.0573800200470887,0.0,25,5.960464477539063e-08,5.364418029785156e-07,worse
iranian,0.02,lr,dirichlet@1.0,prec_at_top,0.0,0.36,25,0.23877887710892343,1.0,no difference
iranian,0.02,lr,dirichlet@1.0,empc,0.0,0.48,25,0.3036811097223192,1.0,no difference
iranian,0.02,lr,easy_ensemble,roc_auc,-0.0007532956685498693,0.44,25,0.9158032536506653,1.0,no difference
iranian,0.02,lr,easy_ensemble,pr_auc,-0.033087320129079334,0.08,25,8.803606033325195e-05,0.00026410818099975586,worse
iranian,0.02,lr,easy_ensemble,f1,-0.2938311688311688,0.08,25,5.960464477539062e-07,5.364418029785156e-06,worse
iranian,0.02,lr,easy_ensemble,mcc,-0.21036360916978947,0.12,25,4.172325134277344e-06,4.172325134277344e-05,worse
iranian,0.02,lr,easy_ensemble,brier,-0.0973027069175087,0.0,25,5.960464477539063e-08,5.364418029785156e-07,worse
iranian,0.02,lr,easy_ensemble,prec_at_top,0.0,0.16,25,0.4036089368714715,1.0,no difference
iranian,0.02,lr,easy_ensemble,empc,-0.0031881600104484015,0.32,25,0.2530979089471155,1.0,no difference
iranian,0.02,lr,ros@1.0,roc_auc,0.0010272213662042562,0.6,25,0.08028610906161522,0.6793161034584045,no difference
iranian,0.02,lr,ros@1.0,pr_auc,-0.055929216693418826,0.16,25,8.165836334228516e-06,6.532669067382812e-05,worse
iranian,0.02,lr,ros@1.0,f1,-0.2676295666949873,0.08,25,1.1324882507324219e-06,9.059906005859375e-06,worse
iranian,0.02,lr,ros@1.0,mcc,-0.20785136137991753,0.12,25,1.8298625946044922e-05,0.0001055598258972168,worse
iranian,0.02,lr,ros@1.0,brier,-0.083228964181334,0.0,25,5.960464477539063e-08,5.364418029785156e-07,worse
iranian,0.02,lr,ros@1.0,prec_at_top,0.0,0.24,25,0.7475584975478315,1.0,no difference
iranian,0.02,lr,ros@1.0,empc,-0.02029520295202958,0.36,25,0.08513903617858887,0.5959732532501221,no difference
iranian,0.02,lr,rus@1.0,roc_auc,-0.0035952747817152853,0.36,25,0.12664812803268433,0.8865368962287903,no difference
iranian,0.02,lr,rus@1.0,pr_auc,-0.04250985027580778,0.12,25,0.00032907724380493164,0.00032907724380493164,worse
iranian,0.02,lr,rus@1.0,f1,-0.286321155480034,0.04,25,2.980232238769531e-07,2.9802322387695312e-06,worse
iranian,0.02,lr,rus@1.0,mcc,-0.23641898689658464,0.16,25,5.245208740234375e-06,4.7206878662109375e-05,worse
iranian,0.02,lr,rus@1.0,brier,-0.1027573148944626,0.0,25,5.960464477539063e-08,5.364418029785156e-07,worse
iranian,0.02,lr,rus@1.0,prec_at_top,0.0,0.08,25,0.012847301763765797,0.11562571587389217,no difference
iranian,0.02,lr,rus@1.0,empc,-0.035465840198661,0.16,25,0.002255260944366455,0.020297348499298096,worse
iranian,0.02,lr,smote@0.5,roc_auc,0.0006848142441363558,0.6,25,0.18733688100585144,1.0,no difference
iranian,0.02,lr,smote@0.5,pr_auc,-0.05726832567487189,0.2,25,0.0001398921012878418,0.0002797842025756836,worse
iranian,0.02,lr,smote@0.5,f1,-0.16119402985074632,0.2,25,5.3882598876953125e-05,0.00010776519775390625,worse
iranian,0.02,lr,smote@0.5,mcc,-0.1410143005441436,0.16,25,0.0006313323974609375,0.001262664794921875,worse
iranian,0.02,lr,smote@0.5,brier,-0.0437583541923931,0.0,25,5.960464477539063e-08,5.364418029785156e-07,worse
iranian,0.02,lr,smote@0.5,prec_at_top,0.0,0.2,25,0.8852339144732015,1.0,no difference
iranian,0.02,lr,smote@0.5,empc,0.004035229572535104,0.52,25,0.7317059346728588,1.0,no difference
iranian,0.02,lr,smote@1.0,roc_auc,-0.0018832391713747842,0.48,25,0.3531708132792145,1.0,no difference
iranian,0.02,lr,smote@1.0,pr_auc,-0.06105122245596789,0.2,25,2.664327621459961e-05,0.00013321638107299805,worse
iranian,0.02,lr,smote@1.0,f1,-0.25454545454545446,0.16,25,2.562999725341797e-06,1.2814998626708984e-05,worse
iranian,0.02,lr,smote@1.0,mcc,-0.17385353431052053,0.12,25,1.233816146850586e-05,9.870529174804688e-05,worse
iranian,0.02,lr,smote@1.0,brier,-0.07536910663278559,0.0,25,5.960464477539063e-08,5.364418029785156e-07,worse
iranian,0.02,lr,smote@1.0,prec_at_top,0.0,0.16,25,0.6701031580103327,1.0,no difference
iranian,0.02,lr,smote@1.0,empc,-0.00026333530918870585,0.44,25,0.45756817506250735,1.0,no difference
iranian,0.02,lr,smote_enn@1.0,roc_auc,0.00037664783427504567,0.52,25,0.38920492151801356,1.0,no difference
iranian,0.02,lr,smote_enn@1.0,pr_auc,-0.072797078329494,0.2,25,4.5418739318847656e-05,0.00018167495727539062,worse
iranian,0.02,lr,smote_enn@1.0,f1,-0.26271186440677974,0.16,25,2.562999725341797e-06,1.2814998626708984e-05,worse
iranian,0.02,lr,smote_enn@1.0,mcc,-0.184068241024949,0.12,25,2.664327621459961e-05,0.00010657310485839844,worse
iranian,0.02,lr,smote_enn@1.0,brier,-0.0810130536573377,0.0,25,5.960464477539063e-08,5.364418029785156e-07,worse
iranian,0.02,lr,smote_enn@1.0,prec_at_top,0.0,0.28,25,0.46214705146889457,1.0,no difference
iranian,0.02,lr,smote_enn@1.0,empc,-0.005192949802721225,0.4,25,0.4928932964396343,1.0,no difference
iranian,0.02,lr,threshold,roc_auc,0.0,0.0,25,,,no difference
iranian,0.02,lr,threshold,pr_auc,0.0,0.0,25,,,no difference
iranian,0.02,lr,threshold,f1,0.0,0.48,25,0.8582546406494352,0.8582546406494352,no difference
iranian,0.02,lr,threshold,mcc,0.0,0.48,25,0.9353071764818843,0.9353071764818843,no difference
iranian,0.02,lr,threshold,brier,0.0,0.0,25,,,no difference
iranian,0.02,lr,threshold,prec_at_top,0.0,0.0,25,,,no difference
iranian,0.02,lr,threshold,empc,0.0,0.0,25,,,no difference
iranian,0.02,rf,adasyn@1.0,roc_auc,0.0035952747817153963,0.6,25,0.23036134243011475,1.0,no difference
iranian,0.02,rf,adasyn@1.0,pr_auc,-0.14809079293599414,0.08,25,1.1324882507324219e-06,6.794929504394531e-06,worse
iranian,0.02,rf,adasyn@1.0,f1,0.04166666666666663,0.64,25,0.052033421360799366,0.10406684272159873,no difference
iranian,0.02,rf,adasyn@1.0,mcc,-0.024447012124665712,0.36,25,0.5964998602867126,0.7904284000396729,no difference
iranian,0.02,rf,adasyn@1.0,brier,-0.0055158001083927995,0.04,25,1.1920928955078125e-07,7.152557373046875e-07,worse
iranian,0.02,rf,adasyn@1.0,prec_at_top,0.0,0.32,25,0.3182764588602772,1.0,no difference
iranian,0.02,rf,adasyn@1.0,empc,-0.14742488400539555,0.12,25,1.5079975128173828e-05,0.0001055598258972168,worse
iranian,0.02,rf,class_weight,roc_auc,0.001129943502824804,0.52,25,0.14249594666370183,0.854975679982211,no difference
iranian,0.02,rf,class_weight,pr_auc,-0.039550600914237344,0.32,25,0.0018156766891479492,0.005447030067443848,worse
iranian,0.02,rf,class_weight,f1,0.07142857142857151,0.6,25,0.012310454049140475,0.0492418161965619,better
iranian,0.02,rf,class_weight,mcc,0.015217685677996196,0.6,25,0.07624396963206712,0.30497587852826846,no difference
iranian,0.02,rf,class_weight,brier,-0.0004897725236866005,0.24,25,0.021908342838287354,0.06572502851486206,no difference
iranian,0.02,rf,class_weight,prec_at_top,0.0,0.2,25,0.7316005889599013,1.0,no difference
iranian,0.02,rf,class_weight,empc,-0.020494426343501848,0.36,25,0.018744707107543945,0.056234121322631836,no difference
iranian,0.02,rf,dirichlet@1.0,roc_auc,0.0,0.48,25,0.45754522485622684,1.0,no difference
iranian,0.02,rf,dirichlet@1.0,pr_auc,-0.2668954583428267,0.04,25,1.1920928955078125e-07,9.5367431640625e-07,worse
iranian,0.02,rf,dirichlet@1.0,f1,-0.07563025210084029,0.4,25,0.021908342838287354,0.06572502851486206,no difference
iranian,0.02,rf,dirichlet@1.0,mcc,-0.15584081516117454,0.24,25,0.0002498030662536621,0.0017486214637756348,worse
iranian,0.02,rf,dirichlet@1.0,brier,-0.003842035335987799,0.0,25,5.960464477539063e-08,5.960464477539062e-07,worse
iranian,0.02,rf,dirichlet@1.0,prec_at_top,0.0,0.12,25,0.6179700651596238,1.0,no difference
iranian,0.02,rf,dirichlet@1.0,empc,-0.13429819706651003,0.12,25,7.49826431274414e-05,0.00044989585876464844,worse
iranian,0.02,rf,easy_ensemble,roc_auc,-0.028933401814757786,0.04,25,1.3885568373058784e-05,0.00012497011535752905,worse
iranian,0.02,rf,easy_ensemble,pr_auc,-0.2547290309638279,0.0,25,5.960464477539063e-08,5.960464477539062e-07,worse
iranian,0.02,rf,easy_ensemble,f1,-0.30258717660292456,0.04,25,1.1920928955078125e-07,1.1920928955078125e-06,worse
iranian,0.02,rf,easy_ensemble,mcc,-0.3296030660722439,0.04,25,1.7881393432617188e-07,1.7881393432617188e-06,worse
iranian,0.02,rf,easy_ensemble,brier,-0.11214379835690119,0.0,25,5.960464477539063e-08,5.960464477539062e-07,worse
iranian,0.02,rf,easy_ensemble,prec_at_top,-0.01851851851851849,0.0,25,0.00011927065624579746,0.001073435906212177,worse
iranian,0.02,rf,easy_ensemble,empc,-0.3112545363791842,0.0,25,5.960464477539063e-08,5.960464477539062e-07,worse
iranian,0.02,rf,ros@1.0,roc_auc,0.0035952747817153963,0.6,25,0.04249141050089055,0.29743987350623385,no difference
iranian,0.02,rf,ros@1.0,pr_auc,-0.015806119917565642,0.36,25,0.0801958441734314,0.1603916883468628,no difference
iranian,0.02,rf,ros@1.0,f1,0.1428571428571429,0.92,25,2.0705605648246455e-05,0.00014493923953772517,better
iranian,0.02,rf,ros@1.0,mcc,0.0989622796074392,0.84,25,8.051662013688955e-05,0.0006441329610951164,better
iranian,0.02,rf,ros@1.0,brier,0.0002519008028324006,0.56,25,0.20993918180465698,0.34591710567474365,no difference
iranian,0.02,rf,ros@1.0,prec_at_top,0.0,0.28,25,0.4355744337137901,1.0,no difference
iranian,0.02,rf,ros@1.0,empc,-0.001981974243487117,0.44,25,0.7309892177581787,0.7309892177581787,no difference
iranian,0.02,rf,rus@1.0,roc_auc,-0.043143297380585754,0.0,25,5.960464477539063e-08,5.960464477539062e-07,worse
iranian,0.02,rf,rus@1.0,pr_auc,-0.3900675810839185,0.0,25,5.960464477539063e-08,5.960464477539062e-07,worse
iranian,0.02,rf,rus@1.0,f1,-0.3138173302107728,0.04,25,1.1920928955078125e-07,1.1920928955078125e-06,worse
iranian,0.02,rf,rus@1.0,mcc,-0.32494255302328373,0.08,25,2.980232238769531e-07,2.682209014892578e-06,worse
iranian,0.02,rf,rus@1.0,brier,-0.1207978065602672,0.0,25,5.960464477539063e-08,5.960464477539062e-07,worse
iranian,0.02,rf,rus@1.0,prec_at_top,-0.03703703703703701,0.0,25,5.701055916147113e-05,0.0005701055916147113,worse
iranian,0.02,rf,rus@1.0,empc,-0.43143424462601043,0.0,25,5.960464477539063e-08,5.960464477539062e-07,worse
iranian,0.02,rf,smote@0.5,roc_auc,0.00650573531929477,0.64,25,0.02027493715286255,0.1621994972229004,no difference
iranian,0.02,rf,smote@0.5,pr_auc,-0.06974010260154828,0.16,25,0.0002498030662536621,0.0009992122650146484,worse
iranian,0.02,rf,smote@0.5,f1,0.13690476190476186,0.88,25,1.0073184967041016e-05,8.058547973632812e-05,better
iranian,0.02,rf,smote@0.5,mcc,0.08768344096537839,0.64,25,0.0037809014320373535,0.018904507160186768,better
iranian,0.02,rf,smote@0.5,brier,-0.0024929073258049984,0.08,25,2.980232238769531e-07,1.1920928955078125e-06,worse
iranian,0.02,rf,smote@0.5,prec_at_top,0.0,0.28,25,0.6904447840736186,1.0,no difference
iranian,0.02,rf,smote@0.5,empc,-0.059998386213329646,0.28,25,0.011453330516815186,0.04581332206726074,worse
iranian,0.02,rf,smote@1.0,roc_auc,0.00393768190378363,0.6,25,0.20598531650509155,1.0,no difference
iranian,0.02,rf,smote@1.0,pr_auc,-0.1084082532534546,0.12,25,1.5079975128173828e-05,7.539987564086914e-05,worse
iranian,0.02,rf,smote@1.0,f1,0.10144927536231879,0.72,25,0.0011548399925231934,0.005774199962615967,better
iranian,0.02,rf,smote@1.0,mcc,0.013760957551895658,0.52,25,0.3665854334831238,0.7904284000396729,no difference
iranian,0.02,rf,smote@1.0,brier,-0.004347453917266399,0.04,25,1.1920928955078125e-07,7.152557373046875e-07,worse
iranian,0.02,rf,smote@1.0,prec_at_top,0.0,0.24,25,0.7871965949178952,1.0,no difference
iranian,0.02,rf,smote@1.0,empc,-0.08859288861683756,0.2,25,8.803606033325195e-05,0.00044989585876464844,worse
iranian,0.02,rf,smote_enn@1.0,roc_auc,-0.000856017805170417,0.44,25,0.5271453565001796,1.0,no difference
iranian,0.02,rf,smote_enn@1.0,pr_auc,-0.1873307042115091,0.04,25,1.7881393432617188e-07,1.2516975402832031e-06,worse
iranian,0.02,rf,smote_enn@1.0,f1,-0.014778325123152691,0.48,25,0.5249125957489014,0.5249125957489014,no difference
iranian,0.02,rf,smote_enn@1.0,mcc,-0.061414852792655406,0.32,25,0.2634761333465576,0.7904284000396729,no difference
iranian,0.02,rf,smote_enn@1.0,brier,-0.009513656647476198,0.0,25,5.960464477539063e-08,5.960464477539062e-07,worse
iranian,0.02,rf,smote_enn@1.0,prec_at_top,0.0,0.24,25,0.9277506684745482,1.0,no difference
iranian,0.02,rf,smote_enn@1.0,empc,-0.15374400930833698,0.04,25,8.344650268554688e-07,6.67572021484375e-06,worse
iranian,0.02,rf,threshold,roc_auc,-0.00037664783427493465,0.4,25,0.5296296702875958,1.0,no difference
iranian,0.02,rf,threshold,pr_auc,-0.007115754069185853,0.32,25,0.11993378400802612,0.1603916883468628,no difference
iranian,0.02,rf,threshold,f1,0.16666666666666669,0.84,25,0.00010202944863870715,0.0006121766918322429,better
iranian,0.02,rf,threshold,mcc,0.07976377986228134,0.84,25,0.0004409382679493639,0.0026456296076961833,better
iranian,0.02,rf,threshold,brier,-6.551993304099862e-05,0.4,25,0.17295855283737183,0.34591710567474365,no difference
iranian,0.02,rf,threshold,prec_at_top,0.0,0.12,25,0.7864570351373764,1.0,no difference
iranian,0.02,rf,threshold,empc,-0.00613527557880722,0.36,25,0.31731050786291415,0.6346210157258283,no difference
iranian,0.02,xgb,adasyn@1.0,roc_auc,0.005820921075158414,0.64,25,0.0067255496978759766,0.047078847885131836,better
iranian,0.02,xgb,adasyn@1.0,pr_auc,-0.024512990479148233,0.32,25,0.06670159101486206,0.3757585287094116,no difference
iranian,0.02,xgb,adasyn@1.0,f1,0.012121212121212088,0.6,25,0.5448913894371836,1.0,no difference
iranian,0.02,xgb,adasyn@1.0,mcc,-0.02532385201044951,0.32,25,0.14091521501541138,0.8454912900924683,no difference
iranian,0.02,xgb,adasyn@1.0,brier,-0.0034892759022564,0.12,25,4.172325134277344e-06,2.9206275939941406e-05,worse
iranian,0.02,xgb,adasyn@1.0,prec_at_top,0.0,0.28,25,0.03125001711697445,0.21875011981882114,no difference
iranian,0.02,xgb,adasyn@1.0,empc,0.01528067117919163,0.56,25,0.8119303584098816,1.0,no difference
iranian,0.02,xgb,class_weight,roc_auc,0.007532956685498804,0.64,25,0.05962329098858142,0.2981164549429071,no difference
iranian,0.02,xgb,class_weight,pr_auc,0.012854929943738047,0.68,25,0.0626264214515686,0.3757585287094116,no difference
iranian,0.02,xgb,class_weight,f1,0.06666666666666665,0.8,25,0.0002663006008057401,0.0021304048064459207,better
iranian,0.02,xgb,class_weight,mcc,0.031054175423272823,0.64,25,0.016027989508264076,0.11219592655784853,no difference
iranian,0.02,xgb,class_weight,brier,0.00012472374167999886,0.56,25,0.615043044090271,1.0,no difference
iranian,0.02,xgb,class_weight,prec_at_top,0.0,0.16,25,0.9045211489695058,1.0,no difference
iranian,0.02,xgb,class_weight,empc,0.03337064902683384,0.76,25,0.0007353193273928831,0.005882554619143065,better
iranian,0.02,xgb,dirichlet@1.0,roc_auc,-0.0005136106831024057,0.48,25,0.3463029684471133,0.6926059368942266,no difference
iranian,0.02,xgb,dirichlet@1.0,pr_auc,-0.047991103410224834,0.32,25,0.0030878782272338867,0.021615147590637207,worse
iranian,0.02,xgb,dirichlet@1.0,f1,0.021390374331550777,0.52,25,0.8190792034029943,1.0,no difference
iranian,0.02,xgb,dirichlet@1.0,mcc,-0.009546465345026678,0.44,25,0.20993918180465698,0.9540712833404541,no difference
iranian,0.02,xgb,dirichlet@1.0,brier,-0.0016050883731259001,0.24,25,0.00028705596923828125,0.0014352798461914062,worse
iranian,0.02,xgb,dirichlet@1.0,prec_at_top,0.0,0.2,25,0.12133525035848211,0.7250319186850895,no difference
iranian,0.02,xgb,dirichlet@1.0,empc,0.02319760707498153,0.72,25,0.14847958087921143,0.8395364880561829,no difference
iranian,0.02,xgb,easy_ensemble,roc_auc,-0.02033898305084747,0.2,25,0.00032907724380493164,0.002632617950439453,worse
iranian,0.02,xgb,easy_ensemble,pr_auc,-0.2665207247822007,0.0,25,5.960464477539063e-08,5.960464477539062e-07,worse
iranian,0.02,xgb,easy_ensemble,f1,-0.4380841121495328,0.0,25,5.960464477539063e-08,5.960464477539062e-07,worse
iranian,0.02,xgb,easy_ensemble,mcc,-0.4061480752090663,0.0,25,5.960464477539063e-08,5.960464477539062e-07,worse
iranian,0.02,xgb,easy_ensemble,brier,-0.1098920042772833,0.0,25,5.960464477539063e-08,5.960464477539062e-07,worse
iranian,0.02,xgb,easy_ensemble,prec_at_top,-0.01851851851851849,0.08,25,0.0029651259524117136,0.026686133571705423,worse
iranian,0.02,xgb,easy_ensemble,empc,-0.18622614272912497,0.08,25,1.4901161193847656e-06,1.341104507446289e-05,worse
iranian,0.02,xgb,ros@1.0,roc_auc,-0.0010272213662043672,0.44,25,0.5782062411308289,0.6926059368942266,no difference
iranian,0.02,xgb,ros@1.0,pr_auc,-0.0019449892989659157,0.48,25,0.33878785371780396,1.0,no difference
iranian,0.02,xgb,ros@1.0,f1,0.06015037593984962,0.68,25,0.006308526046010378,0.044159682322072645,better
iranian,0.02,xgb,ros@1.0,mcc,0.01191103146639716,0.52,25,0.19081425666809082,0.9540712833404541,no difference
iranian,0.02,xgb,ros@1.0,brier,-0.0004788838845432991,0.28,25,0.02550506591796875,0.07651519775390625,no difference
iranian,0.02,xgb,ros@1.0,prec_at_top,0.0,0.2,25,0.629854539043202,1.0,no difference
iranian,0.02,xgb,ros@1.0,empc,0.0194079803092706,0.6,25,0.12664812803268433,0.8395364880561829,no difference
iranian,0.02,xgb,rus@1.0,roc_auc,-0.05065913370998121,0.04,25,1.7881393432617188e-07,1.7881393432617188e-06,worse
iranian,0.02,xgb,rus@1.0,pr_auc,-0.4220469009058262,0.0,25,5.960464477539063e-08,5.960464477539062e-07,worse
iranian,0.02,xgb,rus@1.0,f1,-0.4322981366459627,0.0,25,5.960464477539063e-08,5.960464477539062e-07,worse
iranian,0.02,xgb,rus@1.0,mcc,-0.3971297138696136,0.0,25,5.960464477539063e-08,5.960464477539062e-07,worse
iranian,0.02,xgb,rus@1.0,brier,-0.12984450883764828,0.0,25,5.960464477539063e-08,5.960464477539062e-07,worse
iranian,0.02,xgb,rus@1.0,prec_at_top,-0.03703703703703701,0.0,25,2.5905811188344832e-05,0.0002590581118834483,worse
iranian,0.02,xgb,rus@1.0,empc,-0.4988275037031964,0.0,25,5.960464477539063e-08,5.960464477539062e-07,worse
iranian,0.02,xgb,smote@0.5,roc_auc,0.006848142441362781,0.72,25,0.00021690130233764648,0.0019521117210388184,better
iranian,0.02,xgb,smote@0.5,pr_auc,-0.011673601069660977,0.4,25,0.6528410911560059,1.0,no difference
iranian,0.02,xgb,smote@0.5,f1,0.022222222222222254,0.6,25,0.04547822789185688,0.1977242822401211,no difference
iranian,0.02,xgb,smote@0.5,mcc,-0.004458992052191024,0.48,25,0.615043044090271,1.0,no difference
iranian,0.02,xgb,smote@0.5,brier,-0.0014680819823233004,0.16,25,0.002255260944366455,0.00902104377746582,worse
iranian,0.02,xgb,smote@0.5,prec_at_top,0.0,0.28,25,0.1208386531141816,0.7250319186850895,no difference
iranian,0.02,xgb,smote@0.5,empc,0.02614087340292104,0.6,25,0.11993378400802612,0.8395364880561829,no difference
iranian,0.02,xgb,smote@1.0,roc_auc,0.004964903269987997,0.64,25,0.0072345273004642005,0.047078847885131836,better
iranian,0.02,xgb,smote@1.0,pr_auc,-0.04475968666840213,0.44,25,0.4741646647453308,1.0,no difference
iranian,0.02,xgb,smote@1.0,f1,0.012121212121212088,0.6,25,0.09795493784485819,0.29386481353457455,no difference
iranian,0.02,xgb,smote@1.0,mcc,-0.01752040137076394,0.36,25,0.5782062411308289,1.0,no difference
iranian,0.02,xgb,smote@1.0,brier,-0.002652245718477801,0.16,25,1.5079975128173828e-05,9.047985076904297e-05,worse
iranian,0.02,xgb,smote@1.0,prec_at_top,0.0,0.32,25,0.020041916312799814,0.1603353305023985,no difference
iranian,0.02,xgb,smote@1.0,empc,0.004354619852779074,0.52,25,0.33878785371780396,1.0,no difference
iranian,0.02,xgb,smote_enn@1.0,roc_auc,0.002396849854476968,0.64,25,0.14091521501541138,0.44939565458588765,no difference
iranian,0.02,xgb,smote_enn@1.0,pr_auc,-0.08542589053458627,0.32,25,0.0008081197738647461,0.006464958190917969,worse
iranian,0.02,xgb,smote_enn@1.0,f1,-0.04977375565610864,0.24,25,0.03954485644802422,0.1977242822401211,no difference
iranian,0.02,xgb,smote_enn@1.0,mcc,-0.07597920596416341,0.24,25,0.0006643633110187136,0.0053149064881497085,worse
iranian,0.02,xgb,smote_enn@1.0,brier,-0.0076448218710162,0.0,25,5.960464477539063e-08,5.960464477539062e-07,worse
iranian,0.02,xgb,smote_enn@1.0,prec_at_top,0.0,0.2,25,0.2623135752307827,0.7869407256923481,no difference
iranian,0.02,xgb,smote_enn@1.0,empc,-0.0453084849679124,0.4,25,0.3809836506843567,1.0,no difference
iranian,0.02,xgb,threshold,roc_auc,-0.0007532956685498693,0.36,25,0.11234891364647191,0.44939565458588765,no difference
iranian,0.02,xgb,threshold,pr_auc,-0.002835520285692783,0.4,25,0.312333345413208,1.0,no difference
iranian,0.02,xgb,threshold,f1,0.04999999999999999,0.56,25,0.028524000718169275,0.17114400430901566,no difference
iranian,0.02,xgb,threshold,mcc,0.01795141150660179,0.52,25,0.3010854851057816,0.9540712833404541,no difference
iranian,0.02,xgb,threshold,brier,-0.00011062367343530125,0.44,25,0.6915188431739807,1.0,no difference
iranian,0.02,xgb,threshold,prec_at_top,0.0,0.0,25,0.17971249487899976,0.7250319186850895,no difference
iranian,0.02,xgb,threshold,empc,0.0,0.44,25,0.2442695329700293,0.9770781318801172,no difference
iranian,0.05,hgb,adasyn@1.0,roc_auc,0.0008071025020176537,0.52,25,0.49261392194989906,1.0,no difference
iranian,0.05,hgb,adasyn@1.0,pr_auc,0.0003013543641888772,0.52,25,0.9158032536506653,1.0,no difference
iranian,0.05,hgb,adasyn@1.0,f1,0.01449275362318836,0.6,25,0.11993378400802612,0.3041921854019165,no difference
iranian,0.05,hgb,adasyn@1.0,mcc,-0.0006151046740940913,0.48,25,0.4418373703956604,1.0,no difference
iranian,0.05,hgb,adasyn@1.0,brier,3.581017881459925e-05,0.52,25,0.6528410911560059,1.0,no difference
iranian,0.05,hgb,adasyn@1.0,prec_at_top,0.0,0.36,25,0.2708222543086477,1.0,no difference
iranian,0.05,hgb,adasyn@1.0,empc,0.01162906438768685,0.6,25,0.5296296702875958,1.0,no difference
iranian,0.05,hgb,class_weight,roc_auc,-0.0028921172988969346,0.24,25,0.0035650346308531587,0.02495524241597211,worse
iranian,0.05,hgb,class_weight,pr_auc,-0.01713159252090779,0.24,25,0.0005564093589782715,0.003338456153869629,worse
iranian,0.05,hgb,class_weight,f1,0.004716981132075526,0.6,25,0.10139739513397217,0.3041921854019165,no difference
iranian,0.05,hgb,class_weight,mcc,-0.002175593573432111,0.44,25,0.6720751523971558,1.0,no difference
iranian,0.05,hgb,class_weight,brier,-0.0013373365235372012,0.4,25,0.055070459842681885,0.3304227590560913,no difference
iranian,0.05,hgb,class_weight,prec_at_top,0.0,0.16,25,0.29128473677066236,1.0,no difference
iranian,0.05,hgb,class_weight,empc,-0.02717108315193517,0.24,25,0.00963503122329712,0.057810187339782715,no difference
iranian,0.05,hgb,dirichlet@1.0,roc_auc,-0.0008071025020177647,0.44,25,0.6720751523971558,1.0,no difference
iranian,0.05,hgb,dirichlet@1.0,pr_auc,0.00015001043031304118,0.52,25,0.457846462726593,1.0,no difference
iranian,0.05,hgb,dirichlet@1.0,f1,0.018356278681685434,0.68,25,0.02584243384486978,0.1292121692243489,no difference
iranian,0.05,hgb,dirichlet@1.0,mcc,0.019363474140881576,0.6,25,0.14847958087921143,0.7423979043960571,no difference
iranian,0.05,hgb,dirichlet@1.0,brier,0.000972172800949498,0.6,25,0.325391948223114,1.0,no difference
iranian,0.05,hgb,dirichlet@1.0,prec_at_top,0.0,0.32,25,0.3725427794845677,1.0,no difference
iranian,0.05,hgb,dirichlet@1.0,empc,-0.02210817832625045,0.44,25,0.6338268518447876,1.0,no difference
iranian,0.05,hgb,easy_ensemble,roc_auc,-0.009550712940543549,0.0,25,1.2279185361336645e-05,9.823348289069316e-05,worse
iranian,0.05,hgb,easy_ensemble,pr_auc,-0.057930864027272544,0.0,25,5.960464477539063e-08,5.364418029785156e-07,worse
iranian,0.05,hgb,easy_ensemble,f1,-0.2830372828420848,0.0,25,5.960464477539063e-08,5.960464477539062e-07,worse
iranian,0.05,hgb,easy_ensemble,mcc,-0.24425855231092308,0.04,25,1.1920928955078125e-07,1.0728836059570312e-06,worse
iranian,0.05,hgb,easy_ensemble,brier,-0.053429493253138095,0.0,25,5.960464477539063e-08,5.364418029785156e-07,worse
iranian,0.05,hgb,easy_ensemble,prec_at_top,-0.0357142857142857,0.0,25,7.94206406944059e-05,0.0006353651255552472,worse
iranian,0.05,hgb,easy_ensemble,empc,-0.18144611158354484,0.04,25,1.7881393432617188e-07,1.430511474609375e-06,worse
iranian,0.05,hgb,ros@1.0,roc_auc,0.0002690341673392549,0.52,25,0.30651820550695386,1.0,no difference
iranian,0.05,hgb,ros@1.0,pr_auc,0.007132310806945874,0.6,25,0.4741646647453308,1.0,no difference
iranian,0.05,hgb,ros@1.0,f1,0.019963702359346636,0.68,25,0.0067255496978759766,0.05380439758300781,no difference
iranian,0.05,hgb,ros@1.0,mcc,0.007342627789085787,0.56,25,0.10731470584869385,0.6701342463493347,no difference
iranian,0.05,hgb,ros@1.0,brier,-0.0003958889846920992,0.48,25,0.5601714849472046,1.0,no difference
iranian,0.05,hgb,ros@1.0,prec_at_top,0.0,0.32,25,0.5170922085137417,1.0,no difference
iranian,0.05,hgb,ros@1.0,empc,0.010981827993290061,0.56,25,0.5601714849472046,1.0,no difference
iranian,0.05,hgb,rus@1.0,roc_auc,-0.024482109227871973,0.0,25,5.960464477539063e-08,5.364418029785156e-07,worse
iranian,0.05,hgb,rus@1.0,pr_auc,-0.1706562471806966,0.0,25,5.960464477539063e-08,5.364418029785156e-07,worse
iranian,0.05,hgb,rus@1.0,f1,-0.28867998433215825,0.0,25,5.960464477539063e-08,5.960464477539062e-07,worse
iranian,0.05,hgb,rus@1.0,mcc,-0.2629029546326471,0.0,25,5.960464477539063e-08,5.960464477539062e-07,worse
iranian,0.05,hgb,rus@1.0,brier,-0.0736846657210708,0.0,25,5.960464477539063e-08,5.364418029785156e-07,worse
iranian,0.05,hgb,rus@1.0,prec_at_top,-0.0714285714285714,0.0,25,1.1829517160245499e-05,0.00010646565444220948,worse
iranian,0.05,hgb,rus@1.0,empc,-0.4724799461153042,0.0,25,5.960464477539063e-08,5.364418029785156e-07,worse
iranian,0.05,hgb,smote@0.5,roc_auc,0.0028921172988970456,0.76,25,0.02747941017150879,0.13739705085754395,no difference
iranian,0.05,hgb,smote@0.5,pr_auc,0.02003481147413322,0.72,25,0.021908342838287354,0.10954171419143677,no difference
iranian,0.05,hgb,smote@0.5,f1,0.04645550527903475,0.68,25,0.013554692268371582,0.08132815361022949,no difference
iranian,0.05,hgb,smote@0.5,mcc,0.026582437944320914,0.6,25,0.09573346376419067,0.6701342463493347,no difference
iranian,0.05,hgb,smote@0.5,brier,0.002146400249799599,0.64,25,0.11993378400802612,0.5996689200401306,no difference
iranian,0.05,hgb,smote@0.5,prec_at_top,0.0,0.32,25,0.195812081238547,1.0,no difference
iranian,0.05,hgb,smote@0.5,empc,0.015150217795406373,0.6,25,0.3665854334831238,1.0,no difference
iranian,0.05,hgb,smote@1.0,roc_auc,0.0007398439601830065,0.6,25,0.4107651710510254,1.0,no difference
iranian,0.05,hgb,smote@1.0,pr_auc,0.007591612760445177,0.6,25,0.2996123433113098,1.0,no difference
iranian,0.05,hgb,smote@1.0,f1,0.030100334448160626,0.68,25,0.055070459842681885,0.22028183937072754,no difference
iranian,0.05,hgb,smote@1.0,mcc,0.0244835684808149,0.64,25,0.18172985315322876,0.7423979043960571,no difference
iranian,0.05,hgb,smote@1.0,brier,0.00018983489549419946,0.52,25,0.7309892177581787,1.0,no difference
iranian,0.05,hgb,smote@1.0,prec_at_top,0.0,0.16,25,0.8560193324872836,1.0,no difference
iranian,0.05,hgb,smote@1.0,empc,-0.002144255737951628,0.48,25,0.7711594104766846,1.0,no difference
iranian,0.05,hgb,smote_enn@1.0,roc_auc,-0.0032284100080709477,0.24,25,0.005814138727783085,0.03488483236669851,worse
iranian,0.05,hgb,smote_enn@1.0,pr_auc,-0.0799077797821861,0.04,25,1.1920928955078125e-07,8.344650268554688e-07,worse
iranian,0.05,hgb,smote_enn@1.0,f1,-0.04953953636074948,0.24,25,0.010510802268981934,0.07357561588287354,no difference
iranian,0.05,hgb,smote_enn@1.0,mcc,-0.05348759525099489,0.2,25,0.0041751861572265625,0.0334014892578125,worse
iranian,0.05,hgb,smote_enn@1.0,brier,-0.0140237691796643,0.0,25,5.960464477539063e-08,5.364418029785156e-07,worse
iranian,0.05,hgb,smote_enn@1.0,prec_at_top,0.0,0.08,25,0.027801475470675678,0.19461032829472974,no difference
iranian,0.05,hgb,smote_enn@1.0,empc,-0.051936790440425984,0.24,25,0.0010271072387695312,0.007189750671386719,worse
iranian,0.05,hgb,threshold,roc_auc,0.0,0.0,25,,,no difference
iranian,0.05,hgb,threshold,pr_auc,0.0,0.0,25,,,no difference
iranian,0.05,hgb,threshold,f1,0.0,0.44,25,0.8483946983538319,0.8483946983538319,no difference
iranian,0.05,hgb,threshold,mcc,0.0,0.36,25,0.45488884468908175,1.0,no difference
iranian,0.05,hgb,threshold,brier,0.0,0.0,25,,,no difference
iranian,0.05,hgb,threshold,prec_at_top,0.0,0.0,25,,,no difference
iranian,0.05,hgb,threshold,empc,0.0,0.0,25,,,no difference
iranian,0.05,lgbm,adasyn@1.0,roc_auc,0.0014796879203657909,0.6,25,0.04826241731643677,0.2895745038986206,no difference
iranian,0.05,lgbm,adasyn@1.0,pr_auc,-0.006112858132584664,0.4,25,0.6338268518447876,1.0,no difference
iranian,0.05,lgbm,adasyn@1.0,f1,0.041734860883797076,0.72,25,0.014722049236297607,0.05888819694519043,no difference
iranian,0.05,lgbm,adasyn@1.0,mcc,0.02937769690916503,0.68,25,0.05875152349472046,0.23500609397888184,no difference
iranian,0.05,lgbm,adasyn@1.0,brier,0.0014644848715277999,0.68,25,0.12664812803268433,0.3207833766937256,no difference
iranian,0.05,lgbm,adasyn@1.0,prec_at_top,0.017857142857142794,0.52,25,0.027018019605397604,0.16210811763238564,no difference
iranian,0.05,lgbm,adasyn@1.0,empc,0.014354076673149141,0.56,25,0.2634761333465576,1.0,no difference
iranian,0.05,lgbm,class_weight,roc_auc,-0.000605326876513379,0.36,25,0.1388873608739914,0.6944368043699569,no difference
iranian,0.05,lgbm,class_weight,pr_auc,-0.004286713356625893,0.32,25,0.10731470584869385,0.7097817659378052,no difference
iranian,0.05,lgbm,class_weight,f1,0.04391080617495702,0.88,25,2.6666246149746306e-05,0.00021332996919797045,better
iranian,0.05,lgbm,class_weight,mcc,0.03858667199209842,0.92,25,5.128914784493951e-05,0.00035902403491457654,better
iranian,0.05,lgbm,class_weight,brier,0.0019870419461297008,0.84,25,1.5079975128173828e-05,0.0001055598258972168,better
iranian,0.05,lgbm,class_weight,prec_at_top,0.0,0.16,25,0.9031238431673467,1.0,no difference
iranian,0.05,lgbm,class_weight,empc,0.01211800375511407,0.6,25,0.312333345413208,1.0,no difference
iranian,0.05,lgbm,dirichlet@1.0,roc_auc,0.0002690341673392549,0.56,25,0.22461498842054994,0.8984599536821998,no difference
iranian,0.05,lgbm,dirichlet@1.0,pr_auc,-0.008887183533445087,0.44,25,0.10731470584869385,0.7097817659378052,no difference
iranian,0.05,lgbm,dirichlet@1.0,f1,0.03764320785597386,0.64,25,0.14847958087921143,0.4454387426376343,no difference
iranian,0.05,lgbm,dirichlet@1.0,mcc,0.024575848602084616,0.56,25,0.5424043536186218,0.9110433291669576,no difference
iranian,0.05,lgbm,dirichlet@1.0,brier,0.0007939934880511999,0.6,25,0.507703959941864,0.507703959941864,no difference
iranian,0.05,lgbm,dirichlet@1.0,prec_at_top,0.0,0.36,25,0.2813015424589064,1.0,no difference
iranian,0.05,lgbm,dirichlet@1.0,empc,0.012502261862400221,0.64,25,0.2634761333465576,1.0,no difference
iranian,0.05,lgbm,easy_ensemble,roc_auc,-0.014460586494484784,0.04,25,1.7881393432617188e-07,1.6093254089355469e-06,worse
iranian,0.05,lgbm,easy_ensemble,pr_auc,-0.10162869558525933,0.04,25,1.1920928955078125e-07,1.0728836059570312e-06,worse
iranian,0.05,lgbm,easy_ensemble,f1,-0.2953271028037384,0.0,25,5.960464477539063e-08,5.960464477539062e-07,worse
iranian,0.05,lgbm,easy_ensemble,mcc,-0.24708163555663248,0.0,25,5.960464477539063e-08,5.960464477539062e-07,worse
iranian,0.05,lgbm,easy_ensemble,brier,-0.0624083957538523,0.0,25,5.960464477539063e-08,5.960464477539062e-07,worse
iranian,0.05,lgbm,easy_ensemble,prec_at_top,-0.0357142857142857,0.0,25,3.591524195078807e-05,0.0003232371775570926,worse
iranian,0.05,lgbm,easy_ensemble,empc,-0.3071330512224506,0.04,25,2.980232238769531e-07,2.682209014892578e-06,worse
iranian,0.05,lgbm,ros@1.0,roc_auc,0.0004035512510087713,0.56,25,0.4195259892526826,1.0,no difference
iranian,0.05,lgbm,ros@1.0,pr_auc,-0.0004995206962824517,0.48,25,0.9578450322151184,1.0,no difference
iranian,0.05,lgbm,ros@1.0,f1,0.043272481406355645,0.88,25,3.0883947354500344e-05,0.0002161876314815024,better
iranian,0.05,lgbm,ros@1.0,mcc,0.040484246234475996,0.88,25,2.562999725341797e-06,2.0503997802734375e-05,better
iranian,0.05,lgbm,ros@1.0,brier,0.0018091362246357018,0.72,25,0.02747941017150879,0.13739705085754395,no difference
iranian,0.05,lgbm,ros@1.0,prec_at_top,0.0,0.16,25,0.3221988061625817,1.0,no difference
iranian,0.05,lgbm,ros@1.0,empc,0.00969457387940098,0.56,25,0.2634761333465576,1.0,no difference
iranian,0.05,lgbm,rus@1.0,roc_auc,-0.032687651331719136,0.0,25,5.960464477539063e-08,5.960464477539062e-07,worse
iranian,0.05,lgbm,rus@1.0,pr_auc,-0.2972365344315991,0.0,25,5.960464477539063e-08,5.960464477539062e-07,worse
iranian,0.05,lgbm,rus@1.0,f1,-0.272893772893773,0.0,25,5.960464477539063e-08,5.960464477539062e-07,worse
iranian,0.05,lgbm,rus@1.0,mcc,-0.22737623509959687,0.0,25,5.960464477539063e-08,5.960464477539062e-07,worse
iranian,0.05,lgbm,rus@1.0,brier,-0.0824774731320461,0.0,25,5.960464477539063e-08,5.960464477539062e-07,worse
iranian,0.05,lgbm,rus@1.0,prec_at_top,-0.0892857142857143,0.0,25,1.1604390007781839e-05,0.00011604390007781839,worse
iranian,0.05,lgbm,rus@1.0,empc,-0.5971725637996133,0.0,25,5.960464477539063e-08,5.960464477539062e-07,worse
iranian,0.05,lgbm,smote@0.5,roc_auc,0.002354048964218425,0.76,25,0.0008292057593073193,0.006633646074458555,better
iranian,0.05,lgbm,smote@0.5,pr_auc,0.01635595257387512,0.72,25,0.10139739513397217,0.7097817659378052,no difference
iranian,0.05,lgbm,smote@0.5,f1,0.0429645542427497,0.84,25,0.0020306384450003404,0.010153192225001701,better
iranian,0.05,lgbm,smote@0.5,mcc,0.034981740878174516,0.84,25,0.003419220447540283,0.0205153226852417,better
iranian,0.05,lgbm,smote@0.5,brier,0.0018836557256120996,0.8,25,0.0041751861572265625,0.025051116943359375,better
iranian,0.05,lgbm,smote@0.5,prec_at_top,0.0,0.48,25,0.009441820377129753,0.07553456301703802,no difference
iranian,0.05,lgbm,smote@0.5,empc,0.02245993687360537,0.64,25,0.13364005088806152,0.9354803562164307,no difference
iranian,0.05,lgbm,smote@1.0,roc_auc,0.00208501479687917,0.64,25,0.009322376047437493,0.06525663233206246,no difference
iranian,0.05,lgbm,smote@1.0,pr_auc,0.005580515968745536,0.6,25,0.5249125957489014,1.0,no difference
iranian,0.05,lgbm,smote@1.0,f1,0.03703703703703709,0.88,25,0.0010779955422137713,0.006467973253282628,better
iranian,0.05,lgbm,smote@1.0,mcc,0.02696950525206321,0.8,25,0.006845525951133273,0.034227629755666365,better
iranian,0.05,lgbm,smote@1.0,brier,0.0019384084730064005,0.64,25,0.09031611680984497,0.3207833766937256,no difference
iranian,0.05,lgbm,smote@1.0,prec_at_top,0.017857142857142794,0.52,25,0.013395163955962566,0.09376614769173797,no difference
iranian,0.05,lgbm,smote@1.0,empc,0.018443723376991183,0.6,25,0.19081425666809082,1.0,no difference
iranian,0.05,lgbm,smote_enn@1.0,roc_auc,-0.0009416195856871701,0.4,25,0.5601714849472046,1.0,no difference
iranian,0.05,lgbm,smote_enn@1.0,pr_auc,-0.08317743867148908,0.12,25,8.344650268554688e-07,6.67572021484375e-06,worse
iranian,0.05,lgbm,smote_enn@1.0,f1,-0.012681159420289911,0.4,25,0.5110890641174397,0.5110890641174397,no difference
iranian,0.05,lgbm,smote_enn@1.0,mcc,-0.009421539077661967,0.36,25,0.3809836506843567,0.9110433291669576,no difference
iranian,0.05,lgbm,smote_enn@1.0,brier,-0.0120266434584918,0.0,25,5.960464477539063e-08,5.960464477539062e-07,worse
iranian,0.05,lgbm,smote_enn@1.0,prec_at_top,0.0,0.32,25,0.7093684556289312,1.0,no difference
iranian,0.05,lgbm,smote_enn@1.0,empc,-0.00970502119760619,0.48,25,0.42614197731018066,1.0,no difference
iranian,0.05,lgbm,threshold,roc_auc,0.0002690341673392549,0.6,25,0.7878577545422971,1.0,no difference
iranian,0.05,lgbm,threshold,pr_auc,0.0054633844857059355,0.64,25,0.21998637914657593,0.8799455165863037,no difference
iranian,0.05,lgbm,threshold,f1,0.01967213114754096,0.6,25,0.17931823604537578,0.4454387426376343,no difference
iranian,0.05,lgbm,threshold,mcc,0.015312645156919658,0.6,25,0.3036811097223192,0.9110433291669576,no difference
iranian,0.05,lgbm,threshold,brier,0.0005898480510722996,0.68,25,0.0801958441734314,0.3207833766937256,no difference
iranian,0.05,lgbm,threshold,prec_at_top,0.0,0.24,25,0.08604039578456761,0.43020197892283807,no difference
iranian,0.05,lgbm,threshold,empc,0.01972608729006753,0.72,25,0.008822321891784668,0.07057857513427734,no difference
iranian,0.05,lr,adasyn@1.0,roc_auc,-0.0043718052192628365,0.36,25,0.05875152349472046,0.5287637114524841,no difference
iranian,0.05,lr,adasyn@1.0,pr_auc,-0.057411280496052486,0.0,25,5.960464477539063e-08,5.364418029785156e-07,worse
iranian,0.05,lr,adasyn@1.0,f1,-0.1782945736434109,0.04,25,1.1920928955078125e-07,1.1920928955078125e-06,worse
iranian,0.05,lr,adasyn@1.0,mcc,-0.16622678990248851,0.04,25,1.7881393432617188e-07,1.7881393432617188e-06,worse
iranian,0.05,lr,adasyn@1.0,brier,-0.09949072888914019,0.0,25,5.960464477539063e-08,5.364418029785156e-07,worse
iranian,0.05,lr,adasyn@1.0,prec_at_top,0.0,0.24,25,0.08519169643587948,0.43184599133957197,no difference
iranian,0.05,lr,adasyn@1.0,empc,-0.10666655950766013,0.28,25,0.006129205226898193,0.04903364181518555,worse
iranian,0.05,lr,class_weight,roc_auc,0.001815980629539915,0.56,25,0.8864030063670636,1.0,no difference
iranian,0.05,lr,class_weight,pr_auc,-0.027751183796059176,0.08,25,1.4901161193847656e-06,7.450580596923828e-06,worse
iranian,0.05,lr,class_weight,f1,-0.15341895175286363,0.04,25,1.7881393432617188e-07,1.2516975402832031e-06,worse
iranian,0.05,lr,class_weight,mcc,-0.13535603110669608,0.04,25,1.1324882507324219e-06,7.927417755126953e-06,worse
iranian,0.05,lr,class_weight,brier,-0.07545889571370219,0.0,25,5.960464477539063e-08,5.364418029785156e-07,worse
iranian,0.05,lr,class_weight,prec_at_top,0.0,0.2,25,0.643209182225188,1.0,no difference
iranian,0.05,lr,class_weight,empc,-0.02774275916798552,0.28,25,0.018744707107543945,0.11246824264526367,no difference
iranian,0.05,lr,dirichlet@1.0,roc_auc,0.00040355125100888234,0.52,25,0.42614197731018066,1.0,no difference
iranian,0.05,lr,dirichlet@1.0,pr_auc,-0.028803600911493255,0.04,25,8.344650268554688e-07,6.67572021484375e-06,worse
iranian,0.05,lr,dirichlet@1.0,f1,-0.1456053067993367,0.04,25,2.980232238769531e-07,1.7881393432617188e-06,worse
iranian,0.05,lr,dirichlet@1.0,mcc,-0.14750800573717188,0.04,25,1.4901161193847656e-06,7.927417755126953e-06,worse
iranian,0.05,lr,dirichlet@1.0,brier,-0.0721148267395322,0.0,25,5.960464477539063e-08,5.364418029785156e-07,worse
iranian,0.05,lr,dirichlet@1.0,prec_at_top,0.0,0.28,25,0.07197433188992866,0.43184599133957197,no difference
iranian,0.05,lr,dirichlet@1.0,empc,-0.020371349278361706,0.28,25,0.1134914755821228,0.4539659023284912,no difference
iranian,0.05,lr,easy_ensemble,roc_auc,0.0022195318805487974,0.64,25,0.0626264214515686,0.5287637114524841,no difference
iranian,0.05,lr,easy_ensemble,pr_auc,-0.030539067475004456,0.08,25,3.2782554626464844e-06,1.3113021850585938e-05,worse
iranian,0.05,lr,easy_ensemble,f1,-0.15701797789873,0.04,25,1.1920928955078125e-07,1.1920928955078125e-06,worse
iranian,0.05,lr,easy_ensemble,mcc,-0.1473085492621805,0.04,25,5.960464477539062e-07,5.364418029785156e-06,worse
iranian,0.05,lr,easy_ensemble,brier,-0.0794060784284972,0.0,25,5.960464477539063e-08,5.364418029785156e-07,worse
iranian,0.05,lr,easy_ensemble,prec_at_top,0.0,0.12,25,0.029054106669448937,0.2324328533555915,no difference
iranian,0.05,lr,easy_ensemble,empc,-0.03857941928072006,0.32,25,0.00806879997253418,0.05648159980773926,no difference
iranian,0.05,lr,ros@1.0,roc_auc,0.0016814635458703986,0.56,25,0.8929750717873536,1.0,no difference
iranian,0.05,lr,ros@1.0,pr_auc,-0.028903685132524837,0.12,25,8.165836334228516e-06,1.633167266845703e-05,worse
iranian,0.05,lr,ros@1.0,f1,-0.15170940170940167,0.04,25,2.980232238769531e-07,1.7881393432617188e-06,worse
iranian,0.05,lr,ros@1.0,mcc,-0.1325924941892358,0.04,25,1.1324882507324219e-06,7.927417755126953e-06,worse
iranian,0.05,lr,ros@1.0,brier,-0.0768926584889756,0.0,25,5.960464477539063e-08,5.364418029785156e-07,worse
iranian,0.05,lr,ros@1.0,prec_at_top,0.0,0.2,25,0.8755611072198808,1.0,no difference
iranian,0.05,lr,ros@1.0,empc,-0.026429559400697356,0.36,25,0.03933870792388916,0.1966935396194458,no difference
iranian,0.05,lr,rus@1.0,roc_auc,-0.0008743610438526339,0.48,25,0.5424043536186218,1.0,no difference
iranian,0.05,lr,rus@1.0,pr_auc,-0.05191293590878576,0.12,25,8.344650268554688e-07,6.67572021484375e-06,worse
iranian,0.05,lr,rus@1.0,f1,-0.17071524966261808,0.04,25,1.1920928955078125e-07,1.1920928955078125e-06,worse
iranian,0.05,lr,rus@1.0,mcc,-0.15017925245421282,0.04,25,8.344650268554688e-07,6.67572021484375e-06,worse
iranian,0.05,lr,rus@1.0,brier,-0.08126278453565719,0.0,25,5.960464477539063e-08,5.364418029785156e-07,worse
iranian,0.05,lr,rus@1.0,prec_at_top,0.0,0.2,25,0.008731425881487946,0.07858283293339152,no difference
iranian,0.05,lr,rus@1.0,empc,-0.09603489554115163,0.12,25,4.172325134277344e-06,3.7550926208496094e-05,worse
iranian,0.05,lr,smote@0.5,roc_auc,0.002757600215227418,0.64,25,0.989265533361114,1.0,no difference
iranian,0.05,lr,smote@0.5,pr_auc,-0.01112850255380693,0.16,25,0.0002498030662536621,0.0002498030662536621,worse
iranian,0.05,lr,smote@0.5,f1,-0.11612629794447976,0.04,25,1.4901161193847656e-06,2.9802322387695312e-06,worse
iranian,0.05,lr,smote@0.5,mcc,-0.13200047030217832,0.04,25,1.4901161193847656e-06,7.927417755126953e-06,worse
iranian,0.05,lr,smote@0.5,brier,-0.03969828528767991,0.0,25,5.960464477539063e-08,5.364418029785156e-07,worse
iranian,0.05,lr,smote@0.5,prec_at_top,0.0,0.28,25,0.05531569013519519,0.3872098309463663,no difference
iranian,0.05,lr,smote@0.5,empc,0.014743297620127382,0.56,25,0.7509929537773132,0.7509929537773132,no difference
iranian,0.05,lr,smote@1.0,roc_auc,0.0014796879203657909,0.64,25,0.8119303584098816,1.0,no difference
iranian,0.05,lr,smote@1.0,pr_auc,-0.016016932019554897,0.16,25,4.172325134277344e-06,1.3113021850585938e-05,worse
iranian,0.05,lr,smote@1.0,f1,-0.1440261865793781,0.04,25,2.980232238769531e-07,1.7881393432617188e-06,worse
iranian,0.05,lr,smote@1.0,mcc,-0.1425746899266334,0.04,25,1.4901161193847656e-06,7.927417755126953e-06,worse
iranian,0.05,lr,smote@1.0,brier,-0.0742215816670309,0.0,25,5.960464477539063e-08,5.364418029785156e-07,worse
iranian,0.05,lr,smote@1.0,prec_at_top,0.0,0.2,25,1.0,1.0,no difference
iranian,0.05,lr,smote@1.0,empc,-0.02653554000412539,0.4,25,0.1134914755821228,0.4539659023284912,no difference
iranian,0.05,lr,smote_enn@1.0,roc_auc,0.0005380683346785098,0.52,25,0.6720751523971558,1.0,no difference
iranian,0.05,lr,smote_enn@1.0,pr_auc,-0.02621061427322524,0.08,25,8.344650268554688e-07,6.67572021484375e-06,worse
iranian,0.05,lr,smote_enn@1.0,f1,-0.1556329849012777,0.04,25,4.172325134277344e-07,1.7881393432617188e-06,worse
iranian,0.05,lr,smote_enn@1.0,mcc,-0.1513592832074307,0.04,25,2.562999725341797e-06,7.927417755126953e-06,worse
iranian,0.05,lr,smote_enn@1.0,brier,-0.0860475526239769,0.0,25,5.960464477539063e-08,5.364418029785156e-07,worse
iranian,0.05,lr,smote_enn@1.0,prec_at_top,0.0,0.24,25,0.7195259495178964,1.0,no difference
iranian,0.05,lr,smote_enn@1.0,empc,-0.04154308636599535,0.32,25,0.12664812803268433,0.4539659023284912,no difference
iranian,0.05,lr,threshold,roc_auc,0.0,0.0,25,,,no difference
iranian,0.05,lr,threshold,pr_auc,0.0,0.0,25,,,no difference
iranian,0.05,lr,threshold,f1,0.0,0.36,25,0.8405336616716674,0.8405336616716674,no difference
iranian,0.05,lr,threshold,mcc,0.0,0.32,25,0.11654426427752808,0.11654426427752808,no difference
iranian,0.05,lr,threshold,brier,0.0,0.0,25,,,no difference
iranian,0.05,lr,threshold,prec_at_top,0.0,0.0,25,,,no difference
iranian,0.05,lr,threshold,empc,0.0,0.0,25,,,no difference
iranian,0.05,rf,adasyn@1.0,roc_auc,-0.007331181059994529,0.16,25,0.00021690130233764648,0.0015183091163635254,worse
iranian,0.05,rf,adasyn@1.0,pr_auc,-0.13134691307803814,0.08,25,8.344650268554688e-07,5.841255187988281e-06,worse
iranian,0.05,rf,adasyn@1.0,f1,0.05011053795136333,0.56,25,0.20993918180465698,0.20993918180465698,no difference
iranian,0.05,rf,adasyn@1.0,mcc,0.00653917057527964,0.52,25,0.7711594104766846,1.0,no difference
iranian,0.05,rf,adasyn@1.0,brier,-0.006743128376581697,0.0,25,5.960464477539063e-08,5.960464477539062e-07,worse
iranian,0.05,rf,adasyn@1.0,prec_at_top,-0.017857142857142794,0.12,25,0.005843340939291828,0.046746727514334625,worse
iranian,0.05,rf,adasyn@1.0,empc,-0.1902127881574267,0.16,25,0.000102996826171875,0.000720977783203125,worse
iranian,0.05,rf,class_weight,roc_auc,-0.0018832391713750063,0.28,25,0.0067255496978759766,0.03362774848937988,worse
iranian,0.05,rf,class_weight,pr_auc,-0.04921790629365319,0.16,25,5.245208740234375e-06,2.6226043701171875e-05,worse
iranian,0.05,rf,class_weight,f1,0.03963414634146345,0.8,25,0.0005564093589782715,0.002225637435913086,better
iranian,0.05,rf,class_weight,mcc,0.007023038222354394,0.56,25,0.23036134243011475,0.921445369720459,no difference
iranian,0.05,rf,class_weight,brier,-0.0009902085224044004,0.32,25,0.004604637622833252,0.013813912868499756,worse
iranian,0.05,rf,class_weight,prec_at_top,0.0,0.2,25,0.3567656627860365,1.0,no difference
iranian,0.05,rf,class_weight,empc,-0.01796651522659909,0.36,25,0.507703959941864,1.0,no difference
iranian,0.05,rf,dirichlet@1.0,roc_auc,-0.003631961259080052,0.12,25,0.000280582545825065,0.0016834952749503898,worse
iranian,0.05,rf,dirichlet@1.0,pr_auc,-0.0718892204439957,0.12,25,1.1324882507324219e-06,6.794929504394531e-06,worse
iranian,0.05,rf,dirichlet@1.0,f1,0.04406779661016946,0.72,25,0.007370948791503906,0.02211284637451172,better
iranian,0.05,rf,dirichlet@1.0,mcc,0.01819865020179101,0.56,25,0.4418373703956604,1.0,no difference
iranian,0.05,rf,dirichlet@1.0,brier,-0.0028742199639314008,0.08,25,1.1324882507324219e-06,5.662441253662109e-06,worse
iranian,0.05,rf,dirichlet@1.0,prec_at_top,-0.017857142857142794,0.24,25,0.024110619439520403,0.16877433607664283,no difference
iranian,0.05,rf,dirichlet@1.0,empc,-0.13126294894842383,0.16,25,0.00016230344772338867,0.000973820686340332,worse
iranian,0.05,rf,easy_ensemble,roc_auc,-0.01789077212806023,0.0,25,5.960464477539063e-08,5.960464477539062e-07,worse
iranian,0.05,rf,easy_ensemble,pr_auc,-0.1667912563455115,0.0,25,5.960464477539063e-08,5.960464477539062e-07,worse
iranian,0.05,rf,easy_ensemble,f1,-0.2391105696009747,0.0,25,5.960464477539063e-08,5.960464477539062e-07,worse
iranian,0.05,rf,easy_ensemble,mcc,-0.22347843560415248,0.0,25,5.960464477539063e-08,5.960464477539062e-07,worse
iranian,0.05,rf,easy_ensemble,brier,-0.0713255268635221,0.0,25,5.960464477539063e-08,5.960464477539062e-07,worse
iranian,0.05,rf,easy_ensemble,prec_at_top,-0.0535714285714286,0.0,25,1.0748130812486661e-05,0.00010748130812486661,worse
iranian,0.05,rf,easy_ensemble,empc,-0.37400044694792767,0.0,25,5.960464477539063e-08,5.960464477539062e-07,worse
iranian,0.05,rf,ros@1.0,roc_auc,-0.0009416195856876142,0.36,25,0.2527914298605741,0.33714428108619376,no difference
iranian,0.05,rf,ros@1.0,pr_auc,-0.05524053147397601,0.2,25,0.00012022256851196289,0.00036066770553588867,worse
iranian,0.05,rf,ros@1.0,f1,0.08765652951699465,0.96,25,8.344650268554688e-07,5.841255187988281e-06,better
iranian,0.05,rf,ros@1.0,mcc,0.057979657929176476,0.8,25,0.00016230344772338867,0.0012984275817871094,better
iranian,0.05,rf,ros@1.0,brier,-0.0006568177084492997,0.44,25,0.24106645584106445,0.4821329116821289,no difference
iranian,0.05,rf,ros@1.0,prec_at_top,0.0,0.2,25,0.15151996861704592,0.6060798744681837,no difference
iranian,0.05,rf,ros@1.0,empc,0.006378185488880916,0.52,25,0.9578450322151184,1.0,no difference
iranian,0.05,rf,rus@1.0,roc_auc,-0.028181329028786783,0.0,25,5.960464477539063e-08,5.960464477539062e-07,worse
iranian,0.05,rf,rus@1.0,pr_auc,-0.2642402629032742,0.0,25,5.960464477539063e-08,5.960464477539062e-07,worse
iranian,0.05,rf,rus@1.0,f1,-0.24238410596026488,0.0,25,5.960464477539063e-08,5.960464477539062e-07,worse
iranian,0.05,rf,rus@1.0,mcc,-0.2324676745734212,0.0,25,5.960464477539063e-08,5.960464477539062e-07,worse
iranian,0.05,rf,rus@1.0,brier,-0.07704131055173359,0.0,25,5.960464477539063e-08,5.960464477539062e-07,worse
iranian,0.05,rf,rus@1.0,prec_at_top,-0.0892857142857143,0.0,25,1.0949638219956127e-05,0.00010748130812486661,worse
iranian,0.05,rf,rus@1.0,empc,-0.6190180938556527,0.0,25,5.960464477539063e-08,5.960464477539062e-07,worse
iranian,0.05,rf,smote@0.5,roc_auc,-0.0003362927091740131,0.4,25,0.1499848685122849,0.33714428108619376,no difference
iranian,0.05,rf,smote@0.5,pr_auc,-0.04310607944708966,0.16,25,0.00021690130233764648,0.00043380260467529297,worse
iranian,0.05,rf,smote@0.5,f1,0.07326007326007322,0.92,25,5.960464477539062e-07,4.76837158203125e-06,better
iranian,0.05,rf,smote@0.5,mcc,0.03847205254833597,0.84,25,0.0002498030662536621,0.0017486214637756348,better
iranian,0.05,rf,smote@0.5,brier,-0.0016133980814511985,0.2,25,0.0010271072387695312,0.004108428955078125,worse
iranian,0.05,rf,smote@0.5,prec_at_top,0.0,0.24,25,0.6412138286351945,1.0,no difference
iranian,0.05,rf,smote@0.5,empc,-0.010491436522158004,0.44,25,0.457846462726593,1.0,no difference
iranian,0.05,rf,smote@1.0,roc_auc,-0.00208501479687917,0.28,25,0.01993584156856993,0.07974336627427972,no difference
iranian,0.05,rf,smote@1.0,pr_auc,-0.04717502310683941,0.16,25,3.1948089599609375e-05,0.0001277923583984375,worse
iranian,0.05,rf,smote@1.0,f1,0.07432226621992077,0.8,25,4.5418739318847656e-05,0.00027251243591308594,better
iranian,0.05,rf,smote@1.0,mcc,0.03581953947686867,0.76,25,0.004604637622833252,0.02302318811416626,better
iranian,0.05,rf,smote@1.0,brier,-0.002922863742078799,0.0,25,5.960464477539063e-08,5.960464477539062e-07,worse
iranian,0.05,rf,smote@1.0,prec_at_top,0.0,0.08,25,0.08636062999504494,0.43180314997522473,no difference
iranian,0.05,rf,smote@1.0,empc,-0.0589744965435095,0.32,25,0.017312347888946533,0.08656173944473267,no difference
iranian,0.05,rf,smote_enn@1.0,roc_auc,-0.007869249394673261,0.04,25,3.220225529450529e-05,0.0002576180423560423,worse
iranian,0.05,rf,smote_enn@1.0,pr_auc,-0.17848202167439753,0.0,25,5.960464477539063e-08,5.960464477539062e-07,worse
iranian,0.05,rf,smote_enn@1.0,f1,0.027755102040816326,0.68,25,0.029898791101543674,0.05979758220308735,no difference
iranian,0.05,rf,smote_enn@1.0,mcc,-0.006102133700954138,0.44,25,0.615043044090271,1.0,no difference
iranian,0.05,rf,smote_enn@1.0,brier,-0.011860983851163402,0.0,25,5.960464477539063e-08,5.960464477539062e-07,worse
iranian,0.05,rf,smote_enn@1.0,prec_at_top,0.0,0.12,25,0.037256553473125426,0.22353932083875255,no difference
iranian,0.05,rf,smote_enn@1.0,empc,-0.13312643894302356,0.2,25,8.803606033325195e-05,0.0007042884826660156,worse
iranian,0.05,rf,threshold,roc_auc,-0.0002690341673393659,0.36,25,0.11238142702873126,0.33714428108619376,no difference
iranian,0.05,rf,threshold,pr_auc,2.7360831773792782e-05,0.52,25,0.7914759516716003,0.7914759516716003,no difference
iranian,0.05,rf,threshold,f1,0.05219136835061888,0.92,25,7.219030483816393e-05,0.00036095152419081964,better
iranian,0.05,rf,threshold,mcc,0.035583495552559685,0.8,25,0.0004894733428955078,0.002936840057373047,better
iranian,0.05,rf,threshold,brier,2.4939735796702944e-05,0.56,25,0.4741646647453308,0.4821329116821289,no difference
iranian,0.05,rf,threshold,prec_at_top,0.0,0.04,25,0.33399825582199794,1.0,no difference
iranian,0.05,rf,threshold,empc,-0.006942065542208553,0.36,25,0.2872292995452881,1.0,no difference
iranian,0.05,xgb,adasyn@1.0,roc_auc,-0.002152273338713817,0.36,25,0.2108513000205371,0.8434052000821484,no difference
iranian,0.05,xgb,adasyn@1.0,pr_auc,-0.02580626475061598,0.24,25,0.002025127410888672,0.012150764465332031,worse
iranian,0.05,xgb,adasyn@1.0,f1,0.018418545570022204,0.64,25,0.12664812803268433,0.379944384098053,no difference
iranian,0.05,xgb,adasyn@1.0,mcc,0.00605829638885913,0.52,25,0.9578450322151184,1.0,no difference
iranian,0.05,xgb,adasyn@1.0,brier,-0.004203019015899104,0.2,25,2.664327621459961e-05,0.00018650293350219727,worse
iranian,0.05,xgb,adasyn@1.0,prec_at_top,0.0,0.28,25,0.3859030772055728,1.0,no difference
iranian,0.05,xgb,adasyn@1.0,empc,-0.04709851210060734,0.32,25,0.013554692268371582,0.09488284587860107,no difference
iranian,0.05,xgb,class_weight,roc_auc,-0.00013451708366951642,0.48,25,0.8400645050868245,1.0,no difference
iranian,0.05,xgb,class_weight,pr_auc,-0.012110286526683334,0.4,25,0.023649930953979492,0.11824965476989746,no difference
iranian,0.05,xgb,class_weight,f1,0.05463414634146346,0.76,25,0.00028705596923828125,0.0020093917846679688,better
iranian,0.05,xgb,class_weight,mcc,0.03472671611727385,0.68,25,0.0050716400146484375,0.03550148010253906,better
iranian,0.05,xgb,class_weight,brier,-0.0012840187616154995,0.32,25,0.034173786640167236,0.10252135992050171,no difference
iranian,0.05,xgb,class_weight,prec_at_top,0.0,0.12,25,0.3506415550296669,1.0,no difference
iranian,0.05,xgb,class_weight,empc,0.023516182587584922,0.56,25,0.3665854334831238,1.0,no difference
iranian,0.05,xgb,dirichlet@1.0,roc_auc,-0.0010088781275222614,0.36,25,0.10350597661294723,0.5175298830647361,no difference
iranian,0.05,xgb,dirichlet@1.0,pr_auc,-0.03414791257689864,0.2,25,0.00018787384033203125,0.0013151168823242188,worse
iranian,0.05,xgb,dirichlet@1.0,f1,0.0,0.48,25,0.9316935455667716,0.9316935455667716,no difference
iranian,0.05,xgb,dirichlet@1.0,mcc,-0.021084231818728316,0.28,25,0.19081425666809082,0.5724427700042725,no difference
iranian,0.05,xgb,dirichlet@1.0,brier,-0.0025433032506045027,0.16,25,0.0002498030662536621,0.0014988183975219727,worse
iranian,0.05,xgb,dirichlet@1.0,prec_at_top,0.0,0.32,25,0.9163399853018767,1.0,no difference
iranian,0.05,xgb,dirichlet@1.0,empc,-0.06744707381861059,0.4,25,0.0709836483001709,0.4259018898010254,no difference
iranian,0.05,xgb,easy_ensemble,roc_auc,-0.012442830239440261,0.0,25,5.960464477539063e-08,5.960464477539062e-07,worse
iranian,0.05,xgb,easy_ensemble,pr_auc,-0.10262489048411894,0.0,25,5.960464477539063e-08,5.960464477539062e-07,worse
iranian,0.05,xgb,easy_ensemble,f1,-0.27683615819209034,0.0,25,5.960464477539063e-08,5.960464477539062e-07,worse
iranian,0.05,xgb,easy_ensemble,mcc,-0.23672435545051762,0.0,25,5.960464477539063e-08,5.960464477539062e-07,worse
iranian,0.05,xgb,easy_ensemble,brier,-0.0663638407576528,0.0,25,5.960464477539063e-08,5.960464477539062e-07,worse
iranian,0.05,xgb,easy_ensemble,prec_at_top,-0.0357142857142857,0.0,25,3.834628145479258e-05,0.00034511653309313324,worse
iranian,0.05,xgb,easy_ensemble,empc,-0.302419626002675,0.04,25,1.7881393432617188e-07,1.6093254089355469e-06,worse
iranian,0.05,xgb,ros@1.0,roc_auc,0.0002690341673393659,0.6,25,0.7309892177581787,1.0,no difference
iranian,0.05,xgb,ros@1.0,pr_auc,-0.0033622679243620057,0.4,25,0.2002161741256714,0.4004323482513428,no difference
iranian,0.05,xgb,ros@1.0,f1,0.04775481111903068,0.8,25,0.0003764033317565918,0.0022584199905395508,better
iranian,0.05,xgb,ros@1.0,mcc,0.02845310173796034,0.64,25,0.00963503122329712,0.057810187339782715,no difference
iranian,0.05,xgb,ros@1.0,brier,-0.0015927651458193977,0.32,25,0.017312347888946533,0.06924939155578613,no difference
iranian,0.05,xgb,ros@1.0,prec_at_top,0.0,0.24,25,0.9361096200881357,1.0,no difference
iranian,0.05,xgb,ros@1.0,empc,0.022148488339699846,0.52,25,1.0,1.0,no difference
iranian,0.05,xgb,rus@1.0,roc_auc,-0.024078557976863202,0.0,25,5.960464477539063e-08,5.960464477539062e-07,worse
iranian,0.05,xgb,rus@1.0,pr_auc,-0.23167736451598941,0.0,25,5.960464477539063e-08,5.960464477539062e-07,worse
iranian,0.05,xgb,rus@1.0,f1,-0.2789605050653355,0.0,25,5.960464477539063e-08,5.960464477539062e-07,worse
iranian,0.05,xgb,rus@1.0,mcc,-0.23994517274476201,0.0,25,5.960464477539063e-08,5.960464477539062e-07,worse
iranian,0.05,xgb,rus@1.0,brier,-0.0770427856805389,0.0,25,5.960464477539063e-08,5.960464477539062e-07,worse
iranian,0.05,xgb,rus@1.0,prec_at_top,-0.0892857142857143,0.0,25,1.7148142725521457e-05,0.00017148142725521457,worse
iranian,0.05,xgb,rus@1.0,empc,-0.5846322666321317,0.04,25,1.1920928955078125e-07,1.1920928955078125e-06,worse
iranian,0.05,xgb,smote@0.5,roc_auc,0.0014124293785312547,0.6,25,0.0709836483001709,0.4259018898010254,no difference
iranian,0.05,xgb,smote@0.5,pr_auc,-0.0043670883528531546,0.4,25,0.3525196313858032,0.4004323482513428,no difference
iranian,0.05,xgb,smote@0.5,f1,0.050287356321839005,0.8,25,0.00016230344772338867,0.0012984275817871094,better
iranian,0.05,xgb,smote@0.5,mcc,0.03952820611209029,0.6,25,0.012466490268707275,0.06233245134353638,no difference
iranian,0.05,xgb,smote@0.5,brier,-0.0005049730893296016,0.48,25,0.312333345413208,0.43997275829315186,no difference
iranian,0.05,xgb,smote@0.5,prec_at_top,0.0,0.48,25,0.2223643041268598,1.0,no difference
iranian,0.05,xgb,smote@0.5,empc,-0.0046979392761943295,0.48,25,0.7914759516716003,1.0,no difference
iranian,0.05,xgb,smote@1.0,roc_auc,0.0002690341673392549,0.52,25,0.9158032536506653,1.0,no difference
iranian,0.05,xgb,smote@1.0,pr_auc,-0.016888771019524906,0.4,25,0.06670159101486206,0.26680636405944824,no difference
iranian,0.05,xgb,smote@1.0,f1,0.020000000000000018,0.56,25,0.16449612379074097,0.379944384098053,no difference
iranian,0.05,xgb,smote@1.0,mcc,-0.007970973968121298,0.48,25,0.7711594104766846,1.0,no difference
iranian,0.05,xgb,smote@1.0,brier,-0.002253111964447,0.32,25,0.002025127410888672,0.01012563705444336,worse
iranian,0.05,xgb,smote@1.0,prec_at_top,0.0,0.28,25,0.6313038230399479,1.0,no difference
iranian,0.05,xgb,smote@1.0,empc,-0.020997114501889236,0.48,25,0.4741646647453308,1.0,no difference
iranian,0.05,xgb,smote_enn@1.0,roc_auc,-0.004775356470271608,0.2,25,0.0011304006307481765,0.009043205045985412,worse
iranian,0.05,xgb,smote_enn@1.0,pr_auc,-0.09398978457031826,0.0,25,5.960464477539063e-08,5.960464477539062e-07,worse
iranian,0.05,xgb,smote_enn@1.0,f1,-0.04579710144927529,0.32,25,0.017312347888946533,0.06924939155578613,no difference
iranian,0.05,xgb,smote_enn@1.0,mcc,-0.04144657754873182,0.32,25,0.002025127410888672,0.016201019287109375,worse
iranian,0.05,xgb,smote_enn@1.0,brier,-0.01515167756356,0.0,25,5.960464477539063e-08,5.960464477539062e-07,worse
iranian,0.05,xgb,smote_enn@1.0,prec_at_top,0.0,0.16,25,0.11812928062668834,0.9450342450135067,no difference
iranian,0.05,xgb,smote_enn@1.0,empc,-0.07122440074521164,0.24,25,0.001625359058380127,0.013002872467041016,worse
iranian,0.05,xgb,threshold,roc_auc,0.000605326876513268,0.72,25,0.017248403467000257,0.1207388242690018,no difference
iranian,0.05,xgb,threshold,pr_auc,-0.002873587801367261,0.24,25,0.0709836483001709,0.26680636405944824,no difference
iranian,0.05,xgb,threshold,f1,0.024358130348913765,0.8,25,0.0018156766891479492,0.009078383445739746,better
iranian,0.05,xgb,threshold,mcc,0.017427999281239392,0.6,25,0.03180783987045288,0.12723135948181152,no difference
iranian,0.05,xgb,threshold,brier,-0.00012111599976340204,0.44,25,0.21998637914657593,0.43997275829315186,no difference
iranian,0.05,xgb,threshold,prec_at_top,0.0,0.28,25,0.6800513568290709,1.0,no difference
iranian,0.05,xgb,threshold,empc,-0.0011297886986092465,0.36,25,0.4741646647453308,1.0,no difference
iranian,0.1,hgb,adasyn@1.0,roc_auc,-0.002840818411056767,0.12,25,1.8298625946044922e-05,0.00012809038162231445,worse
iranian,0.1,hgb,adasyn@1.0,pr_auc,-0.01151699747574686,0.08,25,1.0073184967041016e-05,6.0439109802246094e-05,worse
iranian,0.1,hgb,adasyn@1.0,f1,-0.007930337428082801,0.2,25,0.011453330516815186,0.0801733136177063,no difference
iranian,0.1,hgb,adasyn@1.0,mcc,-0.01244825160412999,0.16,25,0.004604637622833252,0.023934543132781982,worse
iranian,0.1,hgb,adasyn@1.0,brier,-0.0020940680614901022,0.2,25,0.0004894733428955078,0.0019578933715820312,worse
iranian,0.1,hgb,adasyn@1.0,prec_at_top,0.0,0.4,25,0.9240290412515352,1.0,no difference
iranian,0.1,hgb,adasyn@1.0,empc,-0.03677825660143874,0.32,25,0.20993918180465698,0.8397567272186279,no difference
iranian,0.1,hgb,class_weight,roc_auc,-0.00031919307989403123,0.36,25,0.3809836506843567,0.3809836506843567,no difference
iranian,0.1,hgb,class_weight,pr_auc,-0.002621249378356394,0.24,25,0.0041751861572265625,0.008350372314453125,worse
iranian,0.1,hgb,class_weight,f1,-0.007752504936736626,0.28,25,0.01597297191619873,0.08833229541778564,no difference
iranian,0.1,hgb,class_weight,mcc,-0.010467657395254126,0.2,25,0.003419220447540283,0.023934543132781982,worse
iranian,0.1,hgb,class_weight,brier,-0.0022623445950793013,0.2,25,2.664327621459961e-05,0.00013321638107299805,worse
iranian,0.1,hgb,class_weight,prec_at_top,0.0,0.24,25,0.5951920180927641,1.0,no difference
iranian,0.1,hgb,class_weight,empc,0.01678338285908243,0.64,25,0.2634761333465576,0.8397567272186279,no difference
iranian,0.1,hgb,dirichlet@1.0,roc_auc,-0.002362028791215609,0.24,25,0.00032907724380493164,0.0016453862190246582,worse
iranian,0.1,hgb,dirichlet@1.0,pr_auc,-0.0020091253337140014,0.44,25,0.055070459842681885,0.055070459842681885,no difference
iranian,0.1,hgb,dirichlet@1.0,f1,0.0004828585224528892,0.52,25,0.6720751523971558,0.6720751523971558,no difference
iranian,0.1,hgb,dirichlet@1.0,mcc,-0.00329946882026666,0.48,25,0.4418373703956604,0.4418373703956604,no difference
iranian,0.1,hgb,dirichlet@1.0,brier,-0.0003395241302522993,0.44,25,0.3809836506843567,0.3809836506843567,no difference
iranian,0.1,hgb,dirichlet@1.0,prec_at_top,0.016949152542372836,0.56,25,0.01947510143823188,0.13632571006762315,no difference
iranian,0.1,hgb,dirichlet@1.0,empc,-0.009440490351648734,0.48,25,0.507703959941864,0.8522839546203613,no difference
iranian,0.1,hgb,easy_ensemble,roc_auc,-0.00370263972677054,0.16,25,0.001625359058380127,0.003889024257659912,worse
iranian,0.1,hgb,easy_ensemble,pr_auc,-0.023598819936339277,0.04,25,1.9669532775878906e-06,1.3768672943115234e-05,worse
iranian,0.1,hgb,easy_ensemble,f1,-0.13648740639891088,0.0,25,5.960464477539063e-08,5.960464477539062e-07,worse
iranian,0.1,hgb,easy_ensemble,mcc,-0.13607499942485712,0.0,25,5.960464477539063e-08,5.960464477539062e-07,worse
iranian,0.1,hgb,easy_ensemble,brier,-0.033622871923204206,0.0,25,5.960464477539063e-08,5.364418029785156e-07,worse
iranian,0.1,hgb,easy_ensemble,prec_at_top,-0.016949152542372836,0.28,25,0.024673375319082837,0.14804025191449702,no difference
iranian,0.1,hgb,easy_ensemble,empc,-0.13479470884454958,0.04,25,1.1920928955078125e-07,9.5367431640625e-07,worse
iranian,0.1,hgb,ros@1.0,roc_auc,-0.0015002074755018358,0.28,25,0.0009339604501487052,0.0037358418005948206,worse
iranian,0.1,hgb,ros@1.0,pr_auc,-0.005804223408228282,0.24,25,0.001625359058380127,0.0072637200355529785,worse
iranian,0.1,hgb,ros@1.0,f1,-0.010113780025284513,0.4,25,0.05436320174495523,0.10872640348991046,no difference
iranian,0.1,hgb,ros@1.0,mcc,-0.013093681401791457,0.28,25,0.009414204501829492,0.03765681800731797,worse
iranian,0.1,hgb,ros@1.0,brier,-0.0031180979687477003,0.04,25,4.172325134277344e-06,2.5033950805664062e-05,worse
iranian,0.1,hgb,ros@1.0,prec_at_top,0.0,0.24,25,0.44980724952131323,1.0,no difference
iranian,0.1,hgb,ros@1.0,empc,-0.03452730599794407,0.32,25,0.05875152349472046,0.35250914096832275,no difference
iranian,0.1,hgb,rus@1.0,roc_auc,-0.012272973921925279,0.04,25,1.1920928955078125e-07,9.5367431640625e-07,worse
iranian,0.1,hgb,rus@1.0,pr_auc,-0.09307569516131098,0.0,25,5.960464477539063e-08,5.364418029785156e-07,worse
iranian,0.1,hgb,rus@1.0,f1,-0.17379907687047702,0.0,25,5.960464477539063e-08,5.960464477539062e-07,worse
iranian,0.1,hgb,rus@1.0,mcc,-0.17038421036282636,0.0,25,5.960464477539063e-08,5.960464477539062e-07,worse
iranian,0.1,hgb,rus@1.0,brier,-0.052691622625672195,0.0,25,5.960464477539063e-08,5.364418029785156e-07,worse
iranian,0.1,hgb,rus@1.0,prec_at_top,-0.0847457627118644,0.0,25,1.2036221616497781e-05,0.00010832599454848003,worse
iranian,0.1,hgb,rus@1.0,empc,-0.3451430173908534,0.0,25,5.960464477539063e-08,5.364418029785156e-07,worse
iranian,0.1,hgb,smote@0.5,roc_auc,-0.002138593635289676,0.32,25,0.0012963414192199707,0.003889024257659912,worse
iranian,0.1,hgb,smote@0.5,pr_auc,-0.008021585882909354,0.2,25,0.0014527440071105957,0.0072637200355529785,worse
iranian,0.1,hgb,smote@0.5,f1,-0.013071895424836666,0.28,25,0.014722049236297607,0.08833229541778564,no difference
iranian,0.1,hgb,smote@0.5,mcc,-0.017919040862975355,0.28,25,0.003419220447540283,0.023934543132781982,worse
iranian,0.1,hgb,smote@0.5,brier,-0.0016171056547072994,0.32,25,0.002255260944366455,0.00451052188873291,worse
iranian,0.1,hgb,smote@0.5,prec_at_top,0.0,0.44,25,0.5504948290353633,1.0,no difference
iranian,0.1,hgb,smote@0.5,empc,-0.06787989403426664,0.36,25,0.0709836483001709,0.3549182415008545,no difference
iranian,0.1,hgb,smote@1.0,roc_auc,-0.003351527338886995,0.16,25,0.00025270232942459816,0.001516213976547589,worse
iranian,0.1,hgb,smote@1.0,pr_auc,-0.010965547528883124,0.2,25,0.001625359058380127,0.0072637200355529785,worse
iranian,0.1,hgb,smote@1.0,f1,-0.010634869481147224,0.32,25,0.034173786640167236,0.10252135992050171,no difference
iranian,0.1,hgb,smote@1.0,mcc,-0.01661660942128962,0.24,25,0.010510802268981934,0.03765681800731797,worse
iranian,0.1,hgb,smote@1.0,brier,-0.0022685036289006,0.16,25,0.0014527440071105957,0.004358232021331787,worse
iranian,0.1,hgb,smote@1.0,prec_at_top,0.0,0.48,25,0.3705962201515923,1.0,no difference
iranian,0.1,hgb,smote@1.0,empc,-0.00579642252626833,0.44,25,0.42614197731018066,0.8522839546203613,no difference
iranian,0.1,hgb,smote_enn@1.0,roc_auc,-0.007915988381371863,0.0,25,5.960464477539063e-08,5.364418029785156e-07,worse
iranian,0.1,hgb,smote_enn@1.0,pr_auc,-0.06158046969018516,0.0,25,5.960464477539063e-08,5.364418029785156e-07,worse
iranian,0.1,hgb,smote_enn@1.0,f1,-0.045012165450121655,0.08,25,5.960464477539062e-07,4.76837158203125e-06,worse
iranian,0.1,hgb,smote_enn@1.0,mcc,-0.052921832769414756,0.08,25,1.1324882507324219e-06,9.059906005859375e-06,worse
iranian,0.1,hgb,smote_enn@1.0,brier,-0.017175689041541303,0.0,25,5.960464477539063e-08,5.364418029785156e-07,worse
iranian,0.1,hgb,smote_enn@1.0,prec_at_top,-0.03389830508474578,0.08,25,0.00019474796921420073,0.0015579837537136058,worse
iranian,0.1,hgb,smote_enn@1.0,empc,-0.07237184140603148,0.2,25,0.002255260944366455,0.015786826610565186,worse
iranian,0.1,hgb,threshold,roc_auc,0.0,0.0,25,,,no difference
iranian,0.1,hgb,threshold,pr_auc,0.0,0.0,25,,,no difference
iranian,0.1,hgb,threshold,f1,-0.009730207872622798,0.24,25,0.024047926156015694,0.09619170462406278,no difference
iranian,0.1,hgb,threshold,mcc,-0.007218440163270445,0.24,25,0.022089328068250483,0.04417865613650097,worse
iranian,0.1,hgb,threshold,brier,0.0,0.0,25,,,no difference
iranian,0.1,hgb,threshold,prec_at_top,0.0,0.0,25,,,no difference
iranian,0.1,hgb,threshold,empc,0.0,0.0,25,,,no difference
iranian,0.1,lgbm,adasyn@1.0,roc_auc,-0.0021385936352900092,0.12,25,0.00016230344772338867,0.0011361241340637207,worse
iranian,0.1,lgbm,adasyn@1.0,pr_auc,-0.010869385469327475,0.12,25,5.3882598876953125e-05,0.0003771781921386719,worse
iranian,0.1,lgbm,adasyn@1.0,f1,-0.008888888888888835,0.36,25,0.23036134243011475,0.921445369720459,no difference
iranian,0.1,lgbm,adasyn@1.0,mcc,-0.015655843591144025,0.32,25,0.09031611680984497,0.45158058404922485,no difference
iranian,0.1,lgbm,adasyn@1.0,brier,-0.0011081777443754,0.4,25,0.12664812803268433,0.5065925121307373,no difference
iranian,0.1,lgbm,adasyn@1.0,prec_at_top,0.0,0.4,25,0.9838235253521256,1.0,no difference
iranian,0.1,lgbm,adasyn@1.0,empc,-0.0779870102224356,0.32,25,0.021908342838287354,0.15335839986801147,no difference
iranian,0.1,lgbm,class_weight,roc_auc,-0.0010852564716398172,0.2,25,0.0011304006307481765,0.006782403784489059,worse
iranian,0.1,lgbm,class_weight,pr_auc,-0.007396443744252967,0.28,25,0.003419220447540283,0.01852726936340332,worse
iranian,0.1,lgbm,class_weight,f1,-0.011511216056670603,0.28,25,0.034173786640167236,0.20504271984100342,no difference
iranian,0.1,lgbm,class_weight,mcc,-0.017197107610922746,0.28,25,0.00806879997253418,0.04841279983520508,worse
iranian,0.1,lgbm,class_weight,brier,-0.0022796246016187002,0.2,25,0.0005564093589782715,0.003338456153869629,worse
iranian,0.1,lgbm,class_weight,prec_at_top,-0.016949152542372836,0.2,25,0.013857112290709996,0.09699978603496998,no difference
iranian,0.1,lgbm,class_weight,empc,-0.0029805834591929425,0.48,25,0.5601714849472046,1.0,no difference
iranian,0.1,lgbm,dirichlet@1.0,roc_auc,-0.002330109483226206,0.24,25,0.0050716400146484375,0.02028656005859375,worse
iranian,0.1,lgbm,dirichlet@1.0,pr_auc,-0.004881505650772278,0.32,25,0.04512268304824829,0.09024536609649658,no difference
iranian,0.1,lgbm,dirichlet@1.0,f1,-0.006778661951075793,0.44,25,0.18172985315322876,0.9086492657661438,no difference
iranian,0.1,lgbm,dirichlet@1.0,mcc,-0.008243049198243813,0.36,25,0.09573346376419067,0.45158058404922485,no difference
iranian,0.1,lgbm,dirichlet@1.0,brier,-0.0003462748318565981,0.44,25,0.21998637914657593,0.5065925121307373,no difference
iranian,0.1,lgbm,dirichlet@1.0,prec_at_top,0.0,0.24,25,0.7750075826013058,1.0,no difference
iranian,0.1,lgbm,dirichlet@1.0,empc,-0.049034723665691615,0.36,25,0.06670159101486206,0.3335079550743103,no difference
iranian,0.1,lgbm,easy_ensemble,roc_auc,-0.005043250662325693,0.08,25,6.556510925292969e-06,5.245208740234375e-05,worse
iranian,0.1,lgbm,easy_ensemble,pr_auc,-0.03186008938856344,0.04,25,1.7881393432617188e-07,1.430511474609375e-06,worse
iranian,0.1,lgbm,easy_ensemble,f1,-0.14978902953586504,0.0,25,5.960464477539063e-08,5.960464477539062e-07,worse
iranian,0.1,lgbm,easy_ensemble,mcc,-0.1404812539191661,0.0,25,5.960464477539063e-08,5.960464477539062e-07,worse
iranian,0.1,lgbm,easy_ensemble,brier,-0.0364145125863501,0.0,25,5.960464477539063e-08,5.960464477539062e-07,worse
iranian,0.1,lgbm,easy_ensemble,prec_at_top,-0.03389830508474578,0.08,25,0.00023330215734741275,0.001866417258779302,worse
iranian,0.1,lgbm,easy_ensemble,empc,-0.16525628529040848,0.04,25,2.980232238769531e-07,2.682209014892578e-06,worse
iranian,0.1,lgbm,ros@1.0,roc_auc,-0.0001276772319576125,0.36,25,0.19849698681675743,0.3657516592288448,no difference
iranian,0.1,lgbm,ros@1.0,pr_auc,-0.0050583056355292255,0.2,25,0.0030878782272338867,0.01852726936340332,worse
iranian,0.1,lgbm,ros@1.0,f1,-0.007734450531743486,0.4,25,0.39571136236190796,1.0,no difference
iranian,0.1,lgbm,ros@1.0,mcc,-0.013666348237489245,0.4,25,0.09031611680984497,0.45158058404922485,no difference
iranian,0.1,lgbm,ros@1.0,brier,-0.002487088254237803,0.04,25,8.165836334228516e-06,5.716085433959961e-05,worse
iranian,0.1,lgbm,ros@1.0,prec_at_top,0.0,0.16,25,0.07473549830588248,0.4484129898352949,no difference
iranian,0.1,lgbm,ros@1.0,empc,-0.015389601267879804,0.4,25,0.0709836483001709,0.3335079550743103,no difference
iranian,0.1,lgbm,rus@1.0,roc_auc,-0.01573621883877563,0.0,25,5.960464477539063e-08,5.960464477539062e-07,worse
iranian,0.1,lgbm,rus@1.0,pr_auc,-0.09186361265421472,0.0,25,5.960464477539063e-08,5.960464477539062e-07,worse
iranian,0.1,lgbm,rus@1.0,f1,-0.18272914824638964,0.0,25,5.960464477539063e-08,5.960464477539062e-07,worse
iranian,0.1,lgbm,rus@1.0,mcc,-0.1786734578175636,0.0,25,5.960464477539063e-08,5.960464477539062e-07,worse
iranian,0.1,lgbm,rus@1.0,brier,-0.053077194534918604,0.0,25,5.960464477539063e-08,5.960464477539062e-07,worse
iranian,0.1,lgbm,rus@1.0,prec_at_top,-0.10169491525423735,0.0,25,1.1927070484013162e-05,0.00011927070484013161,worse
iranian,0.1,lgbm,rus@1.0,empc,-0.5144302707196715,0.0,25,5.960464477539063e-08,5.960464477539062e-07,worse
iranian,0.1,lgbm,smote@0.5,roc_auc,-0.0011490950876184014,0.24,25,0.003419220447540283,0.017096102237701416,worse
iranian,0.1,lgbm,smote@0.5,pr_auc,-0.0030416501581351785,0.24,25,0.023649930953979492,0.07094979286193848,no difference
iranian,0.1,lgbm,smote@0.5,f1,0.0,0.44,25,0.8551984216262508,1.0,no difference
iranian,0.1,lgbm,smote@0.5,mcc,0.0,0.44,25,0.5230089917974712,0.5230089917974712,no difference
iranian,0.1,lgbm,smote@0.5,brier,0.0005924483496350004,0.56,25,0.9158032536506653,0.9158032536506653,no difference
iranian,0.1,lgbm,smote@0.5,prec_at_top,0.0,0.4,25,0.5994782891608139,1.0,no difference
iranian,0.1,lgbm,smote@0.5,empc,-0.018281645892696652,0.4,25,0.19081425666809082,0.5724427700042725,no difference
iranian,0.1,lgbm,smote@1.0,roc_auc,-0.0024577867151838184,0.28,25,0.006310892633615779,0.02028656005859375,worse
iranian,0.1,lgbm,smote@1.0,pr_auc,-0.007969710814838327,0.28,25,0.0050716400146484375,0.02028656005859375,worse
iranian,0.1,lgbm,smote@1.0,f1,-0.008888888888888835,0.36,25,0.429067256009819,1.0,no difference
iranian,0.1,lgbm,smote@1.0,mcc,-0.00916581845719655,0.36,25,0.1909265697823631,0.45158058404922485,no difference
iranian,0.1,lgbm,smote@1.0,brier,-0.0010169710413529993,0.32,25,0.15633821487426758,0.5065925121307373,no difference
iranian,0.1,lgbm,smote@1.0,prec_at_top,0.0,0.32,25,0.9469255258463453,1.0,no difference
iranian,0.1,lgbm,smote@1.0,empc,-0.0625500420004057,0.36,25,0.02550506591796875,0.15335839986801147,no difference
iranian,0.1,lgbm,smote_enn@1.0,roc_auc,-0.008777809697085637,0.0,25,5.960464477539063e-08,5.960464477539062e-07,worse
iranian,0.1,lgbm,smote_enn@1.0,pr_auc,-0.07695286464481821,0.0,25,5.960464477539063e-08,5.960464477539062e-07,worse
iranian,0.1,lgbm,smote_enn@1.0,f1,-0.04230989136649521,0.12,25,1.1324882507324219e-06,9.059906005859375e-06,worse
iranian,0.1,lgbm,smote_enn@1.0,mcc,-0.04371983487076836,0.12,25,1.1324882507324219e-06,9.059906005859375e-06,worse
iranian,0.1,lgbm,smote_enn@1.0,brier,-0.0167423179776868,0.0,25,5.960464477539063e-08,5.960464477539062e-07,worse
iranian,0.1,lgbm,smote_enn@1.0,prec_at_top,-0.05084745762711862,0.04,25,0.00012089445172498694,0.0010880500655248825,worse
iranian,0.1,lgbm,smote_enn@1.0,empc,-0.1948332135674411,0.16,25,6.556510925292969e-06,5.245208740234375e-05,worse
iranian,0.1,lgbm,threshold,roc_auc,-0.0001276772319576125,0.48,25,0.1828758296144224,0.3657516592288448,no difference
iranian,0.1,lgbm,threshold,pr_auc,-0.0009928344599943184,0.4,25,0.2872292995452881,0.2872292995452881,no difference
iranian,0.1,lgbm,threshold,f1,-0.017333333333333423,0.24,25,0.003251984444229162,0.022763891109604133,worse
iranian,0.1,lgbm,threshold,mcc,-0.022530906018399355,0.2,25,0.0024571298322233477,0.017199908825563433,worse
iranian,0.1,lgbm,threshold,brier,-0.00027891088651550017,0.32,25,0.021908342838287354,0.10954171419143677,no difference
iranian,0.1,lgbm,threshold,prec_at_top,0.0,0.2,25,0.18061060022349074,0.9030530011174537,no difference
iranian,0.1,lgbm,threshold,empc,0.01105012911509018,0.6,25,0.7711594104766846,1.0,no difference
iranian,0.1,lr,adasyn@1.0,roc_auc,-0.0027450604870887796,0.24,25,0.008822321891784668,0.07940089702606201,no difference
iranian,0.1,lr,adasyn@1.0,pr_auc,-0.034328462735039644,0.0,25,5.960464477539063e-08,5.364418029785156e-07,worse
iranian,0.1,lr,adasyn@1.0,f1,-0.06089338390223359,0.2,25,8.803606033325195e-05,0.0008803606033325195,worse
iranian,0.1,lr,adasyn@1.0,mcc,-0.09433096569507221,0.12,25,2.562999725341797e-06,2.562999725341797e-05,worse
iranian,0.1,lr,adasyn@1.0,brier,-0.0862908944239327,0.0,25,5.960464477539063e-08,5.364418029785156e-07,worse
iranian,0.1,lr,adasyn@1.0,prec_at_top,0.0,0.4,25,0.7196700678755577,1.0,no difference
iranian,0.1,lr,adasyn@1.0,empc,-0.15931731463770316,0.08,25,4.172325134277344e-06,3.7550926208496094e-05,worse
iranian,0.1,lr,class_weight,roc_auc,0.0011490950876184014,0.68,25,0.04795719796658274,0.3357003857660792,no difference
iranian,0.1,lr,class_weight,pr_auc,-0.00693436385785684,0.16,25,1.8298625946044922e-05,9.149312973022461e-05,worse
iranian,0.1,lr,class_weight,f1,-0.004201680672268893,0.4,25,0.24142655338204444,0.9927139684333097,no difference
iranian,0.1,lr,class_weight,mcc,-0.04370570927000195,0.24,25,0.0011548399925231934,0.0061626434326171875,worse
iranian,0.1,lr,class_weight,brier,-0.0553347437516959,0.0,25,5.960464477539063e-08,5.364418029785156e-07,worse
iranian,0.1,lr,class_weight,prec_at_top,0.0,0.32,25,0.352778900062644,1.0,no difference
iranian,0.1,lr,class_weight,empc,-0.03215928456567063,0.32,25,0.13364005088806152,0.2709483504295349,no difference
iranian,0.1,lr,dirichlet@1.0,roc_auc,-0.000766063391745786,0.4,25,0.12664812803268433,0.5065925121307373,no difference
iranian,0.1,lr,dirichlet@1.0,pr_auc,-0.00830170154682408,0.04,25,2.980232238769531e-07,2.384185791015625e-06,worse
iranian,0.1,lr,dirichlet@1.0,f1,0.0,0.48,25,0.37577150825113037,0.9927139684333097,no difference
iranian,0.1,lr,dirichlet@1.0,mcc,-0.040084830051291265,0.24,25,0.002025127410888672,0.0061626434326171875,worse
iranian,0.1,lr,dirichlet@1.0,brier,-0.053638823247058307,0.0,25,5.960464477539063e-08,5.364418029785156e-07,worse
iranian,0.1,lr,dirichlet@1.0,prec_at_top,0.0,0.36,25,0.5101109631151088,1.0,no difference
iranian,0.1,lr,dirichlet@1.0,empc,-0.03202582203557114,0.28,25,0.04512268304824829,0.22561341524124146,no difference
iranian,0.1,lr,easy_ensemble,roc_auc,-0.00031919307989403123,0.44,25,0.7309892177581787,1.0,no difference
iranian,0.1,lr,easy_ensemble,pr_auc,-0.010823744387729262,0.08,25,1.4901161193847656e-06,1.043081283569336e-05,worse
iranian,0.1,lr,easy_ensemble,f1,-0.01621621621621616,0.36,25,0.13364005088806152,0.8018403053283691,no difference
iranian,0.1,lr,easy_ensemble,mcc,-0.051775063161999535,0.2,25,0.0007149577140808105,0.005004703998565674,worse
iranian,0.1,lr,easy_ensemble,brier,-0.05711959789652701,0.0,25,5.960464477539063e-08,5.364418029785156e-07,worse
iranian,0.1,lr,easy_ensemble,prec_at_top,0.0,0.16,25,0.10333572872271385,0.8266858297817108,no difference
iranian,0.1,lr,easy_ensemble,empc,-0.046574490454136974,0.2,25,0.006129205226898193,0.042904436588287354,worse
iranian,0.1,lr,ros@1.0,roc_auc,0.0009256599316925795,0.76,25,0.02217863907691186,0.17742911261529487,no difference
iranian,0.1,lr,ros@1.0,pr_auc,-0.004371942655937433,0.16,25,0.0006313323974609375,0.001262664794921875,worse
iranian,0.1,lr,ros@1.0,f1,-0.009547981629200009,0.4,25,0.312333345413208,0.9927139684333097,no difference
iranian,0.1,lr,ros@1.0,mcc,-0.045941798380904064,0.24,25,0.0010271072387695312,0.0061626434326171875,worse
iranian,0.1,lr,ros@1.0,brier,-0.054695244661695196,0.0,25,5.960464477539063e-08,5.364418029785156e-07,worse
iranian,0.1,lr,ros@1.0,prec_at_top,0.0,0.44,25,1.0,1.0,no difference
iranian,0.1,lr,ros@1.0,empc,-0.02616511914991193,0.32,25,0.09031611680984497,0.2709483504295349,no difference
iranian,0.1,lr,rus@1.0,roc_auc,-0.0015321267834912389,0.36,25,0.0626264214515686,0.3757585287094116,no difference
iranian,0.1,lr,rus@1.0,pr_auc,-0.015164952061086145,0.16,25,0.00016230344772338867,0.000486910343170166,worse
iranian,0.1,lr,rus@1.0,f1,-0.013568023469013535,0.4,25,0.08513903617858887,0.6415667533874512,no difference
iranian,0.1,lr,rus@1.0,mcc,-0.058067751747750695,0.16,25,0.0001398921012878418,0.0012590289115905762,worse
iranian,0.1,lr,rus@1.0,brier,-0.0599009677196546,0.0,25,5.960464477539063e-08,5.364418029785156e-07,worse
iranian,0.1,lr,rus@1.0,prec_at_top,0.0,0.24,25,0.28218197037702497,1.0,no difference
iranian,0.1,lr,rus@1.0,empc,-0.0643398553763701,0.2,25,0.0010271072387695312,0.00821685791015625,worse
iranian,0.1,lr,smote@0.5,roc_auc,0.0007979826997350781,0.64,25,0.09031611680984497,0.45158058404922485,no difference
iranian,0.1,lr,smote@0.5,pr_auc,-0.0034169391586112985,0.2,25,0.018744707107543945,0.018744707107543945,worse
iranian,0.1,lr,smote@0.5,f1,0.036585365853658514,0.72,25,0.06746383613161147,0.6071745251845032,no difference
iranian,0.1,lr,smote@0.5,mcc,-0.02408654452898651,0.32,25,0.10139739513397217,0.10139739513397217,no difference
iranian,0.1,lr,smote@0.5,brier,-0.023210159140094402,0.0,25,5.960464477539063e-08,5.364418029785156e-07,worse
iranian,0.1,lr,smote@0.5,prec_at_top,0.0,0.48,25,0.8703897799621239,1.0,no difference
iranian,0.1,lr,smote@0.5,empc,0.015012719400235852,0.56,25,0.6528410911560059,0.6528410911560059,no difference
iranian,0.1,lr,smote@1.0,roc_auc,0.0010214178556609,0.56,25,0.3809836506843567,1.0,no difference
iranian,0.1,lr,smote@1.0,pr_auc,-0.007861841744832843,0.16,25,6.556510925292969e-06,3.933906555175781e-05,worse
iranian,0.1,lr,smote@1.0,f1,0.002645502645502562,0.52,25,0.3525196313858032,0.9927139684333097,no difference
iranian,0.1,lr,smote@1.0,mcc,-0.0400505485175392,0.24,25,0.0010271072387695312,0.0061626434326171875,worse
iranian,0.1,lr,smote@1.0,brier,-0.0538710075161522,0.0,25,5.960464477539063e-08,5.364418029785156e-07,worse
iranian,0.1,lr,smote@1.0,prec_at_top,0.016949152542372836,0.52,25,0.6151785507657732,1.0,no difference
iranian,0.1,lr,smote@1.0,empc,-0.015330068946716402,0.32,25,0.055070459842681885,0.22561341524124146,no difference
iranian,0.1,lr,smote_enn@1.0,roc_auc,-6.383861597880625e-05,0.48,25,0.5424043536186218,1.0,no difference
iranian,0.1,lr,smote_enn@1.0,pr_auc,-0.008221059318319401,0.2,25,7.49826431274414e-05,0.0002999305725097656,worse
iranian,0.1,lr,smote_enn@1.0,f1,-0.02148394241417495,0.36,25,0.0801958441734314,0.6415667533874512,no difference
iranian,0.1,lr,smote_enn@1.0,mcc,-0.05498468000229367,0.16,25,0.00032907724380493164,0.002632617950439453,worse
iranian,0.1,lr,smote_enn@1.0,brier,-0.0670184552929241,0.0,25,5.960464477539063e-08,5.364418029785156e-07,worse
iranian,0.1,lr,smote_enn@1.0,prec_at_top,0.016949152542372836,0.52,25,0.005671016684742431,0.05103915016268188,no difference
iranian,0.1,lr,smote_enn@1.0,empc,-0.04750693112102056,0.24,25,0.02027493715286255,0.12164962291717529,no difference
iranian,0.1,lr,threshold,roc_auc,0.0,0.0,25,,,no difference
iranian,0.1,lr,threshold,pr_auc,0.0,0.0,25,,,no difference
iranian,0.1,lr,threshold,f1,0.02256667426487341,0.6,25,0.19854279368666194,0.9927139684333097,no difference
iranian,0.1,lr,threshold,mcc,-0.02398666468227184,0.32,25,0.016395071849192262,0.032790143698384525,worse
iranian,0.1,lr,threshold,brier,0.0,0.0,25,,,no difference
iranian,0.1,lr,threshold,prec_at_top,0.0,0.0,25,,,no difference
iranian,0.1,lr,threshold,empc,0.0,0.0,25,,,no difference
iranian,0.1,rf,adasyn@1.0,roc_auc,-0.0043091065785691995,0.12,25,8.165836334228516e-06,5.716085433959961e-05,worse
iranian,0.1,rf,adasyn@1.0,pr_auc,-0.06188831639512815,0.04,25,1.7881393432617188e-07,1.2516975402832031e-06,worse
iranian,0.1,rf,adasyn@1.0,f1,-0.00990476190476186,0.44,25,0.8948604464530945,0.8948604464530945,no difference
iranian,0.1,rf,adasyn@1.0,mcc,-0.015639835891304132,0.4,25,0.312333345413208,1.0,no difference
iranian,0.1,rf,adasyn@1.0,brier,-0.0066637033065731,0.0,25,5.960464477539063e-08,5.960464477539062e-07,worse
iranian,0.1,rf,adasyn@1.0,prec_at_top,-0.016949152542372947,0.16,25,0.0017410852451341587,0.01218759671593911,worse
iranian,0.1,rf,adasyn@1.0,empc,-0.12519623430909466,0.2,25,0.001625359058380127,0.011377513408660889,worse
iranian,0.1,rf,class_weight,roc_auc,-0.0012448530115866108,0.2,25,0.002697524085939296,0.010790096343757183,worse
iranian,0.1,rf,class_weight,pr_auc,-0.029182291095511403,0.08,25,2.980232238769531e-07,1.7881393432617188e-06,worse
iranian,0.1,rf,class_weight,f1,0.005855855855855796,0.6,25,0.18172985315322876,0.3634597063064575,no difference
iranian,0.1,rf,class_weight,mcc,0.0028804013962590025,0.52,25,0.5601714849472046,1.0,no difference
iranian,0.1,rf,class_weight,brier,-0.0018655532663886046,0.16,25,1.8298625946044922e-05,7.319450378417969e-05,worse
iranian,0.1,rf,class_weight,prec_at_top,-0.016949152542372836,0.24,25,0.035353241914304945,0.17676620957152472,no difference
iranian,0.1,rf,class_weight,empc,-2.773540349476633e-05,0.48,25,0.8948604464530945,1.0,no difference
iranian,0.1,rf,dirichlet@1.0,roc_auc,-0.0026812218711098623,0.16,25,4.5418739318847656e-05,0.00027251243591308594,worse
iranian,0.1,rf,dirichlet@1.0,pr_auc,-0.029874946162950167,0.12,25,8.344650268554688e-07,4.172325134277344e-06,worse
iranian,0.1,rf,dirichlet@1.0,f1,0.01236263736263743,0.64,25,0.0626264214515686,0.313132107257843,no difference
iranian,0.1,rf,dirichlet@1.0,mcc,0.004455274306255919,0.52,25,0.33878785371780396,1.0,no difference
iranian,0.1,rf,dirichlet@1.0,brier,-0.0032659780778461975,0.08,25,2.980232238769531e-07,1.7881393432617188e-06,worse
iranian,0.1,rf,dirichlet@1.0,prec_at_top,-0.016949152542372836,0.36,25,0.2004615435914272,0.4009230871828544,no difference
iranian,0.1,rf,dirichlet@1.0,empc,-0.08079722637111963,0.32,25,0.03933870792388916,0.23603224754333496,no difference
iranian,0.1,rf,easy_ensemble,roc_auc,-0.00938427654888463,0.04,25,1.1920928955078125e-07,9.5367431640625e-07,worse
iranian,0.1,rf,easy_ensemble,pr_auc,-0.07031950663215014,0.0,25,5.960464477539063e-08,5.960464477539062e-07,worse
iranian,0.1,rf,easy_ensemble,f1,-0.1766217084136159,0.0,25,5.960464477539063e-08,5.960464477539062e-07,worse
iranian,0.1,rf,easy_ensemble,mcc,-0.17345080610676322,0.0,25,5.960464477539063e-08,5.960464477539062e-07,worse
iranian,0.1,rf,easy_ensemble,brier,-0.048455352935762405,0.0,25,5.960464477539063e-08,5.960464477539062e-07,worse
iranian,0.1,rf,easy_ensemble,prec_at_top,-0.05084745762711862,0.04,25,3.195008481231259e-05,0.00025560067849850074,worse
iranian,0.1,rf,easy_ensemble,empc,-0.28725542892573497,0.0,25,5.960464477539063e-08,5.960464477539062e-07,worse
iranian,0.1,rf,ros@1.0,roc_auc,-0.0030004149510040046,0.16,25,0.000311129818253302,0.00155564909126651,worse
iranian,0.1,rf,ros@1.0,pr_auc,-0.04421287183220379,0.04,25,1.1324882507324219e-06,4.5299530029296875e-06,worse
iranian,0.1,rf,ros@1.0,f1,0.016711833785004515,0.64,25,0.0626264214515686,0.313132107257843,no difference
iranian,0.1,rf,ros@1.0,mcc,0.014755396140898824,0.64,25,0.2751842737197876,1.0,no difference
iranian,0.1,rf,ros@1.0,brier,-0.0036402492973496986,0.24,25,8.803606033325195e-05,0.00026410818099975586,worse
iranian,0.1,rf,ros@1.0,prec_at_top,-0.016949152542372836,0.24,25,0.07051527648293397,0.23310824857262127,no difference
iranian,0.1,rf,ros@1.0,empc,-0.007188578324255346,0.44,25,0.3665854334831238,1.0,no difference
iranian,0.1,rf,rus@1.0,roc_auc,-0.015161671294966483,0.0,25,5.960464477539063e-08,5.960464477539062e-07,worse
iranian,0.1,rf,rus@1.0,pr_auc,-0.13712121203970495,0.0,25,5.960464477539063e-08,5.960464477539062e-07,worse
iranian,0.1,rf,rus@1.0,f1,-0.15230974632843786,0.0,25,5.960464477539063e-08,5.960464477539062e-07,worse
iranian,0.1,rf,rus@1.0,mcc,-0.14406355945410243,0.0,25,5.960464477539063e-08,5.960464477539062e-07,worse
iranian,0.1,rf,rus@1.0,brier,-0.050495777346909895,0.0,25,5.960464477539063e-08,5.960464477539062e-07,worse
iranian,0.1,rf,rus@1.0,prec_at_top,-0.08474576271186451,0.0,25,2.584986805367024e-05,0.00023264881248303217,worse
iranian,0.1,rf,rus@1.0,empc,-0.443217004294695,0.04,25,2.980232238769531e-07,2.682209014892578e-06,worse
iranian,0.1,rf,smote@0.5,roc_auc,-0.0005107089278303389,0.4,25,0.24106645584106445,0.4821329116821289,no difference
iranian,0.1,rf,smote@0.5,pr_auc,-0.014620557343373752,0.24,25,0.0014527440071105957,0.0029054880142211914,worse
iranian,0.1,rf,smote@0.5,f1,0.03272604588394068,0.76,25,0.0009118914604187012,0.007295131683349609,better
iranian,0.1,rf,smote@0.5,mcc,0.02582425454908277,0.72,25,0.00963503122329712,0.06744521856307983,no difference
iranian,0.1,rf,smote@0.5,brier,-0.0014472807947243996,0.28,25,0.02550506591796875,0.0510101318359375,no difference
iranian,0.1,rf,smote@0.5,prec_at_top,0.0,0.4,25,0.05827706214315532,0.23310824857262127,no difference
iranian,0.1,rf,smote@0.5,empc,0.00732039390508632,0.56,25,0.6338268518447876,1.0,no difference
iranian,0.1,rf,smote@1.0,roc_auc,-0.0008618213157139953,0.28,25,0.04218852295743796,0.12656556887231388,no difference
iranian,0.1,rf,smote@1.0,pr_auc,-0.020413894001096944,0.12,25,0.00021690130233764648,0.0006507039070129395,worse
iranian,0.1,rf,smote@1.0,f1,0.022781132940906668,0.64,25,0.004604637622833252,0.032232463359832764,better
iranian,0.1,rf,smote@1.0,mcc,0.016528443954912486,0.64,25,0.04512268304824829,0.27073609828948975,no difference
iranian,0.1,rf,smote@1.0,brier,-0.0033227568773481,0.12,25,8.165836334228516e-06,4.082918167114258e-05,worse
iranian,0.1,rf,smote@1.0,prec_at_top,0.0,0.44,25,0.38309685075020905,0.4009230871828544,no difference
iranian,0.1,rf,smote@1.0,empc,-0.023843095217225496,0.36,25,0.6338268518447876,1.0,no difference
iranian,0.1,rf,smote_enn@1.0,roc_auc,-0.009384276548884407,0.0,25,5.960464477539063e-08,5.960464477539062e-07,worse
iranian,0.1,rf,smote_enn@1.0,pr_auc,-0.14447243097639284,0.0,25,5.960464477539063e-08,5.960464477539062e-07,worse
iranian,0.1,rf,smote_enn@1.0,f1,-0.023809523809523836,0.28,25,0.014722049236297607,0.08833229541778564,no difference
iranian,0.1,rf,smote_enn@1.0,mcc,-0.029915927601132264,0.24,25,0.004604637622833252,0.036837100982666016,worse
iranian,0.1,rf,smote_enn@1.0,brier,-0.0164086762412695,0.0,25,5.960464477539063e-08,5.960464477539062e-07,worse
iranian,0.1,rf,smote_enn@1.0,prec_at_top,-0.05084745762711862,0.04,25,1.3554643074873386e-05,0.00013554643074873386,worse
iranian,0.1,rf,smote_enn@1.0,empc,-0.13044566369207455,0.08,25,8.165836334228516e-06,6.532669067382812e-05,worse
iranian,0.1,rf,threshold,roc_auc,-0.00015959653994701561,0.4,25,0.7164108602865278,0.7164108602865278,no difference
iranian,0.1,rf,threshold,pr_auc,-0.0007244597473899939,0.48,25,1.0,1.0,no difference
iranian,0.1,rf,threshold,f1,0.02252471236428455,0.64,25,0.09573346376419067,0.313132107257843,no difference
iranian,0.1,rf,threshold,mcc,0.013681900709305195,0.68,25,0.20993918180465698,1.0,no difference
iranian,0.1,rf,threshold,brier,4.270446590049978e-05,0.56,25,0.5601714849472046,0.5601714849472046,no difference
iranian,0.1,rf,threshold,prec_at_top,0.0,0.4,25,0.02618251258944274,0.15709507553665644,no difference
iranian,0.1,rf,threshold,empc,-0.011495182371022317,0.4,25,0.09031611680984497,0.45158058404922485,no difference
iranian,0.1,xgb,adasyn@1.0,roc_auc,-0.003160011490950798,0.08,25,2.8615430925098657e-05,0.0002003080164756906,worse
iranian,0.1,xgb,adasyn@1.0,pr_auc,-0.01787075575148689,0.08,25,1.4901161193847656e-06,1.043081283569336e-05,worse
iranian,0.1,xgb,adasyn@1.0,f1,0.0030476190476190768,0.52,25,0.8119303584098816,1.0,no difference
iranian,0.1,xgb,adasyn@1.0,mcc,-0.0042443425803306845,0.48,25,0.7309892177581787,1.0,no difference
iranian,0.1,xgb,adasyn@1.0,brier,-0.0036503746575744997,0.08,25,6.556510925292969e-06,3.933906555175781e-05,worse
iranian,0.1,xgb,adasyn@1.0,prec_at_top,-0.016949152542372836,0.16,25,0.0714287231923767,0.4285723391542602,no difference
iranian,0.1,xgb,adasyn@1.0,empc,0.011279844338011102,0.52,25,0.9158032536506653,1.0,no difference
iranian,0.1,xgb,class_weight,roc_auc,9.575792396820937e-05,0.52,25,0.49261392194989906,0.9852278438997981,no difference
iranian,0.1,xgb,class_weight,pr_auc,-0.0034900572653632222,0.28,25,0.010510802268981934,0.042043209075927734,worse
iranian,0.1,xgb,class_weight,f1,0.004192872117400381,0.6,25,0.5424043536186218,1.0,no difference
iranian,0.1,xgb,class_weight,mcc,0.0003171125070351444,0.52,25,0.9158032536506653,1.0,no difference
iranian,0.1,xgb,class_weight,brier,-0.0038540986657396997,0.16,25,1.233816146850586e-05,6.16908073425293e-05,worse
iranian,0.1,xgb,class_weight,prec_at_top,-0.016949152542372836,0.28,25,0.12244077243432328,0.6122038621716164,no difference
iranian,0.1,xgb,class_weight,empc,0.01368459675904976,0.64,25,0.4418373703956604,1.0,no difference
iranian,0.1,xgb,dirichlet@1.0,roc_auc,-0.0019151584793644094,0.16,25,0.0008286962439337901,0.004972177463602741,worse
iranian,0.1,xgb,dirichlet@1.0,pr_auc,-0.01216151770611984,0.12,25,0.000102996826171875,0.00061798095703125,worse
iranian,0.1,xgb,dirichlet@1.0,f1,0.0002877904885243421,0.52,25,0.978915274143219,1.0,no difference
iranian,0.1,xgb,dirichlet@1.0,mcc,-0.004660438425423963,0.44,25,0.39571136236190796,1.0,no difference
iranian,0.1,xgb,dirichlet@1.0,brier,-0.0019011311648327,0.24,25,0.0010271072387695312,0.004108428955078125,worse
iranian,0.1,xgb,dirichlet@1.0,prec_at_top,0.0,0.36,25,0.7754153079124984,1.0,no difference
iranian,0.1,xgb,dirichlet@1.0,empc,-0.02897555831668175,0.36,25,0.15633821487426758,1.0,no difference
iranian,0.1,xgb,easy_ensemble,roc_auc,-0.005234766510261779,0.04,25,1.3885568373058784e-05,0.00011108454698447027,worse
iranian,0.1,xgb,easy_ensemble,pr_auc,-0.03699475340729408,0.0,25,5.960464477539063e-08,5.960464477539062e-07,worse
iranian,0.1,xgb,easy_ensemble,f1,-0.1324482377113957,0.0,25,5.960464477539063e-08,5.960464477539062e-07,worse
iranian,0.1,xgb,easy_ensemble,mcc,-0.12881987642290127,0.0,25,5.960464477539063e-08,5.960464477539062e-07,worse
iranian,0.1,xgb,easy_ensemble,brier,-0.04039426566124921,0.0,25,5.960464477539063e-08,5.960464477539062e-07,worse
iranian,0.1,xgb,easy_ensemble,prec_at_top,-0.03389830508474578,0.08,25,0.0007327778334802982,0.005862222667842386,worse
iranian,0.1,xgb,easy_ensemble,empc,-0.1785982470947456,0.04,25,1.4901161193847656e-06,1.341104507446289e-05,worse
iranian,0.1,xgb,ros@1.0,roc_auc,-0.0004468703118515327,0.28,25,0.07648946089689826,0.22946838269069478,no difference
iranian,0.1,xgb,ros@1.0,pr_auc,-0.0024408587036234275,0.2,25,0.0012963414192199707,0.0064817070960998535,worse
iranian,0.1,xgb,ros@1.0,f1,0.0004148230088495408,0.52,25,0.325391948223114,1.0,no difference
iranian,0.1,xgb,ros@1.0,mcc,0.00125798818380074,0.52,25,0.6528410911560059,1.0,no difference
iranian,0.1,xgb,ros@1.0,brier,-0.0038718041530754997,0.12,25,5.245208740234375e-06,3.6716461181640625e-05,worse
iranian,0.1,xgb,ros@1.0,prec_at_top,0.0,0.2,25,0.055942989525541116,0.3916009266787878,no difference
iranian,0.1,xgb,ros@1.0,empc,-0.010749185341976997,0.44,25,0.14847958087921143,1.0,no difference
iranian,0.1,xgb,rus@1.0,roc_auc,-0.014714800983114729,0.0,25,5.960464477539063e-08,5.960464477539062e-07,worse
iranian,0.1,xgb,rus@1.0,pr_auc,-0.115468518922204,0.0,25,5.960464477539063e-08,5.960464477539062e-07,worse
iranian,0.1,xgb,rus@1.0,f1,-0.16334814327244795,0.0,25,5.960464477539063e-08,5.960464477539062e-07,worse
iranian,0.1,xgb,rus@1.0,mcc,-0.15475690343830983,0.0,25,5.960464477539063e-08,5.960464477539062e-07,worse
iranian,0.1,xgb,rus@1.0,brier,-0.049886798612439,0.0,25,5.960464477539063e-08,5.960464477539062e-07,worse
iranian,0.1,xgb,rus@1.0,prec_at_top,-0.0847457627118644,0.04,25,1.3663070178096855e-05,0.00013663070178096857,worse
iranian,0.1,xgb,rus@1.0,empc,-0.40437529246408577,0.0,25,5.960464477539063e-08,5.960464477539062e-07,worse
iranian,0.1,xgb,smote@0.5,roc_auc,-0.0007979826997351891,0.28,25,0.019231793473118385,0.09615896736559193,no difference
iranian,0.1,xgb,smote@0.5,pr_auc,-0.00218065476203555,0.32,25,0.10139739513397217,0.20279479026794434,no difference
iranian,0.1,xgb,smote@0.5,f1,0.006818511533439708,0.6,25,0.475050524053953,1.0,no difference
iranian,0.1,xgb,smote@0.5,mcc,0.0004602226131223963,0.52,25,0.8739878535270691,1.0,no difference
iranian,0.1,xgb,smote@0.5,brier,-0.0007919767271457011,0.4,25,0.11993378400802612,0.23986756801605225,no difference
iranian,0.1,xgb,smote@0.5,prec_at_top,0.0,0.28,25,0.3334562252728598,1.0,no difference
iranian,0.1,xgb,smote@0.5,empc,0.046544248821430934,0.64,25,0.4107651710510254,1.0,no difference
iranian,0.1,xgb,smote@1.0,roc_auc,-0.0013725302435444453,0.4,25,0.022184677418672936,0.09615896736559193,no difference
iranian,0.1,xgb,smote@1.0,pr_auc,-0.003741719521111686,0.36,25,0.014722049236297607,0.04416614770889282,worse
iranian,0.1,xgb,smote@1.0,f1,0.014586014586014495,0.56,25,0.2872292995452881,1.0,no difference
iranian,0.1,xgb,smote@1.0,mcc,0.008423131308990417,0.56,25,0.6338268518447876,1.0,no difference
iranian,0.1,xgb,smote@1.0,brier,-0.0028013403163967,0.24,25,0.002025127410888672,0.006075382232666016,worse
iranian,0.1,xgb,smote@1.0,prec_at_top,-0.016949152542372836,0.32,25,0.888160263572674,1.0,no difference
iranian,0.1,xgb,smote@1.0,empc,0.004088082369028356,0.56,25,0.7509929537773132,1.0,no difference
iranian,0.1,xgb,smote_enn@1.0,roc_auc,-0.007852149765393168,0.0,25,5.960464477539063e-08,5.960464477539062e-07,worse
iranian,0.1,xgb,smote_enn@1.0,pr_auc,-0.05807921870129129,0.0,25,5.960464477539063e-08,5.960464477539062e-07,worse
iranian,0.1,xgb,smote_enn@1.0,f1,-0.041574524546660774,0.12,25,1.4901161193847656e-06,1.1920928955078125e-05,worse
iranian,0.1,xgb,smote_enn@1.0,mcc,-0.04830309590445325,0.12,25,1.4901161193847656e-06,1.1920928955078125e-05,worse
iranian,0.1,xgb,smote_enn@1.0,brier,-0.0192999481581917,0.0,25,5.960464477539063e-08,5.960464477539062e-07,worse
iranian,0.1,xgb,smote_enn@1.0,prec_at_top,-0.05084745762711862,0.0,25,2.543332978967266e-05,0.00022889996810705396,worse
iranian,0.1,xgb,smote_enn@1.0,empc,-0.1297524921468609,0.24,25,0.001625359058380127,0.013002872467041016,worse
iranian,0.1,xgb,threshold,roc_auc,6.38386159785842e-05,0.52,25,0.7163248707704513,0.9852278438997981,no difference
iranian,0.1,xgb,threshold,pr_auc,0.0009098383814097888,0.64,25,0.4107651710510254,0.4107651710510254,no difference
iranian,0.1,xgb,threshold,f1,0.0,0.44,25,0.670246776722805,1.0,no difference
iranian,0.1,xgb,threshold,mcc,-0.005404783579103345,0.36,25,0.3615326171890033,1.0,no difference
iranian,0.1,xgb,threshold,brier,0.00011315707547879944,0.6,25,0.3525196313858032,0.3525196313858032,no difference
iranian,0.1,xgb,threshold,prec_at_top,0.0,0.24,25,0.5525494537183073,1.0,no difference
iranian,0.1,xgb,threshold,empc,-0.000250598602623775,0.44,25,0.5964998602867126,1.0,no difference
iranian,natural,hgb,adasyn@1.0,roc_auc,-0.000285339268390028,0.36,25,0.19649909661494191,0.39299819322988383,no difference
iranian,natural,hgb,adasyn@1.0,pr_auc,-0.003654022860451578,0.36,25,0.012466490268707275,0.02493298053741455,worse
iranian,natural,hgb,adasyn@1.0,f1,0.010322308826627324,0.8,25,8.803606033325195e-05,0.0006162524223327637,better
iranian,natural,hgb,adasyn@1.0,mcc,0.011840189260695966,0.8,25,0.00016230344772338867,0.0011361241340637207,better
iranian,natural,hgb,adasyn@1.0,brier,-0.0006899267020365994,0.36,25,0.42614197731018066,1.0,no difference
iranian,natural,hgb,adasyn@1.0,prec_at_top,0.0,0.12,25,0.044547545396692506,0.16273963512297895,no difference
iranian,natural,hgb,adasyn@1.0,empc,-0.04998771948061087,0.28,25,0.04826241731643677,0.22561341524124146,no difference
iranian,natural,hgb,class_weight,roc_auc,-0.0003614297399610056,0.24,25,0.03465354784264228,0.10566933157087273,no difference
iranian,natural,hgb,class_weight,pr_auc,-0.0017879364417067167,0.2,25,0.001625359058380127,0.006501436233520508,worse
iranian,natural,hgb,class_weight,f1,0.004657563247591812,0.56,25,0.20993918180465698,0.629817545413971,no difference
iranian,natural,hgb,class_weight,mcc,0.001828165999408271,0.56,25,0.4418373703956604,1.0,no difference
iranian,natural,hgb,class_weight,brier,-0.0004102527897267977,0.32,25,0.00806879997253418,0.0403439998626709,worse
iranian,natural,hgb,class_weight,prec_at_top,0.0,0.04,25,0.04068490878074474,0.16273963512297895,no difference
iranian,natural,hgb,class_weight,empc,-0.003389569957144012,0.4,25,0.2002161741256714,0.6006485223770142,no difference
iranian,natural,hgb,dirichlet@1.0,roc_auc,-0.0001997374878730529,0.44,25,0.42614197731018066,0.42614197731018066,no difference
iranian,natural,hgb,dirichlet@1.0,pr_auc,-0.0016652274863951932,0.36,25,0.18172985315322876,0.18172985315322876,no difference
iranian,natural,hgb,dirichlet@1.0,f1,-0.004784419678036778,0.48,25,0.9158032536506653,1.0,no difference
iranian,natural,hgb,dirichlet@1.0,mcc,-0.006094330027241135,0.48,25,0.936802864074707,1.0,no difference
iranian,natural,hgb,dirichlet@1.0,brier,0.0003504738969162015,0.52,25,1.0,1.0,no difference
iranian,natural,hgb,dirichlet@1.0,prec_at_top,0.0,0.2,25,0.4652088184521418,0.4652088184521418,no difference
iranian,natural,hgb,dirichlet@1.0,empc,-0.044568560466442975,0.32,25,0.04512268304824829,0.22561341524124146,no difference
iranian,natural,hgb,easy_ensemble,roc_auc,-0.001845193935589573,0.24,25,0.014722049236297607,0.07361024618148804,no difference
iranian,natural,hgb,easy_ensemble,pr_auc,-0.005430939328776363,0.12,25,8.803606033325195e-05,0.0005282163619995117,worse
iranian,natural,hgb,easy_ensemble,f1,-0.04874802047233251,0.08,25,2.980232238769531e-07,2.682209014892578e-06,worse
iranian,natural,hgb,easy_ensemble,mcc,-0.05222870525069523,0.04,25,2.980232238769531e-07,2.682209014892578e-06,worse
iranian,natural,hgb,easy_ensemble,brier,-0.0168310555492394,0.0,25,5.960464477539063e-08,5.364418029785156e-07,worse
iranian,natural,hgb,easy_ensemble,prec_at_top,0.0,0.16,25,0.21904436469452127,0.43808872938904253,no difference
iranian,natural,hgb,easy_ensemble,empc,-0.08545351549001268,0.12,25,3.814697265625e-05,0.00026702880859375,worse
iranian,natural,hgb,ros@1.0,roc_auc,-0.0005801898457263865,0.28,25,0.010177887643744398,0.07124521350621078,no difference
iranian,natural,hgb,ros@1.0,pr_auc,-0.0036468510918967745,0.2,25,8.165836334228516e-06,5.716085433959961e-05,worse
iranian,natural,hgb,ros@1.0,f1,0.004101161995898939,0.68,25,0.11993378400802612,0.4797351360321045,no difference
iranian,natural,hgb,ros@1.0,mcc,0.005321329677634767,0.68,25,0.19081425666809082,0.7632570266723633,no difference
iranian,natural,hgb,ros@1.0,brier,-0.0016314382046195008,0.2,25,0.0007149577140808105,0.004289746284484863,worse
iranian,natural,hgb,ros@1.0,prec_at_top,0.0,0.04,25,0.018062783131394006,0.09031391565697003,no difference
iranian,natural,hgb,ros@1.0,empc,-0.04211280160406172,0.4,25,0.23013934044341644,0.6006485223770142,no difference
iranian,natural,hgb,rus@1.0,roc_auc,-0.007133481709752809,0.0,25,5.960464477539063e-08,5.364418029785156e-07,worse
iranian,natural,hgb,rus@1.0,pr_auc,-0.03507100646242478,0.0,25,5.960464477539063e-08,5.364418029785156e-07,worse
iranian,natural,hgb,rus@1.0,f1,-0.06701940035273368,0.0,25,5.960464477539063e-08,5.960464477539062e-07,worse
iranian,natural,hgb,rus@1.0,mcc,-0.07307001043140271,0.0,25,5.960464477539063e-08,5.960464477539062e-07,worse
iranian,natural,hgb,rus@1.0,brier,-0.029207561169908403,0.0,25,5.960464477539063e-08,5.364418029785156e-07,worse
iranian,natural,hgb,rus@1.0,prec_at_top,-0.04761904761904756,0.08,25,0.00018398142254358524,0.001471851380348682,worse
iranian,natural,hgb,rus@1.0,empc,-0.3014988500194935,0.0,25,5.960464477539063e-08,5.364418029785156e-07,worse
iranian,natural,hgb,smote@0.5,roc_auc,-0.0004945880652097445,0.2,25,0.010995017215527,0.07124521350621078,no difference
iranian,natural,hgb,smote@0.5,pr_auc,-0.0022292121953811916,0.24,25,0.0041751861572265625,0.012525558471679688,worse
iranian,natural,hgb,smote@0.5,f1,0.0039055380529591233,0.6,25,0.09573346376419067,0.47866731882095337,no difference
iranian,natural,hgb,smote@0.5,mcc,0.003373759685277422,0.6,25,0.13364005088806152,0.6682002544403076,no difference
iranian,natural,hgb,smote@0.5,brier,-0.0006609044220117002,0.44,25,0.3525196313858032,1.0,no difference
iranian,natural,hgb,smote@0.5,prec_at_top,0.0,0.04,25,0.009807191292931984,0.058843147757591904,no difference
iranian,natural,hgb,smote@0.5,empc,-0.05886206458860155,0.32,25,0.00963503122329712,0.057810187339782715,no difference
iranian,natural,hgb,smote@1.0,roc_auc,-0.0007609047157070004,0.4,25,0.026417332892718182,0.10566933157087273,no difference
iranian,natural,hgb,smote@1.0,pr_auc,-0.004540055144924393,0.28,25,0.0012963414192199707,0.0064817070960998535,worse
iranian,natural,hgb,smote@1.0,f1,0.014583333333333393,0.72,25,0.002255260944366455,0.01353156566619873,better
iranian,natural,hgb,smote@1.0,mcc,0.01576726848958465,0.72,25,0.0030878782272338867,0.01852726936340332,better
iranian,natural,hgb,smote@1.0,brier,-0.00015060244706870118,0.44,25,0.4741646647453308,1.0,no difference
iranian,natural,hgb,smote@1.0,prec_at_top,-0.015873015873015595,0.12,25,0.005568934546708167,0.038982541826957165,worse
iranian,natural,hgb,smote@1.0,empc,-0.013129371919176513,0.48,25,0.24106645584106445,0.6006485223770142,no difference
iranian,natural,hgb,smote_enn@1.0,roc_auc,-0.007380775742357404,0.0,25,5.960464477539063e-08,5.364418029785156e-07,worse
iranian,natural,hgb,smote_enn@1.0,pr_auc,-0.054278082886131895,0.0,25,5.960464477539063e-08,5.364418029785156e-07,worse
iranian,natural,hgb,smote_enn@1.0,f1,-0.029635258358662653,0.12,25,5.245208740234375e-06,4.1961669921875e-05,worse
iranian,natural,hgb,smote_enn@1.0,mcc,-0.03504756304143841,0.12,25,5.245208740234375e-06,4.1961669921875e-05,worse
iranian,natural,hgb,smote_enn@1.0,brier,-0.017598048089847093,0.0,25,5.960464477539063e-08,5.364418029785156e-07,worse
iranian,natural,hgb,smote_enn@1.0,prec_at_top,-0.07936507936507953,0.0,25,1.2135143749093729e-05,0.00010921629374184356,worse
iranian,natural,hgb,smote_enn@1.0,empc,-0.22480121167512213,0.0,25,5.960464477539063e-08,5.364418029785156e-07,worse
iranian,natural,hgb,threshold,roc_auc,0.0,0.0,25,,,no difference
iranian,natural,hgb,threshold,pr_auc,0.0,0.0,25,,,no difference
iranian,natural,hgb,threshold,f1,0.0,0.48,25,0.9316935455667716,1.0,no difference
iranian,natural,hgb,threshold,mcc,-0.0014493221079434626,0.44,25,0.8864030063670636,1.0,no difference
iranian,natural,hgb,threshold,brier,0.0,0.0,25,,,no difference
iranian,natural,hgb,threshold,prec_at_top,0.0,0.0,25,,,no difference
iranian,natural,hgb,threshold,empc,0.0,0.0,25,,,no difference
iranian,natural,lgbm,adasyn@1.0,roc_auc,-0.0011794023093459893,0.16,25,0.00032907724380493164,0.0016453862190246582,worse
iranian,natural,lgbm,adasyn@1.0,pr_auc,-0.005336568138509579,0.16,25,3.1948089599609375e-05,0.0001277923583984375,worse
iranian,natural,lgbm,adasyn@1.0,f1,0.013928761297182457,0.8,25,0.00012022256851196289,0.0008415579795837402,better
iranian,natural,lgbm,adasyn@1.0,mcc,0.014144643835850235,0.8,25,0.00028705596923828125,0.0020093917846679688,better
iranian,natural,lgbm,adasyn@1.0,brier,0.0001602769591759999,0.6,25,0.8531995415687561,1.0,no difference
iranian,natural,lgbm,adasyn@1.0,prec_at_top,0.0,0.08,25,0.011234927649373805,0.04534687893380662,no difference
iranian,natural,lgbm,adasyn@1.0,empc,-0.04903396108879754,0.24,25,0.010510802268981934,0.0630648136138916,no difference
iranian,natural,lgbm,class_weight,roc_auc,-0.0004565428294242002,0.2,25,0.0028191191201523973,0.008457357360457192,worse
iranian,natural,lgbm,class_weight,pr_auc,-0.0013808275912623458,0.24,25,0.010510802268981934,0.028905093669891357,worse
iranian,natural,lgbm,class_weight,f1,0.0036899473211468026,0.68,25,0.00963503122329712,0.048175156116485596,better
iranian,natural,lgbm,class_weight,mcc,0.005056268409092568,0.68,25,0.034173786640167236,0.17086893320083618,no difference
iranian,natural,lgbm,class_weight,brier,-0.0009208991264370997,0.32,25,0.5782062411308289,1.0,no difference
iranian,natural,lgbm,class_weight,prec_at_top,0.0,0.12,25,0.6751583697736809,1.0,no difference
iranian,natural,lgbm,class_weight,empc,-0.004429804259017622,0.48,25,0.5249125957489014,1.0,no difference
iranian,natural,lgbm,dirichlet@1.0,roc_auc,-0.0011603796914532172,0.2,25,0.00021690130233764648,0.001301407814025879,worse
iranian,natural,lgbm,dirichlet@1.0,pr_auc,-0.003720987652013341,0.08,25,2.562999725341797e-06,1.7940998077392578e-05,worse
iranian,natural,lgbm,dirichlet@1.0,f1,0.0019240019240019945,0.64,25,0.49078595638275146,0.5269522666931152,no difference
iranian,natural,lgbm,dirichlet@1.0,mcc,0.0012327480485225806,0.56,25,0.615043044090271,0.624666690826416,no difference
iranian,natural,lgbm,dirichlet@1.0,brier,-0.0013828479526230009,0.36,25,0.04512268304824829,0.31585878133773804,no difference
iranian,natural,lgbm,dirichlet@1.0,prec_at_top,0.0,0.04,25,0.0022791107227225055,0.014891000991922447,no difference
iranian,natural,lgbm,dirichlet@1.0,empc,-0.04538275578448747,0.24,25,0.0050716400146484375,0.03550148010253906,worse
iranian,natural,lgbm,easy_ensemble,roc_auc,-0.003386025984896013,0.0,25,1.2279185361336645e-05,9.823348289069316e-05,worse
iranian,natural,lgbm,easy_ensemble,pr_auc,-0.013276236901839655,0.0,25,5.960464477539063e-08,5.960464477539062e-07,worse
iranian,natural,lgbm,easy_ensemble,f1,-0.05523590333716921,0.04,25,1.1920928955078125e-07,1.0728836059570312e-06,worse
iranian,natural,lgbm,easy_ensemble,mcc,-0.06201219350348619,0.04,25,1.1920928955078125e-07,1.0728836059570312e-06,worse
iranian,natural,lgbm,easy_ensemble,brier,-0.022719989419812202,0.0,25,5.960464477539063e-08,5.960464477539062e-07,worse
iranian,natural,lgbm,easy_ensemble,prec_at_top,-0.015873015873015928,0.12,25,0.0018829439301363282,0.014891000991922447,worse
iranian,natural,lgbm,easy_ensemble,empc,-0.20947215884367765,0.12,25,1.0073184967041016e-05,8.058547973632812e-05,worse
iranian,natural,lgbm,ros@1.0,roc_auc,-0.0005136106831024057,0.24,25,0.15285977016579916,0.3057195403315983,no difference
iranian,natural,lgbm,ros@1.0,pr_auc,-0.0023099846648689804,0.28,25,0.00963503122329712,0.028905093669891357,worse
iranian,natural,lgbm,ros@1.0,f1,0.008938925396211661,0.8,25,0.00012022256851196289,0.0008415579795837402,better
iranian,natural,lgbm,ros@1.0,mcc,0.011255777862832939,0.8,25,0.0003764033317565918,0.0022584199905395508,better
iranian,natural,lgbm,ros@1.0,brier,-0.00039254339875490277,0.4,25,0.2996123433113098,1.0,no difference
iranian,natural,lgbm,ros@1.0,prec_at_top,0.0,0.04,25,0.04068490878074474,0.12205472634223422,no difference
iranian,natural,lgbm,ros@1.0,empc,-0.0047738623381743395,0.44,25,0.3313349065031326,0.9940047195093977,no difference
iranian,natural,lgbm,rus@1.0,roc_auc,-0.009682512507371177,0.0,25,5.960464477539063e-08,5.960464477539062e-07,worse
iranian,natural,lgbm,rus@1.0,pr_auc,-0.046055914007154586,0.0,25,5.960464477539063e-08,5.960464477539062e-07,worse
iranian,natural,lgbm,rus@1.0,f1,-0.08010057471264376,0.0,25,5.960464477539063e-08,5.960464477539062e-07,worse
iranian,natural,lgbm,rus@1.0,mcc,-0.09051843903874435,0.0,25,5.960464477539063e-08,5.960464477539062e-07,worse
iranian,natural,lgbm,rus@1.0,brier,-0.03324359252918731,0.0,25,5.960464477539063e-08,5.960464477539062e-07,worse
iranian,natural,lgbm,rus@1.0,prec_at_top,-0.031746031746031966,0.0,25,2.635680692174313e-05,0.00023721126229568818,worse
iranian,natural,lgbm,rus@1.0,empc,-0.3941435129337174,0.0,25,5.960464477539063e-08,5.960464477539062e-07,worse
iranian,natural,lgbm,smote@0.5,roc_auc,-0.0010462439840971394,0.12,25,1.5079975128173828e-05,0.0001055598258972168,worse
iranian,natural,lgbm,smote@0.5,pr_auc,-0.003295526856002984,0.08,25,1.233816146850586e-05,6.16908073425293e-05,worse
iranian,natural,lgbm,smote@0.5,f1,0.008444757213230236,0.64,25,0.04512268304824829,0.16860079765319824,no difference
iranian,natural,lgbm,smote@0.5,mcc,0.009595941143008102,0.64,25,0.09031611680984497,0.34055614471435547,no difference
iranian,natural,lgbm,smote@0.5,brier,0.0002876154274215996,0.56,25,1.0,1.0,no difference
iranian,natural,lgbm,smote@0.5,prec_at_top,-0.015873015873015595,0.04,25,0.0018613751239903058,0.014891000991922447,worse
iranian,natural,lgbm,smote@0.5,empc,-0.04372679947647917,0.36,25,0.04512268304824829,0.18049073219299316,no difference
iranian,natural,lgbm,smote@1.0,roc_auc,-0.0014647415777359063,0.2,25,0.0005182369591668087,0.002072947836667235,worse
iranian,natural,lgbm,smote@1.0,pr_auc,-0.00611561398101379,0.04,25,4.172325134277344e-06,2.5033950805664062e-05,worse
iranian,natural,lgbm,smote@1.0,f1,0.0035650623885917776,0.72,25,0.04215019941329956,0.16860079765319824,no difference
iranian,natural,lgbm,smote@1.0,mcc,0.003989780868223436,0.64,25,0.08513903617858887,0.34055614471435547,no difference
iranian,natural,lgbm,smote@1.0,brier,-0.0006054243456989003,0.44,25,0.33878785371780396,1.0,no difference
iranian,natural,lgbm,smote@1.0,prec_at_top,0.0,0.08,25,0.009069375786761324,0.04534687893380662,no difference
iranian,natural,lgbm,smote@1.0,empc,-0.049313011848173716,0.28,25,0.023649930953979492,0.11824965476989746,no difference
iranian,natural,lgbm,smote_enn@1.0,roc_auc,-0.007628069774962443,0.0,25,5.960464477539063e-08,5.960464477539062e-07,worse
iranian,natural,lgbm,smote_enn@1.0,pr_auc,-0.05411437814281239,0.0,25,5.960464477539063e-08,5.960464477539062e-07,worse
iranian,natural,lgbm,smote_enn@1.0,f1,-0.033177312775330425,0.16,25,5.3882598876953125e-05,0.000431060791015625,worse
iranian,natural,lgbm,smote_enn@1.0,mcc,-0.036649875452580916,0.16,25,3.1948089599609375e-05,0.000255584716796875,worse
iranian,natural,lgbm,smote_enn@1.0,brier,-0.0184808469023202,0.0,25,5.960464477539063e-08,5.960464477539062e-07,worse
iranian,natural,lgbm,smote_enn@1.0,prec_at_top,-0.07936507936507942,0.0,25,1.2146175363820999e-05,0.00012146175363820999,worse
iranian,natural,lgbm,smote_enn@1.0,empc,-0.18893062030594265,0.08,25,2.980232238769531e-07,2.682209014892578e-06,worse
iranian,natural,lgbm,threshold,roc_auc,-5.706785367798339e-05,0.48,25,0.40419533013704767,0.40419533013704767,no difference
iranian,natural,lgbm,threshold,pr_auc,-0.0004665514672810289,0.44,25,0.8739878535270691,0.8739878535270691,no difference
iranian,natural,lgbm,threshold,f1,0.006499368116988591,0.68,25,0.2634761333465576,0.5269522666931152,no difference
iranian,natural,lgbm,threshold,mcc,0.005824786928720682,0.68,25,0.312333345413208,0.624666690826416,no difference
iranian,natural,lgbm,threshold,brier,9.078993751399783e-05,0.56,25,0.6338268518447876,1.0,no difference
iranian,natural,lgbm,threshold,prec_at_top,0.0,0.16,25,0.6179700651596238,1.0,no difference
iranian,natural,lgbm,threshold,empc,-0.004387133155607792,0.44,25,0.5249125957489014,1.0,no difference
iranian,natural,lr,adasyn@1.0,roc_auc,-0.0032338450417547238,0.16,25,0.00018787384033203125,0.0016908645629882812,worse
iranian,natural,lr,adasyn@1.0,pr_auc,-0.01847785201494412,0.08,25,2.980232238769531e-07,2.682209014892578e-06,worse
iranian,natural,lr,adasyn@1.0,f1,0.04163327287299112,0.8,25,0.0006313323974609375,0.0006313323974609375,better
iranian,natural,lr,adasyn@1.0,mcc,0.01624109231496096,0.68,25,0.312333345413208,0.312333345413208,no difference
iranian,natural,lr,adasyn@1.0,brier,-0.06105990432124721,0.0,25,5.960464477539063e-08,5.364418029785156e-07,worse
iranian,natural,lr,adasyn@1.0,prec_at_top,0.0,0.44,25,0.36647705165416133,0.7329541033083227,no difference
iranian,natural,lr,adasyn@1.0,empc,-0.16332683589021357,0.04,25,1.1324882507324219e-06,1.0192394256591797e-05,worse
iranian,natural,lr,class_weight,roc_auc,0.0007038368620287949,0.8,25,0.005352914480888453,0.04282331584710762,better
iranian,natural,lr,class_weight,pr_auc,-0.005689004872117764,0.16,25,2.562999725341797e-06,1.537799835205078e-05,worse
iranian,natural,lr,class_weight,f1,0.07634707926026629,0.96,25,2.980232238769531e-07,1.7881393432617188e-06,better
iranian,natural,lr,class_weight,mcc,0.052782929442431015,0.84,25,3.1948089599609375e-05,0.00015974044799804688,better
iranian,natural,lr,class_weight,brier,-0.0376503944153163,0.0,25,5.960464477539063e-08,5.364418029785156e-07,worse
iranian,natural,lr,class_weight,prec_at_top,-0.015873015873015817,0.08,25,0.0036543844567481026,0.02923507565398482,worse
iranian,natural,lr,class_weight,empc,-0.024228940184223724,0.28,25,0.013554692268371582,0.040664076805114746,worse
iranian,natural,lr,dirichlet@1.0,roc_auc,5.706785367820544e-05,0.52,25,0.9785330095828078,1.0,no difference
iranian,natural,lr,dirichlet@1.0,pr_auc,-0.006565026417598485,0.2,25,0.000102996826171875,0.00020599365234375,worse
iranian,natural,lr,dirichlet@1.0,f1,0.07768384481760282,0.96,25,1.7881393432617188e-07,1.2516975402832031e-06,better
iranian,natural,lr,dirichlet@1.0,mcc,0.05065698990195089,0.88,25,3.1948089599609375e-05,0.00015974044799804688,better
iranian,natural,lr,dirichlet@1.0,brier,-0.0361390531986214,0.0,25,5.960464477539063e-08,5.364418029785156e-07,worse
iranian,natural,lr,dirichlet@1.0,prec_at_top,-0.015873015873015817,0.12,25,0.006575867921019057,0.0460310754471334,worse
iranian,natural,lr,dirichlet@1.0,empc,-0.0768033492180713,0.12,25,6.556510925292969e-06,5.245208740234375e-05,worse
iranian,natural,lr,easy_ensemble,roc_auc,-0.00017120356103383916,0.44,25,0.9430508694119225,1.0,no difference
iranian,natural,lr,easy_ensemble,pr_auc,-0.008463559900999118,0.08,25,4.172325134277344e-07,3.337860107421875e-06,worse
iranian,natural,lr,easy_ensemble,f1,0.072072072072072,0.96,25,2.980232238769531e-07,1.7881393432617188e-06,better
iranian,natural,lr,easy_ensemble,mcc,0.04272111959242364,0.88,25,2.2113323211669922e-05,0.00013267993927001953,better
iranian,natural,lr,easy_ensemble,brier,-0.0383427003366348,0.0,25,5.960464477539063e-08,5.364418029785156e-07,worse
iranian,natural,lr,easy_ensemble,prec_at_top,0.0,0.12,25,0.008173582173140796,0.0460310754471334,no difference
iranian,natural,lr,easy_ensemble,empc,-0.04792810012690385,0.24,25,0.0041751861572265625,0.020875930786132812,worse
iranian,natural,lr,ros@1.0,roc_auc,0.0008750404230627451,0.72,25,0.012929172172726561,0.0646458608636328,no difference
iranian,natural,lr,ros@1.0,pr_auc,-0.0051132069999280105,0.2,25,4.5418739318847656e-05,0.00018167495727539062,worse
iranian,natural,lr,ros@1.0,f1,0.0789152368099737,0.96,25,1.1920928955078125e-07,9.5367431640625e-07,better
iranian,natural,lr,ros@1.0,mcc,0.056941919153043696,0.84,25,1.233816146850586e-05,9.870529174804688e-05,better
iranian,natural,lr,ros@1.0,brier,-0.037785274619435996,0.0,25,5.960464477539063e-08,5.364418029785156e-07,worse
iranian,natural,lr,ros@1.0,prec_at_top,0.0,0.16,25,0.018442179770132867,0.07376871908053147,no difference
iranian,natural,lr,ros@1.0,empc,-0.028003102646798617,0.28,25,0.013554692268371582,0.040664076805114746,worse
iranian,natural,lr,rus@1.0,roc_auc,-0.00045654282942397817,0.24,25,0.008364365114069483,0.058550555798486385,no difference
iranian,natural,lr,rus@1.0,pr_auc,-0.011183960360432343,0.04,25,4.172325134277344e-07,3.337860107421875e-06,worse
iranian,natural,lr,rus@1.0,f1,0.07541770516015878,0.96,25,2.980232238769531e-07,1.7881393432617188e-06,better
iranian,natural,lr,rus@1.0,mcc,0.050862850998389275,0.8,25,4.5418739318847656e-05,0.00015974044799804688,better
iranian,natural,lr,rus@1.0,brier,-0.039726620874744004,0.0,25,5.960464477539063e-08,5.364418029785156e-07,worse
iranian,natural,lr,rus@1.0,prec_at_top,-0.015873015873015817,0.08,25,0.0025117717393070365,0.022605945653763327,worse
iranian,natural,lr,rus@1.0,empc,-0.05215871727268695,0.28,25,0.003419220447540283,0.0205153226852417,worse
iranian,natural,lr,smote@0.5,roc_auc,0.000570678536780056,0.68,25,0.010510802268981934,0.0630648136138916,no difference
iranian,natural,lr,smote@0.5,pr_auc,-0.002364910449470292,0.32,25,0.001625359058380127,0.001625359058380127,worse
iranian,natural,lr,smote@0.5,f1,0.11111111111111116,1.0,25,5.960464477539063e-08,5.960464477539062e-07,better
iranian,natural,lr,smote@0.5,mcc,0.07843085611172429,1.0,25,5.960464477539063e-08,5.960464477539062e-07,better
iranian,natural,lr,smote@0.5,brier,-0.012110785420029802,0.0,25,5.960464477539063e-08,5.364418029785156e-07,worse
iranian,natural,lr,smote@0.5,prec_at_top,0.0,0.16,25,0.06250203236356364,0.1875060970906909,no difference
iranian,natural,lr,smote@0.5,empc,-0.03532864976792194,0.12,25,0.00016230344772338867,0.0011361241340637207,worse
iranian,natural,lr,smote@1.0,roc_auc,0.0006467690083508115,0.52,25,0.17295855283737183,0.6918342113494873,no difference
iranian,natural,lr,smote@1.0,pr_auc,-0.006643310549875436,0.16,25,3.1948089599609375e-05,0.00015974044799804688,worse
iranian,natural,lr,smote@1.0,f1,0.07316792752190215,0.96,25,2.980232238769531e-07,1.7881393432617188e-06,better
iranian,natural,lr,smote@1.0,mcc,0.05094443897444645,0.84,25,4.5418739318847656e-05,0.00015974044799804688,better
iranian,natural,lr,smote@1.0,brier,-0.0376154122619079,0.0,25,5.960464477539063e-08,5.364418029785156e-07,worse
iranian,natural,lr,smote@1.0,prec_at_top,-0.015873015873015817,0.08,25,0.006702242501535829,0.0460310754471334,worse
iranian,natural,lr,smote@1.0,empc,-0.05740997181005714,0.28,25,0.014722049236297607,0.040664076805114746,worse
iranian,natural,lr,smote_enn@1.0,roc_auc,-0.0001712035610340612,0.48,25,0.978915274143219,1.0,no difference
iranian,natural,lr,smote_enn@1.0,pr_auc,-0.01079384441141884,0.2,25,6.365776062011719e-05,0.00019097328186035156,worse
iranian,natural,lr,smote_enn@1.0,f1,0.0692015209125475,0.92,25,2.980232238769531e-07,1.7881393432617188e-06,better
iranian,natural,lr,smote_enn@1.0,mcc,0.04602791960495367,0.92,25,1.8298625946044922e-05,0.00012809038162231445,better
iranian,natural,lr,smote_enn@1.0,brier,-0.04660781293007761,0.0,25,5.960464477539063e-08,5.364418029785156e-07,worse
iranian,natural,lr,smote_enn@1.0,prec_at_top,0.0,0.32,25,0.6067974542555319,0.7329541033083227,no difference
iranian,natural,lr,smote_enn@1.0,empc,-0.041272484245719276,0.2,25,0.004604637622833252,0.020875930786132812,worse
iranian,natural,lr,threshold,roc_auc,0.0,0.0,25,,,no difference
iranian,natural,lr,threshold,pr_auc,0.0,0.0,25,,,no difference
iranian,natural,lr,threshold,f1,0.1076730875388594,1.0,25,5.960464477539063e-08,5.960464477539062e-07,better
iranian,natural,lr,threshold,mcc,0.06803522789462113,0.88,25,8.344650268554688e-07,7.510185241699219e-06,better
iranian,natural,lr,threshold,brier,0.0,0.0,25,,,no difference
iranian,natural,lr,threshold,prec_at_top,0.0,0.0,25,,,no difference
iranian,natural,lr,threshold,empc,0.0,0.0,25,,,no difference
iranian,natural,rf,adasyn@1.0,roc_auc,-0.003576252163822735,0.04,25,1.7881393432617188e-07,1.2516975402832031e-06,worse
iranian,natural,rf,adasyn@1.0,pr_auc,-0.03574031455691595,0.0,25,5.960464477539063e-08,5.960464477539062e-07,worse
iranian,natural,rf,adasyn@1.0,f1,0.0028204629449524177,0.56,25,0.1134914755821228,0.1603916883468628,no difference
iranian,natural,rf,adasyn@1.0,mcc,0.002975208034351584,0.52,25,0.20993918180465698,0.2146294116973877,no difference
iranian,natural,rf,adasyn@1.0,brier,-0.0055726521027048975,0.04,25,1.1920928955078125e-07,8.344650268554688e-07,worse
iranian,natural,rf,adasyn@1.0,prec_at_top,-0.04761904761904756,0.0,25,1.8054603545387428e-05,0.00016137362414972892,worse
iranian,natural,rf,adasyn@1.0,empc,-0.05618178776911176,0.32,25,0.021908342838287354,0.15335839986801147,no difference
iranian,natural,rf,class_weight,roc_auc,-0.0017691034640185954,0.04,25,1.9669532775878906e-06,9.834766387939453e-06,worse
iranian,natural,rf,class_weight,pr_auc,-0.020478045988726823,0.04,25,1.1920928955078125e-07,7.152557373046875e-07,worse
iranian,natural,rf,class_weight,f1,0.014750454637300403,0.8,25,0.0004894733428955078,0.0014684200286865234,better
iranian,natural,rf,class_weight,mcc,0.015615111226330969,0.76,25,0.002255260944366455,0.006765782833099365,better
iranian,natural,rf,class_weight,brier,-0.0019939094845305982,0.24,25,8.803606033325195e-05,0.0005282163619995117,worse
iranian,natural,rf,class_weight,prec_at_top,-0.04761904761904756,0.04,25,0.00024335821000026042,0.0012167910500013022,worse
iranian,natural,rf,class_weight,empc,0.017064759602764212,0.6,25,0.39571136236190796,1.0,no difference
iranian,natural,rf,dirichlet@1.0,roc_auc,-0.0012364701630236397,0.2,25,3.1948089599609375e-05,0.0001277923583984375,worse
iranian,natural,rf,dirichlet@1.0,pr_auc,-0.01105555279837056,0.12,25,1.1324882507324219e-06,4.5299530029296875e-06,worse
iranian,natural,rf,dirichlet@1.0,f1,0.022990311599895286,0.84,25,1.5079975128173828e-05,9.047985076904297e-05,better
iranian,natural,rf,dirichlet@1.0,mcc,0.024620191277574754,0.84,25,3.814697265625e-05,0.0002288818359375,better
iranian,natural,rf,dirichlet@1.0,brier,-0.0012689051641374995,0.2,25,0.0037809014320373535,0.013676881790161133,worse
iranian,natural,rf,dirichlet@1.0,prec_at_top,-0.015873015873015928,0.04,25,0.0004130971988199913,0.0016523887952799652,worse
iranian,natural,rf,dirichlet@1.0,empc,-0.008874361282881438,0.44,25,0.7309892177581787,1.0,no difference
iranian,natural,rf,easy_ensemble,roc_auc,-0.004983925887880769,0.0,25,5.960464477539063e-08,5.960464477539062e-07,worse
iranian,natural,rf,easy_ensemble,pr_auc,-0.03063363086430615,0.0,25,5.960464477539063e-08,5.960464477539062e-07,worse
iranian,natural,rf,easy_ensemble,f1,-0.07185942827170211,0.0,25,5.960464477539063e-08,5.960464477539062e-07,worse
iranian,natural,rf,easy_ensemble,mcc,-0.07284344827844424,0.0,25,5.960464477539063e-08,5.960464477539062e-07,worse
iranian,natural,rf,easy_ensemble,brier,-0.030439201973853892,0.0,25,5.960464477539063e-08,5.960464477539062e-07,worse
iranian,natural,rf,easy_ensemble,prec_at_top,-0.04761904761904756,0.0,25,2.5131253636950656e-05,0.0001759187754586546,worse
iranian,natural,rf,easy_ensemble,empc,-0.15016151950294532,0.16,25,0.00012022256851196289,0.0009617805480957031,worse
iranian,natural,rf,ros@1.0,roc_auc,-0.0024729403260477234,0.08,25,5.960464477539062e-07,3.5762786865234375e-06,worse
iranian,natural,rf,ros@1.0,pr_auc,-0.022249099195855604,0.04,25,2.980232238769531e-07,1.4901161193847656e-06,worse
iranian,natural,rf,ros@1.0,f1,0.023391518688062884,0.8,25,0.000102996826171875,0.000514984130859375,better
iranian,natural,rf,ros@1.0,mcc,0.025974314095362216,0.8,25,0.00021690130233764648,0.0008676052093505859,better
iranian,natural,rf,ros@1.0,brier,-0.0018755238563741006,0.28,25,0.002507925033569336,0.01253962516784668,worse
iranian,natural,rf,ros@1.0,prec_at_top,-0.031746031746031966,0.08,25,5.6432702656784656e-05,0.00033859621594070795,worse
iranian,natural,rf,ros@1.0,empc,0.013160770299621483,0.56,25,0.3525196313858032,1.0,no difference
iranian,natural,rf,rus@1.0,roc_auc,-0.007989499514923337,0.0,25,5.960464477539063e-08,5.960464477539062e-07,worse
iranian,natural,rf,rus@1.0,pr_auc,-0.056084015336524295,0.0,25,5.960464477539063e-08,5.960464477539062e-07,worse
iranian,natural,rf,rus@1.0,f1,-0.08536953242835599,0.0,25,5.960464477539063e-08,5.960464477539062e-07,worse
iranian,natural,rf,rus@1.0,mcc,-0.09232070266554226,0.0,25,5.960464477539063e-08,5.960464477539062e-07,worse
iranian,natural,rf,rus@1.0,brier,-0.031976106874582494,0.0,25,5.960464477539063e-08,5.960464477539062e-07,worse
iranian,natural,rf,rus@1.0,prec_at_top,-0.06349206349206338,0.0,25,1.7930402683303212e-05,0.00016137362414972892,worse
iranian,natural,rf,rus@1.0,empc,-0.3043365944966716,0.0,25,5.960464477539063e-08,5.960464477539062e-07,worse
iranian,natural,rf,smote@0.5,roc_auc,-0.0007038368620287949,0.32,25,0.033524729531599774,0.06704945906319955,no difference
iranian,natural,rf,smote@0.5,pr_auc,-0.007151736570010336,0.16,25,0.000102996826171875,0.00020599365234375,worse
iranian,natural,rf,smote@0.5,f1,0.019034536891679665,0.92,25,4.172325134277344e-07,3.337860107421875e-06,better
iranian,natural,rf,smote@0.5,mcc,0.01973121825315749,0.88,25,5.245208740234375e-06,3.6716461181640625e-05,better
iranian,natural,rf,smote@0.5,brier,9.734104296797719e-06,0.52,25,0.8325093984603882,0.8325093984603882,no difference
iranian,natural,rf,smote@0.5,prec_at_top,-0.015873015873015817,0.2,25,0.012643384219381276,0.02528676843876255,worse
iranian,natural,rf,smote@0.5,empc,0.013676837635117955,0.64,25,0.14847958087921143,0.7423979043960571,no difference
iranian,natural,rf,smote@1.0,roc_auc,-0.0007609047157072224,0.24,25,0.0030878782272338867,0.00926363468170166,worse
iranian,natural,rf,smote@1.0,pr_auc,-0.010461942819517622,0.12,25,5.245208740234375e-06,1.5735626220703125e-05,worse
iranian,natural,rf,smote@1.0,f1,0.02700799067349957,0.92,25,1.4901161193847656e-06,1.043081283569336e-05,better
iranian,natural,rf,smote@1.0,mcc,0.03231202327201299,0.88,25,1.4901161193847656e-06,1.1920928955078125e-05,better
iranian,natural,rf,smote@1.0,brier,-0.0012766468670669037,0.28,25,0.003419220447540283,0.013676881790161133,worse
iranian,natural,rf,smote@1.0,prec_at_top,-0.015873015873015928,0.16,25,0.0008489790644813529,0.0025469371934440585,worse
iranian,natural,rf,smote@1.0,empc,0.020072745173620454,0.64,25,0.10731470584869385,0.6438882350921631,no difference
iranian,natural,rf,smote_enn@1.0,roc_auc,-0.010072476174170952,0.0,25,5.960464477539063e-08,5.960464477539062e-07,worse
iranian,natural,rf,smote_enn@1.0,pr_auc,-0.09403422649934323,0.0,25,5.960464477539063e-08,5.960464477539062e-07,worse
iranian,natural,rf,smote_enn@1.0,f1,-0.024456521739130488,0.2,25,0.00018787384033203125,0.000751495361328125,worse
iranian,natural,rf,smote_enn@1.0,mcc,-0.03158536498449316,0.2,25,0.000102996826171875,0.000514984130859375,worse
iranian,natural,rf,smote_enn@1.0,brier,-0.013826211600761994,0.0,25,5.960464477539063e-08,5.960464477539062e-07,worse
iranian,natural,rf,smote_enn@1.0,prec_at_top,-0.09523809523809512,0.0,25,1.1981545991387279e-05,0.00011981545991387279,worse
iranian,natural,rf,smote_enn@1.0,empc,-0.15105306526057216,0.08,25,4.172325134277344e-06,3.7550926208496094e-05,worse
iranian,natural,rf,threshold,roc_auc,-0.00015218094314140007,0.44,25,0.5448549862200605,0.5448549862200605,no difference
iranian,natural,rf,threshold,pr_auc,-0.0001360090887397858,0.48,25,0.4107651710510254,0.4107651710510254,no difference
iranian,natural,rf,threshold,f1,0.005370569280343629,0.68,25,0.0801958441734314,0.1603916883468628,no difference
iranian,natural,rf,threshold,mcc,0.005705800765604119,0.64,25,0.10731470584869385,0.2146294116973877,no difference
iranian,natural,rf,threshold,brier,-0.00012744069300390376,0.4,25,0.312333345413208,0.624666690826416,no difference
iranian,natural,rf,threshold,prec_at_top,0.0,0.16,25,0.5890107045389475,0.5890107045389475,no difference
iranian,natural,rf,threshold,empc,0.003051763718632472,0.56,25,0.21998637914657593,0.8799455165863037,no difference
iranian,natural,xgb,adasyn@1.0,roc_auc,-0.0014457189598432452,0.12,25,0.00032785364972885673,0.0022949755481019973,worse
iranian,natural,xgb,adasyn@1.0,pr_auc,-0.007936386235983028,0.08,25,1.1324882507324219e-06,7.927417755126953e-06,worse
iranian,natural,xgb,adasyn@1.0,f1,0.0063157894736841635,0.64,25,0.07547956705093384,0.1419672966003418,no difference
iranian,natural,xgb,adasyn@1.0,mcc,0.00507296490173037,0.64,25,0.11993378400802612,0.2778472790567048,no difference
iranian,natural,xgb,adasyn@1.0,brier,-0.003858919404042902,0.24,25,0.000429689884185791,0.003007829189300537,worse
iranian,natural,xgb,adasyn@1.0,prec_at_top,-0.015873015873015928,0.12,25,0.0013359793917675149,0.010687835134140119,worse
iranian,natural,xgb,adasyn@1.0,empc,-0.03673525216141016,0.28,25,0.05875152349472046,0.4112606644630432,no difference
iranian,natural,xgb,class_weight,roc_auc,0.00011413570735607781,0.56,25,0.8505968794632508,1.0,no difference
iranian,natural,xgb,class_weight,pr_auc,-0.0008191138445534651,0.36,25,0.3665854334831238,0.7331708669662476,no difference
iranian,natural,xgb,class_weight,f1,0.006698564593301426,0.68,25,0.013554692268371582,0.06777346134185791,no difference
iranian,natural,xgb,class_weight,mcc,0.0060346391776539,0.68,25,0.03933870792388916,0.15735483169555664,no difference
iranian,natural,xgb,class_weight,brier,-0.002282788351237998,0.28,25,0.002507925033569336,0.01253962516784668,worse
iranian,natural,xgb,class_weight,prec_at_top,0.0,0.2,25,0.7316005889599013,1.0,no difference
iranian,natural,xgb,class_weight,empc,0.02974678974184819,0.72,25,0.09031611680984497,0.5418967008590698,no difference
iranian,natural,xgb,dirichlet@1.0,roc_auc,-0.0011033118377752338,0.24,25,0.00712781501483878,0.042766890089032686,worse
iranian,natural,xgb,dirichlet@1.0,pr_auc,-0.004636899751707335,0.24,25,0.0009118914604187012,0.005471348762512207,worse
iranian,natural,xgb,dirichlet@1.0,f1,0.011311861743912077,0.76,25,0.0037809014320373535,0.02268540859222412,better
iranian,natural,xgb,dirichlet@1.0,mcc,0.011080098537911143,0.76,25,0.013554692268371582,0.08132815361022949,no difference
iranian,natural,xgb,dirichlet@1.0,brier,-0.0010216906605913026,0.36,25,0.09573346376419067,0.287200391292572,no difference
iranian,natural,xgb,dirichlet@1.0,prec_at_top,0.0,0.24,25,0.09189158835530045,0.5513495301318028,no difference
iranian,natural,xgb,dirichlet@1.0,empc,-0.03802781302742009,0.4,25,0.6528410911560059,1.0,no difference
iranian,natural,xgb,easy_ensemble,roc_auc,-0.0034811390743592074,0.04,25,1.7881393432617188e-07,1.430511474609375e-06,worse
iranian,natural,xgb,easy_ensemble,pr_auc,-0.011502511837023999,0.0,25,5.960464477539063e-08,5.960464477539062e-07,worse
iranian,natural,xgb,easy_ensemble,f1,-0.060041361827036455,0.0,25,5.960464477539063e-08,5.960464477539062e-07,worse
iranian,natural,xgb,easy_ensemble,mcc,-0.06684787355663657,0.0,25,5.960464477539063e-08,5.960464477539062e-07,worse
iranian,natural,xgb,easy_ensemble,brier,-0.0233018369773762,0.0,25,5.960464477539063e-08,5.960464477539062e-07,worse
iranian,natural,xgb,easy_ensemble,prec_at_top,0.0,0.16,25,0.023307913467324762,0.16315539427127335,no difference
iranian,natural,xgb,easy_ensemble,empc,-0.10066043439124517,0.0,25,5.960464477539063e-08,5.960464477539062e-07,worse
iranian,natural,xgb,ros@1.0,roc_auc,-0.0004755654473167503,0.4,25,0.5389851216991777,1.0,no difference
iranian,natural,xgb,ros@1.0,pr_auc,-0.001215264062064625,0.36,25,0.05157625675201416,0.15472877025604248,no difference
iranian,natural,xgb,ros@1.0,f1,0.003827751196172402,0.68,25,0.0709836483001709,0.1419672966003418,no difference
iranian,natural,xgb,ros@1.0,mcc,0.0034145576970644465,0.68,25,0.11993378400802612,0.2778472790567048,no difference
iranian,natural,xgb,ros@1.0,brier,-0.0018720796737408014,0.16,25,0.0014527440071105957,0.008716464042663574,worse
iranian,natural,xgb,ros@1.0,prec_at_top,0.0,0.28,25,0.43552666471172763,1.0,no difference
iranian,natural,xgb,ros@1.0,empc,0.0,0.48,25,0.9316935455667716,1.0,no difference
iranian,natural,xgb,rus@1.0,roc_auc,-0.009035743499020366,0.0,25,5.960464477539063e-08,5.960464477539062e-07,worse
iranian,natural,xgb,rus@1.0,pr_auc,-0.03972875277961663,0.0,25,5.960464477539063e-08,5.960464477539062e-07,worse
iranian,natural,xgb,rus@1.0,f1,-0.08322388582435869,0.0,25,5.960464477539063e-08,5.960464477539062e-07,worse
iranian,natural,xgb,rus@1.0,mcc,-0.0937503694097449,0.0,25,5.960464477539063e-08,5.960464477539062e-07,worse
iranian,natural,xgb,rus@1.0,brier,-0.033213508229538995,0.0,25,5.960464477539063e-08,5.960464477539062e-07,worse
iranian,natural,xgb,rus@1.0,prec_at_top,-0.031746031746031966,0.04,25,4.5595817958231976e-05,0.00041036236162408777,worse
iranian,natural,xgb,rus@1.0,empc,-0.33489373074442863,0.0,25,5.960464477539063e-08,5.960464477539062e-07,worse
iranian,natural,xgb,smote@0.5,roc_auc,-0.0006087237725656003,0.4,25,0.10139739513397217,0.40558958053588867,no difference
iranian,natural,xgb,smote@0.5,pr_auc,-0.0013697016354228264,0.28,25,0.029578447341918945,0.11831378936767578,no difference
iranian,natural,xgb,smote@0.5,f1,0.01482529205301486,0.84,25,4.5418739318847656e-05,0.00036334991455078125,better
iranian,natural,xgb,smote@0.5,mcc,0.014322052604559765,0.8,25,0.0001398921012878418,0.0009792447090148926,better
iranian,natural,xgb,smote@0.5,brier,0.00018735553042889888,0.52,25,0.978915274143219,1.0,no difference
iranian,natural,xgb,smote@0.5,prec_at_top,0.0,0.12,25,0.15295273384413882,0.764763669220694,no difference
iranian,natural,xgb,smote@0.5,empc,0.011841963859305693,0.6,25,0.4107651710510254,1.0,no difference
iranian,natural,xgb,smote@1.0,roc_auc,-0.0009511308946336117,0.36,25,0.00963503122329712,0.048175156116485596,worse
iranian,natural,xgb,smote@1.0,pr_auc,-0.003856960355383854,0.24,25,0.004604637622833252,0.02302318811416626,worse
iranian,natural,xgb,smote@1.0,f1,0.0047736372035724894,0.64,25,0.030303209092222193,0.09090962727666657,no difference
iranian,natural,xgb,smote@1.0,mcc,0.0032203505028745028,0.6,25,0.09261575968556827,0.2778472790567048,no difference
iranian,natural,xgb,smote@1.0,brier,-0.0010135230580777012,0.36,25,0.029578447341918945,0.11831378936767578,no difference
iranian,natural,xgb,smote@1.0,prec_at_top,0.0,0.28,25,0.20578981923794282,0.8231592769517713,no difference
iranian,natural,xgb,smote@1.0,empc,-0.00019397585731084632,0.48,25,0.978915274143219,1.0,no difference
iranian,natural,xgb,smote_enn@1.0,roc_auc,-0.007494911449713593,0.0,25,5.960464477539063e-08,5.960464477539062e-07,worse
iranian,natural,xgb,smote_enn@1.0,pr_auc,-0.04573825868334502,0.0,25,5.960464477539063e-08,5.960464477539062e-07,worse
iranian,natural,xgb,smote_enn@1.0,f1,-0.02136310053648327,0.16,25,9.035445394407614e-05,0.000632481177608533,worse
iranian,natural,xgb,smote_enn@1.0,mcc,-0.02539314015283689,0.12,25,6.446058043652003e-05,0.0005156846434921603,worse
iranian,natural,xgb,smote_enn@1.0,brier,-0.017428258202148,0.0,25,5.960464477539063e-08,5.960464477539062e-07,worse
iranian,natural,xgb,smote_enn@1.0,prec_at_top,-0.07936507936507942,0.0,25,1.7877382743315704e-05,0.00017877382743315706,worse
iranian,natural,xgb,smote_enn@1.0,empc,-0.15716321300432057,0.12,25,2.562999725341797e-06,2.0503997802734375e-05,worse
iranian,natural,xgb,threshold,roc_auc,0.00011413570735596679,0.56,25,0.7264845348540796,1.0,no difference
iranian,natural,xgb,threshold,pr_auc,0.0005697040976055945,0.56,25,0.6915188431739807,0.7331708669662476,no difference
iranian,natural,xgb,threshold,f1,0.010840108401083959,0.72,25,0.01597297191619873,0.06777346134185791,no difference
iranian,natural,xgb,threshold,mcc,0.011003438114984276,0.68,25,0.023649930953979492,0.11824965476989746,no difference
iranian,natural,xgb,threshold,brier,-5.695221286020069e-05,0.44,25,0.8119303584098816,1.0,no difference
iranian,natural,xgb,threshold,prec_at_top,0.0,0.28,25,0.7854947471183542,1.0,no difference
iranian,natural,xgb,threshold,empc,0.0004247446765788254,0.52,25,0.8325093984603882,1.0,no difference
telco,0.02,hgb,adasyn@1.0,roc_auc,-0.003680699332873183,0.36,25,0.2751842737197876,1.0,no difference
telco,0.02,hgb,adasyn@1.0,pr_auc,0.0009832857913550097,0.52,25,0.978915274143219,1.0,no difference
telco,0.02,hgb,adasyn@1.0,f1,0.056034482758620704,0.6,25,0.01251461515018939,0.05005846060075756,no difference
telco,0.02,hgb,adasyn@1.0,mcc,0.0528637567569903,0.64,25,0.027344362156579066,0.13672181078289533,no difference
telco,0.02,hgb,adasyn@1.0,brier,-0.0009410796335190992,0.28,25,0.0018156766891479492,0.007262706756591797,worse
telco,0.02,hgb,adasyn@1.0,prec_at_top,0.0,0.4,25,0.6520558470906375,1.0,no difference
telco,0.02,hgb,adasyn@1.0,empc,0.0082734482892711,0.52,25,0.5964998602867126,1.0,no difference
telco,0.02,hgb,class_weight,roc_auc,-0.007033585370142426,0.36,25,0.08513903617858887,0.6811122894287109,no difference
telco,0.02,hgb,class_weight,pr_auc,-3.6355665371939905e-06,0.48,25,0.8739878535270691,1.0,no difference
telco,0.02,hgb,class_weight,f1,0.0555555555555555,0.76,25,9.220613278654252e-05,0.0005532367967192552,better
telco,0.02,hgb,class_weight,mcc,0.04256668138688711,0.72,25,0.0006313323974609375,0.003787994384765625,better
telco,0.02,hgb,class_weight,brier,-0.006532069002028702,0.0,25,5.960464477539063e-08,5.364418029785156e-07,worse
telco,0.02,hgb,class_weight,prec_at_top,0.0,0.44,25,0.9353406422684128,1.0,no difference
telco,0.02,hgb,class_weight,empc,0.0033691339283207014,0.56,25,0.6925518471146306,1.0,no difference
telco,0.02,hgb,dirichlet@1.0,roc_auc,0.002484472049689601,0.52,25,0.6338268518447876,1.0,no difference
telco,0.02,hgb,dirichlet@1.0,pr_auc,0.0027043625251658016,0.6,25,0.5964998602867126,1.0,no difference
telco,0.02,hgb,dirichlet@1.0,f1,0.0,0.2,25,0.7974385496751111,0.7974385496751111,no difference
telco,0.02,hgb,dirichlet@1.0,mcc,0.0,0.48,25,0.6388558230052901,0.7230652343780066,no difference
telco,0.02,hgb,dirichlet@1.0,brier,0.0006471780188740013,0.72,25,0.013554692268371582,0.027109384536743164,better
telco,0.02,hgb,dirichlet@1.0,prec_at_top,0.0,0.36,25,0.6365412253179294,1.0,no difference
telco,0.02,hgb,dirichlet@1.0,empc,0.0007532537083852001,0.6,25,0.3525196313858032,1.0,no difference
telco,0.02,hgb,easy_ensemble,roc_auc,0.031377961812744326,0.92,25,3.2782554626464844e-06,2.950429916381836e-05,better
telco,0.02,hgb,easy_ensemble,pr_auc,0.019820771388807,0.68,25,0.002255260944366455,0.01804208755493164,better
telco,0.02,hgb,easy_ensemble,f1,0.0993788819875776,1.0,25,1.2279185361336645e-05,9.823348289069316e-05,better
telco,0.02,hgb,easy_ensemble,mcc,0.15806823670116188,1.0,25,5.960464477539063e-08,5.960464477539062e-07,better
telco,0.02,hgb,easy_ensemble,brier,-0.15981429694328012,0.0,25,5.960464477539063e-08,5.364418029785156e-07,worse
telco,0.02,hgb,easy_ensemble,prec_at_top,0.009433962264150997,0.8,25,0.0011319086385148842,0.010187177746633958,better
telco,0.02,hgb,easy_ensemble,empc,0.0285604056988866,0.72,25,0.023649930953979492,0.18919944763183594,no difference
telco,0.02,hgb,ros@1.0,roc_auc,0.004324821716126026,0.52,25,0.6338268518447876,1.0,no difference
telco,0.02,hgb,ros@1.0,pr_auc,0.006756727059140391,0.6,25,0.2872292995452881,1.0,no difference
telco,0.02,hgb,ros@1.0,f1,0.0444444444444444,0.6,25,0.0025431154240612964,0.012715577120306482,better
telco,0.02,hgb,ros@1.0,mcc,0.0362363153720828,0.56,25,0.05436320174495523,0.21745280697982092,no difference
telco,0.02,hgb,ros@1.0,brier,-0.0058230895428762995,0.0,25,5.960464477539063e-08,5.364418029785156e-07,worse
telco,0.02,hgb,ros@1.0,prec_at_top,0.0,0.44,25,0.11828746868840118,0.8280122808188082,no difference
telco,0.02,hgb,ros@1.0,empc,0.0064029100185213975,0.6,25,0.31731050786291415,1.0,no difference
telco,0.02,hgb,rus@1.0,roc_auc,-0.005429031515988059,0.4,25,0.25210392475128174,1.0,no difference
telco,0.02,hgb,rus@1.0,pr_auc,-0.0011905270091822073,0.48,25,0.20993918180465698,1.0,no difference
telco,0.02,hgb,rus@1.0,f1,0.0903225806451612,1.0,25,5.960464477539063e-08,5.960464477539062e-07,better
telco,0.02,hgb,rus@1.0,mcc,0.1334558845489578,1.0,25,5.960464477539063e-08,5.960464477539062e-07,better
telco,0.02,hgb,rus@1.0,brier,-0.18902323791975228,0.0,25,5.960464477539063e-08,5.364418029785156e-07,worse
telco,0.02,hgb,rus@1.0,prec_at_top,0.0,0.4,25,0.7077613247706762,1.0,no difference
telco,0.02,hgb,rus@1.0,empc,-0.0013170315988587,0.4,25,0.5110890641174397,1.0,no difference
telco,0.02,hgb,smote@0.5,roc_auc,0.003358638141246817,0.56,25,0.6720751523971558,1.0,no difference
telco,0.02,hgb,smote@0.5,pr_auc,0.006547985040812596,0.64,25,0.15633821487426758,0.9380292892456055,no difference
telco,0.02,hgb,smote@0.5,f1,0.0,0.36,25,0.07348580905179351,0.14697161810358703,no difference
telco,0.02,hgb,smote@0.5,mcc,0.0,0.48,25,0.3615326171890033,0.7230652343780066,no difference
telco,0.02,hgb,smote@0.5,brier,-0.0003936918220062008,0.4,25,0.10139739513397217,0.10139739513397217,no difference
telco,0.02,hgb,smote@0.5,prec_at_top,0.0,0.4,25,0.8679102550508446,1.0,no difference
telco,0.02,hgb,smote@0.5,empc,0.0029348281576176,0.56,25,0.5249125957489014,1.0,no difference
telco,0.02,hgb,smote@1.0,roc_auc,-0.0003516792685070991,0.48,25,0.49078595638275146,1.0,no difference
telco,0.02,hgb,smote@1.0,pr_auc,0.006078266885095995,0.72,25,0.0709836483001709,0.4968855381011963,no difference
telco,0.02,hgb,smote@1.0,f1,0.0,0.4,25,0.026634051040028757,0.07990215312008628,no difference
telco,0.02,hgb,smote@1.0,mcc,0.0009428516538205998,0.52,25,0.1887500729032935,0.5662502187098805,no difference
telco,0.02,hgb,smote@1.0,brier,-0.0008354744293745005,0.24,25,0.0041751861572265625,0.012525558471679688,worse
telco,0.02,hgb,smote@1.0,prec_at_top,0.0,0.44,25,0.6859250203141837,1.0,no difference
telco,0.02,hgb,smote@1.0,empc,0.017904193410134897,0.72,25,0.0709836483001709,0.4968855381011963,no difference
telco,0.02,hgb,smote_enn@1.0,roc_auc,0.0029905682079596208,0.56,25,0.49078595638275146,1.0,no difference
telco,0.02,hgb,smote_enn@1.0,pr_auc,0.016819159323968103,0.84,25,0.0008081197738647461,0.007273077964782715,better
telco,0.02,hgb,smote_enn@1.0,f1,0.1224489795918367,0.96,25,1.387313159551572e-05,9.823348289069316e-05,better
telco,0.02,hgb,smote_enn@1.0,mcc,0.1057275231680276,0.96,25,1.1920928955078125e-07,8.344650268554688e-07,better
telco,0.02,hgb,smote_enn@1.0,brier,-0.016858458261496897,0.0,25,5.960464477539063e-08,5.364418029785156e-07,worse
telco,0.02,hgb,smote_enn@1.0,prec_at_top,0.0094339622641509,0.68,25,0.056432700665890984,0.45146160532712787,no difference
telco,0.02,hgb,smote_enn@1.0,empc,0.0418602464395972,0.72,25,0.0008081197738647461,0.007273077964782715,better
telco,0.02,hgb,threshold,roc_auc,0.0,0.0,25,,,no difference
telco,0.02,hgb,threshold,pr_auc,0.0,0.0,25,,,no difference
telco,0.02,hgb,threshold,f1,0.1062801932367149,1.0,25,5.960464477539063e-08,5.960464477539062e-07,better
telco,0.02,hgb,threshold,mcc,0.10678887016138461,1.0,25,5.960464477539063e-08,5.960464477539062e-07,better
telco,0.02,hgb,threshold,brier,0.0,0.0,25,,,no difference
telco,0.02,hgb,threshold,prec_at_top,0.0,0.0,25,,,no difference
telco,0.02,hgb,threshold,empc,0.0,0.0,25,,,no difference
telco,0.02,lgbm,adasyn@1.0,roc_auc,0.014814814814814836,0.8,25,0.008822321891784668,0.03528928756713867,better
telco,0.02,lgbm,adasyn@1.0,pr_auc,0.003681698204525699,0.64,25,0.0801958441734314,0.452877402305603,no difference
telco,0.02,lgbm,adasyn@1.0,f1,0.0,0.36,25,0.027707849358079864,0.05541569871615973,no difference
telco,0.02,lgbm,adasyn@1.0,mcc,-0.002346655436733699,0.44,25,0.4593160394594723,0.9031726072632685,no difference
telco,0.02,lgbm,adasyn@1.0,brier,-0.0006904362870130028,0.28,25,0.0009118914604187012,0.004559457302093506,worse
telco,0.02,lgbm,adasyn@1.0,prec_at_top,0.0,0.44,25,0.10522625877515168,0.6313575526509101,no difference
telco,0.02,lgbm,adasyn@1.0,empc,0.0013248028689173,0.52,25,0.5249125957489014,1.0,no difference
telco,0.02,lgbm,class_weight,roc_auc,-0.008925695882217477,0.28,25,0.010510802268981934,0.03528928756713867,worse
telco,0.02,lgbm,class_weight,pr_auc,0.0010954018472392954,0.64,25,0.8948604464530945,0.8948604464530945,no difference
telco,0.02,lgbm,class_weight,f1,0.0588235294117647,0.64,25,0.0003243470449498844,0.0019460822696993065,better
telco,0.02,lgbm,class_weight,mcc,0.053213860252171605,0.6,25,0.008699023276647113,0.05219413965988268,no difference
telco,0.02,lgbm,class_weight,brier,-0.004181903082315898,0.0,25,5.960464477539063e-08,5.960464477539062e-07,worse
telco,0.02,lgbm,class_weight,prec_at_top,0.0,0.24,25,0.26738262822455006,1.0,no difference
telco,0.02,lgbm,class_weight,empc,8.979358441859998e-05,0.56,25,0.8791279663822171,1.0,no difference
telco,0.02,lgbm,dirichlet@1.0,roc_auc,0.017391304347825987,0.84,25,0.00016230344772338867,0.001460731029510498,better
telco,0.02,lgbm,dirichlet@1.0,pr_auc,0.005990720246822789,0.8,25,0.001625359058380127,0.013002872467041016,better
telco,0.02,lgbm,dirichlet@1.0,f1,0.0,0.16,25,0.6729093109157518,0.6729093109157518,no difference
telco,0.02,lgbm,dirichlet@1.0,mcc,0.0,0.48,25,0.43569479866194916,0.9031726072632685,no difference
telco,0.02,lgbm,dirichlet@1.0,brier,0.00034905647807680074,0.68,25,0.018744707107543945,0.03748941421508789,better
telco,0.02,lgbm,dirichlet@1.0,prec_at_top,0.0,0.4,25,0.12942388548266356,0.6471194274133178,no difference
telco,0.02,lgbm,dirichlet@1.0,empc,0.0017714836128602009,0.64,25,0.03584937324277264,0.2867949859421811,no difference
telco,0.02,lgbm,easy_ensemble,roc_auc,0.04094778007821487,0.92,25,2.980232238769531e-07,2.9802322387695312e-06,better
telco,0.02,lgbm,easy_ensemble,pr_auc,0.0239128605975703,0.76,25,0.002255260944366455,0.015786826610565186,better
telco,0.02,lgbm,easy_ensemble,f1,0.1,1.0,25,1.2279185361336645e-05,9.823348289069316e-05,better
telco,0.02,lgbm,easy_ensemble,mcc,0.15502241699192948,1.0,25,5.960464477539063e-08,5.960464477539062e-07,better
telco,0.02,lgbm,easy_ensemble,brier,-0.15559844424793812,0.0,25,5.960464477539063e-08,5.960464477539062e-07,worse
telco,0.02,lgbm,easy_ensemble,prec_at_top,0.028301886792452796,0.8,25,8.511338880766744e-05,0.0008511338880766744,better
telco,0.02,lgbm,easy_ensemble,empc,0.01785005561377,0.64,25,0.19081425666809082,1.0,no difference
telco,0.02,lgbm,ros@1.0,roc_auc,0.0185875316310099,0.84,25,0.0004908249338836073,0.003926599471068859,better
telco,0.02,lgbm,ros@1.0,pr_auc,0.014751151772099506,0.76,25,0.0006313323974609375,0.0056819915771484375,better
telco,0.02,lgbm,ros@1.0,f1,0.0,0.48,25,0.001877422094587835,0.009387110472939175,no difference
telco,0.02,lgbm,ros@1.0,mcc,-0.001984259538667099,0.48,25,0.08261133090120622,0.4130566545060311,no difference
telco,0.02,lgbm,ros@1.0,brier,-0.0022023926814668006,0.04,25,4.172325134277344e-07,2.5033950805664062e-06,worse
telco,0.02,lgbm,ros@1.0,prec_at_top,0.0,0.44,25,0.01948124657885219,0.1558499726308175,no difference
telco,0.02,lgbm,ros@1.0,empc,0.004417911114617801,0.72,25,0.023999149663337077,0.2159923469700337,no difference
telco,0.02,lgbm,rus@1.0,roc_auc,0.01411113064884817,0.68,25,0.02550506591796875,0.0510101318359375,no difference
telco,0.02,lgbm,rus@1.0,pr_auc,0.008216073784951095,0.72,25,0.09573346376419067,0.452877402305603,no difference
telco,0.02,lgbm,rus@1.0,f1,0.0938628158844765,1.0,25,5.960464477539063e-08,5.960464477539062e-07,better
telco,0.02,lgbm,rus@1.0,mcc,0.1374903063285845,1.0,25,5.960464477539063e-08,5.960464477539062e-07,better
telco,0.02,lgbm,rus@1.0,brier,-0.17775062366652092,0.0,25,5.960464477539063e-08,5.960464477539062e-07,worse
telco,0.02,lgbm,rus@1.0,prec_at_top,0.009433962264150997,0.6,25,0.054934098701000904,0.3845386909070063,no difference
telco,0.02,lgbm,rus@1.0,empc,0.0006340185643413,0.56,25,0.3525196313858032,1.0,no difference
telco,0.02,lgbm,smote@0.5,roc_auc,0.021762134805613065,0.8,25,0.0008081197738647461,0.005656838417053223,better
telco,0.02,lgbm,smote@0.5,pr_auc,0.0060588700405297125,0.68,25,0.07547956705093384,0.452877402305603,no difference
telco,0.02,lgbm,smote@0.5,f1,0.0,0.4,25,0.007585709706741916,0.030342838826967665,no difference
telco,0.02,lgbm,smote@0.5,mcc,0.0008682825398083002,0.52,25,0.15633821487426758,0.6253528594970703,no difference
telco,0.02,lgbm,smote@0.5,brier,-0.000763688107090002,0.2,25,0.0027848482131958008,0.011139392852783203,worse
telco,0.02,lgbm,smote@0.5,prec_at_top,0.0,0.48,25,0.5241312828562017,1.0,no difference
telco,0.02,lgbm,smote@0.5,empc,0.0041461999563129,0.6,25,0.36056673509747184,1.0,no difference
telco,0.02,lgbm,smote@1.0,roc_auc,0.017540003516792524,0.76,25,0.0067255496978759766,0.03362774848937988,better
telco,0.02,lgbm,smote@1.0,pr_auc,0.006776401552723001,0.64,25,0.15633821487426758,0.452877402305603,no difference
telco,0.02,lgbm,smote@1.0,f1,0.0,0.36,25,0.013075788321812805,0.03922736496543842,no difference
telco,0.02,lgbm,smote@1.0,mcc,-0.0013981250556811004,0.4,25,0.30105753575442284,0.9031726072632685,no difference
telco,0.02,lgbm,smote@1.0,brier,-0.0005535870931892006,0.36,25,0.0050716400146484375,0.015214920043945312,worse
telco,0.02,lgbm,smote@1.0,prec_at_top,0.0,0.44,25,0.40680779539254364,1.0,no difference
telco,0.02,lgbm,smote@1.0,empc,0.004120784581766,0.64,25,0.0709836483001709,0.4968855381011963,no difference
telco,0.02,lgbm,smote_enn@1.0,roc_auc,0.027605244996549372,0.76,25,0.0011548399925231934,0.00692903995513916,better
telco,0.02,lgbm,smote_enn@1.0,pr_auc,0.024593884570455096,0.88,25,0.00032907724380493164,0.0032907724380493164,better
telco,0.02,lgbm,smote_enn@1.0,f1,0.144927536231884,0.96,25,1.387313159551572e-05,9.823348289069316e-05,better
telco,0.02,lgbm,smote_enn@1.0,mcc,0.133925913926678,0.96,25,5.960464477539062e-07,4.172325134277344e-06,better
telco,0.02,lgbm,smote_enn@1.0,brier,-0.0182225644040145,0.0,25,5.960464477539063e-08,5.960464477539062e-07,worse
telco,0.02,lgbm,smote_enn@1.0,prec_at_top,0.009433962264150997,0.72,25,0.0030003885190186866,0.02700349667116818,better
telco,0.02,lgbm,smote_enn@1.0,empc,0.0352345587543585,0.76,25,0.002255260944366455,0.02255260944366455,better
telco,0.02,lgbm,threshold,roc_auc,-0.0006901311249136732,0.48,25,0.9578450322151184,0.9578450322151184,no difference
telco,0.02,lgbm,threshold,pr_auc,0.0023129591572780966,0.52,25,0.10139739513397217,0.452877402305603,no difference
telco,0.02,lgbm,threshold,f1,0.096,1.0,25,5.960464477539063e-08,5.960464477539062e-07,better
telco,0.02,lgbm,threshold,mcc,0.1294917292657418,0.96,25,1.1920928955078125e-07,9.5367431640625e-07,better
telco,0.02,lgbm,threshold,brier,-2.600953251490068e-05,0.48,25,0.4741646647453308,0.4741646647453308,no difference
telco,0.02,lgbm,threshold,prec_at_top,0.0,0.4,25,0.8651871377234518,1.0,no difference
telco,0.02,lgbm,threshold,empc,-0.00013515884240550781,0.4,25,0.4470311611751585,1.0,no difference
telco,0.02,lr,adasyn@1.0,roc_auc,-0.005429031515988059,0.28,25,0.02747941017150879,0.10991764068603516,no difference
telco,0.02,lr,adasyn@1.0,pr_auc,-0.009373396267839798,0.36,25,0.05875152349472046,0.19304966926574707,no difference
telco,0.02,lr,adasyn@1.0,f1,0.1214953271028037,1.0,25,5.960464477539063e-08,5.960464477539062e-07,better
telco,0.02,lr,adasyn@1.0,mcc,0.1694476288610307,1.0,25,5.960464477539063e-08,5.960464477539062e-07,better
telco,0.02,lr,adasyn@1.0,brier,-0.127223193990881,0.0,25,5.960464477539063e-08,5.364418029785156e-07,worse
telco,0.02,lr,adasyn@1.0,prec_at_top,-0.009433962264150886,0.28,25,0.18207040400004892,1.0,no difference
telco,0.02,lr,adasyn@1.0,empc,-0.013776817601393987,0.28,25,0.01597297191619873,0.07361024618148804,no difference
telco,0.02,lr,class_weight,roc_auc,-0.0025304807913504312,0.36,25,0.10731470584869385,0.2709483504295349,no difference
telco,0.02,lr,class_weight,pr_auc,-0.010958358401656196,0.28,25,0.04826241731643677,0.19304966926574707,no difference
telco,0.02,lr,class_weight,f1,0.1176470588235294,1.0,25,1.2279185361336645e-05,8.587639643262772e-05,better
telco,0.02,lr,class_weight,mcc,0.1717154728961619,1.0,25,1.2279185361336645e-05,4.9072226532930124e-05,better
telco,0.02,lr,class_weight,brier,-0.1354880865693423,0.0,25,5.960464477539063e-08,5.364418029785156e-07,worse
telco,0.02,lr,class_weight,prec_at_top,0.0,0.2,25,0.5260530048485298,1.0,no difference
telco,0.02,lr,class_weight,empc,-0.03098877787844441,0.32,25,0.014722049236297607,0.07361024618148804,no difference
telco,0.02,lr,dirichlet@1.0,roc_auc,-0.009339774557165947,0.16,25,8.803606033325195e-05,0.0007923245429992676,worse
telco,0.02,lr,dirichlet@1.0,pr_auc,-0.011892303661574899,0.32,25,0.011453330516815186,0.09162664413452148,no difference
telco,0.02,lr,dirichlet@1.0,f1,0.1351351351351351,1.0,25,1.2279185361336645e-05,8.587639643262772e-05,better
telco,0.02,lr,dirichlet@1.0,mcc,0.1849164988855659,1.0,25,5.960464477539063e-08,5.960464477539062e-07,better
telco,0.02,lr,dirichlet@1.0,brier,-0.1049090618731327,0.0,25,5.960464477539063e-08,5.364418029785156e-07,worse
telco,0.02,lr,dirichlet@1.0,prec_at_top,-0.009433962264150997,0.12,25,0.0030367603472987773,0.027330843125688994,worse
telco,0.02,lr,dirichlet@1.0,empc,-0.0278874358384051,0.28,25,0.023649930953979492,0.07361024618148804,no difference
telco,0.02,lr,easy_ensemble,roc_auc,-0.0069013112491373985,0.24,25,0.004604637622833252,0.032232463359832764,worse
telco,0.02,lr,easy_ensemble,pr_auc,-0.007523230000096207,0.24,25,0.02747941017150879,0.17853546142578125,no difference
telco,0.02,lr,easy_ensemble,f1,0.1122807017543859,1.0,25,1.2268056633232531e-05,8.587639643262772e-05,better
telco,0.02,lr,easy_ensemble,mcc,0.1654933357460307,1.0,25,1.2268056633232531e-05,4.9072226532930124e-05,better
telco,0.02,lr,easy_ensemble,brier,-0.1499913761180834,0.0,25,5.960464477539063e-08,5.364418029785156e-07,worse
telco,0.02,lr,easy_ensemble,prec_at_top,0.0,0.2,25,0.10443415367873664,0.7310390757511565,no difference
telco,0.02,lr,easy_ensemble,empc,-0.0048056694145105,0.4,25,0.1134914755821228,0.1134914755821228,no difference
telco,0.02,lr,ros@1.0,roc_auc,-0.0026224982746722025,0.4,25,0.2634761333465576,0.2709483504295349,no difference
telco,0.02,lr,ros@1.0,pr_auc,-0.0105975590249595,0.28,25,0.02550506591796875,0.17853546142578125,no difference
telco,0.02,lr,ros@1.0,f1,0.1189591078066914,1.0,25,5.960464477539063e-08,5.960464477539062e-07,better
telco,0.02,lr,ros@1.0,mcc,0.1731391510746417,1.0,25,5.960464477539063e-08,5.960464477539062e-07,better
telco,0.02,lr,ros@1.0,brier,-0.1351969158236725,0.0,25,5.960464477539063e-08,5.364418029785156e-07,worse
telco,0.02,lr,ros@1.0,prec_at_top,0.0,0.28,25,0.8961189089321749,1.0,no difference
telco,0.02,lr,ros@1.0,empc,-0.031157355404301507,0.24,25,0.006129205226898193,0.04903364181518555,worse
telco,0.02,lr,rus@1.0,roc_auc,-0.01946169772256734,0.12,25,0.0002663006008057401,0.0021304048064459207,worse
telco,0.02,lr,rus@1.0,pr_auc,-0.0246432609566285,0.24,25,0.0014527440071105957,0.013074696063995361,worse
telco,0.02,lr,rus@1.0,f1,0.1126760563380281,1.0,25,5.960464477539063e-08,5.960464477539062e-07,better
telco,0.02,lr,rus@1.0,mcc,0.1666827209542849,1.0,25,5.960464477539063e-08,5.960464477539062e-07,better
telco,0.02,lr,rus@1.0,brier,-0.1626521733173243,0.0,25,5.960464477539063e-08,5.364418029785156e-07,worse
telco,0.02,lr,rus@1.0,prec_at_top,-0.009433962264150997,0.24,25,0.00663345110151342,0.05306760881210736,no difference
telco,0.02,lr,rus@1.0,empc,-0.0329902564184438,0.2,25,0.0027848482131958008,0.025063633918762207,worse
telco,0.02,lr,smote@0.5,roc_auc,-0.0025304807913503202,0.4,25,0.09031611680984497,0.2709483504295349,no difference
telco,0.02,lr,smote@0.5,pr_auc,-0.005785503788214186,0.36,25,0.0709836483001709,0.19304966926574707,no difference
telco,0.02,lr,smote@0.5,f1,0.1566265060240964,1.0,25,1.2279185361336645e-05,8.587639643262772e-05,better
telco,0.02,lr,smote@0.5,mcc,0.199374777863916,1.0,25,1.2279185361336645e-05,4.9072226532930124e-05,better
telco,0.02,lr,smote@0.5,brier,-0.07429680085983911,0.0,25,5.960464477539063e-08,5.364418029785156e-07,worse
telco,0.02,lr,smote@0.5,prec_at_top,0.0,0.28,25,0.8550101624224943,1.0,no difference
telco,0.02,lr,smote@0.5,empc,-0.029260580409272305,0.28,25,0.034173786640167236,0.07361024618148804,no difference
telco,0.02,lr,smote@1.0,roc_auc,-0.005705083965953595,0.32,25,0.021908342838287354,0.10954171419143677,no difference
telco,0.02,lr,smote@1.0,pr_auc,-0.008166080878394003,0.32,25,0.04826241731643677,0.19304966926574707,no difference
telco,0.02,lr,smote@1.0,f1,0.1268292682926829,1.0,25,1.2279185361336645e-05,8.587639643262772e-05,better
telco,0.02,lr,smote@1.0,mcc,0.1741862628143634,1.0,25,1.2279185361336645e-05,4.9072226532930124e-05,better
telco,0.02,lr,smote@1.0,brier,-0.1235251890683441,0.0,25,5.960464477539063e-08,5.364418029785156e-07,worse
telco,0.02,lr,smote@1.0,prec_at_top,0.0,0.32,25,0.7259737223334831,1.0,no difference
telco,0.02,lr,smote@1.0,empc,-0.0152450756495724,0.28,25,0.011453330516815186,0.06871998310089111,no difference
telco,0.02,lr,smote_enn@1.0,roc_auc,-0.006022507473184446,0.24,25,0.012466490268707275,0.07479894161224365,no difference
telco,0.02,lr,smote_enn@1.0,pr_auc,-0.011696650629731187,0.32,25,0.02747941017150879,0.17853546142578125,no difference
telco,0.02,lr,smote_enn@1.0,f1,0.1126760563380281,1.0,25,1.2279185361336645e-05,8.587639643262772e-05,better
telco,0.02,lr,smote_enn@1.0,mcc,0.1655701674021109,1.0,25,5.960464477539063e-08,5.960464477539062e-07,better
telco,0.02,lr,smote_enn@1.0,brier,-0.1539281587026925,0.0,25,5.960464477539063e-08,5.364418029785156e-07,worse
telco,0.02,lr,smote_enn@1.0,prec_at_top,0.0,0.28,25,0.2277231246265976,1.0,no difference
telco,0.02,lr,smote_enn@1.0,empc,-0.021055709221637006,0.28,25,0.00963503122329712,0.06744521856307983,no difference
telco,0.02,lr,threshold,roc_auc,0.0,0.0,25,,,no difference
telco,0.02,lr,threshold,pr_auc,0.0,0.0,25,,,no difference
telco,0.02,lr,threshold,f1,0.1575757575757575,0.92,25,2.6987022409679446e-05,8.587639643262772e-05,better
telco,0.02,lr,threshold,mcc,0.1793453841011214,0.92,25,2.980232238769531e-07,1.4901161193847656e-06,better
telco,0.02,lr,threshold,brier,0.0,0.0,25,,,no difference
telco,0.02,lr,threshold,prec_at_top,0.0,0.0,25,,,no difference
telco,0.02,lr,threshold,empc,0.0,0.0,25,,,no difference
telco,0.02,rf,adasyn@1.0,roc_auc,-0.007867494824016608,0.28,25,0.02550506591796875,0.1530303955078125,no difference
telco,0.02,rf,adasyn@1.0,pr_auc,-0.016645593771203004,0.16,25,5.3882598876953125e-05,0.0005388259887695312,worse
telco,0.02,rf,adasyn@1.0,f1,0.0689655172413793,0.68,25,0.00029133231050973,0.0011562002564162346,better
telco,0.02,rf,adasyn@1.0,mcc,0.0657820659336942,0.68,25,0.0006639887482732159,0.0033180716553515067,better
telco,0.02,rf,adasyn@1.0,brier,-0.0048165164959348,0.0,25,5.960464477539063e-08,5.960464477539062e-07,worse
telco,0.02,rf,adasyn@1.0,prec_at_top,0.0,0.28,25,0.5025555712739096,1.0,no difference
telco,0.02,rf,adasyn@1.0,empc,-0.0413726438272341,0.24,25,0.0004894733428955078,0.004894733428955078,worse
telco,0.02,rf,class_weight,roc_auc,0.006330226833128227,0.64,25,0.0801958441734314,0.400979220867157,no difference
telco,0.02,rf,class_weight,pr_auc,-0.0034948609381271895,0.32,25,0.2751842737197876,1.0,no difference
telco,0.02,rf,class_weight,f1,0.0625,0.52,25,0.0014590203259492514,0.002918040651898503,better
telco,0.02,rf,class_weight,mcc,0.0541961985777515,0.52,25,0.02290757016184355,0.06872271048553065,no difference
telco,0.02,rf,class_weight,brier,-0.004522668066686501,0.0,25,5.960464477539063e-08,5.960464477539062e-07,worse
telco,0.02,rf,class_weight,prec_at_top,0.0,0.36,25,0.5063988249793798,1.0,no difference
telco,0.02,rf,class_weight,empc,-0.0079278283148287,0.4,25,0.21998637914657593,1.0,no difference
telco,0.02,rf,dirichlet@1.0,roc_auc,-0.012088974854932322,0.16,25,0.0004894733428955078,0.0039157867431640625,worse
telco,0.02,rf,dirichlet@1.0,pr_auc,-0.007787045189841607,0.2,25,0.0009118914604187012,0.005656838417053223,worse
telco,0.02,rf,dirichlet@1.0,f1,0.0,0.0,25,,,no difference
telco,0.02,rf,dirichlet@1.0,mcc,0.0,0.08,25,0.15729920705028502,0.15729920705028502,no difference
telco,0.02,rf,dirichlet@1.0,brier,-0.00014714640322149863,0.32,25,0.002255260944366455,0.00451052188873291,worse
telco,0.02,rf,dirichlet@1.0,prec_at_top,0.0,0.28,25,0.5056672688017743,1.0,no difference
telco,0.02,rf,dirichlet@1.0,empc,-0.010609820066583099,0.24,25,0.023649930953979492,0.14189958572387695,no difference
telco,0.02,rf,easy_ensemble,roc_auc,0.03593282723717506,0.96,25,1.7881393432617188e-07,1.7881393432617188e-06,better
telco,0.02,rf,easy_ensemble,pr_auc,0.0210973895271538,0.64,25,0.008822321891784668,0.04411160945892334,better
telco,0.02,rf,easy_ensemble,f1,0.1092150170648464,1.0,25,5.960464477539063e-08,5.364418029785156e-07,better
telco,0.02,rf,easy_ensemble,mcc,0.1628814307301107,1.0,25,5.960464477539063e-08,5.960464477539062e-07,better
telco,0.02,rf,easy_ensemble,brier,-0.1514781910788091,0.0,25,5.960464477539063e-08,5.960464477539062e-07,worse
telco,0.02,rf,easy_ensemble,prec_at_top,0.0188679245283018,0.88,25,3.843704354164507e-05,0.0003843704354164507,better
telco,0.02,rf,easy_ensemble,empc,0.03227062657135289,0.56,25,0.25210392475128174,1.0,no difference
telco,0.02,rf,ros@1.0,roc_auc,-0.004505890627747533,0.44,25,0.6338268518447876,1.0,no difference
telco,0.02,rf,ros@1.0,pr_auc,-0.016240658769078903,0.24,25,0.0008081197738647461,0.005656838417053223,worse
telco,0.02,rf,ros@1.0,f1,0.1025641025641025,0.84,25,5.9035780495879955e-05,0.0002951789024793998,better
telco,0.02,rf,ros@1.0,mcc,0.0860467242371759,0.84,25,4.069645335632428e-05,0.0002441787201379457,better
telco,0.02,rf,ros@1.0,brier,-0.008360141123223298,0.0,25,5.960464477539063e-08,5.960464477539062e-07,worse
telco,0.02,rf,ros@1.0,prec_at_top,0.0,0.16,25,0.5695497087859156,1.0,no difference
telco,0.02,rf,ros@1.0,empc,-0.02736825460154771,0.28,25,0.0010271072387695312,0.009243965148925781,worse
telco,0.02,rf,rus@1.0,roc_auc,0.031936873571302926,0.88,25,4.5702622398046795e-05,0.00041132360158242114,better
telco,0.02,rf,rus@1.0,pr_auc,0.0013270652384837905,0.52,25,0.3525196313858032,1.0,no difference
telco,0.02,rf,rus@1.0,f1,0.1046153846153846,1.0,25,5.960464477539063e-08,5.364418029785156e-07,better
telco,0.02,rf,rus@1.0,mcc,0.1586766764177148,1.0,25,5.960464477539063e-08,5.960464477539062e-07,better
telco,0.02,rf,rus@1.0,brier,-0.1547869829767538,0.0,25,5.960464477539063e-08,5.960464477539062e-07,worse
telco,0.02,rf,rus@1.0,prec_at_top,0.009433962264150997,0.64,25,0.004348240593615437,0.03913416534253893,better
telco,0.02,rf,rus@1.0,empc,-0.0083422391326695,0.48,25,0.9158032536506653,1.0,no difference
telco,0.02,rf,smote@0.5,roc_auc,-0.007649024090029877,0.36,25,0.14847958087921143,0.5939183235168457,no difference
telco,0.02,rf,smote@0.5,pr_auc,-0.015134562015298905,0.2,25,0.0002498030662536621,0.002248227596282959,worse
telco,0.02,rf,smote@0.5,f1,0.0571428571428571,0.52,25,0.0014590203259492514,0.002918040651898503,better
telco,0.02,rf,smote@0.5,mcc,0.0427934471542311,0.52,25,0.02297561847805294,0.06872271048553065,no difference
telco,0.02,rf,smote@0.5,brier,-0.0043576365139067,0.0,25,5.960464477539063e-08,5.960464477539062e-07,worse
telco,0.02,rf,smote@0.5,prec_at_top,0.0,0.24,25,0.44584136970674826,1.0,no difference
telco,0.02,rf,smote@0.5,empc,-0.023974887890770097,0.28,25,0.0067255496978759766,0.047078847885131836,worse
telco,0.02,rf,smote@1.0,roc_auc,-0.0020441357481977285,0.44,25,0.19081425666809082,0.5939183235168457,no difference
telco,0.02,rf,smote@1.0,pr_auc,-0.01898691141600449,0.2,25,0.0002498030662536621,0.002248227596282959,worse
telco,0.02,rf,smote@1.0,f1,0.064516129032258,0.68,25,0.00028905006410405866,0.0011562002564162346,better
telco,0.02,rf,smote@1.0,mcc,0.0561079883974296,0.68,25,0.0006636143310703014,0.0033180716553515067,better
telco,0.02,rf,smote@1.0,brier,-0.0049284437272765005,0.0,25,5.960464477539063e-08,5.960464477539062e-07,worse
telco,0.02,rf,smote@1.0,prec_at_top,0.0,0.28,25,0.9297729314698018,1.0,no difference
telco,0.02,rf,smote@1.0,empc,-0.0442337748869997,0.32,25,0.002025127410888672,0.016201019287109375,worse
telco,0.02,rf,smote_enn@1.0,roc_auc,0.009408787669657248,0.8,25,0.0009118914604187012,0.006383240222930908,better
telco,0.02,rf,smote_enn@1.0,pr_auc,-0.009669272895840297,0.4,25,0.325391948223114,1.0,no difference
telco,0.02,rf,smote_enn@1.0,f1,0.175438596491228,1.0,25,1.2245823522183564e-05,7.347494113310138e-05,better
telco,0.02,rf,smote_enn@1.0,mcc,0.160136907645587,1.0,25,1.2279185361336645e-05,8.595429752935652e-05,better
telco,0.02,rf,smote_enn@1.0,brier,-0.0184159698096368,0.0,25,5.960464477539063e-08,5.960464477539062e-07,worse
telco,0.02,rf,smote_enn@1.0,prec_at_top,0.0,0.4,25,0.1372968611911962,1.0,no difference
telco,0.02,rf,smote_enn@1.0,empc,-0.016173815951787296,0.4,25,0.2634761333465576,1.0,no difference
telco,0.02,rf,threshold,roc_auc,-0.0026156145595216396,0.44,25,0.615043044090271,1.0,no difference
telco,0.02,rf,threshold,pr_auc,-0.001425824240347498,0.44,25,0.5964998602867126,1.0,no difference
telco,0.02,rf,threshold,f1,0.1558441558441558,1.0,25,5.960464477539063e-08,5.364418029785156e-07,better
telco,0.02,rf,threshold,mcc,0.152897753100738,1.0,25,5.960464477539063e-08,5.960464477539062e-07,better
telco,0.02,rf,threshold,brier,-3.4652451472994006e-06,0.48,25,0.5249125957489014,0.5249125957489014,no difference
telco,0.02,rf,threshold,prec_at_top,0.0,0.28,25,0.3605588934699828,1.0,no difference
telco,0.02,rf,threshold,empc,-0.0039772301829726,0.4,25,0.21998637914657593,1.0,no difference
telco,0.02,xgb,adasyn@1.0,roc_auc,-0.014308718656544706,0.28,25,0.02550506591796875,0.22954559326171875,no difference
telco,0.02,xgb,adasyn@1.0,pr_auc,0.002834335599932611,0.6,25,0.25210392475128174,1.0,no difference
telco,0.02,xgb,adasyn@1.0,f1,0.054054054054054,0.56,25,0.000801353534356698,0.002404060603070094,better
telco,0.02,xgb,adasyn@1.0,mcc,0.046306383612416804,0.56,25,0.021411701897956752,0.042823403795913505,better
telco,0.02,xgb,adasyn@1.0,brier,-0.001846774547459601,0.04,25,8.344650268554688e-07,3.337860107421875e-06,worse
telco,0.02,xgb,adasyn@1.0,prec_at_top,0.0,0.44,25,0.030588861127505824,0.21412202789254076,no difference
telco,0.02,xgb,adasyn@1.0,empc,0.009510506998829105,0.64,25,0.39571136236190796,1.0,no difference
telco,0.02,xgb,class_weight,roc_auc,-0.001564297216471,0.44,25,0.5601714849472046,1.0,no difference
telco,0.02,xgb,class_weight,pr_auc,0.004641373499969903,0.72,25,0.2002161741256714,1.0,no difference
telco,0.02,xgb,class_weight,f1,0.1538461538461538,0.96,25,1.8179489321282247e-05,0.00010907693592769348,better
telco,0.02,xgb,class_weight,mcc,0.1403452085380275,0.92,25,2.980232238769531e-07,2.086162567138672e-06,better
telco,0.02,xgb,class_weight,brier,-0.013186444909738696,0.0,25,5.960464477539063e-08,5.960464477539062e-07,worse
telco,0.02,xgb,class_weight,prec_at_top,0.0,0.48,25,0.09601625143597156,0.3505405850321964,no difference
telco,0.02,xgb,class_weight,empc,-0.0014521904412642017,0.48,25,1.0,1.0,no difference
telco,0.02,xgb,dirichlet@1.0,roc_auc,0.00023004370830448373,0.52,25,0.8119303584098816,1.0,no difference
telco,0.02,xgb,dirichlet@1.0,pr_auc,0.004164956964624808,0.6,25,0.33878785371780396,1.0,no difference
telco,0.02,xgb,dirichlet@1.0,f1,0.0,0.28,25,0.12256476432546977,0.12256476432546977,no difference
telco,0.02,xgb,dirichlet@1.0,mcc,0.0028525420784753994,0.64,25,0.013454650224922848,0.04036395067476854,better
telco,0.02,xgb,dirichlet@1.0,brier,0.00016708080315969848,0.72,25,0.03933870792388916,0.07867741584777832,no difference
telco,0.02,xgb,dirichlet@1.0,prec_at_top,0.0,0.44,25,0.019455971256461313,0.1556477700516905,no difference
telco,0.02,xgb,dirichlet@1.0,empc,0.01640997647552049,0.64,25,0.09185084396186832,0.7348067516949466,no difference
telco,0.02,xgb,easy_ensemble,roc_auc,0.029057499560400935,0.92,25,5.245208740234375e-06,5.245208740234375e-05,better
telco,0.02,xgb,easy_ensemble,pr_auc,0.0190625538801706,0.76,25,0.0003764033317565918,0.003764033317565918,better
telco,0.02,xgb,easy_ensemble,f1,0.1052631578947368,1.0,25,1.2268056633232531e-05,9.814445306586025e-05,better
telco,0.02,xgb,easy_ensemble,mcc,0.1676271904248741,0.96,25,1.1920928955078125e-07,1.0728836059570312e-06,better
telco,0.02,xgb,easy_ensemble,brier,-0.15951980734291318,0.0,25,5.960464477539063e-08,5.960464477539062e-07,worse
telco,0.02,xgb,easy_ensemble,prec_at_top,0.018867924528301896,0.84,25,0.00024680118914993654,0.0024680118914993656,better
telco,0.02,xgb,easy_ensemble,empc,0.02168091130618159,0.72,25,0.017312347888946533,0.17312347888946533,no difference
telco,0.02,xgb,ros@1.0,roc_auc,0.001242236024844745,0.56,25,0.2751842737197876,1.0,no difference
telco,0.02,xgb,ros@1.0,pr_auc,0.0067712886781187975,0.68,25,0.05157625675201416,0.4126100540161133,no difference
telco,0.02,xgb,ros@1.0,f1,0.1481481481481481,0.96,25,1.8197386214786344e-05,0.00010907693592769348,better
telco,0.02,xgb,ros@1.0,mcc,0.13473906436246852,0.92,25,5.960464477539062e-07,2.9802322387695312e-06,better
telco,0.02,xgb,ros@1.0,brier,-0.015254994510081703,0.0,25,5.960464477539063e-08,5.960464477539062e-07,worse
telco,0.02,xgb,ros@1.0,prec_at_top,0.0,0.48,25,0.0876351462580491,0.3505405850321964,no difference
telco,0.02,xgb,ros@1.0,empc,-0.0016044041624215036,0.44,25,0.936802864074707,1.0,no difference
telco,0.02,xgb,rus@1.0,roc_auc,-0.007430411778237889,0.36,25,0.09573346376419067,0.574400782585144,no difference
telco,0.02,xgb,rus@1.0,pr_auc,0.003979349452514394,0.56,25,0.14091521501541138,0.9864065051078796,no difference
telco,0.02,xgb,rus@1.0,f1,0.0962199312714776,1.0,25,5.960464477539063e-08,5.960464477539062e-07,better
telco,0.02,xgb,rus@1.0,mcc,0.14380119100999111,0.96,25,1.1920928955078125e-07,1.0728836059570312e-06,better
telco,0.02,xgb,rus@1.0,brier,-0.185224180254348,0.0,25,5.960464477539063e-08,5.960464477539062e-07,worse
telco,0.02,xgb,rus@1.0,prec_at_top,0.0,0.44,25,0.06015975984199125,0.3286220988499472,no difference
telco,0.02,xgb,rus@1.0,empc,0.0050903250051403,0.52,25,0.4107651710510254,1.0,no difference
telco,0.02,xgb,smote@0.5,roc_auc,-0.013388543823326438,0.36,25,0.0801958441734314,0.5613709092140198,no difference
telco,0.02,xgb,smote@0.5,pr_auc,0.0025497817321299965,0.6,25,0.3809836506843567,1.0,no difference
telco,0.02,xgb,smote@0.5,f1,0.0,0.36,25,0.007615808529369085,0.01523161705873817,no difference
telco,0.02,xgb,smote@0.5,mcc,-0.0022217702156313995,0.44,25,0.3394570538304229,0.3394570538304229,no difference
telco,0.02,xgb,smote@0.5,brier,-0.0015076932362167,0.04,25,5.960464477539062e-07,2.9802322387695312e-06,worse
telco,0.02,xgb,smote@0.5,prec_at_top,0.0,0.48,25,0.05477034980832453,0.3286220988499472,no difference
telco,0.02,xgb,smote@0.5,empc,0.0076262159857001,0.56,25,0.8739878535270691,1.0,no difference
telco,0.02,xgb,smote@1.0,roc_auc,-0.012264814489185927,0.36,25,0.04215019941329956,0.3372015953063965,no difference
telco,0.02,xgb,smote@1.0,pr_auc,0.0012447301444177966,0.56,25,0.2996123433113098,1.0,no difference
telco,0.02,xgb,smote@1.0,f1,0.0666666666666666,0.6,25,0.0005278199886735885,0.002111279954694354,better
telco,0.02,xgb,smote@1.0,mcc,0.066787040796018,0.64,25,0.005352914480888453,0.02141165792355381,better
telco,0.02,xgb,smote@1.0,brier,-0.0021418978514491996,0.08,25,1.9669532775878906e-06,5.900859832763672e-06,worse
telco,0.02,xgb,smote@1.0,prec_at_top,0.0,0.48,25,0.11102482639132844,0.3505405850321964,no difference
telco,0.02,xgb,smote@1.0,empc,0.0101186440407987,0.56,25,0.3809836506843567,1.0,no difference
telco,0.02,xgb,smote_enn@1.0,roc_auc,-0.0159650333563377,0.4,25,0.18172985315322876,0.9086492657661438,no difference
telco,0.02,xgb,smote_enn@1.0,pr_auc,0.016543013569376208,0.68,25,0.0050716400146484375,0.04564476013183594,better
telco,0.02,xgb,smote_enn@1.0,f1,0.1632653061224489,1.0,25,5.960464477539063e-08,5.960464477539062e-07,better
telco,0.02,xgb,smote_enn@1.0,mcc,0.1564581587975128,1.0,25,5.960464477539063e-08,5.960464477539062e-07,better
telco,0.02,xgb,smote_enn@1.0,brier,-0.0175472313685511,0.0,25,5.960464477539063e-08,5.960464477539062e-07,worse
telco,0.02,xgb,smote_enn@1.0,prec_at_top,0.0094339622641509,0.68,25,0.0006042544454833375,0.005438290009350038,better
telco,0.02,xgb,smote_enn@1.0,empc,0.0254534620642951,0.68,25,0.036682069301605225,0.330138623714447,no difference
telco,0.02,xgb,threshold,roc_auc,0.0010582010582010914,0.52,25,0.6528410911560059,1.0,no difference
telco,0.02,xgb,threshold,pr_auc,-0.001459563727048599,0.44,25,0.2751842737197876,1.0,no difference
telco,0.02,xgb,threshold,f1,0.1185185185185185,1.0,25,1.2279185361336645e-05,9.814445306586025e-05,better
telco,0.02,xgb,threshold,mcc,0.1369456283821676,0.96,25,2.980232238769531e-07,2.086162567138672e-06,better
telco,0.02,xgb,threshold,brier,-5.052452668509802e-05,0.44,25,0.6528410911560059,0.6528410911560059,no difference
telco,0.02,xgb,threshold,prec_at_top,0.0,0.24,25,0.6357625421282338,0.6357625421282338,no difference
telco,0.02,xgb,threshold,empc,-0.0013458333253377,0.4,25,0.25210392475128174,1.0,no difference
telco,0.05,hgb,adasyn@1.0,roc_auc,-0.002831018111482231,0.36,25,0.4741646647453308,1.0,no difference
telco,0.05,hgb,adasyn@1.0,pr_auc,-0.006923407855872088,0.44,25,0.5601714849472046,1.0,no difference
telco,0.05,hgb,adasyn@1.0,f1,0.038020086083213805,0.68,25,0.00963503122329712,0.048175156116485596,better
telco,0.05,hgb,adasyn@1.0,mcc,-0.0018117423502279073,0.48,25,0.5249125957489014,1.0,no difference
telco,0.05,hgb,adasyn@1.0,brier,-0.002720790273716203,0.16,25,1.233816146850586e-05,3.701448440551758e-05,worse
telco,0.05,hgb,adasyn@1.0,prec_at_top,-0.009174311926605505,0.48,25,0.7148759472301649,1.0,no difference
telco,0.05,hgb,adasyn@1.0,empc,-0.011503297857157313,0.36,25,0.14847958087921143,0.8908774852752686,no difference
telco,0.05,hgb,class_weight,roc_auc,-0.009035605653963219,0.28,25,0.0009118914604187012,0.007295131683349609,worse
telco,0.05,hgb,class_weight,pr_auc,0.010521711921335997,0.56,25,0.325391948223114,1.0,no difference
telco,0.05,hgb,class_weight,f1,0.09590235396687011,0.96,25,1.1920928955078125e-07,1.1920928955078125e-06,better
telco,0.05,hgb,class_weight,mcc,0.04674480238675588,0.84,25,5.3882598876953125e-05,0.0005388259887695312,better
telco,0.05,hgb,class_weight,brier,-0.017728385283937192,0.0,25,5.960464477539063e-08,5.364418029785156e-07,worse
telco,0.05,hgb,class_weight,prec_at_top,0.0,0.28,25,0.854912357749014,1.0,no difference
telco,0.05,hgb,class_weight,empc,0.011998789333822035,0.56,25,0.7711594104766846,1.0,no difference
telco,0.05,hgb,dirichlet@1.0,roc_auc,-0.001695212999560769,0.4,25,0.24106645584106445,1.0,no difference
telco,0.05,hgb,dirichlet@1.0,pr_auc,-0.0079148672986325,0.32,25,0.02550506591796875,0.20404052734375,no difference
telco,0.05,hgb,dirichlet@1.0,f1,-0.0021052631578948044,0.4,25,0.8192020334011836,1.0,no difference
telco,0.05,hgb,dirichlet@1.0,mcc,-0.0049277477696550165,0.44,25,0.954431397113681,1.0,no difference
telco,0.05,hgb,dirichlet@1.0,brier,-0.00010555803705149941,0.4,25,0.25210392475128174,0.25210392475128174,no difference
telco,0.05,hgb,dirichlet@1.0,prec_at_top,-0.009174311926605505,0.28,25,0.22952885190774663,1.0,no difference
telco,0.05,hgb,dirichlet@1.0,empc,-0.05497032458910611,0.24,25,0.002025127410888672,0.018226146697998047,worse
telco,0.05,hgb,easy_ensemble,roc_auc,0.011904343238966164,0.8,25,0.000429689884185791,0.003867208957672119,better
telco,0.05,hgb,easy_ensemble,pr_auc,-0.001676323654079409,0.48,25,0.9158032536506653,1.0,no difference
telco,0.05,hgb,easy_ensemble,f1,0.023010752688172098,0.64,25,0.4418373703956604,1.0,no difference
telco,0.05,hgb,easy_ensemble,mcc,0.02290517662071459,0.6,25,0.615043044090271,1.0,no difference
telco,0.05,hgb,easy_ensemble,brier,-0.14775280471345847,0.0,25,5.960464477539063e-08,5.364418029785156e-07,worse
telco,0.05,hgb,easy_ensemble,prec_at_top,0.009174311926605477,0.56,25,0.169412122867733,1.0,no difference
telco,0.05,hgb,easy_ensemble,empc,0.00014050395534848104,0.52,25,0.7509929537773132,1.0,no difference
telco,0.05,hgb,ros@1.0,roc_auc,-0.005270092226614009,0.28,25,0.018744707107543945,0.11246824264526367,no difference
telco,0.05,hgb,ros@1.0,pr_auc,0.002685263003803784,0.56,25,0.7711594104766846,1.0,no difference
telco,0.05,hgb,ros@1.0,f1,0.06790773914061587,0.96,25,4.172325134277344e-07,3.7550926208496094e-06,better
telco,0.05,hgb,ros@1.0,mcc,0.013794459620976779,0.72,25,0.018744707107543945,0.13121294975280762,no difference
telco,0.05,hgb,ros@1.0,brier,-0.016453484331236508,0.0,25,5.960464477539063e-08,5.364418029785156e-07,worse
telco,0.05,hgb,ros@1.0,prec_at_top,0.0,0.32,25,0.793332040375442,1.0,no difference
telco,0.05,hgb,ros@1.0,empc,-0.0368394942236589,0.36,25,0.1134914755821228,0.7944403290748596,no difference
telco,0.05,hgb,rus@1.0,roc_auc,-0.014591161209518866,0.36,25,0.01597297191619873,0.11181080341339111,no difference
telco,0.05,hgb,rus@1.0,pr_auc,-0.03314719904547239,0.2,25,0.0007149577140808105,0.006434619426727295,worse
telco,0.05,hgb,rus@1.0,f1,0.0031711711711712165,0.52,25,0.9158032536506653,1.0,no difference
telco,0.05,hgb,rus@1.0,mcc,0.002602645248848595,0.52,25,0.4741646647453308,1.0,no difference
telco,0.05,hgb,rus@1.0,brier,-0.1761811637396729,0.0,25,5.960464477539063e-08,5.364418029785156e-07,worse
telco,0.05,hgb,rus@1.0,prec_at_top,-0.018348623853210982,0.24,25,0.0329664334430893,0.2966979009878037,no difference
telco,0.05,hgb,rus@1.0,empc,-0.1186064151516859,0.28,25,0.002255260944366455,0.018226146697998047,worse
telco,0.05,hgb,smote@0.5,roc_auc,0.0009661835748793202,0.56,25,0.5424043536186218,1.0,no difference
telco,0.05,hgb,smote@0.5,pr_auc,0.005638304857311871,0.56,25,0.6720751523971558,1.0,no difference
telco,0.05,hgb,smote@0.5,f1,0.030555555555555614,0.68,25,0.017312347888946533,0.06924939155578613,no difference
telco,0.05,hgb,smote@0.5,mcc,0.022621786518820103,0.6,25,0.3525196313858032,1.0,no difference
telco,0.05,hgb,smote@0.5,brier,-0.002166620883832203,0.24,25,0.00028705596923828125,0.0005741119384765625,worse
telco,0.05,hgb,smote@0.5,prec_at_top,-0.009174311926605505,0.36,25,0.6573960561676808,1.0,no difference
telco,0.05,hgb,smote@0.5,empc,-0.015274965429839304,0.4,25,0.19081425666809082,0.8908774852752686,no difference
telco,0.05,hgb,smote@1.0,roc_auc,-0.003417427088924563,0.4,25,0.457846462726593,1.0,no difference
telco,0.05,hgb,smote@1.0,pr_auc,-0.0029551993969109125,0.48,25,0.4418373703956604,1.0,no difference
telco,0.05,hgb,smote@1.0,f1,0.04304160688665709,0.8,25,0.0009118914604187012,0.005471348762512207,better
telco,0.05,hgb,smote@1.0,mcc,0.018174733203330795,0.6,25,0.2751842737197876,1.0,no difference
telco,0.05,hgb,smote@1.0,brier,-0.003938092423911299,0.12,25,1.4901161193847656e-06,5.9604644775390625e-06,worse
telco,0.05,hgb,smote@1.0,prec_at_top,-0.009174311926605505,0.44,25,0.7417286843115893,1.0,no difference
telco,0.05,hgb,smote@1.0,empc,-0.045845700633427855,0.4,25,0.15633821487426758,0.8908774852752686,no difference
telco,0.05,hgb,smote_enn@1.0,roc_auc,0.0012033377250768584,0.52,25,0.7914759516716003,1.0,no difference
telco,0.05,hgb,smote_enn@1.0,pr_auc,0.02240946831063889,0.64,25,0.04512268304824829,0.31585878133773804,no difference
telco,0.05,hgb,smote_enn@1.0,f1,0.09757575757575751,0.88,25,8.344650268554688e-07,6.67572021484375e-06,better
telco,0.05,hgb,smote_enn@1.0,mcc,0.04716982427713509,0.76,25,0.004604637622833252,0.036837100982666016,better
telco,0.05,hgb,smote_enn@1.0,brier,-0.0323545200499052,0.0,25,5.960464477539063e-08,5.364418029785156e-07,worse
telco,0.05,hgb,smote_enn@1.0,prec_at_top,0.009174311926605477,0.52,25,0.12250157781933702,0.9800126225546961,no difference
telco,0.05,hgb,smote_enn@1.0,empc,0.03698004406540767,0.64,25,0.4741646647453308,1.0,no difference
telco,0.05,hgb,threshold,roc_auc,0.0,0.0,25,,,no difference
telco,0.05,hgb,threshold,pr_auc,0.0,0.0,25,,,no difference
telco,0.05,hgb,threshold,f1,0.09967320261437909,0.92,25,1.1324882507324219e-06,7.927417755126953e-06,better
telco,0.05,hgb,threshold,mcc,0.04816797164461167,0.84,25,0.0009118914604187012,0.00820702314376831,better
telco,0.05,hgb,threshold,brier,0.0,0.0,25,,,no difference
telco,0.05,hgb,threshold,prec_at_top,0.0,0.0,25,,,no difference
telco,0.05,hgb,threshold,empc,0.0,0.0,25,,,no difference
telco,0.05,lgbm,adasyn@1.0,roc_auc,0.007483530961791884,0.56,25,0.05875152349472046,0.2937576174736023,no difference
telco,0.05,lgbm,adasyn@1.0,pr_auc,0.0013023176096733091,0.52,25,0.615043044090271,1.0,no difference
telco,0.05,lgbm,adasyn@1.0,f1,0.042607313195548474,0.72,25,0.0010271072387695312,0.0061626434326171875,better
telco,0.05,lgbm,adasyn@1.0,mcc,0.021290951430768618,0.68,25,0.05875152349472046,0.47001218795776367,no difference
telco,0.05,lgbm,adasyn@1.0,brier,-0.0011872330371412027,0.2,25,0.0012963414192199707,0.005185365676879883,worse
telco,0.05,lgbm,adasyn@1.0,prec_at_top,0.009174311926605505,0.52,25,0.9541453941924017,1.0,no difference
telco,0.05,lgbm,adasyn@1.0,empc,0.02402297148439919,0.6,25,0.507703959941864,1.0,no difference
telco,0.05,lgbm,class_weight,roc_auc,-0.004602547211242869,0.28,25,0.02747941017150879,0.19235587120056152,no difference
telco,0.05,lgbm,class_weight,pr_auc,0.007746499068008894,0.68,25,0.14091521501541138,0.7045760750770569,no difference
telco,0.05,lgbm,class_weight,f1,0.07941264608930187,0.84,25,2.562999725341797e-06,2.3066997528076172e-05,better
telco,0.05,lgbm,class_weight,mcc,0.038389969949938596,0.76,25,0.00806879997253418,0.07261919975280762,no difference
telco,0.05,lgbm,class_weight,brier,-0.010402717183321801,0.0,25,5.960464477539063e-08,5.960464477539062e-07,worse
telco,0.05,lgbm,class_weight,prec_at_top,0.0,0.44,25,0.8709208743535651,1.0,no difference
telco,0.05,lgbm,class_weight,empc,0.04045022514951174,0.6,25,0.12664812803268433,0.759888768196106,no difference
telco,0.05,lgbm,dirichlet@1.0,roc_auc,0.006928081589590351,0.72,25,0.006129205226898193,0.05516284704208374,no difference
telco,0.05,lgbm,dirichlet@1.0,pr_auc,0.005753747289007793,0.64,25,0.09573346376419067,0.6811122894287109,no difference
telco,0.05,lgbm,dirichlet@1.0,f1,0.0032456994482311097,0.56,25,0.2751842737197876,0.8255528211593628,no difference
telco,0.05,lgbm,dirichlet@1.0,mcc,0.0057491984991722145,0.64,25,0.21998637914657593,0.6918342113494873,no difference
telco,0.05,lgbm,dirichlet@1.0,brier,0.0008830870559623019,0.76,25,0.10139739513397217,0.20279479026794434,no difference
telco,0.05,lgbm,dirichlet@1.0,prec_at_top,0.0,0.4,25,0.9374729223624751,1.0,no difference
telco,0.05,lgbm,dirichlet@1.0,empc,0.0107027433641258,0.6,25,0.49078595638275146,1.0,no difference
telco,0.05,lgbm,easy_ensemble,roc_auc,0.020808731436750882,0.84,25,2.2113323211669922e-05,0.00022113323211669922,better
telco,0.05,lgbm,easy_ensemble,pr_auc,0.01701985300883868,0.68,25,0.08513903617858887,0.6811122894287109,no difference
telco,0.05,lgbm,easy_ensemble,f1,0.007195203197868122,0.56,25,0.33878785371780396,0.8255528211593628,no difference
telco,0.05,lgbm,easy_ensemble,mcc,0.01800663862843968,0.56,25,0.3665854334831238,0.7331708669662476,no difference
telco,0.05,lgbm,easy_ensemble,brier,-0.1471000648590943,0.0,25,5.960464477539063e-08,5.960464477539062e-07,worse
telco,0.05,lgbm,easy_ensemble,prec_at_top,0.009174311926605505,0.56,25,0.08413758472739624,0.7572382625465661,no difference
telco,0.05,lgbm,easy_ensemble,empc,0.048696367826540854,0.76,25,0.011453330516815186,0.10307997465133667,no difference
telco,0.05,lgbm,ros@1.0,roc_auc,-0.0021470746108426253,0.4,25,0.3525196313858032,0.49745266360512863,no difference
telco,0.05,lgbm,ros@1.0,pr_auc,-0.0001472800547503983,0.48,25,0.5964998602867126,1.0,no difference
telco,0.05,lgbm,ros@1.0,f1,0.05909213000268598,0.76,25,6.365776062011719e-05,0.0005092620849609375,better
telco,0.05,lgbm,ros@1.0,mcc,0.022820231446706002,0.68,25,0.17295855283737183,0.6918342113494873,no difference
telco,0.05,lgbm,ros@1.0,brier,-0.009219364574470805,0.0,25,5.960464477539063e-08,5.960464477539062e-07,worse
telco,0.05,lgbm,ros@1.0,prec_at_top,-0.009174311926605505,0.32,25,0.4140916598587647,1.0,no difference
telco,0.05,lgbm,ros@1.0,empc,-0.054116558947287174,0.28,25,0.011453330516815186,0.10307997465133667,no difference
telco,0.05,lgbm,rus@1.0,roc_auc,-0.011290033995348225,0.32,25,0.021908342838287354,0.17526674270629883,no difference
telco,0.05,lgbm,rus@1.0,pr_auc,-0.05205391165822251,0.2,25,0.0002498030662536621,0.002498030662536621,worse
telco,0.05,lgbm,rus@1.0,f1,-6.771397616459063e-05,0.48,25,0.7711594104766846,0.8255528211593628,no difference
telco,0.05,lgbm,rus@1.0,mcc,-0.012991840859577525,0.48,25,0.3665854334831238,0.7331708669662476,no difference
telco,0.05,lgbm,rus@1.0,brier,-0.169678209709552,0.0,25,5.960464477539063e-08,5.960464477539062e-07,worse
telco,0.05,lgbm,rus@1.0,prec_at_top,-0.01834862385321101,0.24,25,0.013086652990684244,0.13086652990684244,no difference
telco,0.05,lgbm,rus@1.0,empc,-0.1364903909136334,0.16,25,0.00032907724380493164,0.0032907724380493164,worse
telco,0.05,lgbm,smote@0.5,roc_auc,0.006655931293612527,0.6,25,0.034173786640167236,0.20504271984100342,no difference
telco,0.05,lgbm,smote@0.5,pr_auc,0.011008532483049893,0.64,25,0.09031611680984497,0.6811122894287109,no difference
telco,0.05,lgbm,smote@0.5,f1,0.039518369867243,0.76,25,0.003419220447540283,0.017096102237701416,better
telco,0.05,lgbm,smote@0.5,mcc,0.027467396095723295,0.64,25,0.09031611680984497,0.5418967008590698,no difference
telco,0.05,lgbm,smote@0.5,brier,-0.0004775958073802017,0.4,25,0.03180783987045288,0.09542351961135864,no difference
telco,0.05,lgbm,smote@0.5,prec_at_top,0.0,0.48,25,0.9221448555140089,1.0,no difference
telco,0.05,lgbm,smote@0.5,empc,0.0015427313353195138,0.52,25,0.8531995415687561,1.0,no difference
telco,0.05,lgbm,smote@1.0,roc_auc,0.002283706631532767,0.6,25,0.16581755453504288,0.49745266360512863,no difference
telco,0.05,lgbm,smote@1.0,pr_auc,-0.0018726509082304943,0.4,25,0.6720751523971558,1.0,no difference
telco,0.05,lgbm,smote@1.0,f1,0.046070460704607075,0.76,25,0.00806879997253418,0.03227519989013672,better
telco,0.05,lgbm,smote@1.0,mcc,0.027697966366361376,0.64,25,0.11993378400802612,0.5996689200401306,no difference
telco,0.05,lgbm,smote@1.0,brier,-0.0017616946022061056,0.16,25,4.5418739318847656e-05,0.00022709369659423828,worse
telco,0.05,lgbm,smote@1.0,prec_at_top,0.0,0.44,25,0.9635246843570593,1.0,no difference
telco,0.05,lgbm,smote@1.0,empc,-0.01857652737871862,0.44,25,0.7111607789993286,1.0,no difference
telco,0.05,lgbm,smote_enn@1.0,roc_auc,0.003614242261585243,0.56,25,0.06670159101486206,0.2937576174736023,no difference
telco,0.05,lgbm,smote_enn@1.0,pr_auc,0.016948561371662785,0.8,25,0.0014527440071105957,0.013074696063995361,better
telco,0.05,lgbm,smote_enn@1.0,f1,0.10151820010974949,0.96,25,1.4901161193847656e-06,1.4901161193847656e-05,better
telco,0.05,lgbm,smote_enn@1.0,mcc,0.05567408246339328,0.8,25,0.00032907724380493164,0.0032907724380493164,better
telco,0.05,lgbm,smote_enn@1.0,brier,-0.0319188589544481,0.0,25,5.960464477539063e-08,5.960464477539062e-07,worse
telco,0.05,lgbm,smote_enn@1.0,prec_at_top,0.01834862385321101,0.64,25,0.08580189888102825,0.7572382625465661,no difference
telco,0.05,lgbm,smote_enn@1.0,empc,0.11330418164302092,0.72,25,0.013554692268371582,0.10307997465133667,no difference
telco,0.05,lgbm,threshold,roc_auc,0.0013614404918753653,0.72,25,0.19081425666809082,0.49745266360512863,no difference
telco,0.05,lgbm,threshold,pr_auc,-0.004204249480018907,0.44,25,0.49078595638275146,1.0,no difference
telco,0.05,lgbm,threshold,f1,0.061111111111111116,0.8,25,9.035445394407614e-05,0.000632481177608533,better
telco,0.05,lgbm,threshold,mcc,0.02505666651350419,0.72,25,0.06670159101486206,0.47001218795776367,no difference
telco,0.05,lgbm,threshold,brier,0.0001087147738568009,0.52,25,0.978915274143219,0.978915274143219,no difference
telco,0.05,lgbm,threshold,prec_at_top,0.0,0.4,25,0.7761514922055643,1.0,no difference
telco,0.05,lgbm,threshold,empc,0.011674103974130934,0.6,25,0.33878785371780396,1.0,no difference
telco,0.05,lr,adasyn@1.0,roc_auc,-0.006280193236715026,0.2,25,0.0003764033317565918,0.0026348233222961426,worse
telco,0.05,lr,adasyn@1.0,pr_auc,-0.0192935025578993,0.16,25,0.000102996826171875,0.0004119873046875,worse
telco,0.05,lr,adasyn@1.0,f1,0.2253521126760563,1.0,25,5.960464477539063e-08,5.960464477539062e-07,better
telco,0.05,lr,adasyn@1.0,mcc,0.2402302233767345,1.0,25,5.960464477539063e-08,5.960464477539062e-07,better
telco,0.05,lr,adasyn@1.0,brier,-0.1250875282116378,0.0,25,5.960464477539063e-08,5.364418029785156e-07,worse
telco,0.05,lr,adasyn@1.0,prec_at_top,-0.009174311926605505,0.28,25,0.048453829816618124,0.2422691490830906,no difference
telco,0.05,lr,adasyn@1.0,empc,-0.03139328005543629,0.36,25,0.03180783987045288,0.12723135948181152,no difference
telco,0.05,lr,class_weight,roc_auc,-0.0028448738593664924,0.32,25,0.005578815937042236,0.012351512908935547,worse
telco,0.05,lr,class_weight,pr_auc,-0.017609447845550102,0.08,25,1.9669532775878906e-06,1.7702579498291016e-05,worse
telco,0.05,lr,class_weight,f1,0.2261306532663316,1.0,25,5.960464477539063e-08,5.960464477539062e-07,better
telco,0.05,lr,class_weight,mcc,0.242336184126144,1.0,25,5.960464477539063e-08,5.960464477539062e-07,better
telco,0.05,lr,class_weight,brier,-0.127876393547013,0.0,25,5.960464477539063e-08,5.364418029785156e-07,worse
telco,0.05,lr,class_weight,prec_at_top,-0.009174311926605477,0.16,25,0.06824202562453682,0.2729681024981473,no difference
telco,0.05,lr,class_weight,empc,-0.0346488335413252,0.36,25,0.0041751861572265625,0.0334014892578125,worse
telco,0.05,lr,dirichlet@1.0,roc_auc,-0.009310496267018076,0.12,25,5.3882598876953125e-05,0.000431060791015625,worse
telco,0.05,lr,dirichlet@1.0,pr_auc,-0.013087686148234412,0.32,25,0.021908342838287354,0.04381668567657471,worse
telco,0.05,lr,dirichlet@1.0,f1,0.2458471760797342,1.0,25,1.2279185361336645e-05,6.134028316616266e-05,better
telco,0.05,lr,dirichlet@1.0,mcc,0.2592459648521196,1.0,25,5.960464477539063e-08,5.960464477539062e-07,better
telco,0.05,lr,dirichlet@1.0,brier,-0.097885548593077,0.0,25,5.960464477539063e-08,5.364418029785156e-07,worse
telco,0.05,lr,dirichlet@1.0,prec_at_top,-0.009174311926605477,0.32,25,0.25400961235560693,0.6227576598641393,no difference
telco,0.05,lr,dirichlet@1.0,empc,-0.018224412391097622,0.32,25,0.0709836483001709,0.1419672966003418,no difference
telco,0.05,lr,easy_ensemble,roc_auc,-0.0025764895330112614,0.32,25,0.01597297191619873,0.01597297191619873,worse
telco,0.05,lr,easy_ensemble,pr_auc,-0.017645043729201115,0.16,25,7.49826431274414e-05,0.00037491321563720703,worse
telco,0.05,lr,easy_ensemble,f1,0.217391304347826,1.0,25,1.2279185361336645e-05,6.134028316616266e-05,better
telco,0.05,lr,easy_ensemble,mcc,0.2400744350646693,1.0,25,5.960464477539063e-08,5.960464477539062e-07,better
telco,0.05,lr,easy_ensemble,brier,-0.1356226682564505,0.0,25,5.960464477539063e-08,5.364418029785156e-07,worse
telco,0.05,lr,easy_ensemble,prec_at_top,-0.009174311926605477,0.2,25,0.020134867171268514,0.1409440701988796,no difference
telco,0.05,lr,easy_ensemble,empc,-0.04236853707784338,0.28,25,0.036682069301605225,0.12723135948181152,no difference
telco,0.05,lr,ros@1.0,roc_auc,-0.00311236152628791,0.2,25,0.0030878782272338867,0.012351512908935547,worse
telco,0.05,lr,ros@1.0,pr_auc,-0.0157101175532052,0.08,25,1.8298625946044922e-05,0.00012809038162231445,worse
telco,0.05,lr,ros@1.0,f1,0.2257217847769028,1.0,25,5.960464477539063e-08,5.960464477539062e-07,better
telco,0.05,lr,ros@1.0,mcc,0.242336184126144,1.0,25,5.960464477539063e-08,5.960464477539062e-07,better
telco,0.05,lr,ros@1.0,brier,-0.1282142034499967,0.0,25,5.960464477539063e-08,5.364418029785156e-07,worse
telco,0.05,lr,ros@1.0,prec_at_top,-0.009174311926605477,0.12,25,0.01696816772045429,0.13574534176363431,no difference
telco,0.05,lr,ros@1.0,empc,-0.01788973247061898,0.36,25,0.011453330516815186,0.06871998310089111,no difference
telco,0.05,lr,rus@1.0,roc_auc,-0.007854714617999692,0.16,25,3.1948089599609375e-05,0.0002875328063964844,worse
telco,0.05,lr,rus@1.0,pr_auc,-0.0239798054430099,0.2,25,5.3882598876953125e-05,0.00032329559326171875,worse
telco,0.05,lr,rus@1.0,f1,0.2122015915119363,1.0,25,5.960464477539063e-08,5.960464477539062e-07,better
telco,0.05,lr,rus@1.0,mcc,0.2288491129730218,1.0,25,5.960464477539063e-08,5.960464477539062e-07,better
telco,0.05,lr,rus@1.0,brier,-0.1418964987237093,0.0,25,5.960464477539063e-08,5.364418029785156e-07,worse
telco,0.05,lr,rus@1.0,prec_at_top,-0.009174311926605505,0.2,25,0.0029297546033160843,0.02636779142984476,worse
telco,0.05,lr,rus@1.0,empc,-0.08607889060967722,0.2,25,0.0003764033317565918,0.003387629985809326,worse
telco,0.05,lr,smote@0.5,roc_auc,-0.0027375201288244444,0.2,25,0.0037809014320373535,0.012351512908935547,worse
telco,0.05,lr,smote@0.5,pr_auc,-0.005507743746984928,0.24,25,0.02747941017150879,0.04381668567657471,worse
telco,0.05,lr,smote@0.5,f1,0.2844036697247706,1.0,25,1.2268056633232531e-05,6.134028316616266e-05,better
telco,0.05,lr,smote@0.5,mcc,0.27417319114210037,1.0,25,1.2279185361336645e-05,2.455837072267329e-05,better
telco,0.05,lr,smote@0.5,brier,-0.0594212175392469,0.0,25,5.960464477539063e-08,5.364418029785156e-07,worse
telco,0.05,lr,smote@0.5,prec_at_top,0.0,0.32,25,0.7942994982331921,0.7942994982331921,no difference
telco,0.05,lr,smote@0.5,empc,-0.015101046107344862,0.36,25,0.20993918180465698,0.20993918180465698,no difference
telco,0.05,lr,smote@1.0,roc_auc,-0.004659750307719368,0.2,25,0.001971882202781032,0.00985941101390516,worse
telco,0.05,lr,smote@1.0,pr_auc,-0.01990060105197569,0.08,25,0.00018787384033203125,0.0005636215209960938,worse
telco,0.05,lr,smote@1.0,f1,0.2312138728323699,1.0,25,1.2279185361336645e-05,6.134028316616266e-05,better
telco,0.05,lr,smote@1.0,mcc,0.2454806897607503,1.0,25,5.960464477539063e-08,5.960464477539062e-07,better
telco,0.05,lr,smote@1.0,brier,-0.1169896013202585,0.0,25,5.960464477539063e-08,5.364418029785156e-07,worse
telco,0.05,lr,smote@1.0,prec_at_top,0.0,0.32,25,0.20758588662137978,0.6227576598641393,no difference
telco,0.05,lr,smote@1.0,empc,-0.023752138581895843,0.24,25,0.011453330516815186,0.06871998310089111,no difference
telco,0.05,lr,smote_enn@1.0,roc_auc,-0.006852746466273096,0.32,25,0.0007149577140808105,0.004289746284484863,worse
telco,0.05,lr,smote_enn@1.0,pr_auc,-0.0266710584627754,0.12,25,1.233816146850586e-05,9.870529174804688e-05,worse
telco,0.05,lr,smote_enn@1.0,f1,0.205607476635514,1.0,25,1.2268056633232531e-05,6.134028316616266e-05,better
telco,0.05,lr,smote_enn@1.0,mcc,0.2223380905043799,1.0,25,1.2279185361336645e-05,2.455837072267329e-05,better
telco,0.05,lr,smote_enn@1.0,brier,-0.174726230253101,0.0,25,5.960464477539063e-08,5.364418029785156e-07,worse
telco,0.05,lr,smote_enn@1.0,prec_at_top,-0.009174311926605505,0.2,25,0.02240006020056908,0.1409440701988796,no difference
telco,0.05,lr,smote_enn@1.0,empc,-0.030690473975788002,0.28,25,0.0067255496978759766,0.047078847885131836,worse
telco,0.05,lr,threshold,roc_auc,0.0,0.0,25,,,no difference
telco,0.05,lr,threshold,pr_auc,0.0,0.0,25,,,no difference
telco,0.05,lr,threshold,f1,0.3,1.0,25,5.960464477539063e-08,5.960464477539062e-07,better
telco,0.05,lr,threshold,mcc,0.2672182809598373,1.0,25,5.960464477539063e-08,5.960464477539062e-07,better
telco,0.05,lr,threshold,brier,0.0,0.0,25,,,no difference
telco,0.05,lr,threshold,prec_at_top,0.0,0.0,25,,,no difference
telco,0.05,lr,threshold,empc,0.0,0.0,25,,,no difference
telco,0.05,rf,adasyn@1.0,roc_auc,-0.004866702451243321,0.32,25,0.012466490268707275,0.08726543188095093,no difference
telco,0.05,rf,adasyn@1.0,pr_auc,-0.03758606476962098,0.12,25,1.5079975128173828e-05,0.00012063980102539062,worse
telco,0.05,rf,adasyn@1.0,f1,0.1202236719478099,1.0,25,5.960464477539063e-08,5.960464477539062e-07,better
telco,0.05,rf,adasyn@1.0,mcc,0.03952827436821091,0.68,25,0.00963503122329712,0.01927006244659424,better
telco,0.05,rf,adasyn@1.0,brier,-0.0087985639537453,0.0,25,5.960464477539063e-08,5.960464477539062e-07,worse
telco,0.05,rf,adasyn@1.0,prec_at_top,-0.009174311926605505,0.08,25,0.0013559874437652794,0.013559874437652794,worse
telco,0.05,rf,adasyn@1.0,empc,-0.12592725779966035,0.12,25,2.2113323211669922e-05,0.00022113323211669922,worse
telco,0.05,rf,class_weight,roc_auc,0.003443126921387596,0.56,25,0.19081425666809082,0.46901464462280273,no difference
telco,0.05,rf,class_weight,pr_auc,-0.009868292950486607,0.28,25,0.0067255496978759766,0.026902198791503906,worse
telco,0.05,rf,class_weight,f1,0.15086206896551718,1.0,25,5.960464477539063e-08,5.960464477539062e-07,better
telco,0.05,rf,class_weight,mcc,0.06135554945319481,0.92,25,1.9669532775878906e-06,1.7702579498291016e-05,better
telco,0.05,rf,class_weight,brier,-0.007091098758985601,0.0,25,5.960464477539063e-08,5.960464477539062e-07,worse
telco,0.05,rf,class_weight,prec_at_top,0.009174311926605505,0.6,25,0.33533006831921375,1.0,no difference
telco,0.05,rf,class_weight,empc,-0.017207769693125763,0.36,25,0.2751842737197876,0.5503685474395752,no difference
telco,0.05,rf,dirichlet@1.0,roc_auc,-0.002970119878332622,0.36,25,0.08513903617858887,0.400979220867157,no difference
telco,0.05,rf,dirichlet@1.0,pr_auc,-0.02374259756285521,0.08,25,1.9669532775878906e-06,1.7702579498291016e-05,worse
telco,0.05,rf,dirichlet@1.0,f1,-0.0006265664160401002,0.44,25,0.8638867905449266,0.8638867905449266,no difference
telco,0.05,rf,dirichlet@1.0,mcc,0.0,0.48,25,0.6070522480710051,0.6070522480710051,no difference
telco,0.05,rf,dirichlet@1.0,brier,-0.0009672570640037945,0.08,25,1.9669532775878906e-06,3.933906555175781e-06,worse
telco,0.05,rf,dirichlet@1.0,prec_at_top,-0.009174311926605505,0.28,25,0.07501566995315662,0.3750783497657831,no difference
telco,0.05,rf,dirichlet@1.0,empc,-0.07172569496336578,0.2,25,0.00016230344772338867,0.001460731029510498,worse
telco,0.05,rf,easy_ensemble,roc_auc,0.021980676328502424,0.92,25,2.980232238769531e-07,2.9802322387695312e-06,better
telco,0.05,rf,easy_ensemble,pr_auc,-0.0046490343704174986,0.4,25,0.8948604464530945,0.8948604464530945,no difference
telco,0.05,rf,easy_ensemble,f1,0.12160664819944589,0.96,25,1.1920928955078125e-07,5.960464477539062e-07,better
telco,0.05,rf,easy_ensemble,mcc,0.0755463943602801,0.84,25,5.3882598876953125e-05,0.00032329559326171875,better
telco,0.05,rf,easy_ensemble,brier,-0.1328041744265288,0.0,25,5.960464477539063e-08,5.960464477539062e-07,worse
telco,0.05,rf,easy_ensemble,prec_at_top,0.009174311926605505,0.68,25,0.006607133127121567,0.0594641981440941,no difference
telco,0.05,rf,easy_ensemble,empc,0.07072721739342902,0.76,25,0.00806879997253418,0.0403439998626709,better
telco,0.05,rf,ros@1.0,roc_auc,-0.007193675889327955,0.4,25,0.010510802268981934,0.08408641815185547,no difference
telco,0.05,rf,ros@1.0,pr_auc,-0.028717179716081592,0.12,25,8.344650268554688e-07,8.344650268554688e-06,worse
telco,0.05,rf,ros@1.0,f1,0.16570458404074698,1.0,25,5.960464477539063e-08,5.960464477539062e-07,better
telco,0.05,rf,ros@1.0,mcc,0.08483684155575989,0.84,25,1.233816146850586e-05,8.636713027954102e-05,better
telco,0.05,rf,ros@1.0,brier,-0.013761408300794302,0.0,25,5.960464477539063e-08,5.960464477539062e-07,worse
telco,0.05,rf,ros@1.0,prec_at_top,-0.009174311926605505,0.24,25,0.05007743224432192,0.31632473359754937,no difference
telco,0.05,rf,ros@1.0,empc,-0.06581903069657014,0.16,25,0.000429689884185791,0.003007829189300537,worse
telco,0.05,rf,rus@1.0,roc_auc,0.012885375494071316,0.8,25,0.0003764033317565918,0.003387629985809326,better
telco,0.05,rf,rus@1.0,pr_auc,-0.012475318627992421,0.36,25,0.25210392475128174,0.7563117742538452,no difference
telco,0.05,rf,rus@1.0,f1,0.10704419889502759,1.0,25,5.960464477539063e-08,5.960464477539062e-07,better
telco,0.05,rf,rus@1.0,mcc,0.059035976148560515,0.76,25,0.00016230344772338867,0.0008115172386169434,better
telco,0.05,rf,rus@1.0,brier,-0.1341907704382318,0.0,25,5.960464477539063e-08,5.960464477539062e-07,worse
telco,0.05,rf,rus@1.0,prec_at_top,0.009174311926605505,0.56,25,0.3587953578869416,1.0,no difference
telco,0.05,rf,rus@1.0,empc,0.0464254024914077,0.68,25,0.0626264214515686,0.1878792643547058,no difference
telco,0.05,rf,smote@0.5,roc_auc,-0.0057881553050636025,0.36,25,0.0801958441734314,0.400979220867157,no difference
telco,0.05,rf,smote@0.5,pr_auc,-0.02044490144047989,0.12,25,0.00028705596923828125,0.0014352798461914062,worse
telco,0.05,rf,smote@0.5,f1,0.125,1.0,25,5.960464477539063e-08,5.960464477539062e-07,better
telco,0.05,rf,smote@0.5,mcc,0.047273840688373384,0.68,25,0.0037809014320373535,0.01134270429611206,better
telco,0.05,rf,smote@0.5,brier,-0.006541501403074197,0.0,25,5.960464477539063e-08,5.960464477539062e-07,worse
telco,0.05,rf,smote@0.5,prec_at_top,0.0,0.4,25,0.2931281320215473,1.0,no difference
telco,0.05,rf,smote@0.5,empc,-0.07342891944928853,0.16,25,0.0011548399925231934,0.00692903995513916,worse
telco,0.05,rf,smote@1.0,roc_auc,-0.007931488801053987,0.4,25,0.018744707107543945,0.11246824264526367,no difference
telco,0.05,rf,smote@1.0,pr_auc,-0.0307842565334234,0.12,25,2.2113323211669922e-05,0.00015479326248168945,worse
telco,0.05,rf,smote@1.0,f1,0.12971290210999661,1.0,25,5.960464477539063e-08,5.960464477539062e-07,better
telco,0.05,rf,smote@1.0,mcc,0.05316145918633178,0.72,25,0.002255260944366455,0.00902104377746582,better
telco,0.05,rf,smote@1.0,brier,-0.009273693804718194,0.0,25,5.960464477539063e-08,5.960464477539062e-07,worse
telco,0.05,rf,smote@1.0,prec_at_top,-0.009174311926605477,0.2,25,0.01379676498848575,0.110374119907886,no difference
telco,0.05,rf,smote@1.0,empc,-0.09727882971981128,0.2,25,0.00021690130233764648,0.0017352104187011719,worse
telco,0.05,rf,smote_enn@1.0,roc_auc,-0.0026301663982822854,0.36,25,0.4741646647453308,0.4741646647453308,no difference
telco,0.05,rf,smote_enn@1.0,pr_auc,-0.0301125619832667,0.16,25,7.49826431274414e-05,0.00044989585876464844,worse
telco,0.05,rf,smote_enn@1.0,f1,0.1747516072472239,1.0,25,5.960464477539063e-08,5.960464477539062e-07,better
telco,0.05,rf,smote_enn@1.0,mcc,0.09420838675639949,0.88,25,5.245208740234375e-06,4.1961669921875e-05,better
telco,0.05,rf,smote_enn@1.0,brier,-0.0395485619646354,0.0,25,5.960464477539063e-08,5.960464477539062e-07,worse
telco,0.05,rf,smote_enn@1.0,prec_at_top,-0.009174311926605505,0.24,25,0.04518924765679277,0.31632473359754937,no difference
telco,0.05,rf,smote_enn@1.0,empc,-0.08479981182574026,0.36,25,0.014722049236297607,0.05888819694519043,no difference
telco,0.05,rf,threshold,roc_auc,-0.0007693684022185288,0.44,25,0.15633821487426758,0.46901464462280273,no difference
telco,0.05,rf,threshold,pr_auc,0.001732585414815302,0.6,25,0.4107651710510254,0.8215303421020508,no difference
telco,0.05,rf,threshold,f1,0.19895867951700452,1.0,25,5.960464477539063e-08,5.960464477539062e-07,better
telco,0.05,rf,threshold,mcc,0.0952026984830999,0.96,25,1.7881393432617188e-07,1.7881393432617188e-06,better
telco,0.05,rf,threshold,brier,-6.419314326759629e-05,0.44,25,0.3809836506843567,0.3809836506843567,no difference
telco,0.05,rf,threshold,prec_at_top,0.0,0.36,25,0.7782400121046747,1.0,no difference
telco,0.05,rf,threshold,empc,0.0038833796561495992,0.52,25,0.8325093984603882,0.8325093984603882,no difference
telco,0.05,xgb,adasyn@1.0,roc_auc,0.0007872606906422774,0.52,25,0.2872292995452881,1.0,no difference
telco,0.05,xgb,adasyn@1.0,pr_auc,0.0006617904887766812,0.52,25,0.8119303584098816,1.0,no difference
telco,0.05,xgb,adasyn@1.0,f1,0.052482269503546175,0.84,25,1.0073184967041016e-05,4.029273986816406e-05,better
telco,0.05,xgb,adasyn@1.0,mcc,0.0035397686388174976,0.56,25,0.4418373703956604,0.8836747407913208,no difference
telco,0.05,xgb,adasyn@1.0,brier,-0.004009171761208602,0.04,25,1.1920928955078125e-07,5.960464477539062e-07,worse
telco,0.05,xgb,adasyn@1.0,prec_at_top,0.0,0.48,25,0.7485266746552525,1.0,no difference
telco,0.05,xgb,adasyn@1.0,empc,-0.0434274868043899,0.44,25,0.3809836506843567,1.0,no difference
telco,0.05,xgb,class_weight,roc_auc,0.004651994990159114,0.72,25,0.03583152865342682,0.3224837578808414,no difference
telco,0.05,xgb,class_weight,pr_auc,9.052530590730745e-05,0.52,25,0.5964998602867126,1.0,no difference
telco,0.05,xgb,class_weight,f1,0.11675447839831402,1.0,25,5.960464477539063e-08,5.960464477539062e-07,better
telco,0.05,xgb,class_weight,mcc,0.03789702006657389,0.76,25,0.0009118914604187012,0.009118914604187012,better
telco,0.05,xgb,class_weight,brier,-0.026929402096732405,0.0,25,5.960464477539063e-08,5.960464477539062e-07,worse
telco,0.05,xgb,class_weight,prec_at_top,0.0,0.36,25,0.6991489535401951,1.0,no difference
telco,0.05,xgb,class_weight,empc,-0.007540090821965273,0.36,25,0.42614197731018066,1.0,no difference
telco,0.05,xgb,dirichlet@1.0,roc_auc,-0.0018639001230876806,0.44,25,0.13364005088806152,0.8018403053283691,no difference
telco,0.05,xgb,dirichlet@1.0,pr_auc,-0.009652330967226591,0.4,25,0.055070459842681885,0.49563413858413696,no difference
telco,0.05,xgb,dirichlet@1.0,f1,0.0248138957816377,0.72,25,0.03583152865342682,0.10749458596028047,no difference
telco,0.05,xgb,dirichlet@1.0,mcc,0.01715768452891611,0.64,25,0.14847958087921143,0.759888768196106,no difference
telco,0.05,xgb,dirichlet@1.0,brier,-0.00040852406232320254,0.28,25,0.0067255496978759766,0.013451099395751953,worse
telco,0.05,xgb,dirichlet@1.0,prec_at_top,0.0,0.44,25,0.9016737096175257,1.0,no difference
telco,0.05,xgb,dirichlet@1.0,empc,-0.009996378150918805,0.48,25,0.13364005088806152,1.0,no difference
telco,0.05,xgb,easy_ensemble,roc_auc,0.01440329218107017,0.92,25,8.344650268554688e-07,8.344650268554688e-06,better
telco,0.05,xgb,easy_ensemble,pr_auc,0.0013998854933301996,0.56,25,0.9158032536506653,1.0,no difference
telco,0.05,xgb,easy_ensemble,f1,0.02490016443504811,0.6,25,0.07547956705093384,0.15095913410186768,no difference
telco,0.05,xgb,easy_ensemble,mcc,0.003314122684046905,0.52,25,0.7509929537773132,0.8836747407913208,no difference
telco,0.05,xgb,easy_ensemble,brier,-0.1442115491203524,0.0,25,5.960464477539063e-08,5.960464477539062e-07,worse
telco,0.05,xgb,easy_ensemble,prec_at_top,0.0,0.44,25,0.11443272356165479,1.0,no difference
telco,0.05,xgb,easy_ensemble,empc,0.01201785872113359,0.52,25,0.5249125957489014,1.0,no difference
telco,0.05,xgb,ros@1.0,roc_auc,0.00012524601896579668,0.52,25,0.7509929537773132,1.0,no difference
telco,0.05,xgb,ros@1.0,pr_auc,-0.005230308643444759,0.48,25,0.49078595638275146,1.0,no difference
telco,0.05,xgb,ros@1.0,f1,0.11875569966561961,0.96,25,4.172325134277344e-07,2.086162567138672e-06,better
telco,0.05,xgb,ros@1.0,mcc,0.05054686553574406,0.76,25,0.008822321891784668,0.07057857513427734,no difference
telco,0.05,xgb,ros@1.0,brier,-0.027839081266131695,0.0,25,5.960464477539063e-08,5.960464477539062e-07,worse
telco,0.05,xgb,ros@1.0,prec_at_top,0.0,0.36,25,0.7146635686372599,1.0,no difference
telco,0.05,xgb,ros@1.0,empc,-0.03935441903854797,0.4,25,0.1134914755821228,1.0,no difference
telco,0.05,xgb,rus@1.0,roc_auc,-0.003157988906781206,0.44,25,0.0709836483001709,0.4968855381011963,no difference
telco,0.05,xgb,rus@1.0,pr_auc,-0.036265090859049526,0.2,25,0.00032907724380493164,0.0032907724380493164,worse
telco,0.05,xgb,rus@1.0,f1,0.007575757575757597,0.6,25,0.49078595638275146,0.49078595638275146,no difference
telco,0.05,xgb,rus@1.0,mcc,-0.0221808801003269,0.28,25,0.12664812803268433,0.759888768196106,no difference
telco,0.05,xgb,rus@1.0,brier,-0.16442548719942449,0.0,25,5.960464477539063e-08,5.960464477539062e-07,worse
telco,0.05,xgb,rus@1.0,prec_at_top,-0.01834862385321101,0.28,25,0.0043869443688654185,0.04386944368865418,worse
telco,0.05,xgb,rus@1.0,empc,-0.11668880807359039,0.28,25,0.001625359058380127,0.01625359058380127,worse
telco,0.05,xgb,smote@0.5,roc_auc,0.00388605591700375,0.64,25,0.036682069301605225,0.3224837578808414,no difference
telco,0.05,xgb,smote@0.5,pr_auc,0.0025667169506254084,0.52,25,0.7111607789993286,1.0,no difference
telco,0.05,xgb,smote@0.5,f1,0.03553082191780821,0.96,25,1.1920928955078125e-07,9.5367431640625e-07,better
telco,0.05,xgb,smote@0.5,mcc,-0.0035148741751249712,0.48,25,0.23036134243011475,0.7632570266723633,no difference
telco,0.05,xgb,smote@0.5,brier,-0.002614684237143103,0.08,25,2.562999725341797e-06,7.68899917602539e-06,worse
telco,0.05,xgb,smote@0.5,prec_at_top,0.009174311926605505,0.56,25,0.1438192949207848,1.0,no difference
telco,0.05,xgb,smote@0.5,empc,0.005803777582985337,0.52,25,0.8948604464530945,1.0,no difference
telco,0.05,xgb,smote@1.0,roc_auc,0.0006620146716764808,0.56,25,0.8948604464530945,1.0,no difference
telco,0.05,xgb,smote@1.0,pr_auc,-0.0066245109624356036,0.44,25,0.3665854334831238,1.0,no difference
telco,0.05,xgb,smote@1.0,f1,0.06262626262626261,0.96,25,1.7881393432617188e-07,1.2516975402832031e-06,better
telco,0.05,xgb,smote@1.0,mcc,0.01586932858847201,0.6,25,0.19081425666809082,0.7632570266723633,no difference
telco,0.05,xgb,smote@1.0,brier,-0.004998277423228399,0.0,25,5.960464477539063e-08,5.960464477539062e-07,worse
telco,0.05,xgb,smote@1.0,prec_at_top,0.0,0.48,25,0.9267297424109253,1.0,no difference
telco,0.05,xgb,smote@1.0,empc,-0.03865592719601041,0.36,25,0.15633821487426758,1.0,no difference
telco,0.05,xgb,smote_enn@1.0,roc_auc,-0.0014067170740285073,0.48,25,0.8531995415687561,1.0,no difference
telco,0.05,xgb,smote_enn@1.0,pr_auc,0.0031196399347452886,0.52,25,0.42614197731018066,1.0,no difference
telco,0.05,xgb,smote_enn@1.0,f1,0.10427350427350421,1.0,25,5.960464477539063e-08,5.960464477539062e-07,better
telco,0.05,xgb,smote_enn@1.0,mcc,0.04092344127050629,0.72,25,0.0018156766891479492,0.016341090202331543,better
telco,0.05,xgb,smote_enn@1.0,brier,-0.034230052958807294,0.0,25,5.960464477539063e-08,5.960464477539062e-07,worse
telco,0.05,xgb,smote_enn@1.0,prec_at_top,0.0,0.48,25,0.2755668670077055,1.0,no difference
telco,0.05,xgb,smote_enn@1.0,empc,0.015148070065128527,0.52,25,0.7914759516716003,1.0,no difference
telco,0.05,xgb,threshold,roc_auc,-0.00038647342995168366,0.48,25,0.312333345413208,1.0,no difference
telco,0.05,xgb,threshold,pr_auc,-0.0034798170824802965,0.4,25,0.2996123433113098,1.0,no difference
telco,0.05,xgb,threshold,f1,0.09747474747474741,0.96,25,1.7881393432617188e-07,1.2516975402832031e-06,better
telco,0.05,xgb,threshold,mcc,0.037972152700689904,0.68,25,0.029578447341918945,0.20704913139343262,no difference
telco,0.05,xgb,threshold,brier,-9.201389101969742e-05,0.44,25,0.507703959941864,0.507703959941864,no difference
telco,0.05,xgb,threshold,prec_at_top,0.0,0.16,25,0.4377282589388055,1.0,no difference
telco,0.05,xgb,threshold,empc,-0.008475444939550603,0.4,25,0.42614197731018066,1.0,no difference
telco,0.1,hgb,adasyn@1.0,roc_auc,0.002993860903204082,0.64,25,0.12664812803268433,0.759888768196106,no difference
telco,0.1,hgb,adasyn@1.0,pr_auc,-0.018255462413330703,0.16,25,0.00021690130233764648,0.0015183091163635254,worse
telco,0.1,hgb,adasyn@1.0,f1,0.06473018655314888,1.0,25,5.960464477539063e-08,5.960464477539062e-07,better
telco,0.1,hgb,adasyn@1.0,mcc,0.025725058161163272,0.84,25,3.814697265625e-05,0.00019073486328125,better
telco,0.1,hgb,adasyn@1.0,brier,-0.004988243790211608,0.0,25,5.960464477539063e-08,5.364418029785156e-07,worse
telco,0.1,hgb,adasyn@1.0,prec_at_top,0.008695652173913049,0.56,25,0.06766626998365421,0.4059976199019253,no difference
telco,0.1,hgb,adasyn@1.0,empc,0.013002703677961414,0.56,25,0.5601714849472046,1.0,no difference
telco,0.1,hgb,class_weight,roc_auc,0.000596513337534188,0.52,25,0.6528410911560059,1.0,no difference
telco,0.1,hgb,class_weight,pr_auc,0.008320852858567984,0.72,25,0.017312347888946533,0.1038740873336792,no difference
telco,0.1,hgb,class_weight,f1,0.12014264860769788,1.0,25,5.960464477539063e-08,5.960464477539062e-07,better
telco,0.1,hgb,class_weight,mcc,0.06372296781500963,0.92,25,3.2782554626464844e-06,2.294778823852539e-05,better
telco,0.1,hgb,class_weight,brier,-0.029937129049408998,0.0,25,5.960464477539063e-08,5.364418029785156e-07,worse
telco,0.1,hgb,class_weight,prec_at_top,0.008695652173913049,0.64,25,0.13315824734945933,0.6657912367472967,no difference
telco,0.1,hgb,class_weight,empc,0.03278910521329115,0.6,25,0.3665854334831238,1.0,no difference
telco,0.1,hgb,dirichlet@1.0,roc_auc,0.0034563955933061274,0.56,25,0.2996123433113098,1.0,no difference
telco,0.1,hgb,dirichlet@1.0,pr_auc,-0.0064960870479819355,0.36,25,0.23036134243011475,0.921445369720459,no difference
telco,0.1,hgb,dirichlet@1.0,f1,-0.002848101265822689,0.48,25,0.8739878535270691,0.8739878535270691,no difference
telco,0.1,hgb,dirichlet@1.0,mcc,-0.016108397620487575,0.44,25,0.2996123433113098,0.2996123433113098,no difference
telco,0.1,hgb,dirichlet@1.0,brier,8.489826025009917e-05,0.52,25,0.507703959941864,0.507703959941864,no difference
telco,0.1,hgb,dirichlet@1.0,prec_at_top,0.008695652173913049,0.6,25,0.2047084119400866,0.6973586799675502,no difference
telco,0.1,hgb,dirichlet@1.0,empc,0.013941037134940437,0.56,25,0.457846462726593,1.0,no difference
telco,0.1,hgb,easy_ensemble,roc_auc,0.008788069733249304,0.88,25,1.9669532775878906e-06,1.7702579498291016e-05,better
telco,0.1,hgb,easy_ensemble,pr_auc,0.002695863890103678,0.56,25,0.2634761333465576,0.921445369720459,no difference
telco,0.1,hgb,easy_ensemble,f1,0.08594158012995678,1.0,25,5.960464477539063e-08,5.960464477539062e-07,better
telco,0.1,hgb,easy_ensemble,mcc,0.06744334986749373,0.88,25,2.562999725341797e-06,2.0503997802734375e-05,better
telco,0.1,hgb,easy_ensemble,brier,-0.10795328166803939,0.0,25,5.960464477539063e-08,5.364418029785156e-07,worse
telco,0.1,hgb,easy_ensemble,prec_at_top,0.017391304347826098,0.68,25,0.011185905525017472,0.10067314972515724,no difference
telco,0.1,hgb,easy_ensemble,empc,0.10852510753228328,0.84,25,6.365776062011719e-05,0.0004456043243408203,better
telco,0.1,hgb,ros@1.0,roc_auc,-0.002713715605965117,0.4,25,0.2996123433113098,1.0,no difference
telco,0.1,hgb,ros@1.0,pr_auc,0.0030549862250326965,0.6,25,0.25210392475128174,0.921445369720459,no difference
telco,0.1,hgb,ros@1.0,f1,0.10954398836253243,1.0,25,5.960464477539063e-08,5.960464477539062e-07,better
telco,0.1,hgb,ros@1.0,mcc,0.05342627602696831,0.96,25,1.1324882507324219e-06,1.0192394256591797e-05,better
telco,0.1,hgb,ros@1.0,brier,-0.0269353838055484,0.0,25,5.960464477539063e-08,5.364418029785156e-07,worse
telco,0.1,hgb,ros@1.0,prec_at_top,0.0,0.48,25,0.4444153085764887,0.6973586799675502,no difference
telco,0.1,hgb,ros@1.0,empc,-0.006745207204372328,0.48,25,0.936802864074707,1.0,no difference
telco,0.1,hgb,rus@1.0,roc_auc,-0.014089477000630235,0.16,25,6.556510925292969e-06,5.245208740234375e-05,worse
telco,0.1,hgb,rus@1.0,pr_auc,-0.02699885617930653,0.16,25,1.5079975128173828e-05,0.00013571977615356445,worse
telco,0.1,hgb,rus@1.0,f1,0.06998229830985231,0.92,25,5.960464477539062e-07,1.2516975402832031e-06,better
telco,0.1,hgb,rus@1.0,mcc,0.03768906086592541,0.84,25,0.0004894733428955078,0.0014684200286865234,better
telco,0.1,hgb,rus@1.0,brier,-0.130057177531623,0.0,25,5.960464477539063e-08,5.364418029785156e-07,worse
telco,0.1,hgb,rus@1.0,prec_at_top,-0.008695652173913104,0.4,25,0.17433966999188755,0.6973586799675502,no difference
telco,0.1,hgb,rus@1.0,empc,-0.19508091049277954,0.2,25,3.814697265625e-05,0.00030517578125,worse
telco,0.1,hgb,smote@0.5,roc_auc,0.0022285762341266446,0.6,25,0.39571136236190796,1.0,no difference
telco,0.1,hgb,smote@0.5,pr_auc,-0.008898103519429934,0.4,25,0.02027493715286255,0.1038740873336792,no difference
telco,0.1,hgb,smote@0.5,f1,0.053775322283609595,0.92,25,4.172325134277344e-07,1.2516975402832031e-06,better
telco,0.1,hgb,smote@0.5,mcc,0.028455372176386773,0.72,25,0.005578815937042236,0.011157631874084473,better
telco,0.1,hgb,smote@0.5,brier,-0.0030313994085860024,0.0,25,5.960464477539063e-08,5.364418029785156e-07,worse
telco,0.1,hgb,smote@0.5,prec_at_top,0.008695652173912993,0.56,25,0.24084554551497594,0.6973586799675502,no difference
telco,0.1,hgb,smote@0.5,empc,0.010040075341286148,0.52,25,0.7509929537773132,1.0,no difference
telco,0.1,hgb,smote@1.0,roc_auc,0.0009241755933626639,0.56,25,0.6720751523971558,1.0,no difference
telco,0.1,hgb,smote@1.0,pr_auc,-0.014829831116304204,0.16,25,3.1948089599609375e-05,0.000255584716796875,worse
telco,0.1,hgb,smote@1.0,f1,0.06534455699814518,1.0,25,5.960464477539063e-08,5.960464477539062e-07,better
telco,0.1,hgb,smote@1.0,mcc,0.026281111924286615,0.8,25,0.00028705596923828125,0.001148223876953125,better
telco,0.1,hgb,smote@1.0,brier,-0.005470547072546295,0.0,25,5.960464477539063e-08,5.364418029785156e-07,worse
telco,0.1,hgb,smote@1.0,prec_at_top,0.017391304347825987,0.64,25,0.037844444282208886,0.2649111099754622,no difference
telco,0.1,hgb,smote@1.0,empc,0.011134383932867475,0.52,25,0.7711594104766846,1.0,no difference
telco,0.1,hgb,smote_enn@1.0,roc_auc,0.011765200571861256,0.8,25,1.0073184967041016e-05,7.051229476928711e-05,better
telco,0.1,hgb,smote_enn@1.0,pr_auc,0.0074108253077853625,0.6,25,0.3809836506843567,0.921445369720459,no difference
telco,0.1,hgb,smote_enn@1.0,f1,0.11866589838321528,1.0,25,5.960464477539063e-08,5.960464477539062e-07,better
telco,0.1,hgb,smote_enn@1.0,mcc,0.08710605618755382,0.96,25,1.7881393432617188e-07,1.7881393432617188e-06,better
telco,0.1,hgb,smote_enn@1.0,brier,-0.063318038020462,0.0,25,5.960464477539063e-08,5.364418029785156e-07,worse
telco,0.1,hgb,smote_enn@1.0,prec_at_top,0.008695652173913049,0.64,25,0.031715095861046066,0.25372076688836853,no difference
telco,0.1,hgb,smote_enn@1.0,empc,0.15260078915610542,0.8,25,1.233816146850586e-05,0.00011104345321655273,better
telco,0.1,hgb,threshold,roc_auc,0.0,0.0,25,,,no difference
telco,0.1,hgb,threshold,pr_auc,0.0,0.0,25,,,no difference
telco,0.1,hgb,threshold,f1,0.10108344693980056,1.0,25,5.960464477539063e-08,5.960464477539062e-07,better
telco,0.1,hgb,threshold,mcc,0.051820265543702615,0.88,25,2.2113323211669922e-05,0.00013267993927001953,better
telco,0.1,hgb,threshold,brier,0.0,0.0,25,,,no difference
telco,0.1,hgb,threshold,prec_at_top,0.0,0.0,25,,,no difference
telco,0.1,hgb,threshold,empc,0.0,0.0,25,,,no difference
telco,0.1,lgbm,adasyn@1.0,roc_auc,0.006649863474060158,0.8,25,0.0004894733428955078,0.0039157867431640625,better
telco,0.1,lgbm,adasyn@1.0,pr_auc,-0.010424939781437603,0.24,25,0.002507925033569336,0.020063400268554688,worse
telco,0.1,lgbm,adasyn@1.0,f1,0.03378001116694579,0.8,25,0.00012022256851196289,0.00024044513702392578,better
telco,0.1,lgbm,adasyn@1.0,mcc,0.01429939341437192,0.56,25,0.312333345413208,0.312333345413208,no difference
telco,0.1,lgbm,adasyn@1.0,brier,-0.0034649378636283923,0.08,25,5.245208740234375e-06,2.09808349609375e-05,worse
telco,0.1,lgbm,adasyn@1.0,prec_at_top,0.008695652173913049,0.6,25,0.19064974891541098,1.0,no difference
telco,0.1,lgbm,adasyn@1.0,empc,0.035747754594739334,0.72,25,0.055070459842681885,0.3854932188987732,no difference
telco,0.1,lgbm,class_weight,roc_auc,-0.0003360638521318071,0.48,25,0.8086374961912779,1.0,no difference
telco,0.1,lgbm,class_weight,pr_auc,0.009011181433311422,0.84,25,0.0003764033317565918,0.003387629985809326,better
telco,0.1,lgbm,class_weight,f1,0.07624073658207958,1.0,25,5.960464477539063e-08,5.960464477539062e-07,better
telco,0.1,lgbm,class_weight,mcc,0.033589795465377575,1.0,25,5.960464477539063e-08,5.960464477539062e-07,better
telco,0.1,lgbm,class_weight,brier,-0.0213298415271886,0.0,25,5.960464477539063e-08,5.960464477539062e-07,worse
telco,0.1,lgbm,class_weight,prec_at_top,0.008695652173913049,0.6,25,0.40987399445700257,1.0,no difference
telco,0.1,lgbm,class_weight,empc,0.00763281779839442,0.56,25,0.7111607789993286,1.0,no difference
telco,0.1,lgbm,dirichlet@1.0,roc_auc,0.0036883007771476573,0.64,25,0.06670159101486206,0.26680636405944824,no difference
telco,0.1,lgbm,dirichlet@1.0,pr_auc,-0.004791306405706186,0.36,25,0.0709836483001709,0.2129509449005127,no difference
telco,0.1,lgbm,dirichlet@1.0,f1,-0.008211798712389917,0.36,25,0.2751842737197876,0.2751842737197876,no difference
telco,0.1,lgbm,dirichlet@1.0,mcc,-0.01372339286296309,0.36,25,0.13364005088806152,0.26728010177612305,no difference
telco,0.1,lgbm,dirichlet@1.0,brier,-0.0008682230533164914,0.28,25,0.014722049236297607,0.029444098472595215,worse
telco,0.1,lgbm,dirichlet@1.0,prec_at_top,-0.008695652173913104,0.32,25,0.07133871753842802,0.6420484578458522,no difference
telco,0.1,lgbm,dirichlet@1.0,empc,0.006400334629689253,0.56,25,0.615043044090271,1.0,no difference
telco,0.1,lgbm,easy_ensemble,roc_auc,0.012261374148515802,0.96,25,1.7881393432617188e-07,1.6093254089355469e-06,better
telco,0.1,lgbm,easy_ensemble,pr_auc,0.014825334117573696,0.64,25,0.034173786640167236,0.13669514656066895,no difference
telco,0.1,lgbm,easy_ensemble,f1,0.08673423219618137,1.0,25,5.960464477539063e-08,5.960464477539062e-07,better
telco,0.1,lgbm,easy_ensemble,mcc,0.07480900577614108,0.92,25,8.344650268554688e-07,6.67572021484375e-06,better
telco,0.1,lgbm,easy_ensemble,brier,-0.1076524328023272,0.0,25,5.960464477539063e-08,5.960464477539062e-07,worse
telco,0.1,lgbm,easy_ensemble,prec_at_top,0.017391304347826098,0.64,25,0.09135357855698016,0.7308286284558413,no difference
telco,0.1,lgbm,easy_ensemble,empc,0.13405919952314527,0.92,25,2.980232238769531e-07,2.9802322387695312e-06,better
telco,0.1,lgbm,ros@1.0,roc_auc,-0.00015122873345929655,0.48,25,0.7711594104766846,1.0,no difference
telco,0.1,lgbm,ros@1.0,pr_auc,0.010582749581352913,0.92,25,8.344650268554688e-07,8.344650268554688e-06,better
telco,0.1,lgbm,ros@1.0,f1,0.09531292089431626,1.0,25,5.960464477539063e-08,5.960464477539062e-07,better
telco,0.1,lgbm,ros@1.0,mcc,0.05230348565434251,0.88,25,5.245208740234375e-06,3.6716461181640625e-05,better
telco,0.1,lgbm,ros@1.0,brier,-0.017740166706858504,0.0,25,5.960464477539063e-08,5.960464477539062e-07,worse
telco,0.1,lgbm,ros@1.0,prec_at_top,0.0,0.48,25,0.9860933942865462,1.0,no difference
telco,0.1,lgbm,ros@1.0,empc,0.03425092587245615,0.64,25,0.11993378400802612,0.608384370803833,no difference
telco,0.1,lgbm,rus@1.0,roc_auc,-0.009741650913673516,0.24,25,0.002255260944366455,0.015786826610565186,worse
telco,0.1,lgbm,rus@1.0,pr_auc,-0.020768584261673384,0.28,25,0.0030878782272338867,0.021615147590637207,worse
telco,0.1,lgbm,rus@1.0,f1,0.05442491011643641,0.96,25,5.960464477539062e-07,2.384185791015625e-06,better
telco,0.1,lgbm,rus@1.0,mcc,0.04199951934125118,0.76,25,0.0004894733428955078,0.002447366714477539,better
telco,0.1,lgbm,rus@1.0,brier,-0.1287110296713374,0.0,25,5.960464477539063e-08,5.960464477539062e-07,worse
telco,0.1,lgbm,rus@1.0,prec_at_top,-0.008695652173913104,0.32,25,0.2710385274785635,1.0,no difference
telco,0.1,lgbm,rus@1.0,empc,-0.15055957841958767,0.2,25,0.001625359058380127,0.013002872467041016,worse
telco,0.1,lgbm,smote@0.5,roc_auc,0.004150388573829211,0.76,25,0.007370948791503906,0.04422569274902344,better
telco,0.1,lgbm,smote@0.5,pr_auc,-0.0036813542477954764,0.4,25,0.25210392475128174,0.5042078495025635,no difference
telco,0.1,lgbm,smote@0.5,f1,0.033301723657053584,0.84,25,3.814697265625e-05,0.00011444091796875,better
telco,0.1,lgbm,smote@0.5,mcc,0.01906673666267189,0.72,25,0.03180783987045288,0.09542351961135864,no difference
telco,0.1,lgbm,smote@0.5,brier,-0.0017038170990709978,0.28,25,0.00032907724380493164,0.000987231731414795,worse
telco,0.1,lgbm,smote@0.5,prec_at_top,0.0,0.32,25,0.5877309463773804,1.0,no difference
telco,0.1,lgbm,smote@0.5,empc,-0.0012629566696820138,0.48,25,0.5601714849472046,1.0,no difference
telco,0.1,lgbm,smote@1.0,roc_auc,0.003834833067025478,0.72,25,0.036682069301605225,0.18341034650802612,no difference
telco,0.1,lgbm,smote@1.0,pr_auc,-0.004203531707234975,0.32,25,0.012466490268707275,0.06233245134353638,no difference
telco,0.1,lgbm,smote@1.0,f1,0.0437771544849585,0.96,25,1.7881393432617188e-07,8.940696716308594e-07,better
telco,0.1,lgbm,smote@1.0,mcc,0.015114478796446618,0.68,25,0.012466490268707275,0.0498659610748291,better
telco,0.1,lgbm,smote@1.0,brier,-0.0030664182639076054,0.08,25,4.172325134277344e-07,2.086162567138672e-06,worse
telco,0.1,lgbm,smote@1.0,prec_at_top,0.008695652173912993,0.56,25,0.1170740547910463,0.8195183835373241,no difference
telco,0.1,lgbm,smote@1.0,empc,0.0037120248483690776,0.6,25,0.21998637914657593,0.8799455165863037,no difference
telco,0.1,lgbm,smote_enn@1.0,roc_auc,0.01252207551930018,1.0,25,5.960464477539063e-08,5.960464477539062e-07,better
telco,0.1,lgbm,smote_enn@1.0,pr_auc,0.01848572627475331,0.68,25,0.0037809014320373535,0.02268540859222412,better
telco,0.1,lgbm,smote_enn@1.0,f1,0.117206548241031,1.0,25,5.960464477539063e-08,5.960464477539062e-07,better
telco,0.1,lgbm,smote_enn@1.0,mcc,0.08695182878456442,1.0,25,5.960464477539063e-08,5.960464477539062e-07,better
telco,0.1,lgbm,smote_enn@1.0,brier,-0.06345911731126949,0.0,25,5.960464477539063e-08,5.960464477539062e-07,worse
telco,0.1,lgbm,smote_enn@1.0,prec_at_top,0.017391304347826098,0.68,25,0.013530005821094905,0.13530005821094904,no difference
telco,0.1,lgbm,smote_enn@1.0,empc,0.1448253355892155,0.92,25,2.980232238769531e-07,2.9802322387695312e-06,better
telco,0.1,lgbm,threshold,roc_auc,0.0021340054610374803,0.64,25,0.25210392475128174,0.7563117742538452,no difference
telco,0.1,lgbm,threshold,pr_auc,-0.00013890912363262453,0.48,25,0.8531995415687561,0.8531995415687561,no difference
telco,0.1,lgbm,threshold,f1,0.07179242279528814,0.96,25,1.1920928955078125e-07,7.152557373046875e-07,better
telco,0.1,lgbm,threshold,mcc,0.04636822137003299,0.92,25,2.664327621459961e-05,0.00015985965728759766,better
telco,0.1,lgbm,threshold,brier,-0.0003879599436590053,0.36,25,0.39571136236190796,0.39571136236190796,no difference
telco,0.1,lgbm,threshold,prec_at_top,0.0,0.24,25,0.18194543861128143,1.0,no difference
telco,0.1,lgbm,threshold,empc,-0.017763414737500538,0.4,25,0.10139739513397217,0.608384370803833,no difference
telco,0.1,lr,adasyn@1.0,roc_auc,-0.0023776517538331987,0.16,25,0.002255260944366455,0.01353156566619873,worse
telco,0.1,lr,adasyn@1.0,pr_auc,-0.02123534813410699,0.12,25,2.562999725341797e-06,2.0503997802734375e-05,worse
telco,0.1,lr,adasyn@1.0,f1,0.2492314889067095,1.0,25,5.960464477539063e-08,5.960464477539062e-07,better
telco,0.1,lr,adasyn@1.0,mcc,0.1594367312162159,1.0,25,5.960464477539063e-08,5.960464477539062e-07,better
telco,0.1,lr,adasyn@1.0,brier,-0.10087016493514361,0.0,25,5.960464477539063e-08,5.364418029785156e-07,worse
telco,0.1,lr,adasyn@1.0,prec_at_top,-0.017391304347826098,0.2,25,0.003561288441139279,0.02615005718543889,worse
telco,0.1,lr,adasyn@1.0,empc,-0.0016515774004286499,0.48,25,0.39571136236190796,1.0,no difference
telco,0.1,lr,class_weight,roc_auc,-0.000723236060886312,0.36,25,0.09573346376419067,0.19146692752838135,no difference
telco,0.1,lr,class_weight,pr_auc,-0.010759936596541897,0.08,25,6.556510925292969e-06,4.589557647705078e-05,worse
telco,0.1,lr,class_weight,f1,0.26267446393762184,1.0,25,5.960464477539063e-08,5.960464477539062e-07,better
telco,0.1,lr,class_weight,mcc,0.1649793476297507,1.0,25,5.960464477539063e-08,5.960464477539062e-07,better
telco,0.1,lr,class_weight,brier,-0.09720743885883061,0.0,25,5.960464477539063e-08,5.364418029785156e-07,worse
telco,0.1,lr,class_weight,prec_at_top,-0.008695652173913049,0.12,25,0.0032687571481798613,0.02615005718543889,worse
telco,0.1,lr,class_weight,empc,0.0015849886123613377,0.56,25,0.8531995415687561,1.0,no difference
telco,0.1,lr,dirichlet@1.0,roc_auc,-0.005612266330602855,0.12,25,1.5079975128173828e-05,0.00012063980102539062,worse
telco,0.1,lr,dirichlet@1.0,pr_auc,-0.0215555278021205,0.12,25,0.000102996826171875,0.000308990478515625,worse
telco,0.1,lr,dirichlet@1.0,f1,0.27878856155767096,1.0,25,5.960464477539063e-08,5.960464477539062e-07,better
telco,0.1,lr,dirichlet@1.0,mcc,0.1715145322908455,1.0,25,5.960464477539063e-08,5.960464477539062e-07,better
telco,0.1,lr,dirichlet@1.0,brier,-0.079323170822345,0.0,25,5.960464477539063e-08,5.364418029785156e-07,worse
telco,0.1,lr,dirichlet@1.0,prec_at_top,-0.008695652173913104,0.2,25,0.003864290527428802,0.02615005718543889,worse
telco,0.1,lr,dirichlet@1.0,empc,-0.06555373915559048,0.24,25,0.01597297191619873,0.12778377532958984,no difference
telco,0.1,lr,easy_ensemble,roc_auc,-0.0002688510817054901,0.44,25,0.09795493784485819,0.19146692752838135,no difference
telco,0.1,lr,easy_ensemble,pr_auc,-0.01268276478838476,0.08,25,8.165836334228516e-06,4.8995018005371094e-05,worse
telco,0.1,lr,easy_ensemble,f1,0.2555225343913723,1.0,25,5.960464477539063e-08,5.960464477539062e-07,better
telco,0.1,lr,easy_ensemble,mcc,0.1628118022114,1.0,25,5.960464477539063e-08,5.960464477539062e-07,better
telco,0.1,lr,easy_ensemble,brier,-0.09970345331311219,0.0,25,5.960464477539063e-08,5.364418029785156e-07,worse
telco,0.1,lr,easy_ensemble,prec_at_top,-0.008695652173912993,0.24,25,0.03455309871212107,0.10365929613636321,no difference
telco,0.1,lr,easy_ensemble,empc,0.0007014081951459694,0.52,25,0.5601714849472046,1.0,no difference
telco,0.1,lr,ros@1.0,roc_auc,-0.0012434362528879195,0.28,25,0.02027493715286255,0.0810997486114502,no difference
telco,0.1,lr,ros@1.0,pr_auc,-0.013452216442810583,0.24,25,0.0001398921012878418,0.000308990478515625,worse
telco,0.1,lr,ros@1.0,f1,0.25629764406939176,1.0,25,5.960464477539063e-08,5.960464477539062e-07,better
telco,0.1,lr,ros@1.0,mcc,0.16970252575129924,1.0,25,5.960464477539063e-08,5.960464477539062e-07,better
telco,0.1,lr,ros@1.0,brier,-0.0979472905534947,0.0,25,5.960464477539063e-08,5.364418029785156e-07,worse
telco,0.1,lr,ros@1.0,prec_at_top,-0.008695652173913104,0.2,25,0.08154246067393249,0.11781982456811856,no difference
telco,0.1,lr,ros@1.0,empc,-0.005483955826466325,0.48,25,0.9158032536506653,1.0,no difference
telco,0.1,lr,rus@1.0,roc_auc,-0.005116572148708198,0.12,25,6.556510925292969e-06,5.900859832763672e-05,worse
telco,0.1,lr,rus@1.0,pr_auc,-0.021421141054244197,0.16,25,2.2113323211669922e-05,0.00011056661605834961,worse
telco,0.1,lr,rus@1.0,f1,0.25487719298245615,1.0,25,5.960464477539063e-08,5.960464477539062e-07,better
telco,0.1,lr,rus@1.0,mcc,0.1650839141665026,1.0,25,5.960464477539063e-08,5.960464477539062e-07,better
telco,0.1,lr,rus@1.0,brier,-0.10008756004964629,0.0,25,5.960464477539063e-08,5.364418029785156e-07,worse
telco,0.1,lr,rus@1.0,prec_at_top,-0.017391304347825987,0.16,25,0.004010000794609624,0.02615005718543889,worse
telco,0.1,lr,rus@1.0,empc,-0.06723143364161377,0.12,25,1.9669532775878906e-06,1.7702579498291016e-05,worse
telco,0.1,lr,smote@0.5,roc_auc,-0.0016062568328989446,0.28,25,0.03180783987045288,0.09542351961135864,no difference
telco,0.1,lr,smote@0.5,pr_auc,-0.005969909411740304,0.2,25,0.006129205226898193,0.006129205226898193,worse
telco,0.1,lr,smote@0.5,f1,0.32170894774850334,1.0,25,5.960464477539063e-08,5.960464477539062e-07,better
telco,0.1,lr,smote@0.5,mcc,0.1969905056363293,1.0,25,5.960464477539063e-08,5.960464477539062e-07,better
telco,0.1,lr,smote@0.5,brier,-0.0394554935932282,0.0,25,5.960464477539063e-08,5.364418029785156e-07,worse
telco,0.1,lr,smote@0.5,prec_at_top,-0.008695652173913049,0.24,25,0.05890991228405928,0.11781982456811856,no difference
telco,0.1,lr,smote@0.5,empc,0.004510079051356808,0.6,25,0.8119303584098816,1.0,no difference
telco,0.1,lr,smote@1.0,roc_auc,-0.0012098298676748165,0.2,25,0.003419220447540283,0.017096102237701416,worse
telco,0.1,lr,smote@1.0,pr_auc,-0.01296040701469131,0.12,25,7.49826431274414e-05,0.0002999305725097656,worse
telco,0.1,lr,smote@1.0,f1,0.2649593696133958,1.0,25,5.960464477539063e-08,5.960464477539062e-07,better
telco,0.1,lr,smote@1.0,mcc,0.1696196556866872,1.0,25,5.960464477539063e-08,5.960464477539062e-07,better
telco,0.1,lr,smote@1.0,brier,-0.0899319830065143,0.0,25,5.960464477539063e-08,5.364418029785156e-07,worse
telco,0.1,lr,smote@1.0,prec_at_top,-0.008695652173913049,0.16,25,0.0008094026109157256,0.007284623498241531,worse
telco,0.1,lr,smote@1.0,empc,0.0006669466557638337,0.52,25,0.9158032536506653,1.0,no difference
telco,0.1,lr,smote_enn@1.0,roc_auc,-0.003612686410417898,0.16,25,6.365776062011719e-05,0.0004456043243408203,worse
telco,0.1,lr,smote_enn@1.0,pr_auc,-0.029994097122651275,0.04,25,1.1920928955078125e-07,1.0728836059570312e-06,worse
telco,0.1,lr,smote_enn@1.0,f1,0.23014994743540082,1.0,25,5.960464477539063e-08,5.960464477539062e-07,better
telco,0.1,lr,smote_enn@1.0,mcc,0.1416245567675467,1.0,25,5.960464477539063e-08,5.960464477539062e-07,better
telco,0.1,lr,smote_enn@1.0,brier,-0.1667347136271567,0.0,25,5.960464477539063e-08,5.364418029785156e-07,worse
telco,0.1,lr,smote_enn@1.0,prec_at_top,-0.008695652173912993,0.16,25,0.012069579645230543,0.04827831858092217,worse
telco,0.1,lr,smote_enn@1.0,empc,-0.015559525675911345,0.4,25,0.10731470584869385,0.7512029409408569,no difference
telco,0.1,lr,threshold,roc_auc,0.0,0.0,25,,,no difference
telco,0.1,lr,threshold,pr_auc,0.0,0.0,25,,,no difference
telco,0.1,lr,threshold,f1,0.3153236595657096,1.0,25,5.960464477539063e-08,5.960464477539062e-07,better
telco,0.1,lr,threshold,mcc,0.18666750307953028,1.0,25,5.960464477539063e-08,5.960464477539062e-07,better
telco,0.1,lr,threshold,brier,0.0,0.0,25,,,no difference
telco,0.1,lr,threshold,prec_at_top,0.0,0.0,25,,,no difference
telco,0.1,lr,threshold,empc,0.0,0.0,25,,,no difference
telco,0.1,rf,adasyn@1.0,roc_auc,-0.003183079640063813,0.28,25,0.017312347888946533,0.1038740873336792,no difference
telco,0.1,rf,adasyn@1.0,pr_auc,-0.04310919851829553,0.0,25,5.960464477539063e-08,5.960464477539062e-07,worse
telco,0.1,rf,adasyn@1.0,f1,0.11794871794871803,1.0,25,5.960464477539063e-08,5.960464477539062e-07,better
telco,0.1,rf,adasyn@1.0,mcc,0.032146639703785895,0.84,25,0.00021690130233764648,0.00043380260467529297,better
telco,0.1,rf,adasyn@1.0,brier,-0.014051094234448697,0.0,25,5.960464477539063e-08,5.960464477539062e-07,worse
telco,0.1,rf,adasyn@1.0,prec_at_top,-0.017391304347826098,0.2,25,0.002223377246786848,0.02223377246786848,worse
telco,0.1,rf,adasyn@1.0,empc,-0.022743532305400826,0.36,25,0.0709836483001709,0.4259018898010254,no difference
telco,0.1,rf,class_weight,roc_auc,0.0037177063642092056,0.76,25,0.0027848482131958008,0.022278785705566406,better
telco,0.1,rf,class_weight,pr_auc,-0.0025654104897587793,0.4,25,0.312333345413208,0.5042078495025635,no difference
telco,0.1,rf,class_weight,f1,0.1390013495276653,1.0,25,5.960464477539063e-08,5.960464477539062e-07,better
telco,0.1,rf,class_weight,mcc,0.07087050255818689,0.96,25,1.1920928955078125e-07,7.152557373046875e-07,better
telco,0.1,rf,class_weight,brier,-0.010409538858022593,0.0,25,5.960464477539063e-08,5.960464477539062e-07,worse
telco,0.1,rf,class_weight,prec_at_top,0.0,0.36,25,0.4554889687789071,1.0,no difference
telco,0.1,rf,class_weight,empc,0.05739454703055724,0.76,25,0.0003764033317565918,0.003387629985809326,better
telco,0.1,rf,dirichlet@1.0,roc_auc,-0.0040915773997061144,0.2,25,0.005578815937042236,0.039051711559295654,worse
telco,0.1,rf,dirichlet@1.0,pr_auc,-0.0347738196625097,0.08,25,4.172325134277344e-07,2.5033950805664062e-06,worse
telco,0.1,rf,dirichlet@1.0,f1,-0.022723889853634383,0.28,25,0.006129205226898193,0.006129205226898193,worse
telco,0.1,rf,dirichlet@1.0,mcc,-0.04237958808732359,0.16,25,0.00028705596923828125,0.00043380260467529297,worse
telco,0.1,rf,dirichlet@1.0,brier,-0.0021998667070785016,0.08,25,2.980232238769531e-07,5.960464477539062e-07,worse
telco,0.1,rf,dirichlet@1.0,prec_at_top,-0.008695652173912993,0.28,25,0.11115521680044892,0.5557760840022445,no difference
telco,0.1,rf,dirichlet@1.0,empc,-0.04132399991101465,0.28,25,0.14091521501541138,0.7045760750770569,no difference
telco,0.1,rf,easy_ensemble,roc_auc,0.013635790800251901,0.96,25,1.1920928955078125e-07,1.1920928955078125e-06,better
telco,0.1,rf,easy_ensemble,pr_auc,0.00958760676369802,0.76,25,0.0009118914604187012,0.0036475658416748047,better
telco,0.1,rf,easy_ensemble,f1,0.137835902061172,1.0,25,5.960464477539063e-08,5.960464477539062e-07,better
telco,0.1,rf,easy_ensemble,mcc,0.09193457589633061,1.0,25,5.960464477539063e-08,5.960464477539062e-07,better
telco,0.1,rf,easy_ensemble,brier,-0.09637578922647098,0.0,25,5.960464477539063e-08,5.960464477539062e-07,worse
telco,0.1,rf,easy_ensemble,prec_at_top,0.008695652173912993,0.6,25,0.05181233122832817,0.310873987369969,no difference
telco,0.1,rf,easy_ensemble,empc,0.1953452522893735,1.0,25,5.960464477539063e-08,5.960464477539062e-07,better
telco,0.1,rf,ros@1.0,roc_auc,-0.004579093432007464,0.2,25,0.000102996826171875,0.000926971435546875,worse
telco,0.1,rf,ros@1.0,pr_auc,-0.02170229461190304,0.04,25,1.1920928955078125e-07,9.5367431640625e-07,worse
telco,0.1,rf,ros@1.0,f1,0.1635278858625162,1.0,25,5.960464477539063e-08,5.960464477539062e-07,better
telco,0.1,rf,ros@1.0,mcc,0.05643315294437329,0.96,25,1.1920928955078125e-07,7.152557373046875e-07,better
telco,0.1,rf,ros@1.0,brier,-0.020293734099268393,0.0,25,5.960464477539063e-08,5.960464477539062e-07,worse
telco,0.1,rf,ros@1.0,prec_at_top,-0.017391304347826098,0.2,25,0.00323917966808295,0.0259134373446636,worse
telco,0.1,rf,ros@1.0,empc,-0.05380222574502769,0.2,25,0.0010271072387695312,0.00821685791015625,worse
telco,0.1,rf,rus@1.0,roc_auc,0.0038227263180006243,0.72,25,0.05875152349472046,0.23500609397888184,no difference
telco,0.1,rf,rus@1.0,pr_auc,-0.01686338884844052,0.32,25,0.01597297191619873,0.04791891574859619,worse
telco,0.1,rf,rus@1.0,f1,0.12803906719243727,1.0,25,5.960464477539063e-08,5.960464477539062e-07,better
telco,0.1,rf,rus@1.0,mcc,0.08285834538255901,1.0,25,5.960464477539063e-08,5.960464477539062e-07,better
telco,0.1,rf,rus@1.0,brier,-0.09922946627203069,0.0,25,5.960464477539063e-08,5.960464477539062e-07,worse
telco,0.1,rf,rus@1.0,prec_at_top,0.0,0.44,25,0.6478297319216024,1.0,no difference
telco,0.1,rf,rus@1.0,empc,0.027084469379214493,0.56,25,0.2002161741256714,0.8008646965026855,no difference
telco,0.1,rf,smote@0.5,roc_auc,-0.001722327242176136,0.36,25,0.13364005088806152,0.40092015266418457,no difference
telco,0.1,rf,smote@0.5,pr_auc,-0.029452711958572686,0.04,25,1.7881393432617188e-07,1.2516975402832031e-06,worse
telco,0.1,rf,smote@0.5,f1,0.1232323232323232,1.0,25,5.960464477539063e-08,5.960464477539062e-07,better
telco,0.1,rf,smote@0.5,mcc,0.036888285377634084,0.92,25,5.960464477539062e-07,2.384185791015625e-06,better
telco,0.1,rf,smote@0.5,brier,-0.008374302207429907,0.0,25,5.960464477539063e-08,5.960464477539062e-07,worse
telco,0.1,rf,smote@0.5,prec_at_top,-0.017391304347826098,0.2,25,0.01621532837364436,0.11350729861551051,no difference
telco,0.1,rf,smote@0.5,empc,-0.007796840736410626,0.4,25,0.9578450322151184,1.0,no difference
telco,0.1,rf,smote@1.0,roc_auc,-0.00035286704473858066,0.44,25,0.3665854334831238,0.650783896446228,no difference
telco,0.1,rf,smote@1.0,pr_auc,-0.03506231909069579,0.0,25,5.960464477539063e-08,5.960464477539062e-07,worse
telco,0.1,rf,smote@1.0,f1,0.12185430463576163,1.0,25,5.960464477539063e-08,5.960464477539062e-07,better
telco,0.1,rf,smote@1.0,mcc,0.04882819917230932,0.92,25,1.9669532775878906e-06,5.900859832763672e-06,better
telco,0.1,rf,smote@1.0,brier,-0.014268662281784195,0.0,25,5.960464477539063e-08,5.960464477539062e-07,worse
telco,0.1,rf,smote@1.0,prec_at_top,-0.017391304347826098,0.24,25,0.002721087508485456,0.024489787576369104,worse
telco,0.1,rf,smote@1.0,empc,-0.019037423724074465,0.44,25,0.4107651710510254,1.0,no difference
telco,0.1,rf,smote_enn@1.0,roc_auc,0.0032682209619827596,0.64,25,0.03933870792388916,0.1966935396194458,no difference
telco,0.1,rf,smote_enn@1.0,pr_auc,-0.0395061595677329,0.12,25,2.562999725341797e-06,1.2814998626708984e-05,worse
telco,0.1,rf,smote_enn@1.0,f1,0.17780562018972618,1.0,25,5.960464477539063e-08,5.960464477539062e-07,better
telco,0.1,rf,smote_enn@1.0,mcc,0.1089208777078994,1.0,25,5.960464477539063e-08,5.960464477539062e-07,better
telco,0.1,rf,smote_enn@1.0,brier,-0.06713777901319071,0.0,25,5.960464477539063e-08,5.960464477539062e-07,worse
telco,0.1,rf,smote_enn@1.0,prec_at_top,-0.008695652173912993,0.28,25,0.27030061392602445,1.0,no difference
telco,0.1,rf,smote_enn@1.0,empc,0.07551736909602469,0.6,25,0.018744707107543945,0.13121294975280762,no difference
telco,0.1,rf,threshold,roc_auc,-8.401596303286851e-05,0.44,25,0.325391948223114,0.650783896446228,no difference
telco,0.1,rf,threshold,pr_auc,0.0010948715129678321,0.56,25,0.25210392475128174,0.5042078495025635,no difference
telco,0.1,rf,threshold,f1,0.15699221444762002,1.0,25,5.960464477539063e-08,5.960464477539062e-07,better
telco,0.1,rf,threshold,mcc,0.0843411134678016,1.0,25,5.960464477539063e-08,5.960464477539062e-07,better
telco,0.1,rf,threshold,brier,2.5148752709008848e-05,0.52,25,0.6915188431739807,0.6915188431739807,no difference
telco,0.1,rf,threshold,prec_at_top,0.0,0.48,25,0.32942224016585075,1.0,no difference
telco,0.1,rf,threshold,empc,-0.004540323993002637,0.48,25,0.7309892177581787,1.0,no difference
telco,0.1,xgb,adasyn@1.0,roc_auc,0.002688510817055234,0.68,25,0.09573346376419067,0.574400782585144,no difference
telco,0.1,xgb,adasyn@1.0,pr_auc,-0.01592086559022521,0.12,25,0.0010271072387695312,0.00821685791015625,worse
telco,0.1,xgb,adasyn@1.0,f1,0.07500364803735587,1.0,25,5.960464477539063e-08,5.960464477539062e-07,better
telco,0.1,xgb,adasyn@1.0,mcc,0.035930090506025525,0.88,25,4.172325134277344e-06,2.294778823852539e-05,better
telco,0.1,xgb,adasyn@1.0,brier,-0.0048392734766394,0.0,25,5.960464477539063e-08,5.960464477539062e-07,worse
telco,0.1,xgb,adasyn@1.0,prec_at_top,0.0,0.44,25,0.6247268241192921,1.0,no difference
telco,0.1,xgb,adasyn@1.0,empc,0.011604861818764078,0.56,25,0.39571136236190796,1.0,no difference
telco,0.1,xgb,class_weight,roc_auc,0.0003444654484353604,0.52,25,0.507703959941864,1.0,no difference
telco,0.1,xgb,class_weight,pr_auc,0.007632664903913733,0.8,25,0.001625359058380127,0.011377513408660889,better
telco,0.1,xgb,class_weight,f1,0.13715925394548062,1.0,25,5.960464477539063e-08,5.960464477539062e-07,better
telco,0.1,xgb,class_weight,mcc,0.08219457104708058,0.92,25,1.9669532775878906e-06,1.5735626220703125e-05,better
telco,0.1,xgb,class_weight,brier,-0.035571664318804194,0.0,25,5.960464477539063e-08,5.960464477539062e-07,worse
telco,0.1,xgb,class_weight,prec_at_top,0.0,0.4,25,0.7074423391444483,1.0,no difference
telco,0.1,xgb,class_weight,empc,0.05144106063374121,0.76,25,0.0050716400146484375,0.03550148010253906,better
telco,0.1,xgb,dirichlet@1.0,roc_auc,-0.00036967023734502114,0.44,25,0.8739878535270691,1.0,no difference
telco,0.1,xgb,dirichlet@1.0,pr_auc,-0.0046741149090128165,0.24,25,0.036682069301605225,0.1467282772064209,no difference
telco,0.1,xgb,dirichlet@1.0,f1,0.01022816679779709,0.68,25,0.007880604073348726,0.007880604073348726,better
telco,0.1,xgb,dirichlet@1.0,mcc,0.00043057055736128724,0.56,25,0.27760541836356367,0.27760541836356367,no difference
telco,0.1,xgb,dirichlet@1.0,brier,-0.0008152399140822914,0.24,25,0.011453330516815186,0.02290666103363037,worse
telco,0.1,xgb,dirichlet@1.0,prec_at_top,0.008695652173913049,0.56,25,0.16534001508750873,0.9920400905250524,no difference
telco,0.1,xgb,dirichlet@1.0,empc,0.018433726554260677,0.6,25,0.7309892177581787,1.0,no difference
telco,0.1,xgb,easy_ensemble,roc_auc,0.0066562946766460795,1.0,25,5.960464477539063e-08,5.960464477539062e-07,better
telco,0.1,xgb,easy_ensemble,pr_auc,0.007622104054024026,0.64,25,0.017312347888946533,0.08656173944473267,no difference
telco,0.1,xgb,easy_ensemble,f1,0.09239355105415459,0.96,25,1.1920928955078125e-07,5.960464477539062e-07,better
telco,0.1,xgb,easy_ensemble,mcc,0.07288107596913251,0.92,25,3.2782554626464844e-06,2.294778823852539e-05,better
telco,0.1,xgb,easy_ensemble,brier,-0.10280313038763371,0.0,25,5.960464477539063e-08,5.960464477539062e-07,worse
telco,0.1,xgb,easy_ensemble,prec_at_top,0.017391304347826098,0.72,25,0.0104115486768351,0.09370393809151589,no difference
telco,0.1,xgb,easy_ensemble,empc,0.13468468818232426,0.84,25,7.49826431274414e-05,0.0006748437881469727,better
telco,0.1,xgb,ros@1.0,roc_auc,-0.0005881117412308567,0.48,25,0.978915274143219,1.0,no difference
telco,0.1,xgb,ros@1.0,pr_auc,0.009791263595215705,0.88,25,0.000102996826171875,0.000926971435546875,better
telco,0.1,xgb,ros@1.0,f1,0.1367638650657519,1.0,25,5.960464477539063e-08,5.960464477539062e-07,better
telco,0.1,xgb,ros@1.0,mcc,0.07825125771968838,0.92,25,4.172325134277344e-07,3.7550926208496094e-06,better
telco,0.1,xgb,ros@1.0,brier,-0.0347390809774495,0.0,25,5.960464477539063e-08,5.960464477539062e-07,worse
telco,0.1,xgb,ros@1.0,prec_at_top,0.0,0.44,25,0.5696174286143433,1.0,no difference
telco,0.1,xgb,ros@1.0,empc,0.015499629105301782,0.56,25,0.5249125957489014,1.0,no difference
telco,0.1,xgb,rus@1.0,roc_auc,-0.013308128544423647,0.16,25,5.245208740234375e-06,4.7206878662109375e-05,worse
telco,0.1,xgb,rus@1.0,pr_auc,-0.04429271959837777,0.04,25,1.1920928955078125e-07,1.1920928955078125e-06,worse
telco,0.1,xgb,rus@1.0,f1,0.0881914072549525,0.96,25,1.1920928955078125e-07,5.960464477539062e-07,better
telco,0.1,xgb,rus@1.0,mcc,0.05203496761579729,0.8,25,0.00018787384033203125,0.0003757476806640625,better
telco,0.1,xgb,rus@1.0,brier,-0.1195542706738672,0.0,25,5.960464477539063e-08,5.960464477539062e-07,worse
telco,0.1,xgb,rus@1.0,prec_at_top,-0.017391304347826153,0.12,25,0.0008215853256487265,0.008215853256487266,worse
telco,0.1,xgb,rus@1.0,empc,-0.1324960153737842,0.12,25,1.8298625946044922e-05,0.00018298625946044922,worse
telco,0.1,xgb,smote@0.5,roc_auc,0.002890149128334296,0.68,25,0.02027493715286255,0.14192456007003784,no difference
telco,0.1,xgb,smote@0.5,pr_auc,-0.0031910624893354833,0.4,25,0.4107651710510254,1.0,no difference
telco,0.1,xgb,smote@0.5,f1,0.07088989441930621,1.0,25,5.960464477539063e-08,5.960464477539062e-07,better
telco,0.1,xgb,smote@0.5,mcc,0.037044451870311385,0.92,25,3.2782554626464844e-06,2.294778823852539e-05,better
telco,0.1,xgb,smote@0.5,brier,-0.0026628644800554963,0.12,25,6.556510925292969e-06,1.9669532775878906e-05,worse
telco,0.1,xgb,smote@0.5,prec_at_top,0.0,0.4,25,0.25877192102571167,1.0,no difference
telco,0.1,xgb,smote@0.5,empc,0.03960338924828344,0.64,25,0.14847958087921143,0.8908774852752686,no difference
telco,0.1,xgb,smote@1.0,roc_auc,0.0028985507246376274,0.6,25,0.10731470584869385,0.574400782585144,no difference
telco,0.1,xgb,smote@1.0,pr_auc,-0.011369971502930787,0.24,25,0.0037809014320373535,0.02268540859222412,worse
telco,0.1,xgb,smote@1.0,f1,0.07804878048780486,1.0,25,5.960464477539063e-08,5.960464477539062e-07,better
telco,0.1,xgb,smote@1.0,mcc,0.0297442462278405,0.88,25,1.0073184967041016e-05,3.266334533691406e-05,better
telco,0.1,xgb,smote@1.0,brier,-0.0054349405409316875,0.0,25,5.960464477539063e-08,5.960464477539062e-07,worse
telco,0.1,xgb,smote@1.0,prec_at_top,0.0,0.4,25,0.4187353341703791,1.0,no difference
telco,0.1,xgb,smote@1.0,empc,0.016665891971333613,0.52,25,0.49078595638275146,1.0,no difference
telco,0.1,xgb,smote_enn@1.0,roc_auc,0.009279563116992295,0.8,25,0.00032907724380493164,0.002632617950439453,better
telco,0.1,xgb,smote_enn@1.0,pr_auc,0.005424102946838594,0.56,25,0.49078595638275146,1.0,no difference
telco,0.1,xgb,smote_enn@1.0,f1,0.14693157038524102,1.0,25,5.960464477539063e-08,5.960464477539062e-07,better
telco,0.1,xgb,smote_enn@1.0,mcc,0.1021951461910579,0.96,25,1.7881393432617188e-07,1.7881393432617188e-06,better
telco,0.1,xgb,smote_enn@1.0,brier,-0.06030493673118072,0.0,25,5.960464477539063e-08,5.960464477539062e-07,worse
telco,0.1,xgb,smote_enn@1.0,prec_at_top,0.008695652173913104,0.6,25,0.015467477418817141,0.12373981935053713,no difference
telco,0.1,xgb,smote_enn@1.0,empc,0.18002926587862111,0.8,25,0.0004894733428955078,0.0039157867431640625,better
telco,0.1,xgb,threshold,roc_auc,0.0010165931526989747,0.56,25,0.8531995415687561,1.0,no difference
telco,0.1,xgb,threshold,pr_auc,0.0028284239851220083,0.6,25,0.4107651710510254,1.0,no difference
telco,0.1,xgb,threshold,f1,0.10702721624223338,1.0,25,5.960464477539063e-08,5.960464477539062e-07,better
telco,0.1,xgb,threshold,mcc,0.06068710150136081,0.96,25,8.165836334228516e-06,3.266334533691406e-05,better
telco,0.1,xgb,threshold,brier,0.00015777783181429583,0.56,25,0.6528410911560059,0.6528410911560059,no difference
telco,0.1,xgb,threshold,prec_at_top,-0.008695652173913049,0.32,25,0.1235247644096397,0.864673350867478,no difference
telco,0.1,xgb,threshold,empc,0.024283867758260858,0.72,25,0.17295855283737183,0.8908774852752686,no difference
telco,natural,hgb,adasyn@1.0,roc_auc,-0.0012368703941150194,0.36,25,0.3665854334831238,1.0,no difference
telco,natural,hgb,adasyn@1.0,pr_auc,-0.006418036019606443,0.36,25,0.07547956705093384,0.452877402305603,no difference
telco,natural,hgb,adasyn@1.0,f1,0.016749184881053036,0.92,25,2.2113323211669922e-05,6.633996963500977e-05,better
telco,natural,hgb,adasyn@1.0,mcc,-0.0009672255331669155,0.48,25,0.5249125957489014,1.0,no difference
telco,natural,hgb,adasyn@1.0,brier,-0.0029633203942913966,0.12,25,1.5079975128173828e-05,4.5239925384521484e-05,worse
telco,natural,hgb,adasyn@1.0,prec_at_top,-0.014184397163120588,0.28,25,0.039591763236690364,0.23755057942014218,no difference
telco,natural,hgb,adasyn@1.0,empc,0.07414157253456999,0.68,25,0.05157625675201416,0.3610337972640991,no difference
telco,natural,hgb,class_weight,roc_auc,0.0018677826861969171,0.72,25,0.02027493715286255,0.12164962291717529,no difference
telco,natural,hgb,class_weight,pr_auc,0.003847252100978138,0.64,25,0.0067255496978759766,0.047078847885131836,better
telco,natural,hgb,class_weight,f1,0.03929884484926116,1.0,25,5.960464477539063e-08,5.960464477539062e-07,better
telco,natural,hgb,class_weight,mcc,0.010851157400822375,0.76,25,0.0014527440071105957,0.01016920804977417,better
telco,natural,hgb,class_weight,brier,-0.01629240633305029,0.0,25,5.960464477539063e-08,5.364418029785156e-07,worse
telco,natural,hgb,class_weight,prec_at_top,0.0,0.4,25,1.0,1.0,no difference
telco,natural,hgb,class_weight,empc,-0.005001298223101358,0.44,25,0.8948604464530945,1.0,no difference
telco,natural,hgb,dirichlet@1.0,roc_auc,0.0001743780516159088,0.52,25,0.7111607789993286,1.0,no difference
telco,natural,hgb,dirichlet@1.0,pr_auc,-0.00236040698673623,0.44,25,0.4418373703956604,1.0,no difference
telco,natural,hgb,dirichlet@1.0,f1,-0.002071846282372669,0.44,25,0.7914759516716003,0.7914759516716003,no difference
telco,natural,hgb,dirichlet@1.0,mcc,-0.00533740448036113,0.4,25,0.6720751523971558,1.0,no difference
telco,natural,hgb,dirichlet@1.0,brier,-0.0007956615599309103,0.28,25,0.017312347888946533,0.02493298053741455,worse
telco,natural,hgb,dirichlet@1.0,prec_at_top,-0.007092198581560294,0.12,25,0.0015810364463230144,0.012648291570584115,worse
telco,natural,hgb,dirichlet@1.0,empc,0.03398878304703601,0.64,25,0.15633821487426758,0.8454912900924683,no difference
telco,natural,hgb,easy_ensemble,roc_auc,0.0038051179677075497,0.96,25,1.7881393432617188e-07,1.6093254089355469e-06,better
telco,natural,hgb,easy_ensemble,pr_auc,0.00520536543974448,0.92,25,1.5079975128173828e-05,0.00012063980102539062,better
telco,natural,hgb,easy_ensemble,f1,0.043754489584164724,1.0,25,5.960464477539063e-08,5.960464477539062e-07,better
telco,natural,hgb,easy_ensemble,mcc,0.012150834885144901,0.76,25,0.0001398921012878418,0.001398921012878418,better
telco,natural,hgb,easy_ensemble,brier,-0.027946991842410424,0.0,25,5.960464477539063e-08,5.364418029785156e-07,worse
telco,natural,hgb,easy_ensemble,prec_at_top,-0.007092198581560294,0.24,25,0.060817914450984126,0.29186618068662495,no difference
telco,natural,hgb,easy_ensemble,empc,0.11877832379711606,0.8,25,8.803606033325195e-05,0.0007923245429992676,better
telco,natural,hgb,ros@1.0,roc_auc,0.0002015035263116527,0.52,25,0.5782062411308289,1.0,no difference
telco,natural,hgb,ros@1.0,pr_auc,-0.0006154491352295954,0.48,25,0.4741646647453308,1.0,no difference
telco,natural,hgb,ros@1.0,f1,0.04158705023313092,1.0,25,5.960464477539063e-08,5.960464477539062e-07,better
telco,natural,hgb,ros@1.0,mcc,0.018023317576068176,0.72,25,0.0006313323974609375,0.0050506591796875,better
telco,natural,hgb,ros@1.0,brier,-0.014534729578830896,0.0,25,5.960464477539063e-08,5.364418029785156e-07,worse
telco,natural,hgb,ros@1.0,prec_at_top,-0.007092198581560294,0.32,25,0.2128357102903713,0.4256714205807426,no difference
telco,natural,hgb,ros@1.0,empc,0.020542468062643593,0.56,25,0.42614197731018066,1.0,no difference
telco,natural,hgb,rus@1.0,roc_auc,-0.005961145986721261,0.16,25,6.365776062011719e-05,0.0005092620849609375,worse
telco,natural,hgb,rus@1.0,pr_auc,-0.01956205930453514,0.08,25,4.172325134277344e-06,3.7550926208496094e-05,worse
telco,natural,hgb,rus@1.0,f1,0.034060284026835363,0.96,25,1.1920928955078125e-07,5.960464477539062e-07,better
telco,natural,hgb,rus@1.0,mcc,0.0053530737145189855,0.56,25,0.39571136236190796,1.0,no difference
telco,natural,hgb,rus@1.0,brier,-0.03621295534375901,0.0,25,5.960464477539063e-08,5.364418029785156e-07,worse
telco,natural,hgb,rus@1.0,prec_at_top,-0.03546099290780147,0.04,25,2.484290088332679e-05,0.0002235861079499411,worse
telco,natural,hgb,rus@1.0,empc,-0.02039343926944781,0.4,25,0.2872292995452881,1.0,no difference
telco,natural,hgb,smote@0.5,roc_auc,-7.491797773140352e-05,0.48,25,0.6720751523971558,1.0,no difference
telco,natural,hgb,smote@0.5,pr_auc,-9.728283399212945e-05,0.48,25,0.6720751523971558,1.0,no difference
telco,natural,hgb,smote@0.5,f1,0.008720569709074977,0.88,25,5.3882598876953125e-05,0.00010776519775390625,better
telco,natural,hgb,smote@0.5,mcc,0.004129720980655782,0.6,25,0.08513903617858887,0.42569518089294434,no difference
telco,natural,hgb,smote@0.5,brier,-0.0012470071577175001,0.24,25,0.012466490268707275,0.02493298053741455,worse
telco,natural,hgb,smote@0.5,prec_at_top,-0.007092198581560183,0.28,25,0.05837323613732499,0.29186618068662495,no difference
telco,natural,hgb,smote@0.5,empc,0.02533295801244506,0.64,25,0.14091521501541138,0.8454912900924683,no difference
telco,natural,hgb,smote@1.0,roc_auc,-0.0007796816515780458,0.4,25,0.5249125957489014,1.0,no difference
telco,natural,hgb,smote@1.0,pr_auc,-0.005602451327046509,0.36,25,0.14847958087921143,0.7423979043960571,no difference
telco,natural,hgb,smote@1.0,f1,0.01507223550520198,0.88,25,1.4901161193847656e-06,5.9604644775390625e-06,better
telco,natural,hgb,smote@1.0,mcc,-0.0009672255331669155,0.44,25,0.312333345413208,1.0,no difference
telco,natural,hgb,smote@1.0,brier,-0.004205367859396902,0.12,25,8.344650268554688e-07,3.337860107421875e-06,worse
telco,natural,hgb,smote@1.0,prec_at_top,-0.007092198581560294,0.28,25,0.07890313753126443,0.29186618068662495,no difference
telco,natural,hgb,smote@1.0,empc,0.011546089409749882,0.56,25,0.4418373703956604,1.0,no difference
telco,natural,hgb,smote_enn@1.0,roc_auc,0.004092071611253467,0.72,25,0.005578815937042236,0.039051711559295654,better
telco,natural,hgb,smote_enn@1.0,pr_auc,-0.0038420275292433415,0.4,25,0.507703959941864,1.0,no difference
telco,natural,hgb,smote_enn@1.0,f1,0.04844779605784888,1.0,25,5.960464477539063e-08,5.960464477539062e-07,better
telco,natural,hgb,smote_enn@1.0,mcc,0.020841669337670288,0.76,25,0.00021690130233764648,0.0019521117210388184,better
telco,natural,hgb,smote_enn@1.0,brier,-0.0733193171328003,0.0,25,5.960464477539063e-08,5.364418029785156e-07,worse
telco,natural,hgb,smote_enn@1.0,prec_at_top,-0.021276595744680882,0.16,25,0.00208483234683349,0.014593826427834428,worse
telco,natural,hgb,smote_enn@1.0,empc,0.10958187988290469,0.72,25,0.0003764033317565918,0.0030112266540527344,better
telco,natural,hgb,threshold,roc_auc,0.0,0.0,25,,,no difference
telco,natural,hgb,threshold,pr_auc,0.0,0.0,25,,,no difference
telco,natural,hgb,threshold,f1,0.03410770212179404,1.0,25,5.960464477539063e-08,5.960464477539062e-07,better
telco,natural,hgb,threshold,mcc,0.009312869324546558,0.76,25,0.0030878782272338867,0.01852726936340332,better
telco,natural,hgb,threshold,brier,0.0,0.0,25,,,no difference
telco,natural,hgb,threshold,prec_at_top,0.0,0.0,25,,,no difference
telco,natural,hgb,threshold,empc,0.0,0.0,25,,,no difference
telco,natural,lgbm,adasyn@1.0,roc_auc,-0.0015551938825597578,0.36,25,0.04512268304824829,0.23603224754333496,no difference
telco,natural,lgbm,adasyn@1.0,pr_auc,-0.0038261443897201763,0.28,25,0.2996123433113098,0.5992246866226196,no difference
telco,natural,lgbm,adasyn@1.0,f1,0.018313745923310032,0.84,25,1.8298625946044922e-05,7.319450378417969e-05,better
telco,natural,lgbm,adasyn@1.0,mcc,0.005003317504582883,0.6,25,0.33878785371780396,1.0,no difference
telco,natural,lgbm,adasyn@1.0,brier,-0.0025586080777690035,0.12,25,4.5418739318847656e-05,0.00018167495727539062,worse
telco,natural,lgbm,adasyn@1.0,prec_at_top,0.0,0.44,25,0.9220210144973527,1.0,no difference
telco,natural,lgbm,adasyn@1.0,empc,-0.0028821335347402055,0.48,25,0.6528410911560059,1.0,no difference
telco,natural,lgbm,class_weight,roc_auc,0.0005760934149678931,0.6,25,0.10731470584869385,0.32194411754608154,no difference
telco,natural,lgbm,class_weight,pr_auc,0.0054173895182667575,0.76,25,0.004604637622833252,0.04144173860549927,better
telco,natural,lgbm,class_weight,f1,0.04210526315789476,1.0,25,5.960464477539063e-08,5.960464477539062e-07,better
telco,natural,lgbm,class_weight,mcc,0.016615153276271277,0.76,25,0.0010271072387695312,0.00821685791015625,better
telco,natural,lgbm,class_weight,brier,-0.013374792878603492,0.0,25,5.960464477539063e-08,5.960464477539062e-07,worse
telco,natural,lgbm,class_weight,prec_at_top,0.007092198581560294,0.56,25,0.0994503588804523,0.8950532299240707,no difference
telco,natural,lgbm,class_weight,empc,0.009720629647610224,0.6,25,0.2002161741256714,1.0,no difference
telco,natural,lgbm,dirichlet@1.0,roc_auc,-0.0012193546720400406,0.24,25,0.01597297191619873,0.11181080341339111,no difference
telco,natural,lgbm,dirichlet@1.0,pr_auc,-0.0035167355169333225,0.28,25,0.0709836483001709,0.3549182415008545,no difference
telco,natural,lgbm,dirichlet@1.0,f1,-0.0008516074089844894,0.48,25,0.6528410911560059,0.6528410911560059,no difference
telco,natural,lgbm,dirichlet@1.0,mcc,-0.005294575915721134,0.36,25,0.4107651710510254,1.0,no difference
telco,natural,lgbm,dirichlet@1.0,brier,-0.0015616240826594185,0.12,25,3.1948089599609375e-05,0.00015974044799804688,worse
telco,natural,lgbm,dirichlet@1.0,prec_at_top,0.0,0.4,25,0.5993890290602054,1.0,no difference
telco,natural,lgbm,dirichlet@1.0,empc,-0.007298102741101431,0.48,25,0.9158032536506653,1.0,no difference
telco,natural,lgbm,easy_ensemble,roc_auc,0.003420393190214255,0.92,25,3.2782554626464844e-06,2.950429916381836e-05,better
telco,natural,lgbm,easy_ensemble,pr_auc,0.0028911252671113274,0.64,25,0.012466490268707275,0.0997319221496582,no difference
telco,natural,lgbm,easy_ensemble,f1,0.04369915968895066,1.0,25,5.960464477539063e-08,5.960464477539062e-07,better
telco,natural,lgbm,easy_ensemble,mcc,0.01641419653473908,0.84,25,0.0002498030662536621,0.002248227596282959,better
telco,natural,lgbm,easy_ensemble,brier,-0.029621631599295095,0.0,25,5.960464477539063e-08,5.960464477539062e-07,worse
telco,natural,lgbm,easy_ensemble,prec_at_top,0.0,0.44,25,0.9162760402220441,1.0,no difference
telco,natural,lgbm,easy_ensemble,empc,0.04370332674849742,0.84,25,0.0002498030662536621,0.002248227596282959,better
telco,natural,lgbm,ros@1.0,roc_auc,0.0011883541295305555,0.64,25,0.04826241731643677,0.23603224754333496,no difference
telco,natural,lgbm,ros@1.0,pr_auc,0.003628292575376779,0.68,25,0.04826241731643677,0.2895745038986206,no difference
telco,natural,lgbm,ros@1.0,f1,0.03801169590643272,1.0,25,5.960464477539063e-08,5.960464477539062e-07,better
telco,natural,lgbm,ros@1.0,mcc,0.016306746169076125,0.76,25,0.0037809014320373535,0.026466310024261475,better
telco,natural,lgbm,ros@1.0,brier,-0.010619883161875704,0.0,25,5.960464477539063e-08,5.960464477539062e-07,worse
telco,natural,lgbm,ros@1.0,prec_at_top,0.007092198581560183,0.52,25,0.26982902639977346,1.0,no difference
telco,natural,lgbm,ros@1.0,empc,0.04734395785385459,0.68,25,0.04826241731643677,0.3378369212150574,no difference
telco,natural,lgbm,rus@1.0,roc_auc,-0.006547440498970936,0.04,25,2.980232238769531e-07,2.9802322387695312e-06,worse
telco,natural,lgbm,rus@1.0,pr_auc,-0.017729036854061797,0.08,25,1.4901161193847656e-06,1.4901161193847656e-05,worse
telco,natural,lgbm,rus@1.0,f1,0.03614744867018971,1.0,25,5.960464477539063e-08,5.960464477539062e-07,better
telco,natural,lgbm,rus@1.0,mcc,0.0009955980759289718,0.56,25,0.5964998602867126,1.0,no difference
telco,natural,lgbm,rus@1.0,brier,-0.0376342704471718,0.0,25,5.960464477539063e-08,5.960464477539062e-07,worse
telco,natural,lgbm,rus@1.0,prec_at_top,-0.021276595744680882,0.32,25,0.008617344157659036,0.08617344157659036,no difference
telco,natural,lgbm,rus@1.0,empc,-0.0882677917536725,0.16,25,0.001625359058380127,0.013002872467041016,worse
telco,natural,lgbm,smote@0.5,roc_auc,-0.0003035469787388001,0.44,25,0.25210392475128174,0.5042078495025635,no difference
telco,natural,lgbm,smote@0.5,pr_auc,-0.0019429422756257475,0.36,25,0.13364005088806152,0.4539659023284912,no difference
telco,natural,lgbm,smote@0.5,f1,0.014408202150342442,0.88,25,0.0007149577140808105,0.001429915428161621,better
telco,natural,lgbm,smote@0.5,mcc,0.010618201829292795,0.68,25,0.0626264214515686,0.3757585287094116,no difference
telco,natural,lgbm,smote@0.5,brier,-0.0007895600952884108,0.32,25,0.003419220447540283,0.006838440895080566,worse
telco,natural,lgbm,smote@0.5,prec_at_top,0.0,0.36,25,0.3846306161170351,1.0,no difference
telco,natural,lgbm,smote@0.5,empc,-0.022813708745578865,0.36,25,0.2872292995452881,1.0,no difference
telco,natural,lgbm,smote@1.0,roc_auc,0.0003280890748921239,0.52,25,0.6338268518447876,0.6338268518447876,no difference
telco,natural,lgbm,smote@1.0,pr_auc,0.0004518608367608534,0.52,25,0.8531995415687561,0.8531995415687561,no difference
telco,natural,lgbm,smote@1.0,f1,0.016322360173784634,0.8,25,7.49826431274414e-05,0.00022494792938232422,better
telco,natural,lgbm,smote@1.0,mcc,0.0006864790958154843,0.52,25,0.5424043536186218,1.0,no difference
telco,natural,lgbm,smote@1.0,brier,-0.0025645153148262934,0.2,25,4.5418739318847656e-05,0.00018167495727539062,worse
telco,natural,lgbm,smote@1.0,prec_at_top,-0.007092198581560294,0.36,25,0.5016725958038157,1.0,no difference
telco,natural,lgbm,smote@1.0,empc,0.032501102248811975,0.68,25,0.07547956705093384,0.452877402305603,no difference
telco,natural,lgbm,smote_enn@1.0,roc_auc,0.007601248526764248,0.84,25,3.814697265625e-05,0.00030517578125,better
telco,natural,lgbm,smote_enn@1.0,pr_auc,0.004182081303491181,0.68,25,0.1134914755821228,0.4539659023284912,no difference
telco,natural,lgbm,smote_enn@1.0,f1,0.051405899603243044,1.0,25,5.960464477539063e-08,5.960464477539062e-07,better
telco,natural,lgbm,smote_enn@1.0,mcc,0.0248037263347497,0.84,25,1.5079975128173828e-05,0.00015079975128173828,better
telco,natural,lgbm,smote_enn@1.0,brier,-0.07579715492640249,0.0,25,5.960464477539063e-08,5.960464477539062e-07,worse
telco,natural,lgbm,smote_enn@1.0,prec_at_top,0.007092198581560294,0.52,25,0.935567972694301,1.0,no difference
telco,natural,lgbm,smote_enn@1.0,empc,0.14059324795115202,0.88,25,8.165836334228516e-06,8.165836334228516e-05,better
telco,natural,lgbm,threshold,roc_auc,-0.00048309178743954906,0.32,25,0.03933870792388916,0.23603224754333496,no difference
telco,natural,lgbm,threshold,pr_auc,-0.0032514176039871723,0.28,25,0.029578447341918945,0.20704913139343262,no difference
telco,natural,lgbm,threshold,f1,0.03665209713913564,1.0,25,5.960464477539063e-08,5.960464477539062e-07,better
telco,natural,lgbm,threshold,mcc,0.008539956465086151,0.72,25,0.18172985315322876,0.9086492657661438,no difference
telco,natural,lgbm,threshold,brier,-0.000228851253886303,0.32,25,0.08513903617858887,0.08513903617858887,no difference
telco,natural,lgbm,threshold,prec_at_top,-0.007092198581560294,0.28,25,0.24552521453099374,1.0,no difference
telco,natural,lgbm,threshold,empc,0.014857939538703846,0.6,25,0.2872292995452881,1.0,no difference
telco,natural,lr,adasyn@1.0,roc_auc,-0.0014013547292484052,0.24,25,0.001625359058380127,0.011377513408660889,worse
telco,natural,lr,adasyn@1.0,pr_auc,-0.0029686152885838313,0.36,25,0.0709836483001709,0.2839345932006836,no difference
telco,natural,lr,adasyn@1.0,f1,0.01788081345946868,0.88,25,5.3882598876953125e-05,0.00010776519775390625,better
telco,natural,lr,adasyn@1.0,mcc,-0.007527708703026492,0.4,25,0.09031611680984497,0.8128450512886047,no difference
telco,natural,lr,adasyn@1.0,brier,-0.03792640730478758,0.0,25,5.960464477539063e-08,5.364418029785156e-07,worse
telco,natural,lr,adasyn@1.0,prec_at_top,-0.007092198581560294,0.24,25,0.06784528788614375,0.54276230308915,no difference
telco,natural,lr,adasyn@1.0,empc,0.008042696858799658,0.64,25,0.6720751523971558,1.0,no difference
telco,natural,lr,class_weight,roc_auc,-0.00020667028339660387,0.48,25,0.4107651710510254,0.8215303421020508,no difference
telco,natural,lr,class_weight,pr_auc,-0.0016661881053254834,0.2,25,0.00016230344772338867,0.000973820686340332,worse
telco,natural,lr,class_weight,f1,0.02593746858349255,0.92,25,5.960464477539062e-07,2.9802322387695312e-06,better
telco,natural,lr,class_weight,mcc,0.0049489225159364825,0.6,25,0.457846462726593,1.0,no difference
telco,natural,lr,class_weight,brier,-0.029770913184484382,0.0,25,5.960464477539063e-08,5.364418029785156e-07,worse
telco,natural,lr,class_weight,prec_at_top,0.0,0.4,25,0.5128160359018643,1.0,no difference
telco,natural,lr,class_weight,empc,-0.0003787549622078501,0.48,25,0.6338268518447876,1.0,no difference
telco,natural,lr,dirichlet@1.0,roc_auc,-0.002226872303598637,0.16,25,0.0007149577140808105,0.005719661712646484,worse
telco,natural,lr,dirichlet@1.0,pr_auc,-0.0018535774633799962,0.44,25,0.23036134243011475,0.5451895594596863,no difference
telco,natural,lr,dirichlet@1.0,f1,0.028267876769051292,0.96,25,1.1920928955078125e-07,1.1920928955078125e-06,better
telco,natural,lr,dirichlet@1.0,mcc,-0.00041090695552359335,0.48,25,0.4107651710510254,1.0,no difference
telco,natural,lr,dirichlet@1.0,brier,-0.024277433509649393,0.0,25,5.960464477539063e-08,5.364418029785156e-07,worse
telco,natural,lr,dirichlet@1.0,prec_at_top,-0.007092198581560294,0.36,25,0.09026243747132565,0.6318370622992795,no difference
telco,natural,lr,dirichlet@1.0,empc,-0.039166236998916304,0.28,25,0.013554692268371582,0.10843753814697266,no difference
telco,natural,lr,easy_ensemble,roc_auc,-0.0003108365388351242,0.36,25,0.04215019941329956,0.16860079765319824,no difference
telco,natural,lr,easy_ensemble,pr_auc,-0.0018643322712352806,0.08,25,8.165836334228516e-06,6.532669067382812e-05,worse
telco,natural,lr,easy_ensemble,f1,0.025833745193667657,0.92,25,5.960464477539062e-07,2.9802322387695312e-06,better
telco,natural,lr,easy_ensemble,mcc,0.0017634160545940691,0.56,25,0.5249125957489014,1.0,no difference
telco,natural,lr,easy_ensemble,brier,-0.030893025329264606,0.0,25,5.960464477539063e-08,5.364418029785156e-07,worse
telco,natural,lr,easy_ensemble,prec_at_top,0.0,0.28,25,0.6161575026322024,1.0,no difference
telco,natural,lr,easy_ensemble,empc,-0.008702108629830008,0.4,25,0.8531995415687561,1.0,no difference
telco,natural,lr,ros@1.0,roc_auc,-0.00048697724417523514,0.32,25,0.04215019941329956,0.16860079765319824,no difference
telco,natural,lr,ros@1.0,pr_auc,-0.0021733737637450457,0.2,25,0.002025127410888672,0.01012563705444336,worse
telco,natural,lr,ros@1.0,f1,0.03126407357368033,0.96,25,4.172325134277344e-07,2.9206275939941406e-06,better
telco,natural,lr,ros@1.0,mcc,0.004776357409429444,0.6,25,0.507703959941864,1.0,no difference
telco,natural,lr,ros@1.0,brier,-0.029823391280516087,0.0,25,5.960464477539063e-08,5.364418029785156e-07,worse
telco,natural,lr,ros@1.0,prec_at_top,0.0,0.44,25,0.7036973669150904,1.0,no difference
telco,natural,lr,ros@1.0,empc,-0.00624205507515363,0.44,25,0.2996123433113098,1.0,no difference
telco,natural,lr,rus@1.0,roc_auc,-0.0011780206153608752,0.24,25,0.002507925033569336,0.015047550201416016,worse
telco,natural,lr,rus@1.0,pr_auc,-0.004693031127604219,0.24,25,0.00012022256851196289,0.0008415579795837402,worse
telco,natural,lr,rus@1.0,f1,0.02833259379922992,0.92,25,5.960464477539062e-07,2.9802322387695312e-06,better
telco,natural,lr,rus@1.0,mcc,0.0034942789614156866,0.52,25,0.936802864074707,1.0,no difference
telco,natural,lr,rus@1.0,brier,-0.030874445852321797,0.0,25,5.960464477539063e-08,5.364418029785156e-07,worse
telco,natural,lr,rus@1.0,prec_at_top,-0.007092198581560294,0.28,25,0.11005337589445495,0.6603202553667297,no difference
telco,natural,lr,rus@1.0,empc,-0.03608770701081987,0.32,25,0.0801958441734314,0.5613709092140198,no difference
telco,natural,lr,smote@0.5,roc_auc,0.00014246674696616335,0.52,25,0.8739878535270691,0.8739878535270691,no difference
telco,natural,lr,smote@0.5,pr_auc,-8.833878286496066e-05,0.44,25,0.4741646647453308,0.5451895594596863,no difference
telco,natural,lr,smote@0.5,f1,0.025222175201015662,0.92,25,4.172325134277344e-07,2.9206275939941406e-06,better
telco,natural,lr,smote@0.5,mcc,0.0038934090975790148,0.64,25,0.12664812803268433,1.0,no difference
telco,natural,lr,smote@0.5,brier,-0.0030213372512170045,0.0,25,5.960464477539063e-08,5.364418029785156e-07,worse
telco,natural,lr,smote@0.5,prec_at_top,0.007092198581560183,0.52,25,0.6667013036895455,1.0,no difference
telco,natural,lr,smote@0.5,empc,0.00807919962961634,0.6,25,0.4107651710510254,1.0,no difference
telco,natural,lr,smote@1.0,roc_auc,-0.0008481676475760036,0.24,25,0.014722049236297607,0.07361024618148804,no difference
telco,natural,lr,smote@1.0,pr_auc,-0.0017682847938673696,0.36,25,0.18172985315322876,0.5451895594596863,no difference
telco,natural,lr,smote@1.0,f1,0.029500250067325817,0.96,25,1.1920928955078125e-07,1.1920928955078125e-06,better
telco,natural,lr,smote@1.0,mcc,0.007543157866592987,0.64,25,0.23036134243011475,1.0,no difference
telco,natural,lr,smote@1.0,brier,-0.027419447282342885,0.0,25,5.960464477539063e-08,5.364418029785156e-07,worse
telco,natural,lr,smote@1.0,prec_at_top,0.0,0.44,25,1.0,1.0,no difference
telco,natural,lr,smote@1.0,empc,-0.006942898384824758,0.4,25,0.7509929537773132,1.0,no difference
telco,natural,lr,smote_enn@1.0,roc_auc,-0.003391976026247301,0.0,25,5.960464477539063e-08,5.364418029785156e-07,worse
telco,natural,lr,smote_enn@1.0,pr_auc,-0.010568967410319763,0.0,25,5.960464477539063e-08,5.364418029785156e-07,worse
telco,natural,lr,smote_enn@1.0,f1,0.007936905663239568,0.68,25,0.02550506591796875,0.02550506591796875,better
telco,natural,lr,smote_enn@1.0,mcc,-0.0272388823548535,0.08,25,4.172325134277344e-06,4.172325134277344e-05,worse
telco,natural,lr,smote_enn@1.0,brier,-0.09270190516515228,0.0,25,5.960464477539063e-08,5.364418029785156e-07,worse
telco,natural,lr,smote_enn@1.0,prec_at_top,-0.014184397163120588,0.16,25,0.003087674516813503,0.027789070651321527,worse
telco,natural,lr,smote_enn@1.0,empc,-0.07735670887860024,0.16,25,1.233816146850586e-05,0.00011104345321655273,worse
telco,natural,lr,threshold,roc_auc,0.0,0.0,25,,,no difference
telco,natural,lr,threshold,pr_auc,0.0,0.0,25,,,no difference
telco,natural,lr,threshold,f1,0.034265752228301305,0.96,25,1.7881393432617188e-07,1.430511474609375e-06,better
telco,natural,lr,threshold,mcc,0.01107778869990178,0.64,25,0.14091521501541138,1.0,no difference
telco,natural,lr,threshold,brier,0.0,0.0,25,,,no difference
telco,natural,lr,threshold,prec_at_top,0.0,0.0,25,,,no difference
telco,natural,lr,threshold,empc,0.0,0.0,25,,,no difference
telco,natural,rf,adasyn@1.0,roc_auc,-0.005833268748869802,0.0,25,5.960464477539063e-08,5.960464477539062e-07,worse
telco,natural,rf,adasyn@1.0,pr_auc,-0.018271176995502625,0.0,25,5.960464477539063e-08,5.960464477539062e-07,worse
telco,natural,rf,adasyn@1.0,f1,0.03282225486595669,1.0,25,5.960464477539063e-08,5.960464477539062e-07,better
telco,natural,rf,adasyn@1.0,mcc,0.004910121293576486,0.68,25,0.04512268304824829,0.04512268304824829,better
telco,natural,rf,adasyn@1.0,brier,-0.009013626030239003,0.0,25,5.960464477539063e-08,5.960464477539062e-07,worse
telco,natural,rf,adasyn@1.0,prec_at_top,-0.021276595744680882,0.12,25,0.0003906941047032722,0.0027348587329229057,worse
telco,natural,rf,adasyn@1.0,empc,-0.04893142234616299,0.28,25,0.00963503122329712,0.057810187339782715,no difference
telco,natural,rf,class_weight,roc_auc,0.0004649596560075686,0.6,25,0.04512268304824829,0.18049073219299316,no difference
telco,natural,rf,class_weight,pr_auc,-0.00265364739526186,0.32,25,0.0801958441734314,0.2405875325202942,no difference
telco,natural,rf,class_weight,f1,0.047649969078540466,1.0,25,5.960464477539063e-08,5.960464477539062e-07,better
telco,natural,rf,class_weight,mcc,0.022655528980461137,0.88,25,1.8298625946044922e-05,0.00014638900756835938,better
telco,natural,rf,class_weight,brier,-0.005560259183158306,0.0,25,5.960464477539063e-08,5.960464477539062e-07,worse
telco,natural,rf,class_weight,prec_at_top,0.0,0.28,25,0.7191868060533826,1.0,no difference
telco,natural,rf,class_weight,empc,0.04187403311330762,0.64,25,0.013554692268371582,0.06777346134185791,no difference
telco,natural,rf,dirichlet@1.0,roc_auc,-0.0024464594797076744,0.12,25,0.00025270232942459816,0.0012635116471229908,worse
telco,natural,rf,dirichlet@1.0,pr_auc,-0.01997730422417876,0.0,25,5.960464477539063e-08,5.960464477539062e-07,worse
telco,natural,rf,dirichlet@1.0,f1,0.004838999820111489,0.68,25,0.055070459842681885,0.055070459842681885,no difference
telco,natural,rf,dirichlet@1.0,mcc,-0.006181967670726707,0.24,25,0.021908342838287354,0.04381668567657471,worse
telco,natural,rf,dirichlet@1.0,brier,-0.002638374132425403,0.0,25,5.960464477539063e-08,5.960464477539062e-07,worse
telco,natural,rf,dirichlet@1.0,prec_at_top,-0.014184397163120588,0.16,25,9.215896806326961e-05,0.0007372717445061569,worse
telco,natural,rf,dirichlet@1.0,empc,0.005327362681434522,0.56,25,0.5249125957489014,1.0,no difference
telco,natural,rf,easy_ensemble,roc_auc,0.0063861117569556924,1.0,25,5.960464477539063e-08,5.960464477539062e-07,better
telco,natural,rf,easy_ensemble,pr_auc,0.005194016143634461,0.88,25,1.233816146850586e-05,6.16908073425293e-05,better
telco,natural,rf,easy_ensemble,f1,0.06117827914877472,1.0,25,5.960464477539063e-08,5.960464477539062e-07,better
telco,natural,rf,easy_ensemble,mcc,0.0306121628773095,0.88,25,5.245208740234375e-06,5.245208740234375e-05,better
telco,natural,rf,easy_ensemble,brier,-0.027517839854164505,0.0,25,5.960464477539063e-08,5.960464477539062e-07,worse
telco,natural,rf,easy_ensemble,prec_at_top,0.0,0.36,25,0.827117491945429,1.0,no difference
telco,natural,rf,easy_ensemble,empc,0.12425807868219607,1.0,25,5.960464477539063e-08,5.960464477539062e-07,better
telco,natural,rf,ros@1.0,roc_auc,-0.00511714652057349,0.0,25,5.960464477539063e-08,5.960464477539062e-07,worse
telco,natural,rf,ros@1.0,pr_auc,-0.01215475034854363,0.0,25,5.960464477539063e-08,5.960464477539062e-07,worse
telco,natural,rf,ros@1.0,f1,0.04022042204841825,1.0,25,5.960464477539063e-08,5.960464477539062e-07,better
telco,natural,rf,ros@1.0,mcc,0.006105584246115792,0.84,25,0.001625359058380127,0.006501436233520508,better
telco,natural,rf,ros@1.0,brier,-0.011996301431406203,0.0,25,5.960464477539063e-08,5.960464477539062e-07,worse
telco,natural,rf,ros@1.0,prec_at_top,-0.014184397163120588,0.12,25,0.0010747775549644811,0.006448665329786886,worse
telco,natural,rf,ros@1.0,empc,-0.059385281692920344,0.32,25,0.0012963414192199707,0.009074389934539795,worse
telco,natural,rf,rus@1.0,roc_auc,0.0025915996425379673,0.8,25,0.000102996826171875,0.00061798095703125,better
telco,natural,rf,rus@1.0,pr_auc,-0.00023259190413227326,0.44,25,0.312333345413208,0.624666690826416,no difference
telco,natural,rf,rus@1.0,f1,0.06193565305544846,1.0,25,5.960464477539063e-08,5.960464477539062e-07,better
telco,natural,rf,rus@1.0,mcc,0.028283710130402095,0.88,25,1.5079975128173828e-05,0.00013571977615356445,better
telco,natural,rf,rus@1.0,brier,-0.02957050711775211,0.0,25,5.960464477539063e-08,5.960464477539062e-07,worse
telco,natural,rf,rus@1.0,prec_at_top,-0.007092198581560294,0.24,25,0.007475514905728239,0.0373775745286412,worse
telco,natural,rf,rus@1.0,empc,0.09629522358424758,0.88,25,8.344650268554688e-07,7.510185241699219e-06,better
telco,natural,rf,smote@0.5,roc_auc,-0.00012916892712278027,0.48,25,0.5424043536186218,0.8988370299339294,no difference
telco,natural,rf,smote@0.5,pr_auc,-0.0024487875377634527,0.24,25,0.00963503122329712,0.03854012489318848,worse
telco,natural,rf,smote@0.5,f1,0.019026608564600145,1.0,25,5.960464477539063e-08,5.960464477539062e-07,better
telco,natural,rf,smote@0.5,mcc,0.007544034953233303,0.76,25,0.005578815937042236,0.01673644781112671,better
telco,natural,rf,smote@0.5,brier,-0.0011905276492160943,0.08,25,4.172325134277344e-07,8.344650268554688e-07,worse
telco,natural,rf,smote@0.5,prec_at_top,-0.007092198581560294,0.36,25,0.12101752872005765,0.4840701148802306,no difference
telco,natural,rf,smote@0.5,empc,0.023874745894087113,0.6,25,0.0626264214515686,0.2505056858062744,no difference
telco,natural,rf,smote@1.0,roc_auc,-0.003694231315714558,0.08,25,4.172325134277344e-06,2.9206275939941406e-05,worse
telco,natural,rf,smote@1.0,pr_auc,-0.01748589597170991,0.0,25,5.960464477539063e-08,5.960464477539062e-07,worse
telco,natural,rf,smote@1.0,f1,0.03766338071350517,1.0,25,5.960464477539063e-08,5.960464477539062e-07,better
telco,natural,rf,smote@1.0,mcc,0.015215192310828907,0.84,25,0.0010271072387695312,0.005135536193847656,better
telco,natural,rf,smote@1.0,brier,-0.007568282889539701,0.0,25,5.960464477539063e-08,5.960464477539062e-07,worse
telco,natural,rf,smote@1.0,prec_at_top,-0.014184397163120588,0.08,25,7.627962539657771e-05,0.0006865166285691994,worse
telco,natural,rf,smote@1.0,empc,-0.005854237798393669,0.44,25,0.457846462726593,1.0,no difference
telco,natural,rf,smote_enn@1.0,roc_auc,0.0002611735744061372,0.52,25,0.4107651710510254,0.8988370299339294,no difference
telco,natural,rf,smote_enn@1.0,pr_auc,-0.022675767388317003,0.04,25,1.1920928955078125e-07,7.152557373046875e-07,worse
telco,natural,rf,smote_enn@1.0,f1,0.052294170789931815,1.0,25,5.960464477539063e-08,5.960464477539062e-07,better
telco,natural,rf,smote_enn@1.0,mcc,0.017024173468806914,0.84,25,0.0006313323974609375,0.003787994384765625,better
telco,natural,rf,smote_enn@1.0,brier,-0.058867277073001295,0.0,25,5.960464477539063e-08,5.960464477539062e-07,worse
telco,natural,rf,smote_enn@1.0,prec_at_top,-0.028368794326241176,0.04,25,4.3509086368408844e-05,0.00043509086368408845,worse
telco,natural,rf,smote_enn@1.0,empc,0.0859078945470877,0.92,25,2.562999725341797e-06,2.0503997802734375e-05,better
telco,natural,rf,threshold,roc_auc,-0.0006497197034281976,0.36,25,0.2996123433113098,0.8988370299339294,no difference
telco,natural,rf,threshold,pr_auc,-0.0007604432230817748,0.36,25,0.5601714849472046,0.624666690826416,no difference
telco,natural,rf,threshold,f1,0.052171378606820196,1.0,25,5.960464477539063e-08,5.960464477539062e-07,better
telco,natural,rf,threshold,mcc,0.019365511622245923,0.88,25,8.803606033325195e-05,0.0006162524223327637,better
telco,natural,rf,threshold,brier,-0.0001191455804258057,0.4,25,0.23036134243011475,0.23036134243011475,no difference
telco,natural,rf,threshold,prec_at_top,0.0,0.36,25,0.9513972797569382,1.0,no difference
telco,natural,rf,threshold,empc,-0.005874363844919017,0.44,25,0.6915188431739807,1.0,no difference
telco,natural,xgb,adasyn@1.0,roc_auc,0.0012981477175851852,0.56,25,0.7711594104766846,1.0,no difference
telco,natural,xgb,adasyn@1.0,pr_auc,0.0005700003278169552,0.56,25,0.6338268518447876,1.0,no difference
telco,natural,xgb,adasyn@1.0,f1,0.02244939724986117,0.96,25,1.7881393432617188e-07,5.960464477539062e-07,better
telco,natural,xgb,adasyn@1.0,mcc,0.010917605465344926,0.68,25,0.006129205226898193,0.01838761568069458,better
telco,natural,xgb,adasyn@1.0,brier,-0.002087918245385817,0.16,25,6.365776062011719e-05,0.00025463104248046875,worse
telco,natural,xgb,adasyn@1.0,prec_at_top,0.0,0.32,25,0.6132153628437327,1.0,no difference
telco,natural,xgb,adasyn@1.0,empc,0.04886004846705028,0.64,25,0.12664812803268433,0.8865368962287903,no difference
telco,natural,xgb,class_weight,roc_auc,-7.499043225522861e-05,0.48,25,0.8325093984603882,1.0,no difference
telco,natural,xgb,class_weight,pr_auc,0.0011184954228374844,0.64,25,0.0801958441734314,0.6038365364074707,no difference
telco,natural,xgb,class_weight,f1,0.04603994022551283,1.0,25,5.960464477539063e-08,5.960464477539062e-07,better
telco,natural,xgb,class_weight,mcc,0.020288358456416022,0.72,25,0.0006313323974609375,0.0031566619873046875,better
telco,natural,xgb,class_weight,brier,-0.017579910099505602,0.0,25,5.960464477539063e-08,5.960464477539062e-07,worse
telco,natural,xgb,class_weight,prec_at_top,0.0,0.44,25,0.5360704310962296,1.0,no difference
telco,natural,xgb,class_weight,empc,-0.004203325651319645,0.44,25,0.5601714849472046,1.0,no difference
telco,natural,xgb,dirichlet@1.0,roc_auc,-0.0003526311710452257,0.44,25,0.7111607789993286,1.0,no difference
telco,natural,xgb,dirichlet@1.0,pr_auc,-0.0018145236755572336,0.4,25,0.936802864074707,1.0,no difference
telco,natural,xgb,dirichlet@1.0,f1,0.01326042319951204,0.88,25,2.664327621459961e-05,2.664327621459961e-05,better
telco,natural,xgb,dirichlet@1.0,mcc,0.0076641045655665985,0.68,25,0.006129205226898193,0.01838761568069458,better
telco,natural,xgb,dirichlet@1.0,brier,-0.0013012506443310923,0.36,25,0.017312347888946533,0.0519370436668396,no difference
telco,natural,xgb,dirichlet@1.0,prec_at_top,-0.014184397163120588,0.28,25,0.12839287619930334,1.0,no difference
telco,natural,xgb,dirichlet@1.0,empc,-0.010671083764128397,0.44,25,0.8325093984603882,1.0,no difference
telco,natural,xgb,easy_ensemble,roc_auc,0.002343124338009428,0.84,25,4.5418739318847656e-05,0.0004087686538696289,better
telco,natural,xgb,easy_ensemble,pr_auc,0.003204710248943976,0.8,25,0.017312347888946533,0.1558111310005188,no difference
telco,natural,xgb,easy_ensemble,f1,0.04676770105645789,1.0,25,5.960464477539063e-08,5.960464477539062e-07,better
telco,natural,xgb,easy_ensemble,mcc,0.0196740110446309,0.72,25,0.0003764033317565918,0.0026348233222961426,better
telco,natural,xgb,easy_ensemble,brier,-0.028959436202521394,0.0,25,5.960464477539063e-08,5.960464477539062e-07,worse
telco,natural,xgb,easy_ensemble,prec_at_top,0.0,0.44,25,0.9164547181641189,1.0,no difference
telco,natural,xgb,easy_ensemble,empc,0.05940476409276485,0.84,25,7.49826431274414e-05,0.0007498264312744141,better
telco,natural,xgb,ros@1.0,roc_auc,-0.00032938076416322293,0.44,25,0.978915274143219,1.0,no difference
telco,natural,xgb,ros@1.0,pr_auc,7.41425754050562e-05,0.52,25,0.8119303584098816,1.0,no difference
telco,natural,xgb,ros@1.0,f1,0.040791864826199564,1.0,25,5.960464477539063e-08,5.960464477539062e-07,better
telco,natural,xgb,ros@1.0,mcc,0.015618029784954801,0.76,25,0.000429689884185791,0.0026348233222961426,better
telco,natural,xgb,ros@1.0,brier,-0.01593579677606649,0.0,25,5.960464477539063e-08,5.960464477539062e-07,worse
telco,natural,xgb,ros@1.0,prec_at_top,0.007092198581560294,0.56,25,0.23051230876947526,1.0,no difference
telco,natural,xgb,ros@1.0,empc,0.024562612619202895,0.56,25,0.3665854334831238,1.0,no difference
telco,natural,xgb,rus@1.0,roc_auc,-0.007356170399648754,0.08,25,5.960464477539062e-07,5.9604644775390625e-06,worse
telco,natural,xgb,rus@1.0,pr_auc,-0.019077566436343507,0.08,25,4.172325134277344e-07,4.172325134277344e-06,worse
telco,natural,xgb,rus@1.0,f1,0.032573580065087815,1.0,25,5.960464477539063e-08,5.960464477539062e-07,better
telco,natural,xgb,rus@1.0,mcc,0.00036875186215701294,0.52,25,0.615043044090271,0.615043044090271,no difference
telco,natural,xgb,rus@1.0,brier,-0.036098312831787605,0.0,25,5.960464477539063e-08,5.960464477539062e-07,worse
telco,natural,xgb,rus@1.0,prec_at_top,-0.021276595744680882,0.16,25,0.0020966998669285004,0.020966998669285003,worse
telco,natural,xgb,rus@1.0,empc,-0.06342213364351856,0.32,25,0.007370948791503906,0.05896759033203125,no difference
telco,natural,xgb,smote@0.5,roc_auc,0.0005179673977627752,0.6,25,0.3665854334831238,1.0,no difference
telco,natural,xgb,smote@0.5,pr_auc,0.0003257467104974543,0.56,25,0.2996123433113098,1.0,no difference
telco,natural,xgb,smote@0.5,f1,0.015804089876293892,0.88,25,1.9669532775878906e-06,3.933906555175781e-06,better
telco,natural,xgb,smote@0.5,mcc,0.013238438174650202,0.72,25,0.003419220447540283,0.013676881790161133,better
telco,natural,xgb,smote@0.5,brier,-0.000270469909152693,0.28,25,0.17295855283737183,0.28183043003082275,no difference
telco,natural,xgb,smote@0.5,prec_at_top,-0.007092198581560294,0.32,25,0.19468303401734344,1.0,no difference
telco,natural,xgb,smote@0.5,empc,0.0442794042922543,0.72,25,0.13364005088806152,0.8865368962287903,no difference
telco,natural,xgb,smote@1.0,roc_auc,0.0016326952388334703,0.56,25,0.14847958087921143,1.0,no difference
telco,natural,xgb,smote@1.0,pr_auc,0.003852208920392841,0.6,25,0.20993918180465698,1.0,no difference
telco,natural,xgb,smote@1.0,f1,0.031008659478402034,1.0,25,5.960464477539063e-08,5.960464477539062e-07,better
telco,natural,xgb,smote@1.0,mcc,0.02199723484708782,0.76,25,0.000102996826171875,0.000823974609375,better
telco,natural,xgb,smote@1.0,brier,-0.0023716721528715123,0.12,25,8.344650268554688e-07,4.172325134277344e-06,worse
telco,natural,xgb,smote@1.0,prec_at_top,-0.007092198581560294,0.32,25,0.20761325064649594,1.0,no difference
telco,natural,xgb,smote@1.0,empc,0.01532165454961465,0.64,25,0.14847958087921143,0.8865368962287903,no difference
telco,natural,xgb,smote_enn@1.0,roc_auc,0.0029657185667418817,0.68,25,0.09573346376419067,0.7658677101135254,no difference
telco,natural,xgb,smote_enn@1.0,pr_auc,-0.007821984617788713,0.4,25,0.07547956705093384,0.6038365364074707,no difference
telco,natural,xgb,smote_enn@1.0,f1,0.05071707012641635,1.0,25,5.960464477539063e-08,5.960464477539062e-07,better
telco,natural,xgb,smote_enn@1.0,mcc,0.02665745082174731,0.88,25,1.5079975128173828e-05,0.00015079975128173828,better
telco,natural,xgb,smote_enn@1.0,brier,-0.06914977699520011,0.0,25,5.960464477539063e-08,5.960464477539062e-07,worse
telco,natural,xgb,smote_enn@1.0,prec_at_top,-0.021276595744680882,0.28,25,0.006597536316160938,0.05937782684544844,no difference
telco,natural,xgb,smote_enn@1.0,empc,0.10352921737901077,0.8,25,0.002507925033569336,0.022571325302124023,better
telco,natural,xgb,threshold,roc_auc,-0.0011274423608022,0.4,25,0.21998637914657593,1.0,no difference
telco,natural,xgb,threshold,pr_auc,-0.00043844307022145035,0.44,25,0.7111607789993286,1.0,no difference
telco,natural,xgb,threshold,f1,0.03912343470483004,1.0,25,5.960464477539063e-08,5.960464477539062e-07,better
telco,natural,xgb,threshold,mcc,0.015951790668286003,0.84,25,7.49826431274414e-05,0.0006748437881469727,better
telco,natural,xgb,threshold,brier,-0.00022378259453439964,0.36,25,0.14091521501541138,0.28183043003082275,no difference
telco,natural,xgb,threshold,prec_at_top,0.0,0.36,25,0.6266380265140611,1.0,no difference
telco,natural,xgb,threshold,empc,-0.00933246296910184,0.4,25,0.3809836506843567,1.0,no difference
telecom_bigml,0.02,hgb,adasyn@1.0,roc_auc,0.019298245614035148,0.76,25,0.0011548399925231934,0.0046193599700927734,better
telecom_bigml,0.02,hgb,adasyn@1.0,pr_auc,0.16496182422868355,0.88,25,2.2113323211669922e-05,6.633996963500977e-05,better
telecom_bigml,0.02,hgb,adasyn@1.0,f1,0.3458646616541353,0.96,25,1.387313159551572e-05,9.805548817295942e-05,better
telecom_bigml,0.02,hgb,adasyn@1.0,mcc,0.27368549984017243,0.96,25,4.172325134277344e-07,4.172325134277344e-06,better
telecom_bigml,0.02,hgb,adasyn@1.0,brier,0.004374632994739398,0.96,25,1.7881393432617188e-07,7.152557373046875e-07,better
telecom_bigml,0.02,hgb,adasyn@1.0,prec_at_top,0.01724137931034489,0.76,25,0.001636239459065701,0.003272478918131402,better
telecom_bigml,0.02,hgb,adasyn@1.0,empc,0.17627701504891224,0.84,25,0.0001398921012878418,0.00048089027404785156,better
telecom_bigml,0.02,hgb,class_weight,roc_auc,-0.0030303030303027167,0.36,25,0.13364005088806152,0.13364005088806152,no difference
telecom_bigml,0.02,hgb,class_weight,pr_auc,-0.005996825094015834,0.36,25,0.20993918180465698,0.20993918180465698,no difference
telecom_bigml,0.02,hgb,class_weight,f1,0.11428571428571432,0.8,25,5.909400617879683e-05,0.0002363760247151873,better
telecom_bigml,0.02,hgb,class_weight,mcc,0.0913851633419317,0.76,25,0.0016675815955700527,0.005185365676879883,better
telecom_bigml,0.02,hgb,class_weight,brier,0.0012979410664412001,0.76,25,0.002025127410888672,0.004050254821777344,better
telecom_bigml,0.02,hgb,class_weight,prec_at_top,0.0,0.2,25,0.8322233911025791,0.8322233911025791,no difference
telecom_bigml,0.02,hgb,class_weight,empc,-0.00600055019180501,0.32,25,0.3457539786772782,0.3457539786772782,no difference
telecom_bigml,0.02,hgb,dirichlet@1.0,roc_auc,0.018181818181818077,0.72,25,0.0008081197738647461,0.0040405988693237305,better
telecom_bigml,0.02,hgb,dirichlet@1.0,pr_auc,0.15063136919197534,0.96,25,4.172325134277344e-07,2.5033950805664062e-06,better
telecom_bigml,0.02,hgb,dirichlet@1.0,f1,0.1318681318681319,0.68,25,0.0033386212888886105,0.010015863866665831,better
telecom_bigml,0.02,hgb,dirichlet@1.0,mcc,0.11878425562935868,0.72,25,0.004100501662537627,0.008201003325075253,better
telecom_bigml,0.02,hgb,dirichlet@1.0,brier,0.0020779673787961993,0.88,25,1.1324882507324219e-06,3.3974647521972656e-06,better
telecom_bigml,0.02,hgb,dirichlet@1.0,prec_at_top,0.01724137931034489,0.72,25,0.00021448485235727507,0.0010776473584554348,better
telecom_bigml,0.02,hgb,dirichlet@1.0,empc,0.18125212936337842,0.92,25,5.245208740234375e-06,3.147125244140625e-05,better
telecom_bigml,0.02,hgb,easy_ensemble,roc_auc,-0.08114035087719296,0.04,25,1.1920928955078125e-07,1.0728836059570312e-06,worse
telecom_bigml,0.02,hgb,easy_ensemble,pr_auc,-0.3504241332295393,0.0,25,5.960464477539063e-08,5.364418029785156e-07,worse
telecom_bigml,0.02,hgb,easy_ensemble,f1,-0.0442176870748299,0.24,25,0.017312347888946533,0.017312347888946533,worse
telecom_bigml,0.02,hgb,easy_ensemble,mcc,-0.1223613261617682,0.2,25,0.03180783987045288,0.03180783987045288,worse
telecom_bigml,0.02,hgb,easy_ensemble,brier,-0.13239538383909188,0.0,25,5.960464477539063e-08,5.364418029785156e-07,worse
telecom_bigml,0.02,hgb,easy_ensemble,prec_at_top,-0.05172413793103449,0.04,25,5.15735582911722e-05,0.0003610149080382054,worse
telecom_bigml,0.02,hgb,easy_ensemble,empc,-0.3722397538741844,0.0,25,5.960464477539063e-08,5.364418029785156e-07,worse
telecom_bigml,0.02,hgb,ros@1.0,roc_auc,0.018819776714513625,0.92,25,1.5079975128173828e-05,0.0001055598258972168,better
telecom_bigml,0.02,hgb,ros@1.0,pr_auc,0.1834936988124503,1.0,25,5.960464477539063e-08,5.364418029785156e-07,better
telecom_bigml,0.02,hgb,ros@1.0,f1,0.3461538461538462,1.0,25,1.2256936021619928e-05,9.805548817295942e-05,better
telecom_bigml,0.02,hgb,ros@1.0,mcc,0.287411492741461,1.0,25,1.2268056633232531e-05,9.814445306586025e-05,better
telecom_bigml,0.02,hgb,ros@1.0,brier,0.0042313671679476,1.0,25,5.960464477539063e-08,5.364418029785156e-07,better
telecom_bigml,0.02,hgb,ros@1.0,prec_at_top,0.017241379310344807,0.92,25,2.0836456057293e-05,0.00018045372951467945,better
telecom_bigml,0.02,hgb,ros@1.0,empc,0.18298739319036333,0.92,25,1.1324882507324219e-06,7.927417755126953e-06,better
telecom_bigml,0.02,hgb,rus@1.0,roc_auc,-0.13859649122807027,0.04,25,1.1920928955078125e-07,1.0728836059570312e-06,worse
telecom_bigml,0.02,hgb,rus@1.0,pr_auc,-0.385398820935972,0.0,25,5.960464477539063e-08,5.364418029785156e-07,worse
telecom_bigml,0.02,hgb,rus@1.0,f1,-0.0757575757575757,0.2,25,0.0050716400146484375,0.010143280029296875,worse
telecom_bigml,0.02,hgb,rus@1.0,mcc,-0.1623977490111754,0.2,25,0.0012963414192199707,0.005185365676879883,worse
telecom_bigml,0.02,hgb,rus@1.0,brier,-0.1704502297061348,0.0,25,5.960464477539063e-08,5.364418029785156e-07,worse
telecom_bigml,0.02,hgb,rus@1.0,prec_at_top,-0.0862068965517241,0.04,25,2.0050414390519938e-05,0.00018045372951467945,worse
telecom_bigml,0.02,hgb,rus@1.0,empc,-0.4608318400474925,0.0,25,5.960464477539063e-08,5.364418029785156e-07,worse
telecom_bigml,0.02,hgb,smote@0.5,roc_auc,0.025199362041467555,0.84,25,2.664327621459961e-05,0.00015985965728759766,better
telecom_bigml,0.02,hgb,smote@0.5,pr_auc,0.19890250109218383,0.88,25,4.172325134277344e-06,2.086162567138672e-05,better
telecom_bigml,0.02,hgb,smote@0.5,f1,0.2698412698412699,0.96,25,1.9995727004828314e-05,9.997863502414157e-05,better
telecom_bigml,0.02,hgb,smote@0.5,mcc,0.236856175237302,0.96,25,5.751879747523372e-05,0.0002875939873761686,better
telecom_bigml,0.02,hgb,smote@0.5,brier,0.004128159209582502,1.0,25,5.960464477539063e-08,5.364418029785156e-07,better
telecom_bigml,0.02,hgb,smote@0.5,prec_at_top,0.01724137931034489,0.84,25,0.0001796078930759058,0.0010776473584554348,better
telecom_bigml,0.02,hgb,smote@0.5,empc,0.19733779472776547,0.88,25,4.5418739318847656e-05,0.00022709369659423828,better
telecom_bigml,0.02,hgb,smote@1.0,roc_auc,0.014992025518341556,0.76,25,0.0018156766891479492,0.005447030067443848,better
telecom_bigml,0.02,hgb,smote@1.0,pr_auc,0.15885278247680207,0.84,25,1.5079975128173828e-05,6.031990051269531e-05,better
telecom_bigml,0.02,hgb,smote@1.0,f1,0.3025210084033614,1.0,25,1.2279185361336645e-05,9.805548817295942e-05,better
telecom_bigml,0.02,hgb,smote@1.0,mcc,0.236856175237302,0.92,25,1.7719332394307358e-05,0.0001240353267601515,better
telecom_bigml,0.02,hgb,smote@1.0,brier,0.004579791589463601,1.0,25,5.960464477539063e-08,5.364418029785156e-07,better
telecom_bigml,0.02,hgb,smote@1.0,prec_at_top,0.01724137931034489,0.84,25,0.0008553008479462505,0.0032317915163407474,better
telecom_bigml,0.02,hgb,smote@1.0,empc,0.22537542593259174,0.84,25,0.00012022256851196289,0.00048089027404785156,better
telecom_bigml,0.02,hgb,smote_enn@1.0,roc_auc,0.014354066985646008,0.76,25,0.015446752847798985,0.03089350569559797,better
telecom_bigml,0.02,hgb,smote_enn@1.0,pr_auc,0.10795078530557717,0.68,25,0.0030878782272338867,0.0061757564544677734,better
telecom_bigml,0.02,hgb,smote_enn@1.0,f1,0.36969696969696975,1.0,25,5.960464477539063e-08,5.960464477539062e-07,better
telecom_bigml,0.02,hgb,smote_enn@1.0,mcc,0.2549355161068279,0.88,25,8.344650268554688e-07,7.510185241699219e-06,better
telecom_bigml,0.02,hgb,smote_enn@1.0,brier,0.0012412580747695,0.76,25,0.004604637622833252,0.004604637622833252,better
telecom_bigml,0.02,hgb,smote_enn@1.0,prec_at_top,0.01724137931034489,0.8,25,0.0008079478790851869,0.0032317915163407474,better
telecom_bigml,0.02,hgb,smote_enn@1.0,empc,0.14754760696948988,0.76,25,0.0006313323974609375,0.001262664794921875,better
telecom_bigml,0.02,hgb,threshold,roc_auc,0.0,0.0,25,,,no difference
telecom_bigml,0.02,hgb,threshold,pr_auc,0.0,0.0,25,,,no difference
telecom_bigml,0.02,hgb,threshold,f1,0.24060150375939848,0.96,25,5.960464477539062e-07,5.364418029785156e-06,better
telecom_bigml,0.02,hgb,threshold,mcc,0.1601150969537401,0.84,25,2.2113323211669922e-05,0.00013267993927001953,better
telecom_bigml,0.02,hgb,threshold,brier,0.0,0.0,25,,,no difference
telecom_bigml,0.02,hgb,threshold,prec_at_top,0.0,0.0,25,,,no difference
telecom_bigml,0.02,hgb,threshold,empc,0.0,0.0,25,,,no difference
telecom_bigml,0.02,lgbm,adasyn@1.0,roc_auc,0.007496012759170556,0.76,25,0.0006313323974609375,0.0044193267822265625,better
telecom_bigml,0.02,lgbm,adasyn@1.0,pr_auc,0.13068405164089003,0.76,25,0.00012022256851196289,0.0006011128425598145,better
telecom_bigml,0.02,lgbm,adasyn@1.0,f1,0.3025210084033614,0.92,25,5.124899723791283e-05,0.00025624498618956413,better
telecom_bigml,0.02,lgbm,adasyn@1.0,mcc,0.2526642189531105,0.92,25,0.0001563482891349453,0.0007817414456747265,better
telecom_bigml,0.02,lgbm,adasyn@1.0,brier,0.004441843307927899,0.92,25,5.960464477539062e-07,2.9802322387695312e-06,better
telecom_bigml,0.02,lgbm,adasyn@1.0,prec_at_top,0.0,0.36,25,0.04804540543759675,0.384363243500774,no difference
telecom_bigml,0.02,lgbm,adasyn@1.0,empc,0.104691863175009,0.76,25,0.002025127410888672,0.01012563705444336,better
telecom_bigml,0.02,lgbm,class_weight,roc_auc,0.0031897926634768536,0.72,25,0.02550506591796875,0.102020263671875,no difference
telecom_bigml,0.02,lgbm,class_weight,pr_auc,-0.010511790884945138,0.4,25,0.936802864074707,1.0,no difference
telecom_bigml,0.02,lgbm,class_weight,f1,0.10476190476190483,0.56,25,0.0024661218959608744,0.009864487583843498,better
telecom_bigml,0.02,lgbm,class_weight,mcc,0.04132176741309468,0.56,25,0.011114951378774891,0.044459805515099565,better
telecom_bigml,0.02,lgbm,class_weight,brier,0.0008724347123331005,0.72,25,0.0037809014320373535,0.007561802864074707,better
telecom_bigml,0.02,lgbm,class_weight,prec_at_top,0.0,0.16,25,0.05878172135535886,0.41147204948751204,no difference
telecom_bigml,0.02,lgbm,class_weight,empc,0.026700911002763172,0.56,25,0.4107651710510254,1.0,no difference
telecom_bigml,0.02,lgbm,dirichlet@1.0,roc_auc,0.006286549707602451,0.72,25,0.008822321891784668,0.04411160945892334,better
telecom_bigml,0.02,lgbm,dirichlet@1.0,pr_auc,0.08482531238152957,0.8,25,3.814697265625e-05,0.0002288818359375,better
telecom_bigml,0.02,lgbm,dirichlet@1.0,f1,0.11282051282051281,0.56,25,0.015597860642067784,0.04679358192620335,better
telecom_bigml,0.02,lgbm,dirichlet@1.0,mcc,0.077462488216264,0.6,25,0.026813880683487962,0.08044164205046389,no difference
telecom_bigml,0.02,lgbm,dirichlet@1.0,brier,0.0020137205858999,0.8,25,0.00018787384033203125,0.000751495361328125,better
telecom_bigml,0.02,lgbm,dirichlet@1.0,prec_at_top,0.0,0.32,25,0.1175598011456681,0.5031115458610947,no difference
telecom_bigml,0.02,lgbm,dirichlet@1.0,empc,0.05617117788797399,0.84,25,0.00032907724380493164,0.002632617950439453,better
telecom_bigml,0.02,lgbm,easy_ensemble,roc_auc,-0.09868421052631582,0.04,25,1.1920928955078125e-07,1.1920928955078125e-06,worse
telecom_bigml,0.02,lgbm,easy_ensemble,pr_auc,-0.4281193216005833,0.0,25,5.960464477539063e-08,5.960464477539062e-07,worse
telecom_bigml,0.02,lgbm,easy_ensemble,f1,-0.047337278106508895,0.32,25,0.15633821487426758,0.19590987568971638,no difference
telecom_bigml,0.02,lgbm,easy_ensemble,mcc,-0.110152766645492,0.32,25,0.25210392475128174,0.25210392475128174,no difference
telecom_bigml,0.02,lgbm,easy_ensemble,brier,-0.1434041079675481,0.0,25,5.960464477539063e-08,5.960464477539062e-07,worse
telecom_bigml,0.02,lgbm,easy_ensemble,prec_at_top,-0.06896551724137939,0.0,25,1.2058148019495829e-05,0.00012058148019495829,worse
telecom_bigml,0.02,lgbm,easy_ensemble,empc,-0.5636727545333926,0.0,25,5.960464477539063e-08,5.960464477539062e-07,worse
telecom_bigml,0.02,lgbm,ros@1.0,roc_auc,0.00414673046252001,0.64,25,0.03180783987045288,0.102020263671875,no difference
telecom_bigml,0.02,lgbm,ros@1.0,pr_auc,0.15062339825262255,0.92,25,4.172325134277344e-06,3.337860107421875e-05,better
telecom_bigml,0.02,lgbm,ros@1.0,f1,0.3529411764705882,1.0,25,1.2245823522183564e-05,0.00011021241169965208,better
telecom_bigml,0.02,lgbm,ros@1.0,mcc,0.30045286980303326,1.0,25,1.2279185361336645e-05,9.823348289069316e-05,better
telecom_bigml,0.02,lgbm,ros@1.0,brier,0.004615790482185701,0.96,25,2.980232238769531e-07,2.086162567138672e-06,better
telecom_bigml,0.02,lgbm,ros@1.0,prec_at_top,0.0,0.24,25,0.19021477759016936,0.5706443327705081,no difference
telecom_bigml,0.02,lgbm,ros@1.0,empc,0.09209012984472853,0.88,25,0.000429689884185791,0.003007829189300537,better
telecom_bigml,0.02,lgbm,rus@1.0,roc_auc,-0.1217836257309941,0.04,25,1.1920928955078125e-07,1.1920928955078125e-06,worse
telecom_bigml,0.02,lgbm,rus@1.0,pr_auc,-0.4143296883344377,0.0,25,5.960464477539063e-08,5.960464477539062e-07,worse
telecom_bigml,0.02,lgbm,rus@1.0,f1,-0.059171597633136105,0.32,25,0.09795493784485819,0.19590987568971638,no difference
telecom_bigml,0.02,lgbm,rus@1.0,mcc,-0.1306736928501935,0.32,25,0.0626264214515686,0.1252528429031372,no difference
telecom_bigml,0.02,lgbm,rus@1.0,brier,-0.1619604858292181,0.0,25,5.960464477539063e-08,5.960464477539062e-07,worse
telecom_bigml,0.02,lgbm,rus@1.0,prec_at_top,-0.10344827586206899,0.0,25,1.785973723933819e-05,0.00016073763515404372,worse
telecom_bigml,0.02,lgbm,rus@1.0,empc,-0.5369219623828193,0.0,25,5.960464477539063e-08,5.960464477539062e-07,worse
telecom_bigml,0.02,lgbm,smote@0.5,roc_auc,0.008931419457735124,0.84,25,0.00011472012104656031,0.0009177609683724825,better
telecom_bigml,0.02,lgbm,smote@0.5,pr_auc,0.12727183141395365,0.92,25,8.165836334228516e-06,5.716085433959961e-05,better
telecom_bigml,0.02,lgbm,smote@0.5,f1,0.26190476190476186,0.96,25,1.812588280620125e-05,0.00012688117964340873,better
telecom_bigml,0.02,lgbm,smote@0.5,mcc,0.2197054985474835,0.96,25,1.8197386214786344e-05,0.0001273817035035044,better
telecom_bigml,0.02,lgbm,smote@0.5,brier,0.0039146747641618,1.0,25,5.960464477539063e-08,5.960464477539062e-07,better
telecom_bigml,0.02,lgbm,smote@0.5,prec_at_top,0.0,0.36,25,0.0831947202299148,0.49916832137948874,no difference
telecom_bigml,0.02,lgbm,smote@0.5,empc,0.09086484487629864,0.72,25,0.001625359058380127,0.009752154350280762,better
telecom_bigml,0.02,lgbm,smote@1.0,roc_auc,0.003947368421052366,0.8,25,0.0017994186428567471,0.010796511857140482,better
telecom_bigml,0.02,lgbm,smote@1.0,pr_auc,0.1131380256307189,0.8,25,0.00016230344772338867,0.0006492137908935547,better
telecom_bigml,0.02,lgbm,smote@1.0,f1,0.3025210084033614,0.88,25,3.0786193073859546e-05,0.0001847171584431573,better
telecom_bigml,0.02,lgbm,smote@1.0,mcc,0.236856175237302,0.88,25,4.017106513260345e-05,0.00024102639079562072,better
telecom_bigml,0.02,lgbm,smote@1.0,brier,0.0043051048891889,0.92,25,2.980232238769531e-07,2.086162567138672e-06,better
telecom_bigml,0.02,lgbm,smote@1.0,prec_at_top,0.0,0.28,25,0.10062230917221894,0.5031115458610947,no difference
telecom_bigml,0.02,lgbm,smote@1.0,empc,0.0748414460961413,0.68,25,0.0050716400146484375,0.02028656005859375,better
telecom_bigml,0.02,lgbm,smote_enn@1.0,roc_auc,0.0002923976608187884,0.52,25,0.27760541836356367,0.5552108367271273,no difference
telecom_bigml,0.02,lgbm,smote_enn@1.0,pr_auc,-0.030417258348293008,0.4,25,0.6528410911560059,1.0,no difference
telecom_bigml,0.02,lgbm,smote_enn@1.0,f1,0.3458646616541353,1.0,25,5.960464477539063e-08,5.960464477539062e-07,better
telecom_bigml,0.02,lgbm,smote_enn@1.0,mcc,0.2605059256918624,0.92,25,4.172325134277344e-07,3.7550926208496094e-06,better
telecom_bigml,0.02,lgbm,smote_enn@1.0,brier,0.0023523556878998,0.84,25,0.0004894733428955078,0.0014684200286865234,better
telecom_bigml,0.02,lgbm,smote_enn@1.0,prec_at_top,0.0,0.32,25,0.42072176914087644,0.8414435382817529,no difference
telecom_bigml,0.02,lgbm,smote_enn@1.0,empc,0.018588063089074347,0.56,25,0.5782062411308289,1.0,no difference
telecom_bigml,0.02,lgbm,threshold,roc_auc,0.00014619883040933868,0.52,25,0.6570395276651597,0.6570395276651597,no difference
telecom_bigml,0.02,lgbm,threshold,pr_auc,-0.005239205239205291,0.44,25,0.8119303584098816,1.0,no difference
telecom_bigml,0.02,lgbm,threshold,f1,0.35507246376811596,1.0,25,1.2268056633232531e-05,0.00011021241169965208,better
telecom_bigml,0.02,lgbm,threshold,mcc,0.24252433808669555,0.96,25,1.7881393432617188e-07,1.7881393432617188e-06,better
telecom_bigml,0.02,lgbm,threshold,brier,2.056777764880037e-05,0.52,25,0.7509929537773132,0.7509929537773132,no difference
telecom_bigml,0.02,lgbm,threshold,prec_at_top,0.0,0.12,25,1.0,1.0,no difference
telecom_bigml,0.02,lgbm,threshold,empc,-0.005224846931525362,0.48,25,0.9158032536506653,1.0,no difference
telecom_bigml,0.02,lr,adasyn@1.0,roc_auc,-0.02519936204146722,0.32,25,0.011453330516815186,0.05290014656111432,no difference
telecom_bigml,0.02,lr,adasyn@1.0,pr_auc,-0.010997610566991896,0.28,25,0.01597297191619873,0.09583783149719238,no difference
telecom_bigml,0.02,lr,adasyn@1.0,f1,0.0842105263157894,0.88,25,9.035445394407614e-05,0.0003864683222363327,better
telecom_bigml,0.02,lr,adasyn@1.0,mcc,0.0851578904669939,0.84,25,0.00021690130233764648,0.0007757789690621377,better
telecom_bigml,0.02,lr,adasyn@1.0,brier,-0.0906061986791326,0.0,25,5.960464477539063e-08,5.364418029785156e-07,worse
telecom_bigml,0.02,lr,adasyn@1.0,prec_at_top,0.0,0.28,25,0.2132198474071485,1.0,no difference
telecom_bigml,0.02,lr,adasyn@1.0,empc,0.0,0.4,25,0.8582823598181881,1.0,no difference
telecom_bigml,0.02,lr,class_weight,roc_auc,-0.026900584795321647,0.36,25,0.02550506591796875,0.07651519775390625,no difference
telecom_bigml,0.02,lr,class_weight,pr_auc,-0.010014240194603695,0.16,25,0.004604637622833252,0.04144173860549927,worse
telecom_bigml,0.02,lr,class_weight,f1,0.09009009009009,0.88,25,6.446058043652003e-05,0.0003864683222363327,better
telecom_bigml,0.02,lr,class_weight,mcc,0.1012364424067211,0.88,25,0.000102996826171875,0.000720977783203125,better
telecom_bigml,0.02,lr,class_weight,brier,-0.1027638525016005,0.0,25,5.960464477539063e-08,5.364418029785156e-07,worse
telecom_bigml,0.02,lr,class_weight,prec_at_top,0.0,0.16,25,0.1568184806287482,1.0,no difference
telecom_bigml,0.02,lr,class_weight,empc,-0.0002300768398434,0.24,25,0.16718404068982073,1.0,no difference
telecom_bigml,0.02,lr,dirichlet@1.0,roc_auc,-0.03187134502923983,0.16,25,0.00011277766911035536,0.0010149990219931982,worse
telecom_bigml,0.02,lr,dirichlet@1.0,pr_auc,-0.0014203673663842967,0.48,25,0.7309892177581787,1.0,no difference
telecom_bigml,0.02,lr,dirichlet@1.0,f1,0.1012658227848101,0.92,25,2.562999725341797e-06,2.562999725341797e-05,better
telecom_bigml,0.02,lr,dirichlet@1.0,mcc,0.10522053106214631,0.92,25,6.365776062011719e-05,0.0005729198455810547,better
telecom_bigml,0.02,lr,dirichlet@1.0,brier,-0.0718991878090427,0.0,25,5.960464477539063e-08,5.364418029785156e-07,worse
telecom_bigml,0.02,lr,dirichlet@1.0,prec_at_top,0.0,0.32,25,0.4057594503809818,1.0,no difference
telecom_bigml,0.02,lr,dirichlet@1.0,empc,0.0,0.44,25,0.7088842633568615,1.0,no difference
telecom_bigml,0.02,lr,easy_ensemble,roc_auc,0.015470494417862857,0.88,25,0.00023975734774343667,0.0019180587819474933,better
telecom_bigml,0.02,lr,easy_ensemble,pr_auc,0.0018188842482803058,0.6,25,0.5424043536186218,1.0,no difference
telecom_bigml,0.02,lr,easy_ensemble,f1,0.1019108280254777,0.88,25,3.618416185753095e-05,0.0002894732948602476,better
telecom_bigml,0.02,lr,easy_ensemble,mcc,0.14974091840609718,0.88,25,2.2113323211669922e-05,0.00022113323211669922,better
telecom_bigml,0.02,lr,easy_ensemble,brier,-0.16005443536219818,0.0,25,5.960464477539063e-08,5.364418029785156e-07,worse
telecom_bigml,0.02,lr,easy_ensemble,prec_at_top,0.0,0.28,25,0.9497338545155155,1.0,no difference
telecom_bigml,0.02,lr,easy_ensemble,empc,0.002876081776131703,0.56,25,0.20433024733906624,1.0,no difference
telecom_bigml,0.02,lr,ros@1.0,roc_auc,-0.036111111111111205,0.32,25,0.002507925033569336,0.01755547523498535,worse
telecom_bigml,0.02,lr,ros@1.0,pr_auc,-0.013200010225300797,0.16,25,0.00806879997253418,0.06455039978027344,no difference
telecom_bigml,0.02,lr,ros@1.0,f1,0.0842105263157894,0.88,25,7.219030483816393e-05,0.0003864683222363327,better
telecom_bigml,0.02,lr,ros@1.0,mcc,0.0851578904669939,0.88,25,0.0001398921012878418,0.0007213354110717773,better
telecom_bigml,0.02,lr,ros@1.0,brier,-0.0993619871936082,0.0,25,5.960464477539063e-08,5.364418029785156e-07,worse
telecom_bigml,0.02,lr,ros@1.0,prec_at_top,0.0,0.24,25,0.3445845362255583,1.0,no difference
telecom_bigml,0.02,lr,ros@1.0,empc,0.0,0.28,25,0.3143893322216611,1.0,no difference
telecom_bigml,0.02,lr,rus@1.0,roc_auc,-0.0015948963317384823,0.48,25,0.8948604464530945,0.8948604464530945,no difference
telecom_bigml,0.02,lr,rus@1.0,pr_auc,-0.004160612028405397,0.44,25,0.2751842737197876,0.8255528211593628,no difference
telecom_bigml,0.02,lr,rus@1.0,f1,0.0888888888888888,0.88,25,6.441138703938878e-05,0.0003864683222363327,better
telecom_bigml,0.02,lr,rus@1.0,mcc,0.1210378120668211,0.88,25,0.00019394474226553442,0.0007757789690621377,better
telecom_bigml,0.02,lr,rus@1.0,brier,-0.18239908959236548,0.0,25,5.960464477539063e-08,5.364418029785156e-07,worse
telecom_bigml,0.02,lr,rus@1.0,prec_at_top,0.0,0.32,25,0.6004281385485983,1.0,no difference
telecom_bigml,0.02,lr,rus@1.0,empc,0.0009400783183327,0.52,25,0.6378178967698778,1.0,no difference
telecom_bigml,0.02,lr,smote@0.5,roc_auc,-0.01652046783625727,0.32,25,0.010580029312222863,0.05290014656111432,no difference
telecom_bigml,0.02,lr,smote@0.5,pr_auc,-0.010075144348956892,0.28,25,0.017312347888946533,0.09583783149719238,no difference
telecom_bigml,0.02,lr,smote@0.5,f1,0.1025641025641025,0.92,25,3.618416185753095e-05,0.0002894732948602476,better
telecom_bigml,0.02,lr,smote@0.5,mcc,0.1006390077624568,0.88,25,0.00023975734774343667,0.0007757789690621377,better
telecom_bigml,0.02,lr,smote@0.5,brier,-0.06121190025761719,0.0,25,5.960464477539063e-08,5.364418029785156e-07,worse
telecom_bigml,0.02,lr,smote@0.5,prec_at_top,0.0,0.24,25,0.31301940191951827,1.0,no difference
telecom_bigml,0.02,lr,smote@0.5,empc,-3.77485962050339e-05,0.36,25,0.5480967583988466,1.0,no difference
telecom_bigml,0.02,lr,smote@1.0,roc_auc,-0.02169059011164265,0.32,25,0.006129205226898193,0.03677523136138916,worse
telecom_bigml,0.02,lr,smote@1.0,pr_auc,-0.009456235920375394,0.24,25,0.02027493715286255,0.09583783149719238,no difference
telecom_bigml,0.02,lr,smote@1.0,f1,0.0869565217391304,0.88,25,4.172325134277344e-06,3.7550926208496094e-05,better
telecom_bigml,0.02,lr,smote@1.0,mcc,0.08855894379065571,0.88,25,8.803606033325195e-05,0.0007042884826660156,better
telecom_bigml,0.02,lr,smote@1.0,brier,-0.0902513843958168,0.0,25,5.960464477539063e-08,5.364418029785156e-07,worse
telecom_bigml,0.02,lr,smote@1.0,prec_at_top,0.0,0.24,25,0.22205263166939604,1.0,no difference
telecom_bigml,0.02,lr,smote@1.0,empc,0.0,0.48,25,0.9095312825191832,1.0,no difference
telecom_bigml,0.02,lr,smote_enn@1.0,roc_auc,-0.02440191387559809,0.4,25,0.03180783987045288,0.07651519775390625,no difference
telecom_bigml,0.02,lr,smote_enn@1.0,pr_auc,-0.009064976529466792,0.24,25,0.013554692268371582,0.09488284587860107,no difference
telecom_bigml,0.02,lr,smote_enn@1.0,f1,0.0784313725490196,0.88,25,8.073109068210834e-05,0.0003864683222363327,better
telecom_bigml,0.02,lr,smote_enn@1.0,mcc,0.07773006161365881,0.88,25,0.00012022256851196289,0.0007213354110717773,better
telecom_bigml,0.02,lr,smote_enn@1.0,brier,-0.0992666731601743,0.0,25,5.960464477539063e-08,5.364418029785156e-07,worse
telecom_bigml,0.02,lr,smote_enn@1.0,prec_at_top,0.0,0.28,25,0.39309866546341865,1.0,no difference
telecom_bigml,0.02,lr,smote_enn@1.0,empc,-3.77485962050339e-05,0.32,25,0.4650985871802594,1.0,no difference
telecom_bigml,0.02,lr,threshold,roc_auc,0.0,0.0,25,,,no difference
telecom_bigml,0.02,lr,threshold,pr_auc,0.0,0.0,25,,,no difference
telecom_bigml,0.02,lr,threshold,f1,0.0952380952380952,0.76,25,0.00010334649564653764,0.0003864683222363327,better
telecom_bigml,0.02,lr,threshold,mcc,0.0798089735267359,0.76,25,0.0006643633110187136,0.0007757789690621377,better
telecom_bigml,0.02,lr,threshold,brier,0.0,0.0,25,,,no difference
telecom_bigml,0.02,lr,threshold,prec_at_top,0.0,0.0,25,,,no difference
telecom_bigml,0.02,lr,threshold,empc,0.0,0.0,25,,,no difference
telecom_bigml,0.02,rf,adasyn@1.0,roc_auc,-0.0017543859649123972,0.44,25,0.6720751523971558,1.0,no difference
telecom_bigml,0.02,rf,adasyn@1.0,pr_auc,-0.1598209860830122,0.08,25,6.556510925292969e-06,3.933906555175781e-05,worse
telecom_bigml,0.02,rf,adasyn@1.0,f1,0.2352941176470588,0.92,25,2.6727785855344405e-05,0.00013278028085485897,better
telecom_bigml,0.02,rf,adasyn@1.0,mcc,0.2806352551291745,0.92,25,1.7688349823732157e-05,0.00011021241169965208,better
telecom_bigml,0.02,rf,adasyn@1.0,brier,-0.0009513683851382002,0.28,25,0.002255260944366455,0.01353156566619873,worse
telecom_bigml,0.02,rf,adasyn@1.0,prec_at_top,0.0,0.2,25,0.8025873486341526,1.0,no difference
telecom_bigml,0.02,rf,adasyn@1.0,empc,-0.04143416861957616,0.28,25,0.021908342838287354,0.15335839986801147,no difference
telecom_bigml,0.02,rf,class_weight,roc_auc,-0.00014619883040922765,0.48,25,0.7878671253468144,1.0,no difference
telecom_bigml,0.02,rf,class_weight,pr_auc,-0.1304166880985298,0.2,25,0.0004894733428955078,0.0019578933715820312,worse
telecom_bigml,0.02,rf,class_weight,f1,0.0,0.28,25,0.0157641152996124,0.0315282305992248,no difference
telecom_bigml,0.02,rf,class_weight,mcc,0.0,0.28,25,0.01661139935534668,0.03322279871069336,no difference
telecom_bigml,0.02,rf,class_weight,brier,-8.409382875300062e-06,0.48,25,0.7711594104766846,1.0,no difference
telecom_bigml,0.02,rf,class_weight,prec_at_top,0.0,0.2,25,0.27494827121022136,1.0,no difference
telecom_bigml,0.02,rf,class_weight,empc,-0.04364282983265311,0.32,25,0.0709836483001709,0.3549182415008545,no difference
telecom_bigml,0.02,rf,dirichlet@1.0,roc_auc,0.0004385964912283491,0.52,25,0.936802864074707,1.0,no difference
telecom_bigml,0.02,rf,dirichlet@1.0,pr_auc,-0.11088553124109651,0.08,25,7.49826431274414e-05,0.00037491321563720703,worse
telecom_bigml,0.02,rf,dirichlet@1.0,f1,0.0,0.0,25,0.31731050786291415,0.31731050786291415,no difference
telecom_bigml,0.02,rf,dirichlet@1.0,mcc,0.0,0.0,25,0.31731050786291415,0.31731050786291415,no difference
telecom_bigml,0.02,rf,dirichlet@1.0,brier,-0.0004583272216190995,0.28,25,0.004604637622833252,0.02302318811416626,worse
telecom_bigml,0.02,rf,dirichlet@1.0,prec_at_top,0.0,0.24,25,0.3416898179799359,1.0,no difference
telecom_bigml,0.02,rf,dirichlet@1.0,empc,-0.03856832607313676,0.4,25,0.19081425666809082,0.4934883713722229,no difference
telecom_bigml,0.02,rf,easy_ensemble,roc_auc,-0.032163742690058617,0.2,25,0.000102996826171875,0.000926971435546875,worse
telecom_bigml,0.02,rf,easy_ensemble,pr_auc,-0.31514012173564715,0.0,25,5.960464477539063e-08,5.960464477539062e-07,worse
telecom_bigml,0.02,rf,easy_ensemble,f1,0.1875,1.0,25,1.2245823522183564e-05,0.0001220145455994324,better
telecom_bigml,0.02,rf,easy_ensemble,mcc,0.2678465087991419,1.0,25,1.2245823522183564e-05,0.00011021241169965208,better
telecom_bigml,0.02,rf,easy_ensemble,brier,-0.1382715988758127,0.0,25,5.960464477539063e-08,5.960464477539062e-07,worse
telecom_bigml,0.02,rf,easy_ensemble,prec_at_top,-0.034482758620689696,0.04,25,7.101281881196874e-05,0.0006391153693077186,worse
telecom_bigml,0.02,rf,easy_ensemble,empc,-0.34873383685435855,0.0,25,5.960464477539063e-08,5.960464477539062e-07,worse
telecom_bigml,0.02,rf,ros@1.0,roc_auc,-0.0025518341307814163,0.48,25,0.8531995415687561,1.0,no difference
telecom_bigml,0.02,rf,ros@1.0,pr_auc,-0.09038050772240508,0.16,25,0.0009118914604187012,0.0027356743812561035,worse
telecom_bigml,0.02,rf,ros@1.0,f1,0.1538461538461538,0.72,25,0.0001899879575125705,0.0005699638725377115,better
telecom_bigml,0.02,rf,ros@1.0,mcc,0.2074549289623498,0.72,25,0.0001534318915079138,0.00046029567452374144,better
telecom_bigml,0.02,rf,ros@1.0,brier,0.000819633934215901,0.84,25,0.0012963414192199707,0.009074389934539795,better
telecom_bigml,0.02,rf,ros@1.0,prec_at_top,0.0,0.24,25,0.7508441742694097,1.0,no difference
telecom_bigml,0.02,rf,ros@1.0,empc,-0.017123783683662186,0.48,25,0.936802864074707,0.936802864074707,no difference
telecom_bigml,0.02,rf,rus@1.0,roc_auc,-0.04415204678362561,0.16,25,3.814697265625e-05,0.0003814697265625,worse
telecom_bigml,0.02,rf,rus@1.0,pr_auc,-0.35591235152532624,0.0,25,5.960464477539063e-08,5.960464477539062e-07,worse
telecom_bigml,0.02,rf,rus@1.0,f1,0.1680672268907563,1.0,25,1.2279185361336645e-05,0.0001220145455994324,better
telecom_bigml,0.02,rf,rus@1.0,mcc,0.2511488908872122,0.96,25,1.1920928955078125e-07,1.1920928955078125e-06,better
telecom_bigml,0.02,rf,rus@1.0,brier,-0.142089883421528,0.0,25,5.960464477539063e-08,5.960464477539062e-07,worse
telecom_bigml,0.02,rf,rus@1.0,prec_at_top,-0.0517241379310345,0.0,25,5.738149391750238e-05,0.0005738149391750238,worse
telecom_bigml,0.02,rf,rus@1.0,empc,-0.4432914774499207,0.0,25,5.960464477539063e-08,5.960464477539062e-07,worse
telecom_bigml,0.02,rf,smote@0.5,roc_auc,0.0016081871345029475,0.56,25,0.20870191067235688,1.0,no difference
telecom_bigml,0.02,rf,smote@0.5,pr_auc,-0.09699388701036793,0.24,25,0.002255260944366455,0.00451052188873291,worse
telecom_bigml,0.02,rf,smote@0.5,f1,0.25,0.92,25,2.6556056170971792e-05,0.00013278028085485897,better
telecom_bigml,0.02,rf,smote@0.5,mcc,0.2989008076100977,0.92,25,2.661320234320494e-05,0.00011021241169965208,better
telecom_bigml,0.02,rf,smote@0.5,brier,3.319439306350043e-05,0.52,25,0.978915274143219,1.0,no difference
telecom_bigml,0.02,rf,smote@0.5,prec_at_top,0.0,0.16,25,0.6290234494329606,1.0,no difference
telecom_bigml,0.02,rf,smote@0.5,empc,-0.04975803079729535,0.44,25,0.16449612379074097,0.4934883713722229,no difference
telecom_bigml,0.02,rf,smote@1.0,roc_auc,-0.0030701754385964453,0.4,25,0.5601714849472046,1.0,no difference
telecom_bigml,0.02,rf,smote@1.0,pr_auc,-0.1664589044384383,0.04,25,5.960464477539062e-07,4.172325134277344e-06,worse
telecom_bigml,0.02,rf,smote@1.0,f1,0.2352941176470588,0.96,25,1.777171793754244e-05,0.0001220145455994324,better
telecom_bigml,0.02,rf,smote@1.0,mcc,0.2485238734242073,0.96,25,1.3786324171011328e-05,0.00011021241169965208,better
telecom_bigml,0.02,rf,smote@1.0,brier,-0.0006811611797601005,0.28,25,0.005578815937042236,0.02302318811416626,worse
telecom_bigml,0.02,rf,smote@1.0,prec_at_top,0.0,0.2,25,0.5884276568842106,1.0,no difference
telecom_bigml,0.02,rf,smote@1.0,empc,-0.05922321414564147,0.28,25,0.03933870792388916,0.23603224754333496,no difference
telecom_bigml,0.02,rf,smote_enn@1.0,roc_auc,-0.010964912280701622,0.36,25,0.33878785371780396,1.0,no difference
telecom_bigml,0.02,rf,smote_enn@1.0,pr_auc,-0.20170841062311562,0.0,25,5.960464477539063e-08,5.960464477539062e-07,worse
telecom_bigml,0.02,rf,smote_enn@1.0,f1,0.3,1.0,25,1.220145455994324e-05,0.0001220145455994324,better
telecom_bigml,0.02,rf,smote_enn@1.0,mcc,0.2893668480119795,0.96,25,1.387313159551572e-05,0.00011021241169965208,better
telecom_bigml,0.02,rf,smote_enn@1.0,brier,-0.003248078756159999,0.0,25,5.960464477539063e-08,5.960464477539062e-07,worse
telecom_bigml,0.02,rf,smote_enn@1.0,prec_at_top,-0.017241379310344807,0.16,25,0.18720150005675706,1.0,no difference
telecom_bigml,0.02,rf,smote_enn@1.0,empc,-0.15942057838507195,0.16,25,0.00032907724380493164,0.002632617950439453,worse
telecom_bigml,0.02,rf,threshold,roc_auc,-0.002777777777777546,0.28,25,0.23036134243011475,1.0,no difference
telecom_bigml,0.02,rf,threshold,pr_auc,0.001466880980498908,0.52,25,0.9158032536506653,0.9158032536506653,no difference
telecom_bigml,0.02,rf,threshold,f1,0.4651162790697674,1.0,25,1.223471913060967e-05,0.0001220145455994324,better
telecom_bigml,0.02,rf,threshold,mcc,0.4894736842105263,1.0,25,1.2268056633232531e-05,0.00011021241169965208,better
telecom_bigml,0.02,rf,threshold,brier,-1.8999766810899946e-05,0.44,25,0.5782062411308289,1.0,no difference
telecom_bigml,0.02,rf,threshold,prec_at_top,0.0,0.12,25,0.8335972018148998,1.0,no difference
telecom_bigml,0.02,rf,threshold,empc,-0.03015041180811634,0.32,25,0.07547956705093384,0.3549182415008545,no difference
telecom_bigml,0.02,xgb,adasyn@1.0,roc_auc,0.00685805422647523,0.64,25,0.11993378400802612,0.608384370803833,no difference
telecom_bigml,0.02,xgb,adasyn@1.0,pr_auc,0.056319769951889975,0.84,25,0.02550506591796875,0.1530303955078125,no difference
telecom_bigml,0.02,xgb,adasyn@1.0,f1,0.19999999999999996,0.88,25,5.751879747523372e-05,0.00020515659137975803,better
telecom_bigml,0.02,xgb,adasyn@1.0,mcc,0.10985388262547319,0.8,25,0.0010779955422137713,0.007538079640199649,better
telecom_bigml,0.02,xgb,adasyn@1.0,brier,0.0017698886447609988,0.76,25,0.0009118914604187012,0.0036475658416748047,better
telecom_bigml,0.02,xgb,adasyn@1.0,prec_at_top,0.017241379310344807,0.56,25,0.014349957380795997,0.07174978690397998,no difference
telecom_bigml,0.02,xgb,adasyn@1.0,empc,0.06800558416251434,0.72,25,0.09573346376419067,0.287200391292572,no difference
telecom_bigml,0.02,xgb,class_weight,roc_auc,0.0043062200956938135,0.64,25,0.3809836506843567,0.7619673013687134,no difference
telecom_bigml,0.02,xgb,class_weight,pr_auc,0.009969687459696508,0.6,25,0.19081425666809082,0.7632570266723633,no difference
telecom_bigml,0.02,xgb,class_weight,f1,0.1454545454545454,0.84,25,3.841575394673403e-05,0.00019289562342294326,better
telecom_bigml,0.02,xgb,class_weight,mcc,0.07458694911265257,0.72,25,0.002450851820344976,0.01012563705444336,better
telecom_bigml,0.02,xgb,class_weight,brier,0.0012839547292157992,0.88,25,8.803606033325195e-05,0.0006162524223327637,better
telecom_bigml,0.02,xgb,class_weight,prec_at_top,0.0,0.44,25,0.00774522418696852,0.05421656930877964,no difference
telecom_bigml,0.02,xgb,class_weight,empc,0.03307161667419689,0.72,25,0.014722049236297607,0.08833229541778564,no difference
telecom_bigml,0.02,xgb,dirichlet@1.0,roc_auc,0.009409888357256646,0.72,25,0.033524729531599774,0.2681978362527982,no difference
telecom_bigml,0.02,xgb,dirichlet@1.0,pr_auc,0.05410012689352328,0.72,25,0.004604637622833252,0.032232463359832764,better
telecom_bigml,0.02,xgb,dirichlet@1.0,f1,0.05555555555555558,0.52,25,0.09439774595356173,0.09439774595356173,no difference
telecom_bigml,0.02,xgb,dirichlet@1.0,mcc,0.07132553507269368,0.52,25,0.2695081813153698,0.2695081813153698,no difference
telecom_bigml,0.02,xgb,dirichlet@1.0,brier,0.001016194086111498,0.72,25,0.002507925033569336,0.007523775100708008,better
telecom_bigml,0.02,xgb,dirichlet@1.0,prec_at_top,0.017241379310344807,0.52,25,0.024740766947892918,0.07422230084367876,no difference
telecom_bigml,0.02,xgb,dirichlet@1.0,empc,0.06319695837240857,0.76,25,0.0007149577140808105,0.005004703998565674,better
telecom_bigml,0.02,xgb,easy_ensemble,roc_auc,-0.020760233918128757,0.12,25,3.1948089599609375e-05,0.0002875328063964844,worse
telecom_bigml,0.02,xgb,easy_ensemble,pr_auc,-0.28036160771156426,0.0,25,5.960464477539063e-08,5.960464477539062e-07,worse
telecom_bigml,0.02,xgb,easy_ensemble,f1,-0.1038961038961039,0.16,25,3.2782554626464844e-06,2.950429916381836e-05,worse
telecom_bigml,0.02,xgb,easy_ensemble,mcc,-0.1444989809066315,0.12,25,2.562999725341797e-06,2.3066997528076172e-05,worse
telecom_bigml,0.02,xgb,easy_ensemble,brier,-0.0999100104271058,0.0,25,5.960464477539063e-08,5.960464477539062e-07,worse
telecom_bigml,0.02,xgb,easy_ensemble,prec_at_top,-0.017241379310344807,0.04,25,0.001364274843169136,0.012278473588522224,worse
telecom_bigml,0.02,xgb,easy_ensemble,empc,-0.253067489392064,0.0,25,5.960464477539063e-08,5.960464477539062e-07,worse
telecom_bigml,0.02,xgb,ros@1.0,roc_auc,0.008931419457735457,0.72,25,0.07139979688037593,0.4997985781626315,no difference
telecom_bigml,0.02,xgb,ros@1.0,pr_auc,0.11290346551762176,0.92,25,5.245208740234375e-06,4.1961669921875e-05,better
telecom_bigml,0.02,xgb,ros@1.0,f1,0.23809523809523814,0.96,25,1.387313159551572e-05,9.711192116861004e-05,better
telecom_bigml,0.02,xgb,ros@1.0,mcc,0.1686272371121023,0.76,25,0.00029539281616763435,0.002363142529341075,better
telecom_bigml,0.02,xgb,ros@1.0,brier,0.002418986540850699,0.88,25,5.3882598876953125e-05,0.000431060791015625,better
telecom_bigml,0.02,xgb,ros@1.0,prec_at_top,0.0,0.44,25,0.0064650508652433014,0.05172040692194641,no difference
telecom_bigml,0.02,xgb,ros@1.0,empc,0.13786075444271262,0.84,25,1.233816146850586e-05,9.870529174804688e-05,better
telecom_bigml,0.02,xgb,rus@1.0,roc_auc,-0.04152046783625729,0.12,25,1.8298625946044922e-05,0.00018298625946044922,worse
telecom_bigml,0.02,xgb,rus@1.0,pr_auc,-0.35272730464601215,0.0,25,5.960464477539063e-08,5.960464477539062e-07,worse
telecom_bigml,0.02,xgb,rus@1.0,f1,-0.12885154061624648,0.08,25,1.1324882507324219e-06,1.1324882507324219e-05,worse
telecom_bigml,0.02,xgb,rus@1.0,mcc,-0.17443287093627918,0.04,25,5.960464477539062e-07,5.9604644775390625e-06,worse
telecom_bigml,0.02,xgb,rus@1.0,brier,-0.1107753791769288,0.0,25,5.960464477539063e-08,5.960464477539062e-07,worse
telecom_bigml,0.02,xgb,rus@1.0,prec_at_top,-0.034482758620689696,0.08,25,0.0002376011240427841,0.0023760112404278408,worse
telecom_bigml,0.02,xgb,rus@1.0,empc,-0.40065397211696613,0.0,25,5.960464477539063e-08,5.960464477539062e-07,worse
telecom_bigml,0.02,xgb,smote@0.5,roc_auc,0.004824561403508731,0.6,25,0.10139739513397217,0.608384370803833,no difference
telecom_bigml,0.02,xgb,smote@0.5,pr_auc,0.046509902959848026,0.68,25,0.2002161741256714,0.7632570266723633,no difference
telecom_bigml,0.02,xgb,smote@0.5,f1,0.17142857142857149,0.92,25,5.128914784493951e-05,0.00020515659137975803,better
telecom_bigml,0.02,xgb,smote@0.5,mcc,0.07755276575031078,0.76,25,0.002025127410888672,0.01012563705444336,better
telecom_bigml,0.02,xgb,smote@0.5,brier,0.0011158143059190988,0.8,25,0.0005564093589782715,0.0027820467948913574,better
telecom_bigml,0.02,xgb,smote@0.5,prec_at_top,0.0,0.48,25,0.011497184251759081,0.06898310551055449,no difference
telecom_bigml,0.02,xgb,smote@0.5,empc,0.06950852431654109,0.64,25,0.055070459842681885,0.22561341524124146,no difference
telecom_bigml,0.02,xgb,smote@1.0,roc_auc,0.0052631578947368585,0.64,25,0.15633821487426758,0.6253528594970703,no difference
telecom_bigml,0.02,xgb,smote@1.0,pr_auc,0.0589144861872134,0.8,25,0.02747941017150879,0.1530303955078125,no difference
telecom_bigml,0.02,xgb,smote@1.0,f1,0.1923076923076923,0.92,25,3.2149270570490546e-05,0.00019289562342294326,better
telecom_bigml,0.02,xgb,smote@1.0,mcc,0.1023747920606839,0.8,25,0.0010768685200285213,0.007538079640199649,better
telecom_bigml,0.02,xgb,smote@1.0,brier,0.001863880869606099,0.8,25,0.0002498030662536621,0.0014988183975219727,better
telecom_bigml,0.02,xgb,smote@1.0,prec_at_top,0.0,0.48,25,0.015658487384096653,0.07174978690397998,no difference
telecom_bigml,0.02,xgb,smote@1.0,empc,0.061201036454131885,0.64,25,0.04512268304824829,0.22561341524124146,no difference
telecom_bigml,0.02,xgb,smote_enn@1.0,roc_auc,0.0014354066985646785,0.56,25,0.39571136236190796,0.7619673013687134,no difference
telecom_bigml,0.02,xgb,smote_enn@1.0,pr_auc,-0.03198933575644891,0.28,25,0.2002161741256714,0.7632570266723633,no difference
telecom_bigml,0.02,xgb,smote_enn@1.0,f1,0.21428571428571427,0.88,25,4.172325134277344e-06,3.337860107421875e-05,better
telecom_bigml,0.02,xgb,smote_enn@1.0,mcc,0.07846263346665056,0.68,25,0.002507925033569336,0.01012563705444336,better
telecom_bigml,0.02,xgb,smote_enn@1.0,brier,-0.0014955663172586987,0.32,25,0.036682069301605225,0.07336413860321045,no difference
telecom_bigml,0.02,xgb,smote_enn@1.0,prec_at_top,0.0,0.44,25,0.06672019231180838,0.13344038462361676,no difference
telecom_bigml,0.02,xgb,smote_enn@1.0,empc,0.02885384713424055,0.6,25,0.3525196313858032,0.7050392627716064,no difference
telecom_bigml,0.02,xgb,threshold,roc_auc,0.0023923444976076125,0.6,25,0.2002161741256714,0.6253528594970703,no difference
telecom_bigml,0.02,xgb,threshold,pr_auc,0.0004044092843515923,0.52,25,0.8739878535270691,0.8739878535270691,no difference
telecom_bigml,0.02,xgb,threshold,f1,0.1430842607313196,0.84,25,0.00029557982231802284,0.0005911596446360457,better
telecom_bigml,0.02,xgb,threshold,mcc,0.039652767483191576,0.72,25,0.03180783987045288,0.06361567974090576,no difference
telecom_bigml,0.02,xgb,threshold,brier,3.7581174027698575e-05,0.52,25,0.9158032536506653,0.9158032536506653,no difference
telecom_bigml,0.02,xgb,threshold,prec_at_top,0.0,0.2,25,0.13162821884536144,0.13344038462361676,no difference
telecom_bigml,0.02,xgb,threshold,empc,-0.002586449019864212,0.48,25,0.8531995415687561,0.8531995415687561,no difference
telecom_bigml,0.05,hgb,adasyn@1.0,roc_auc,-0.000526315789473597,0.48,25,0.9578450322151184,1.0,no difference
telecom_bigml,0.05,hgb,adasyn@1.0,pr_auc,0.055681349582879514,0.88,25,4.172325134277344e-06,2.086162567138672e-05,better
telecom_bigml,0.05,hgb,adasyn@1.0,f1,0.1837571780147662,0.92,25,8.344650268554688e-07,5.0067901611328125e-06,better
telecom_bigml,0.05,hgb,adasyn@1.0,mcc,0.14100019983809442,0.88,25,4.172325134277344e-06,2.086162567138672e-05,better
telecom_bigml,0.05,hgb,adasyn@1.0,brier,0.0078846075084214,0.96,25,2.980232238769531e-07,8.940696716308594e-07,better
telecom_bigml,0.05,hgb,adasyn@1.0,prec_at_top,0.016666666666666663,0.56,25,0.00757159632011443,0.037857981600572146,better
telecom_bigml,0.05,hgb,adasyn@1.0,empc,0.14810746974484346,0.84,25,2.664327621459961e-05,0.00013321638107299805,better
telecom_bigml,0.05,hgb,class_weight,roc_auc,-0.0016959064327485285,0.48,25,0.48417004426108257,1.0,no difference
telecom_bigml,0.05,hgb,class_weight,pr_auc,-0.007971641429161958,0.4,25,0.2002161741256714,0.2002161741256714,no difference
telecom_bigml,0.05,hgb,class_weight,f1,0.0678260869565217,0.88,25,1.5079975128173828e-05,6.139592680668323e-05,better
telecom_bigml,0.05,hgb,class_weight,mcc,0.03621626210108797,0.76,25,0.002507925033569336,0.005015850067138672,better
telecom_bigml,0.05,hgb,class_weight,brier,0.0017656205731817996,0.8,25,7.49826431274414e-05,0.0001499652862548828,better
telecom_bigml,0.05,hgb,class_weight,prec_at_top,0.0,0.28,25,0.4180216281205925,0.4180216281205925,no difference
telecom_bigml,0.05,hgb,class_weight,empc,-0.008328863407274012,0.48,25,0.5424043536186218,0.5424043536186218,no difference
telecom_bigml,0.05,hgb,dirichlet@1.0,roc_auc,-0.004444444444444473,0.36,25,0.15633821487426758,1.0,no difference
telecom_bigml,0.05,hgb,dirichlet@1.0,pr_auc,0.06623587997789648,0.92,25,1.1324882507324219e-06,6.794929504394531e-06,better
telecom_bigml,0.05,hgb,dirichlet@1.0,f1,0.15197568389057758,0.96,25,1.821529714896801e-05,6.139592680668323e-05,better
telecom_bigml,0.05,hgb,dirichlet@1.0,mcc,0.12558709747015084,0.96,25,2.980232238769531e-07,2.086162567138672e-06,better
telecom_bigml,0.05,hgb,dirichlet@1.0,brier,0.007501539282287296,0.96,25,1.1920928955078125e-07,7.152557373046875e-07,better
telecom_bigml,0.05,hgb,dirichlet@1.0,prec_at_top,0.0,0.44,25,0.10734993858067657,0.21469987716135314,no difference
telecom_bigml,0.05,hgb,dirichlet@1.0,empc,0.1458854457480827,0.8,25,8.803606033325195e-05,0.0003521442413330078,better
telecom_bigml,0.05,hgb,easy_ensemble,roc_auc,-0.01736842105263159,0.2,25,0.000102996826171875,0.000823974609375,worse
telecom_bigml,0.05,hgb,easy_ensemble,pr_auc,-0.1697630666847898,0.0,25,5.960464477539063e-08,5.364418029785156e-07,worse
telecom_bigml,0.05,hgb,easy_ensemble,f1,-0.20229885057471264,0.08,25,2.980232238769531e-07,2.086162567138672e-06,worse
telecom_bigml,0.05,hgb,easy_ensemble,mcc,-0.20210433698120917,0.0,25,5.960464477539063e-08,5.960464477539062e-07,worse
telecom_bigml,0.05,hgb,easy_ensemble,brier,-0.094530575377051,0.0,25,5.960464477539063e-08,5.364418029785156e-07,worse
telecom_bigml,0.05,hgb,easy_ensemble,prec_at_top,-0.033333333333333326,0.12,25,6.562218420491901e-05,0.0005249774736393521,worse
telecom_bigml,0.05,hgb,easy_ensemble,empc,-0.3693485475226852,0.0,25,5.960464477539063e-08,5.364418029785156e-07,worse
telecom_bigml,0.05,hgb,ros@1.0,roc_auc,0.00140350877192974,0.64,25,0.42614197731018066,1.0,no difference
telecom_bigml,0.05,hgb,ros@1.0,pr_auc,0.06889529443332765,0.92,25,5.245208740234375e-06,2.09808349609375e-05,better
telecom_bigml,0.05,hgb,ros@1.0,f1,0.1746920492721165,1.0,25,5.960464477539063e-08,5.960464477539062e-07,better
telecom_bigml,0.05,hgb,ros@1.0,mcc,0.15426136869700702,0.96,25,1.7881393432617188e-07,1.430511474609375e-06,better
telecom_bigml,0.05,hgb,ros@1.0,brier,0.007206368139716802,0.96,25,1.7881393432617188e-07,7.152557373046875e-07,better
telecom_bigml,0.05,hgb,ros@1.0,prec_at_top,0.0,0.36,25,0.02745424563593152,0.08236273690779457,no difference
telecom_bigml,0.05,hgb,ros@1.0,empc,0.13055442515458626,0.8,25,0.00012022256851196289,0.00036066770553588867,better
telecom_bigml,0.05,hgb,rus@1.0,roc_auc,-0.042163742690058514,0.08,25,2.980232238769531e-07,2.682209014892578e-06,worse
telecom_bigml,0.05,hgb,rus@1.0,pr_auc,-0.31815857826911914,0.0,25,5.960464477539063e-08,5.364418029785156e-07,worse
telecom_bigml,0.05,hgb,rus@1.0,f1,-0.24721377912867276,0.04,25,1.1920928955078125e-07,1.0728836059570312e-06,worse
telecom_bigml,0.05,hgb,rus@1.0,mcc,-0.2538148947817745,0.0,25,5.960464477539063e-08,5.960464477539062e-07,worse
telecom_bigml,0.05,hgb,rus@1.0,brier,-0.1208732729786349,0.0,25,5.960464477539063e-08,5.364418029785156e-07,worse
telecom_bigml,0.05,hgb,rus@1.0,prec_at_top,-0.08333333333333343,0.0,25,1.2036221616497781e-05,0.00010832599454848003,worse
telecom_bigml,0.05,hgb,rus@1.0,empc,-0.7079243537133086,0.0,25,5.960464477539063e-08,5.364418029785156e-07,worse
telecom_bigml,0.05,hgb,smote@0.5,roc_auc,-0.0009941520467836584,0.44,25,0.8739878535270691,1.0,no difference
telecom_bigml,0.05,hgb,smote@0.5,pr_auc,0.069817541069091,0.88,25,6.556510925292969e-06,2.09808349609375e-05,better
telecom_bigml,0.05,hgb,smote@0.5,f1,0.16054421768707483,0.96,25,1.1920928955078125e-07,1.0728836059570312e-06,better
telecom_bigml,0.05,hgb,smote@0.5,mcc,0.1376840697437487,0.96,25,8.344650268554688e-07,5.0067901611328125e-06,better
telecom_bigml,0.05,hgb,smote@0.5,brier,0.008207374945512701,1.0,25,5.960464477539063e-08,5.364418029785156e-07,better
telecom_bigml,0.05,hgb,smote@0.5,prec_at_top,0.016666666666666663,0.52,25,0.015432878491828752,0.06173151396731501,no difference
telecom_bigml,0.05,hgb,smote@0.5,empc,0.1824777429779647,0.88,25,4.172325134277344e-06,2.5033950805664062e-05,better
telecom_bigml,0.05,hgb,smote@1.0,roc_auc,0.0009356725146199008,0.56,25,0.7711594104766846,1.0,no difference
telecom_bigml,0.05,hgb,smote@1.0,pr_auc,0.06615595122746576,0.96,25,1.1920928955078125e-07,8.344650268554688e-07,better
telecom_bigml,0.05,hgb,smote@1.0,f1,0.16793313069908822,1.0,25,1.2279185361336645e-05,6.139592680668323e-05,better
telecom_bigml,0.05,hgb,smote@1.0,mcc,0.13823208622307415,0.92,25,2.8615430925098657e-05,8.584629277529597e-05,better
telecom_bigml,0.05,hgb,smote@1.0,brier,0.007390411914486798,0.96,25,1.1920928955078125e-07,7.152557373046875e-07,better
telecom_bigml,0.05,hgb,smote@1.0,prec_at_top,0.016666666666666663,0.64,25,0.00146983166243715,0.01028882163706005,better
telecom_bigml,0.05,hgb,smote@1.0,empc,0.1626130648446571,0.96,25,4.172325134277344e-07,2.9206275939941406e-06,better
telecom_bigml,0.05,hgb,smote_enn@1.0,roc_auc,0.004035087719298502,0.52,25,0.5997858319647831,1.0,no difference
telecom_bigml,0.05,hgb,smote_enn@1.0,pr_auc,0.023344166069851124,0.68,25,0.05157625675201416,0.10315251350402832,no difference
telecom_bigml,0.05,hgb,smote_enn@1.0,f1,0.13032581453634084,0.92,25,2.0705605648246455e-05,6.139592680668323e-05,better
telecom_bigml,0.05,hgb,smote_enn@1.0,mcc,0.08389373491060992,0.8,25,1.8298625946044922e-05,7.319450378417969e-05,better
telecom_bigml,0.05,hgb,smote_enn@1.0,brier,0.001911188661555402,0.6,25,0.14091521501541138,0.14091521501541138,no difference
telecom_bigml,0.05,hgb,smote_enn@1.0,prec_at_top,0.016666666666666663,0.6,25,0.004011135082240305,0.02406681049344183,better
telecom_bigml,0.05,hgb,smote_enn@1.0,empc,0.11170147594238511,0.84,25,0.0002498030662536621,0.0004996061325073242,better
telecom_bigml,0.05,hgb,threshold,roc_auc,0.0,0.0,25,,,no difference
telecom_bigml,0.05,hgb,threshold,pr_auc,0.0,0.0,25,,,no difference
telecom_bigml,0.05,hgb,threshold,f1,0.09064327485380114,0.8,25,0.004274733960172559,0.004274733960172559,better
telecom_bigml,0.05,hgb,threshold,mcc,0.050858098100647786,0.68,25,0.0626264214515686,0.0626264214515686,no difference
telecom_bigml,0.05,hgb,threshold,brier,0.0,0.0,25,,,no difference
telecom_bigml,0.05,hgb,threshold,prec_at_top,0.0,0.0,25,,,no difference
telecom_bigml,0.05,hgb,threshold,empc,0.0,0.0,25,,,no difference
telecom_bigml,0.05,lgbm,adasyn@1.0,roc_auc,-0.003567251461988219,0.28,25,0.017312347888946533,0.13849878311157227,no difference
telecom_bigml,0.05,lgbm,adasyn@1.0,pr_auc,0.04609754696053314,0.72,25,0.0007149577140808105,0.002859830856323242,better
telecom_bigml,0.05,lgbm,adasyn@1.0,f1,0.22128851540616246,1.0,25,5.960464477539063e-08,5.960464477539062e-07,better
telecom_bigml,0.05,lgbm,adasyn@1.0,mcc,0.17883370975610235,0.96,25,1.1920928955078125e-07,5.960464477539062e-07,better
telecom_bigml,0.05,lgbm,adasyn@1.0,brier,0.008815876762570604,0.96,25,1.1920928955078125e-07,5.960464477539062e-07,better
telecom_bigml,0.05,lgbm,adasyn@1.0,prec_at_top,0.0,0.28,25,0.5984999065340422,1.0,no difference
telecom_bigml,0.05,lgbm,adasyn@1.0,empc,0.11414391190858098,0.84,25,0.00028705596923828125,0.0014352798461914062,better
telecom_bigml,0.05,lgbm,class_weight,roc_auc,-0.0030994152046783796,0.48,25,0.11993378400802612,0.6809488534927368,no difference
telecom_bigml,0.05,lgbm,class_weight,pr_auc,-0.017740872274287223,0.2,25,0.00016230344772338867,0.000973820686340332,worse
telecom_bigml,0.05,lgbm,class_weight,f1,0.09523809523809518,0.92,25,1.9978448452977e-05,5.9935345358931e-05,better
telecom_bigml,0.05,lgbm,class_weight,mcc,0.0577799657710939,0.92,25,0.000125778026750181,0.00012731552124023438,better
telecom_bigml,0.05,lgbm,class_weight,brier,0.003582282488393502,0.92,25,4.172325134277344e-07,1.2516975402832031e-06,better
telecom_bigml,0.05,lgbm,class_weight,prec_at_top,0.0,0.2,25,0.35971077547852626,1.0,no difference
telecom_bigml,0.05,lgbm,class_weight,empc,-0.04639119571272632,0.4,25,0.023649930953979492,0.0519370436668396,no difference
telecom_bigml,0.05,lgbm,dirichlet@1.0,roc_auc,-0.003567251461988219,0.32,25,0.20993918180465698,0.8397567272186279,no difference
telecom_bigml,0.05,lgbm,dirichlet@1.0,pr_auc,0.03250599720161984,0.76,25,0.0002498030662536621,0.0012490153312683105,better
telecom_bigml,0.05,lgbm,dirichlet@1.0,f1,0.1435793731041457,0.96,25,1.1920928955078125e-07,5.960464477539062e-07,better
telecom_bigml,0.05,lgbm,dirichlet@1.0,mcc,0.11533685787048054,0.96,25,1.1920928955078125e-07,5.960464477539062e-07,better
telecom_bigml,0.05,lgbm,dirichlet@1.0,brier,0.006052481395342202,1.0,25,5.960464477539063e-08,5.960464477539062e-07,better
telecom_bigml,0.05,lgbm,dirichlet@1.0,prec_at_top,0.0,0.24,25,0.30259321745999535,1.0,no difference
telecom_bigml,0.05,lgbm,dirichlet@1.0,empc,0.0727870929584542,0.8,25,0.0012963414192199707,0.005185365676879883,better
telecom_bigml,0.05,lgbm,easy_ensemble,roc_auc,-0.02538011695906439,0.16,25,4.172325134277344e-06,3.7550926208496094e-05,worse
telecom_bigml,0.05,lgbm,easy_ensemble,pr_auc,-0.228971606650476,0.0,25,5.960464477539063e-08,5.960464477539062e-07,worse
telecom_bigml,0.05,lgbm,easy_ensemble,f1,-0.11979253806257317,0.16,25,6.365776062011719e-05,6.8601124468026e-05,worse
telecom_bigml,0.05,lgbm,easy_ensemble,mcc,-0.14014807616241548,0.04,25,2.980232238769531e-07,8.940696716308594e-07,worse
telecom_bigml,0.05,lgbm,easy_ensemble,brier,-0.0928313788882021,0.0,25,5.960464477539063e-08,5.960464477539062e-07,worse
telecom_bigml,0.05,lgbm,easy_ensemble,prec_at_top,-0.06666666666666671,0.0,25,1.8072402374229977e-05,0.00018019047813327589,worse
telecom_bigml,0.05,lgbm,easy_ensemble,empc,-0.45686835819986427,0.0,25,5.960464477539063e-08,5.960464477539062e-07,worse
telecom_bigml,0.05,lgbm,ros@1.0,roc_auc,-0.00046783625730983935,0.36,25,0.4107651710510254,1.0,no difference
telecom_bigml,0.05,lgbm,ros@1.0,pr_auc,0.041879929265685956,0.84,25,1.0073184967041016e-05,8.058547973632812e-05,better
telecom_bigml,0.05,lgbm,ros@1.0,f1,0.24230769230769228,1.0,25,5.960464477539063e-08,5.960464477539062e-07,better
telecom_bigml,0.05,lgbm,ros@1.0,mcc,0.17990001782902376,1.0,25,5.960464477539063e-08,5.960464477539062e-07,better
telecom_bigml,0.05,lgbm,ros@1.0,brier,0.009511422050147197,0.96,25,1.1920928955078125e-07,5.960464477539062e-07,better
telecom_bigml,0.05,lgbm,ros@1.0,prec_at_top,0.0,0.32,25,0.8678178095518648,1.0,no difference
telecom_bigml,0.05,lgbm,ros@1.0,empc,0.1619757070281458,0.88,25,8.165836334228516e-06,6.532669067382812e-05,better
telecom_bigml,0.05,lgbm,rus@1.0,roc_auc,-0.04514619883040938,0.04,25,1.1920928955078125e-07,1.1920928955078125e-06,worse
telecom_bigml,0.05,lgbm,rus@1.0,pr_auc,-0.3085996678785701,0.0,25,5.960464477539063e-08,5.960464477539062e-07,worse
telecom_bigml,0.05,lgbm,rus@1.0,f1,-0.16929824561403511,0.08,25,3.4300562234013e-05,6.8601124468026e-05,worse
telecom_bigml,0.05,lgbm,rus@1.0,mcc,-0.202037400298132,0.0,25,5.960464477539063e-08,5.960464477539062e-07,worse
telecom_bigml,0.05,lgbm,rus@1.0,brier,-0.11897176749970241,0.0,25,5.960464477539063e-08,5.960464477539062e-07,worse
telecom_bigml,0.05,lgbm,rus@1.0,prec_at_top,-0.10000000000000003,0.0,25,1.801904781332759e-05,0.00018019047813327589,worse
telecom_bigml,0.05,lgbm,rus@1.0,empc,-0.7879028580639282,0.0,25,5.960464477539063e-08,5.960464477539062e-07,worse
telecom_bigml,0.05,lgbm,smote@0.5,roc_auc,-0.006549707602338972,0.32,25,0.03241193858837688,0.2268835701186382,no difference
telecom_bigml,0.05,lgbm,smote@0.5,pr_auc,0.03410738147312575,0.88,25,8.803606033325195e-05,0.0006162524223327637,better
telecom_bigml,0.05,lgbm,smote@0.5,f1,0.20869565217391306,1.0,25,5.960464477539063e-08,5.960464477539062e-07,better
telecom_bigml,0.05,lgbm,smote@0.5,mcc,0.16798057612689654,1.0,25,5.960464477539063e-08,5.960464477539062e-07,better
telecom_bigml,0.05,lgbm,smote@0.5,brier,0.0085049009037081,1.0,25,5.960464477539063e-08,5.960464477539062e-07,better
telecom_bigml,0.05,lgbm,smote@0.5,prec_at_top,0.0,0.4,25,0.1706771334971623,1.0,no difference
telecom_bigml,0.05,lgbm,smote@0.5,empc,0.13283278879721316,0.88,25,1.233816146850586e-05,8.636713027954102e-05,better
telecom_bigml,0.05,lgbm,smote@1.0,roc_auc,-0.006198830409356648,0.44,25,0.1134914755821228,0.6809488534927368,no difference
telecom_bigml,0.05,lgbm,smote@1.0,pr_auc,0.0415639032595726,0.72,25,0.0012963414192199707,0.003889024257659912,better
telecom_bigml,0.05,lgbm,smote@1.0,f1,0.19959473150962515,1.0,25,5.960464477539063e-08,5.960464477539062e-07,better
telecom_bigml,0.05,lgbm,smote@1.0,mcc,0.16613658608237464,1.0,25,5.960464477539063e-08,5.960464477539062e-07,better
telecom_bigml,0.05,lgbm,smote@1.0,brier,0.0086242044114376,1.0,25,5.960464477539063e-08,5.960464477539062e-07,better
telecom_bigml,0.05,lgbm,smote@1.0,prec_at_top,0.0,0.44,25,0.44560053289767665,1.0,no difference
telecom_bigml,0.05,lgbm,smote@1.0,empc,0.101661953441748,0.88,25,2.664327621459961e-05,0.00015985965728759766,better
telecom_bigml,0.05,lgbm,smote_enn@1.0,roc_auc,-0.003040935672514622,0.4,25,0.5011167381021913,1.0,no difference
telecom_bigml,0.05,lgbm,smote_enn@1.0,pr_auc,-0.011478528479440642,0.4,25,0.2996123433113098,0.2996123433113098,no difference
telecom_bigml,0.05,lgbm,smote_enn@1.0,f1,0.20050125313283207,1.0,25,5.960464477539063e-08,5.960464477539062e-07,better
telecom_bigml,0.05,lgbm,smote_enn@1.0,mcc,0.13311665063396594,1.0,25,5.960464477539063e-08,5.960464477539062e-07,better
telecom_bigml,0.05,lgbm,smote_enn@1.0,brier,0.005216428183163601,0.8,25,1.233816146850586e-05,2.467632293701172e-05,better
telecom_bigml,0.05,lgbm,smote_enn@1.0,prec_at_top,0.0,0.4,25,0.21930264967931878,1.0,no difference
telecom_bigml,0.05,lgbm,smote_enn@1.0,empc,0.07324981672309461,0.76,25,0.017312347888946533,0.0519370436668396,no difference
telecom_bigml,0.05,lgbm,threshold,roc_auc,0.00011695906432718228,0.52,25,0.7111607789993286,1.0,no difference
telecom_bigml,0.05,lgbm,threshold,pr_auc,-0.008783421876784825,0.36,25,0.03933870792388916,0.07867741584777832,no difference
telecom_bigml,0.05,lgbm,threshold,f1,0.21666666666666662,0.96,25,2.980232238769531e-07,1.1920928955078125e-06,better
telecom_bigml,0.05,lgbm,threshold,mcc,0.13427067215760669,0.76,25,6.365776062011719e-05,0.00012731552124023438,better
telecom_bigml,0.05,lgbm,threshold,brier,-0.00015139840437519703,0.44,25,0.2751842737197876,0.2751842737197876,no difference
telecom_bigml,0.05,lgbm,threshold,prec_at_top,0.0,0.12,25,0.1148339433950067,0.9186715471600536,no difference
telecom_bigml,0.05,lgbm,threshold,empc,-0.018333333333333313,0.4,25,0.10731470584869385,0.10731470584869385,no difference
telecom_bigml,0.05,lr,adasyn@1.0,roc_auc,-0.03660818713450298,0.04,25,1.3885568373058784e-05,4.1656705119176354e-05,worse
telecom_bigml,0.05,lr,adasyn@1.0,pr_auc,-0.07859960852309053,0.04,25,1.7881393432617188e-07,1.2516975402832031e-06,worse
telecom_bigml,0.05,lr,adasyn@1.0,f1,0.11809392265193369,0.96,25,4.172325134277344e-07,2.086162567138672e-06,better
telecom_bigml,0.05,lr,adasyn@1.0,mcc,0.028616870405244188,0.68,25,0.036682069301605225,0.09542351961135864,no difference
telecom_bigml,0.05,lr,adasyn@1.0,brier,-0.1183042514232578,0.0,25,5.960464477539063e-08,5.364418029785156e-07,worse
telecom_bigml,0.05,lr,adasyn@1.0,prec_at_top,0.0,0.28,25,0.0791826825796808,0.47509609547808473,no difference
telecom_bigml,0.05,lr,adasyn@1.0,empc,-0.1279294781919348,0.28,25,0.0018156766891479492,0.012709736824035645,worse
telecom_bigml,0.05,lr,class_weight,roc_auc,-0.028304093567251498,0.04,25,2.980232238769531e-07,1.7881393432617188e-06,worse
telecom_bigml,0.05,lr,class_weight,pr_auc,-0.06407341266907812,0.08,25,1.4901161193847656e-06,4.5299530029296875e-06,worse
telecom_bigml,0.05,lr,class_weight,f1,0.11944444444444441,0.96,25,1.1920928955078125e-07,1.0728836059570312e-06,better
telecom_bigml,0.05,lr,class_weight,mcc,0.030521802735286402,0.72,25,0.00806879997253418,0.04903364181518555,better
telecom_bigml,0.05,lr,class_weight,brier,-0.1195499297082263,0.0,25,5.960464477539063e-08,5.364418029785156e-07,worse
telecom_bigml,0.05,lr,class_weight,prec_at_top,0.0,0.24,25,0.106966075980722,0.53483037990361,no difference
telecom_bigml,0.05,lr,class_weight,empc,-0.08832242048496364,0.28,25,0.002507925033569336,0.015047550201416016,worse
telecom_bigml,0.05,lr,dirichlet@1.0,roc_auc,-0.03707602339181293,0.0,25,5.960464477539063e-08,5.364418029785156e-07,worse
telecom_bigml,0.05,lr,dirichlet@1.0,pr_auc,-0.05239161770507414,0.04,25,1.1920928955078125e-07,9.5367431640625e-07,worse
telecom_bigml,0.05,lr,dirichlet@1.0,f1,0.13266871165644167,0.96,25,1.7881393432617188e-07,1.0728836059570312e-06,better
telecom_bigml,0.05,lr,dirichlet@1.0,mcc,0.045845524871449606,0.76,25,0.0067255496978759766,0.04903364181518555,better
telecom_bigml,0.05,lr,dirichlet@1.0,brier,-0.09953120132893678,0.0,25,5.960464477539063e-08,5.364418029785156e-07,worse
telecom_bigml,0.05,lr,dirichlet@1.0,prec_at_top,-0.016666666666666607,0.24,25,0.0316705789162958,0.2533646313303664,no difference
telecom_bigml,0.05,lr,dirichlet@1.0,empc,-0.11654648161354342,0.24,25,0.00021690130233764648,0.0017352104187011719,worse
telecom_bigml,0.05,lr,easy_ensemble,roc_auc,0.0015789473684211242,0.52,25,0.7914759516716003,0.7914759516716003,no difference
telecom_bigml,0.05,lr,easy_ensemble,pr_auc,-0.04154727791592239,0.04,25,1.7881393432617188e-07,1.2516975402832031e-06,worse
telecom_bigml,0.05,lr,easy_ensemble,f1,0.09994172494172489,0.96,25,4.172325134277344e-07,2.086162567138672e-06,better
telecom_bigml,0.05,lr,easy_ensemble,mcc,0.02479168884501201,0.76,25,0.017312347888946533,0.06924939155578613,no difference
telecom_bigml,0.05,lr,easy_ensemble,brier,-0.1405825229853484,0.0,25,5.960464477539063e-08,5.364418029785156e-07,worse
telecom_bigml,0.05,lr,easy_ensemble,prec_at_top,0.0,0.24,25,0.4676963598029472,0.5624603253726859,no difference
telecom_bigml,0.05,lr,easy_ensemble,empc,-0.04271867523476025,0.4,25,0.09031611680984497,0.09031611680984497,no difference
telecom_bigml,0.05,lr,ros@1.0,roc_auc,-0.034327485380116984,0.04,25,4.172325134277344e-07,2.086162567138672e-06,worse
telecom_bigml,0.05,lr,ros@1.0,pr_auc,-0.056120134025740315,0.08,25,1.1324882507324219e-06,4.5299530029296875e-06,worse
telecom_bigml,0.05,lr,ros@1.0,f1,0.1201907790143084,0.96,25,1.1920928955078125e-07,1.0728836059570312e-06,better
telecom_bigml,0.05,lr,ros@1.0,mcc,0.030062497568305396,0.76,25,0.010510802268981934,0.05255401134490967,no difference
telecom_bigml,0.05,lr,ros@1.0,brier,-0.1211718696226808,0.0,25,5.960464477539063e-08,5.364418029785156e-07,worse
telecom_bigml,0.05,lr,ros@1.0,prec_at_top,-0.01666666666666672,0.2,25,0.13892513850164243,0.5374757952161003,no difference
telecom_bigml,0.05,lr,ros@1.0,empc,-0.10982722105962095,0.32,25,0.003419220447540283,0.017096102237701416,worse
telecom_bigml,0.05,lr,rus@1.0,roc_auc,-0.014093567251462047,0.24,25,0.0030878782272338867,0.0061757564544677734,worse
telecom_bigml,0.05,lr,rus@1.0,pr_auc,-0.05732729417872828,0.08,25,1.1324882507324219e-06,4.5299530029296875e-06,worse
telecom_bigml,0.05,lr,rus@1.0,f1,0.09545454545454539,0.96,25,3.2782554626464844e-06,6.556510925292969e-06,better
telecom_bigml,0.05,lr,rus@1.0,mcc,0.0177867048809566,0.72,25,0.07547956705093384,0.09542351961135864,no difference
telecom_bigml,0.05,lr,rus@1.0,brier,-0.1478869720690279,0.0,25,5.960464477539063e-08,5.364418029785156e-07,worse
telecom_bigml,0.05,lr,rus@1.0,prec_at_top,-0.01666666666666672,0.16,25,0.009466246592526427,0.08519621933273784,no difference
telecom_bigml,0.05,lr,rus@1.0,empc,-0.16575468949861014,0.12,25,3.1948089599609375e-05,0.0002875328063964844,worse
telecom_bigml,0.05,lr,smote@0.5,roc_auc,-0.024093567251461945,0.04,25,1.7881393432617188e-07,1.430511474609375e-06,worse
telecom_bigml,0.05,lr,smote@0.5,pr_auc,-0.0395799925549537,0.0,25,5.960464477539063e-08,5.364418029785156e-07,worse
telecom_bigml,0.05,lr,smote@0.5,f1,0.18323789692868303,1.0,25,5.960464477539063e-08,5.960464477539062e-07,better
telecom_bigml,0.05,lr,smote@0.5,mcc,0.08159627012099319,0.8,25,6.365776062011719e-05,0.0006365776062011719,better
telecom_bigml,0.05,lr,smote@0.5,brier,-0.059172651076733106,0.0,25,5.960464477539063e-08,5.364418029785156e-07,worse
telecom_bigml,0.05,lr,smote@0.5,prec_at_top,-0.01666666666666658,0.16,25,0.041997384862728034,0.29398169403909624,no difference
telecom_bigml,0.05,lr,smote@0.5,empc,-0.07561489332358085,0.24,25,0.005578815937042236,0.022315263748168945,worse
telecom_bigml,0.05,lr,smote@1.0,roc_auc,-0.031695906432748555,0.04,25,1.7881393432617188e-07,1.430511474609375e-06,worse
telecom_bigml,0.05,lr,smote@1.0,pr_auc,-0.05309245021118189,0.12,25,4.172325134277344e-06,4.5299530029296875e-06,worse
telecom_bigml,0.05,lr,smote@1.0,f1,0.1263888888888888,0.96,25,1.569120219955584e-05,1.569120219955584e-05,better
telecom_bigml,0.05,lr,smote@1.0,mcc,0.0420722871431754,0.76,25,0.006129205226898193,0.04903364181518555,better
telecom_bigml,0.05,lr,smote@1.0,brier,-0.1127400353371057,0.0,25,5.960464477539063e-08,5.364418029785156e-07,worse
telecom_bigml,0.05,lr,smote@1.0,prec_at_top,-0.01666666666666672,0.32,25,0.28123016268634293,0.5624603253726859,no difference
telecom_bigml,0.05,lr,smote@1.0,empc,-0.08898389051127531,0.32,25,0.010510802268981934,0.0315324068069458,worse
telecom_bigml,0.05,lr,smote_enn@1.0,roc_auc,-0.02994152046783627,0.08,25,4.172325134277344e-07,2.086162567138672e-06,worse
telecom_bigml,0.05,lr,smote_enn@1.0,pr_auc,-0.065218403911424,0.08,25,5.960464477539062e-07,2.9802322387695312e-06,worse
telecom_bigml,0.05,lr,smote_enn@1.0,f1,0.10297927461139891,0.96,25,5.960464477539062e-07,2.086162567138672e-06,better
telecom_bigml,0.05,lr,smote_enn@1.0,mcc,0.025031721145575697,0.68,25,0.03180783987045288,0.09542351961135864,no difference
telecom_bigml,0.05,lr,smote_enn@1.0,brier,-0.14526033502381608,0.0,25,5.960464477539063e-08,5.364418029785156e-07,worse
telecom_bigml,0.05,lr,smote_enn@1.0,prec_at_top,0.0,0.32,25,0.13436894880402508,0.5374757952161003,no difference
telecom_bigml,0.05,lr,smote_enn@1.0,empc,-0.0930900862803361,0.36,25,0.02027493715286255,0.0405498743057251,worse
telecom_bigml,0.05,lr,threshold,roc_auc,0.0,0.0,25,,,no difference
telecom_bigml,0.05,lr,threshold,pr_auc,0.0,0.0,25,,,no difference
telecom_bigml,0.05,lr,threshold,f1,0.1863799283154122,0.96,25,1.1920928955078125e-07,1.0728836059570312e-06,better
telecom_bigml,0.05,lr,threshold,mcc,0.07367775156243228,0.88,25,0.000102996826171875,0.000926971435546875,better
telecom_bigml,0.05,lr,threshold,brier,0.0,0.0,25,,,no difference
telecom_bigml,0.05,lr,threshold,prec_at_top,0.0,0.0,25,,,no difference
telecom_bigml,0.05,lr,threshold,empc,0.0,0.0,25,,,no difference
telecom_bigml,0.05,rf,adasyn@1.0,roc_auc,-0.007251461988304175,0.4,25,0.2996123433113098,1.0,no difference
telecom_bigml,0.05,rf,adasyn@1.0,pr_auc,-0.056826357607329236,0.16,25,0.00028705596923828125,0.0020093917846679688,worse
telecom_bigml,0.05,rf,adasyn@1.0,f1,0.29411764705882354,1.0,25,5.960464477539063e-08,5.960464477539062e-07,better
telecom_bigml,0.05,rf,adasyn@1.0,mcc,0.19306339132593997,0.96,25,1.1920928955078125e-07,9.5367431640625e-07,better
telecom_bigml,0.05,rf,adasyn@1.0,brier,-0.0028846922470264005,0.08,25,1.4901161193847656e-06,1.043081283569336e-05,worse
telecom_bigml,0.05,rf,adasyn@1.0,prec_at_top,-0.016666666666666607,0.36,25,0.5453572164553167,1.0,no difference
telecom_bigml,0.05,rf,adasyn@1.0,empc,-0.06107166339175407,0.32,25,0.0709836483001709,0.2839345932006836,no difference
telecom_bigml,0.05,rf,class_weight,roc_auc,-0.0009941520467836584,0.48,25,0.8531995415687561,1.0,no difference
telecom_bigml,0.05,rf,class_weight,pr_auc,-0.022315407966262968,0.32,25,0.023649930953979492,0.09459972381591797,no difference
telecom_bigml,0.05,rf,class_weight,f1,0.08771929824561397,0.68,25,0.0013784238620801828,0.005513695448320731,better
telecom_bigml,0.05,rf,class_weight,mcc,0.0686258825943512,0.68,25,0.0019241557163456112,0.005772467149036833,better
telecom_bigml,0.05,rf,class_weight,brier,-0.0010172709965543016,0.28,25,0.018744707107543945,0.056234121322631836,no difference
telecom_bigml,0.05,rf,class_weight,prec_at_top,-0.016666666666666607,0.24,25,0.15910328780493466,0.9546197268296079,no difference
telecom_bigml,0.05,rf,class_weight,empc,-0.05459555660791504,0.4,25,0.02747941017150879,0.16487646102905273,no difference
telecom_bigml,0.05,rf,dirichlet@1.0,roc_auc,-0.004883040935672378,0.24,25,0.0041751861572265625,0.03757667541503906,worse
telecom_bigml,0.05,rf,dirichlet@1.0,pr_auc,-0.05178229683115776,0.2,25,0.0010271072387695312,0.005135536193847656,worse
telecom_bigml,0.05,rf,dirichlet@1.0,f1,0.08270676691729323,0.64,25,0.0033114429080165855,0.009934328724049757,better
telecom_bigml,0.05,rf,dirichlet@1.0,mcc,0.04045950530253922,0.64,25,0.01895989587952248,0.03791979175904496,better
telecom_bigml,0.05,rf,dirichlet@1.0,brier,-0.001823116113177401,0.2,25,0.0008081197738647461,0.0040405988693237305,worse
telecom_bigml,0.05,rf,dirichlet@1.0,prec_at_top,0.0,0.24,25,0.22037683396761387,1.0,no difference
telecom_bigml,0.05,rf,dirichlet@1.0,empc,-0.11066939075107296,0.32,25,0.00806879997253418,0.05648159980773926,no difference
telecom_bigml,0.05,rf,easy_ensemble,roc_auc,-0.011988304093567437,0.28,25,0.023649930953979492,0.18919944763183594,no difference
telecom_bigml,0.05,rf,easy_ensemble,pr_auc,-0.1574714841462933,0.04,25,1.1920928955078125e-07,1.1920928955078125e-06,worse
telecom_bigml,0.05,rf,easy_ensemble,f1,0.031630170316301665,0.72,25,0.0626264214515686,0.1252528429031372,no difference
telecom_bigml,0.05,rf,easy_ensemble,mcc,-0.04234436310779749,0.28,25,0.029578447341918945,0.03791979175904496,worse
telecom_bigml,0.05,rf,easy_ensemble,brier,-0.11790210317582309,0.0,25,5.960464477539063e-08,5.960464477539062e-07,worse
telecom_bigml,0.05,rf,easy_ensemble,prec_at_top,-0.04999999999999999,0.04,25,2.7327239222447903e-05,0.0002573826808173427,worse
telecom_bigml,0.05,rf,easy_ensemble,empc,-0.38488184763184785,0.04,25,1.1920928955078125e-07,1.0728836059570312e-06,worse
telecom_bigml,0.05,rf,ros@1.0,roc_auc,0.001052631578947305,0.52,25,0.3665854334831238,1.0,no difference
telecom_bigml,0.05,rf,ros@1.0,pr_auc,-0.0085790791069843,0.4,25,0.5601714849472046,1.0,no difference
telecom_bigml,0.05,rf,ros@1.0,f1,0.23809523809523814,1.0,25,1.2223622842585624e-05,8.556535989809937e-05,better
telecom_bigml,0.05,rf,ros@1.0,mcc,0.1599964327394766,1.0,25,1.2256936021619928e-05,8.57985521513395e-05,better
telecom_bigml,0.05,rf,ros@1.0,brier,0.0010738959026201991,0.72,25,0.011453330516815186,0.04581332206726074,better
telecom_bigml,0.05,rf,ros@1.0,prec_at_top,0.0,0.36,25,0.9517196644524206,1.0,no difference
telecom_bigml,0.05,rf,ros@1.0,empc,-0.04303570786574351,0.44,25,0.6338268518447876,1.0,no difference
telecom_bigml,0.05,rf,rus@1.0,roc_auc,-0.02374269005847962,0.16,25,7.49826431274414e-05,0.0007498264312744141,worse
telecom_bigml,0.05,rf,rus@1.0,pr_auc,-0.2614211455323226,0.04,25,1.1920928955078125e-07,1.1920928955078125e-06,worse
telecom_bigml,0.05,rf,rus@1.0,f1,0.0,0.48,25,0.39136593830755195,0.39136593830755195,no difference
telecom_bigml,0.05,rf,rus@1.0,mcc,-0.07804584482743321,0.16,25,0.0009118914604187012,0.0036475658416748047,worse
telecom_bigml,0.05,rf,rus@1.0,brier,-0.12333071025381868,0.0,25,5.960464477539063e-08,5.960464477539062e-07,worse
telecom_bigml,0.05,rf,rus@1.0,prec_at_top,-0.09999999999999998,0.0,25,2.573826808173427e-05,0.0002573826808173427,worse
telecom_bigml,0.05,rf,rus@1.0,empc,-0.6774366725673266,0.0,25,5.960464477539063e-08,5.960464477539062e-07,worse
telecom_bigml,0.05,rf,smote@0.5,roc_auc,0.0004678362573099504,0.52,25,0.7711594104766846,1.0,no difference
telecom_bigml,0.05,rf,smote@0.5,pr_auc,-0.01610549770376546,0.44,25,0.2996123433113098,0.8988370299339294,no difference
telecom_bigml,0.05,rf,smote@0.5,f1,0.26747720364741645,1.0,25,1.2268056633232531e-05,8.556535989809937e-05,better
telecom_bigml,0.05,rf,smote@0.5,mcc,0.1619341655541796,1.0,25,1.2268056633232531e-05,8.57985521513395e-05,better
telecom_bigml,0.05,rf,smote@0.5,brier,-0.0005062176428039002,0.48,25,0.6720751523971558,0.7331708669662476,no difference
telecom_bigml,0.05,rf,smote@0.5,prec_at_top,0.0,0.48,25,0.05414432694115638,0.37901028858809466,no difference
telecom_bigml,0.05,rf,smote@0.5,empc,-0.00630926940602361,0.44,25,0.9158032536506653,1.0,no difference
telecom_bigml,0.05,rf,smote@1.0,roc_auc,-0.004385964912280604,0.32,25,0.25210392475128174,1.0,no difference
telecom_bigml,0.05,rf,smote@1.0,pr_auc,-0.0516627398341486,0.2,25,0.0008081197738647461,0.0048487186431884766,worse
telecom_bigml,0.05,rf,smote@1.0,f1,0.2857142857142857,1.0,25,5.960464477539063e-08,5.960464477539062e-07,better
telecom_bigml,0.05,rf,smote@1.0,mcc,0.18399305520051934,1.0,25,5.960464477539063e-08,5.960464477539062e-07,better
telecom_bigml,0.05,rf,smote@1.0,brier,-0.003035280713801901,0.08,25,8.165836334228516e-06,4.8995018005371094e-05,worse
telecom_bigml,0.05,rf,smote@1.0,prec_at_top,0.0,0.4,25,0.4054618475594498,1.0,no difference
telecom_bigml,0.05,rf,smote@1.0,empc,-0.1012099932527819,0.32,25,0.04512268304824829,0.22561341524124146,no difference
telecom_bigml,0.05,rf,smote_enn@1.0,roc_auc,-0.010058479532163656,0.36,25,0.10731470584869385,0.7512029409408569,no difference
telecom_bigml,0.05,rf,smote_enn@1.0,pr_auc,-0.15846052097898067,0.04,25,5.960464477539062e-07,4.76837158203125e-06,worse
telecom_bigml,0.05,rf,smote_enn@1.0,f1,0.25,1.0,25,1.2279185361336645e-05,8.556535989809937e-05,better
telecom_bigml,0.05,rf,smote_enn@1.0,mcc,0.11497460641697044,0.92,25,1.7719332394307358e-05,8.85966619715368e-05,better
telecom_bigml,0.05,rf,smote_enn@1.0,brier,-0.011399995531181498,0.0,25,5.960464477539063e-08,5.960464477539062e-07,worse
telecom_bigml,0.05,rf,smote_enn@1.0,prec_at_top,-0.01666666666666672,0.12,25,0.008368001306566208,0.06694401045252966,no difference
telecom_bigml,0.05,rf,smote_enn@1.0,empc,-0.2807797939494616,0.16,25,8.165836334228516e-06,6.532669067382812e-05,worse
telecom_bigml,0.05,rf,threshold,roc_auc,3.3306690738754696e-16,0.52,25,0.8119303584098816,1.0,no difference
telecom_bigml,0.05,rf,threshold,pr_auc,-7.097834526093028e-05,0.48,25,0.7111607789993286,1.0,no difference
telecom_bigml,0.05,rf,threshold,f1,0.3725490196078432,1.0,25,5.960464477539063e-08,5.960464477539062e-07,better
telecom_bigml,0.05,rf,threshold,mcc,0.24482446613432896,1.0,25,5.960464477539063e-08,5.960464477539062e-07,better
telecom_bigml,0.05,rf,threshold,brier,-6.221097839589906e-05,0.44,25,0.3665854334831238,0.7331708669662476,no difference
telecom_bigml,0.05,rf,threshold,prec_at_top,0.0,0.2,25,0.7558943915200818,1.0,no difference
telecom_bigml,0.05,rf,threshold,empc,0.015134409462719933,0.64,25,0.25210392475128174,0.7563117742538452,no difference
telecom_bigml,0.05,xgb,adasyn@1.0,roc_auc,-0.010584795321637475,0.24,25,0.0030878782272338867,0.021615147590637207,worse
telecom_bigml,0.05,xgb,adasyn@1.0,pr_auc,0.0005686717226197624,0.56,25,0.7309892177581787,1.0,no difference
telecom_bigml,0.05,xgb,adasyn@1.0,f1,0.11347517730496448,1.0,25,1.2279185361336645e-05,4.029273986816406e-05,better
telecom_bigml,0.05,xgb,adasyn@1.0,mcc,0.08569829797074102,0.96,25,1.7719332394307358e-05,6.276480879822337e-05,better
telecom_bigml,0.05,xgb,adasyn@1.0,brier,0.0025204800210953983,0.88,25,3.2782554626464844e-06,1.6391277313232422e-05,better
telecom_bigml,0.05,xgb,adasyn@1.0,prec_at_top,0.0,0.28,25,0.9375580799375713,1.0,no difference
telecom_bigml,0.05,xgb,adasyn@1.0,empc,0.0387998674230603,0.72,25,0.03180783987045288,0.22265487909317017,no difference
telecom_bigml,0.05,xgb,class_weight,roc_auc,0.0011111111111111738,0.52,25,0.2817600773141429,0.8452802319424286,no difference
telecom_bigml,0.05,xgb,class_weight,pr_auc,0.015229358389522107,0.68,25,0.021908342838287354,0.13145005702972412,no difference
telecom_bigml,0.05,xgb,class_weight,f1,0.10254306808859726,1.0,25,1.2279185361336645e-05,4.029273986816406e-05,better
telecom_bigml,0.05,xgb,class_weight,mcc,0.07675641856964044,0.96,25,1.569120219955584e-05,6.276480879822337e-05,better
telecom_bigml,0.05,xgb,class_weight,brier,0.0031761332649328997,0.96,25,1.1920928955078125e-07,7.152557373046875e-07,better
telecom_bigml,0.05,xgb,class_weight,prec_at_top,0.0,0.2,25,0.9589793339720329,1.0,no difference
telecom_bigml,0.05,xgb,class_weight,empc,0.02680193934360542,0.64,25,0.2996123433113098,0.8988370299339294,no difference
telecom_bigml,0.05,xgb,dirichlet@1.0,roc_auc,-0.005906432748537971,0.32,25,0.0041751861572265625,0.025051116943359375,worse
telecom_bigml,0.05,xgb,dirichlet@1.0,pr_auc,-0.0019328421681927832,0.48,25,0.7111607789993286,1.0,no difference
telecom_bigml,0.05,xgb,dirichlet@1.0,f1,0.07018867924528305,0.92,25,4.069645335632428e-05,4.069645335632428e-05,better
telecom_bigml,0.05,xgb,dirichlet@1.0,mcc,0.05462279377870516,0.92,25,5.245208740234375e-06,3.147125244140625e-05,better
telecom_bigml,0.05,xgb,dirichlet@1.0,brier,0.001158333108803599,0.76,25,0.0011548399925231934,0.0023096799850463867,better
telecom_bigml,0.05,xgb,dirichlet@1.0,prec_at_top,0.0,0.12,25,0.04887155701805232,0.39097245614441856,no difference
telecom_bigml,0.05,xgb,dirichlet@1.0,empc,-0.02464282759417502,0.4,25,0.5249125957489014,1.0,no difference
telecom_bigml,0.05,xgb,easy_ensemble,roc_auc,-0.02023391812865516,0.0,25,5.960464477539063e-08,5.960464477539062e-07,worse
telecom_bigml,0.05,xgb,easy_ensemble,pr_auc,-0.17918203611591654,0.0,25,5.960464477539063e-08,5.960464477539062e-07,worse
telecom_bigml,0.05,xgb,easy_ensemble,f1,-0.24308300395256927,0.0,25,5.960464477539063e-08,5.960464477539062e-07,worse
telecom_bigml,0.05,xgb,easy_ensemble,mcc,-0.24645393369282098,0.0,25,5.960464477539063e-08,5.960464477539062e-07,worse
telecom_bigml,0.05,xgb,easy_ensemble,brier,-0.0910832577409546,0.0,25,5.960464477539063e-08,5.960464477539062e-07,worse
telecom_bigml,0.05,xgb,easy_ensemble,prec_at_top,-0.04999999999999999,0.0,25,1.7475036901946903e-05,0.00015727533211752214,worse
telecom_bigml,0.05,xgb,easy_ensemble,empc,-0.459092178169922,0.0,25,5.960464477539063e-08,5.960464477539062e-07,worse
telecom_bigml,0.05,xgb,ros@1.0,roc_auc,-0.001228070175438578,0.4,25,1.0,1.0,no difference
telecom_bigml,0.05,xgb,ros@1.0,pr_auc,0.01638398227712723,0.76,25,0.0010271072387695312,0.007189750671386719,better
telecom_bigml,0.05,xgb,ros@1.0,f1,0.13848631239935594,1.0,25,5.960464477539063e-08,5.960464477539062e-07,better
telecom_bigml,0.05,xgb,ros@1.0,mcc,0.11554374944069223,1.0,25,5.960464477539063e-08,5.960464477539062e-07,better
telecom_bigml,0.05,xgb,ros@1.0,brier,0.0035271552951510014,1.0,25,5.960464477539063e-08,5.960464477539062e-07,better
telecom_bigml,0.05,xgb,ros@1.0,prec_at_top,0.0,0.2,25,0.07548403286584887,0.5283882300609422,no difference
telecom_bigml,0.05,xgb,ros@1.0,empc,0.030120181130849355,0.72,25,0.06670159101486206,0.3335079550743103,no difference
telecom_bigml,0.05,xgb,rus@1.0,roc_auc,-0.03730994152046774,0.0,25,5.960464477539063e-08,5.960464477539062e-07,worse
telecom_bigml,0.05,xgb,rus@1.0,pr_auc,-0.30199413523912777,0.0,25,5.960464477539063e-08,5.960464477539062e-07,worse
telecom_bigml,0.05,xgb,rus@1.0,f1,-0.28603104212860314,0.0,25,5.960464477539063e-08,5.960464477539062e-07,worse
telecom_bigml,0.05,xgb,rus@1.0,mcc,-0.2870671923642259,0.0,25,5.960464477539063e-08,5.960464477539062e-07,worse
telecom_bigml,0.05,xgb,rus@1.0,brier,-0.1160124914532375,0.0,25,5.960464477539063e-08,5.960464477539062e-07,worse
telecom_bigml,0.05,xgb,rus@1.0,prec_at_top,-0.08333333333333343,0.0,25,1.2102097276471617e-05,0.00012102097276471617,worse
telecom_bigml,0.05,xgb,rus@1.0,empc,-0.6767386986814721,0.0,25,5.960464477539063e-08,5.960464477539062e-07,worse
telecom_bigml,0.05,xgb,smote@0.5,roc_auc,-0.005847953216374324,0.24,25,0.008822321891784668,0.04411160945892334,worse
telecom_bigml,0.05,xgb,smote@0.5,pr_auc,0.01349356747298458,0.64,25,0.4418373703956604,1.0,no difference
telecom_bigml,0.05,xgb,smote@0.5,f1,0.0839160839160839,0.96,25,1.4901161193847656e-06,7.450580596923828e-06,better
telecom_bigml,0.05,xgb,smote@0.5,mcc,0.05629892091425426,0.88,25,1.233816146850586e-05,6.16908073425293e-05,better
telecom_bigml,0.05,xgb,smote@0.5,brier,0.0024868985837706997,0.84,25,5.245208740234375e-06,2.09808349609375e-05,better
telecom_bigml,0.05,xgb,smote@0.5,prec_at_top,0.0,0.4,25,0.24281012423390824,1.0,no difference
telecom_bigml,0.05,xgb,smote@0.5,empc,0.04344772610902403,0.72,25,0.04826241731643677,0.2895745038986206,no difference
telecom_bigml,0.05,xgb,smote@1.0,roc_auc,-0.005321637426900616,0.24,25,0.010510802268981934,0.04411160945892334,worse
telecom_bigml,0.05,xgb,smote@1.0,pr_auc,0.0005221470776173298,0.52,25,0.23036134243011475,1.0,no difference
telecom_bigml,0.05,xgb,smote@1.0,f1,0.10873440285204994,1.0,25,5.960464477539063e-08,5.960464477539062e-07,better
telecom_bigml,0.05,xgb,smote@1.0,mcc,0.07812242637883349,1.0,25,5.960464477539063e-08,5.960464477539062e-07,better
telecom_bigml,0.05,xgb,smote@1.0,brier,0.0028436246765623993,1.0,25,5.960464477539063e-08,5.960464477539062e-07,better
telecom_bigml,0.05,xgb,smote@1.0,prec_at_top,0.0,0.32,25,0.6505782108092557,1.0,no difference
telecom_bigml,0.05,xgb,smote@1.0,empc,0.054129948909867664,0.76,25,0.005578815937042236,0.04463052749633789,better
telecom_bigml,0.05,xgb,smote_enn@1.0,roc_auc,-0.011929824561403568,0.2,25,0.0016730747221523166,0.013384597777218532,worse
telecom_bigml,0.05,xgb,smote_enn@1.0,pr_auc,-0.05571757047314907,0.2,25,2.2113323211669922e-05,0.00017690658569335938,worse
telecom_bigml,0.05,xgb,smote_enn@1.0,f1,0.07575757575757569,0.96,25,2.980232238769531e-07,1.7881393432617188e-06,better
telecom_bigml,0.05,xgb,smote_enn@1.0,mcc,0.036427281838282255,0.8,25,0.0006313323974609375,0.0006313323974609375,better
telecom_bigml,0.05,xgb,smote_enn@1.0,brier,-0.0018998856303187005,0.08,25,6.365776062011719e-05,0.00019097328186035156,worse
telecom_bigml,0.05,xgb,smote_enn@1.0,prec_at_top,0.0,0.32,25,0.597822144657575,1.0,no difference
telecom_bigml,0.05,xgb,smote_enn@1.0,empc,-0.00435699958592517,0.48,25,0.5249125957489014,1.0,no difference
telecom_bigml,0.05,xgb,threshold,roc_auc,-0.0014619883040936088,0.4,25,0.8739878535270691,1.0,no difference
telecom_bigml,0.05,xgb,threshold,pr_auc,-0.004630559941800949,0.32,25,0.3665854334831238,1.0,no difference
telecom_bigml,0.05,xgb,threshold,f1,0.08361204013377921,0.96,25,1.0073184967041016e-05,4.029273986816406e-05,better
telecom_bigml,0.05,xgb,threshold,mcc,0.030388923933048262,0.88,25,7.49826431274414e-05,0.0001499652862548828,better
telecom_bigml,0.05,xgb,threshold,brier,-8.13194461293e-05,0.44,25,0.5964998602867126,0.5964998602867126,no difference
telecom_bigml,0.05,xgb,threshold,prec_at_top,0.0,0.2,25,0.7621842220884498,1.0,no difference
telecom_bigml,0.05,xgb,threshold,empc,-0.01213932271403162,0.44,25,0.17295855283737183,0.6918342113494873,no difference
telecom_bigml,0.1,hgb,adasyn@1.0,roc_auc,0.001893622946254836,0.56,25,0.4107651710510254,1.0,no difference
telecom_bigml,0.1,hgb,adasyn@1.0,pr_auc,-0.002287140475892735,0.44,25,0.936802864074707,1.0,no difference
telecom_bigml,0.1,hgb,adasyn@1.0,f1,0.007207207207207245,0.64,25,0.4237107971667934,1.0,no difference
telecom_bigml,0.1,hgb,adasyn@1.0,mcc,0.0011863131426342877,0.52,25,0.9158032536506653,1.0,no difference
telecom_bigml,0.1,hgb,adasyn@1.0,brier,0.00023823119007999882,0.56,25,0.7309892177581787,1.0,no difference
telecom_bigml,0.1,hgb,adasyn@1.0,prec_at_top,0.0,0.28,25,0.8161533547581272,1.0,no difference
telecom_bigml,0.1,hgb,adasyn@1.0,empc,-0.016960906919676333,0.48,25,0.7111607789993286,1.0,no difference
telecom_bigml,0.1,hgb,class_weight,roc_auc,-0.0005012531328322245,0.44,25,0.9578450322151184,1.0,no difference
telecom_bigml,0.1,hgb,class_weight,pr_auc,-0.0028303386689007004,0.2,25,0.0030878782272338867,0.01852726936340332,worse
telecom_bigml,0.1,hgb,class_weight,f1,-0.006468006468006493,0.4,25,0.6338268518447876,1.0,no difference
telecom_bigml,0.1,hgb,class_weight,mcc,-0.015275138169097757,0.32,25,0.09573346376419067,0.574400782585144,no difference
telecom_bigml,0.1,hgb,class_weight,brier,-0.0008521872963583969,0.4,25,0.33878785371780396,1.0,no difference
telecom_bigml,0.1,hgb,class_weight,prec_at_top,0.0,0.4,25,0.33875956656193307,1.0,no difference
telecom_bigml,0.1,hgb,class_weight,empc,0.00021597180041021957,0.52,25,1.0,1.0,no difference
telecom_bigml,0.1,hgb,dirichlet@1.0,roc_auc,0.0006961849067113057,0.52,25,0.3525196313858032,1.0,no difference
telecom_bigml,0.1,hgb,dirichlet@1.0,pr_auc,-0.0003531430521618306,0.48,25,0.49078595638275146,1.0,no difference
telecom_bigml,0.1,hgb,dirichlet@1.0,f1,0.004377104377104368,0.56,25,0.7711594104766846,1.0,no difference
telecom_bigml,0.1,hgb,dirichlet@1.0,mcc,0.0008048776879343578,0.56,25,0.8948604464530945,1.0,no difference
telecom_bigml,0.1,hgb,dirichlet@1.0,brier,0.00041689311158060044,0.52,25,0.33878785371780396,1.0,no difference
telecom_bigml,0.1,hgb,dirichlet@1.0,prec_at_top,0.0,0.24,25,0.2790163132113639,1.0,no difference
telecom_bigml,0.1,hgb,dirichlet@1.0,empc,-0.042723912896477145,0.36,25,0.24106645584106445,1.0,no difference
telecom_bigml,0.1,hgb,easy_ensemble,roc_auc,0.0030632135895294343,0.56,25,0.21998637914657593,1.0,no difference
telecom_bigml,0.1,hgb,easy_ensemble,pr_auc,-0.029580664629033637,0.12,25,8.344650268554688e-07,6.67572021484375e-06,worse
telecom_bigml,0.1,hgb,easy_ensemble,f1,-0.17464061096136574,0.0,25,5.960464477539063e-08,5.960464477539062e-07,worse
telecom_bigml,0.1,hgb,easy_ensemble,mcc,-0.19269990525295,0.0,25,5.960464477539063e-08,5.960464477539062e-07,worse
telecom_bigml,0.1,hgb,easy_ensemble,brier,-0.04979915017977841,0.0,25,5.960464477539063e-08,5.364418029785156e-07,worse
telecom_bigml,0.1,hgb,easy_ensemble,prec_at_top,-0.04761904761904756,0.04,25,7.772086497950592e-05,0.0006217669198360473,worse
telecom_bigml,0.1,hgb,easy_ensemble,empc,-0.10593125115942392,0.12,25,0.00032907724380493164,0.002632617950439453,worse
telecom_bigml,0.1,hgb,ros@1.0,roc_auc,-0.0018640350877192624,0.4,25,0.312333345413208,1.0,no difference
telecom_bigml,0.1,hgb,ros@1.0,pr_auc,-0.0005599743973137006,0.48,25,0.8325093984603882,1.0,no difference
telecom_bigml,0.1,hgb,ros@1.0,f1,0.013426914861153438,0.72,25,0.0801958441734314,0.5378157739736623,no difference
telecom_bigml,0.1,hgb,ros@1.0,mcc,0.010831563333009164,0.6,25,0.4741646647453308,1.0,no difference
telecom_bigml,0.1,hgb,ros@1.0,brier,0.0010400120554958994,0.72,25,0.19081425666809082,1.0,no difference
telecom_bigml,0.1,hgb,ros@1.0,prec_at_top,0.0,0.44,25,0.24136360672639168,1.0,no difference
telecom_bigml,0.1,hgb,ros@1.0,empc,0.013390642276768894,0.6,25,0.2872292995452881,1.0,no difference
telecom_bigml,0.1,hgb,rus@1.0,roc_auc,-0.008437761069340022,0.32,25,0.021908342838287354,0.17526674270629883,no difference
telecom_bigml,0.1,hgb,rus@1.0,pr_auc,-0.13119091404125738,0.0,25,5.960464477539063e-08,5.364418029785156e-07,worse
telecom_bigml,0.1,hgb,rus@1.0,f1,-0.2321428571428572,0.0,25,5.960464477539063e-08,5.960464477539062e-07,worse
telecom_bigml,0.1,hgb,rus@1.0,mcc,-0.24649301161250303,0.0,25,5.960464477539063e-08,5.960464477539062e-07,worse
telecom_bigml,0.1,hgb,rus@1.0,brier,-0.0730572431678537,0.0,25,5.960464477539063e-08,5.364418029785156e-07,worse
telecom_bigml,0.1,hgb,rus@1.0,prec_at_top,-0.11111111111111105,0.0,25,1.1959731804286406e-05,0.00010763758623857766,worse
telecom_bigml,0.1,hgb,rus@1.0,empc,-0.3943246174211703,0.04,25,1.1920928955078125e-07,1.0728836059570312e-06,worse
telecom_bigml,0.1,hgb,smote@0.5,roc_auc,0.006321358952938061,0.8,25,0.002255260944366455,0.020297348499298096,better
telecom_bigml,0.1,hgb,smote@0.5,pr_auc,0.002061360576152693,0.6,25,0.16449612379074097,0.8224806189537048,no difference
telecom_bigml,0.1,hgb,smote@0.5,f1,0.009436435124508535,0.64,25,0.2996123433113098,1.0,no difference
telecom_bigml,0.1,hgb,smote@0.5,mcc,0.0019933517862190664,0.56,25,0.8325093984603882,1.0,no difference
telecom_bigml,0.1,hgb,smote@0.5,brier,5.425282632740003e-05,0.52,25,0.2634761333465576,1.0,no difference
telecom_bigml,0.1,hgb,smote@0.5,prec_at_top,0.0,0.36,25,0.1734690666474017,1.0,no difference
telecom_bigml,0.1,hgb,smote@0.5,empc,0.03776400085679832,0.56,25,0.18172985315322876,1.0,no difference
telecom_bigml,0.1,hgb,smote@1.0,roc_auc,0.004065719855193217,0.72,25,0.021908342838287354,0.17526674270629883,no difference
telecom_bigml,0.1,hgb,smote@1.0,pr_auc,0.002829552062693086,0.56,25,0.20993918180465698,0.8397567272186279,no difference
telecom_bigml,0.1,hgb,smote@1.0,f1,-0.0007905138339920903,0.48,25,0.4107651710510254,1.0,no difference
telecom_bigml,0.1,hgb,smote@1.0,mcc,-0.0078198848315858,0.44,25,0.7711594104766846,1.0,no difference
telecom_bigml,0.1,hgb,smote@1.0,brier,0.00037942554722809885,0.52,25,0.3525196313858032,1.0,no difference
telecom_bigml,0.1,hgb,smote@1.0,prec_at_top,0.0,0.4,25,0.6132758358386442,1.0,no difference
telecom_bigml,0.1,hgb,smote@1.0,empc,0.054058313379933054,0.64,25,0.0801958441734314,0.5613709092140198,no difference
telecom_bigml,0.1,hgb,smote_enn@1.0,roc_auc,0.0020328599275970527,0.6,25,0.14091521501541138,0.8454912900924683,no difference
telecom_bigml,0.1,hgb,smote_enn@1.0,pr_auc,-0.023697475933332157,0.16,25,0.00016230344772338867,0.0011361241340637207,worse
telecom_bigml,0.1,hgb,smote_enn@1.0,f1,-0.03308270676691738,0.16,25,0.000429689884185791,0.003437519073486328,worse
telecom_bigml,0.1,hgb,smote_enn@1.0,mcc,-0.04995228692207909,0.08,25,2.562999725341797e-06,2.0503997802734375e-05,worse
telecom_bigml,0.1,hgb,smote_enn@1.0,brier,-0.010227959371264896,0.04,25,1.1920928955078125e-07,8.344650268554688e-07,worse
telecom_bigml,0.1,hgb,smote_enn@1.0,prec_at_top,-0.015873015873015928,0.2,25,0.006029784795191475,0.04220849356634032,worse
telecom_bigml,0.1,hgb,smote_enn@1.0,empc,-0.05645028462214974,0.4,25,0.20993918180465698,1.0,no difference
telecom_bigml,0.1,hgb,threshold,roc_auc,0.0,0.0,25,,,no difference
telecom_bigml,0.1,hgb,threshold,pr_auc,0.0,0.0,25,,,no difference
telecom_bigml,0.1,hgb,threshold,f1,-0.007727782624953328,0.24,25,0.07683082485338033,0.5378157739736623,no difference
telecom_bigml,0.1,hgb,threshold,mcc,-0.02296431355542472,0.24,25,0.0026726862354573976,0.018708803648201783,worse
telecom_bigml,0.1,hgb,threshold,brier,0.0,0.0,25,,,no difference
telecom_bigml,0.1,hgb,threshold,prec_at_top,0.0,0.0,25,,,no difference
telecom_bigml,0.1,hgb,threshold,empc,0.0,0.0,25,,,no difference
telecom_bigml,0.1,lgbm,adasyn@1.0,roc_auc,0.003453077137287597,0.64,25,0.25210392475128174,1.0,no difference
telecom_bigml,0.1,lgbm,adasyn@1.0,pr_auc,0.0027909636350950118,0.6,25,0.2634761333465576,1.0,no difference
telecom_bigml,0.1,lgbm,adasyn@1.0,f1,0.03401677539608572,0.88,25,0.00012022256851196289,0.0006011128425598145,better
telecom_bigml,0.1,lgbm,adasyn@1.0,mcc,0.030316566179472204,0.72,25,0.003419220447540283,0.017096102237701416,better
telecom_bigml,0.1,lgbm,adasyn@1.0,brier,0.002489324120606401,0.76,25,0.0005564093589782715,0.002225637435913086,better
telecom_bigml,0.1,lgbm,adasyn@1.0,prec_at_top,0.0,0.36,25,0.45145705831041993,1.0,no difference
telecom_bigml,0.1,lgbm,adasyn@1.0,empc,0.0026080174807301404,0.52,25,0.5249125957489014,1.0,no difference
telecom_bigml,0.1,lgbm,class_weight,roc_auc,0.0006126427179059535,0.6,25,0.8611559780689877,1.0,no difference
telecom_bigml,0.1,lgbm,class_weight,pr_auc,-0.004078590490792289,0.32,25,0.0626264214515686,0.4383849501609802,no difference
telecom_bigml,0.1,lgbm,class_weight,f1,0.02204371380534287,0.88,25,2.664327621459961e-05,0.00015985965728759766,better
telecom_bigml,0.1,lgbm,class_weight,mcc,0.011674023946683154,0.84,25,0.0011548399925231934,0.00692903995513916,better
telecom_bigml,0.1,lgbm,class_weight,brier,0.001733660590949003,0.8,25,0.00012022256851196289,0.0007213354110717773,better
telecom_bigml,0.1,lgbm,class_weight,prec_at_top,-0.015873015873015817,0.28,25,0.1612142584459798,1.0,no difference
telecom_bigml,0.1,lgbm,class_weight,empc,-0.03271230796279312,0.36,25,0.04826241731643677,0.2895745038986206,no difference
telecom_bigml,0.1,lgbm,dirichlet@1.0,roc_auc,-0.0008354218880535225,0.4,25,0.33878785371780396,1.0,no difference
telecom_bigml,0.1,lgbm,dirichlet@1.0,pr_auc,0.0008978862778716845,0.6,25,0.39571136236190796,1.0,no difference
telecom_bigml,0.1,lgbm,dirichlet@1.0,f1,0.021970814887686485,0.8,25,0.0008081197738647461,0.0024243593215942383,better
telecom_bigml,0.1,lgbm,dirichlet@1.0,mcc,0.0199341377823129,0.76,25,0.0050716400146484375,0.02028656005859375,better
telecom_bigml,0.1,lgbm,dirichlet@1.0,brier,0.0018084677664242967,0.76,25,0.0008081197738647461,0.0024243593215942383,better
telecom_bigml,0.1,lgbm,dirichlet@1.0,prec_at_top,0.0,0.44,25,0.5956108994757296,1.0,no difference
telecom_bigml,0.1,lgbm,dirichlet@1.0,empc,0.018346296344672552,0.6,25,0.3809836506843567,1.0,no difference
telecom_bigml,0.1,lgbm,easy_ensemble,roc_auc,-0.0034813596491227727,0.32,25,0.018744707107543945,0.1687023639678955,no difference
telecom_bigml,0.1,lgbm,easy_ensemble,pr_auc,-0.06668307957296993,0.0,25,5.960464477539063e-08,5.960464477539062e-07,worse
telecom_bigml,0.1,lgbm,easy_ensemble,f1,-0.19364887950959697,0.0,25,5.960464477539063e-08,5.960464477539062e-07,worse
telecom_bigml,0.1,lgbm,easy_ensemble,mcc,-0.21406967583162895,0.0,25,5.960464477539063e-08,5.960464477539062e-07,worse
telecom_bigml,0.1,lgbm,easy_ensemble,brier,-0.05965309757621649,0.0,25,5.960464477539063e-08,5.960464477539062e-07,worse
telecom_bigml,0.1,lgbm,easy_ensemble,prec_at_top,-0.06349206349206349,0.0,25,1.1185127580638029e-05,0.00011185127580638028,worse
telecom_bigml,0.1,lgbm,easy_ensemble,empc,-0.3113912436210251,0.04,25,1.1920928955078125e-07,1.0728836059570312e-06,worse
telecom_bigml,0.1,lgbm,ros@1.0,roc_auc,-0.0031467557783347866,0.44,25,0.0626264214515686,0.5010113716125488,no difference
telecom_bigml,0.1,lgbm,ros@1.0,pr_auc,0.00014705795562108825,0.52,25,0.8948604464530945,1.0,no difference
telecom_bigml,0.1,lgbm,ros@1.0,f1,0.03546609154085789,0.96,25,4.172325134277344e-07,3.337860107421875e-06,better
telecom_bigml,0.1,lgbm,ros@1.0,mcc,0.018213498564955022,0.92,25,1.233816146850586e-05,9.870529174804688e-05,better
telecom_bigml,0.1,lgbm,ros@1.0,brier,0.0019374455022033998,0.76,25,0.0009118914604187012,0.0024243593215942383,better
telecom_bigml,0.1,lgbm,ros@1.0,prec_at_top,0.0,0.48,25,0.27119114578740733,1.0,no difference
telecom_bigml,0.1,lgbm,ros@1.0,empc,0.01767374261057597,0.6,25,0.19081425666809082,0.9540712833404541,no difference
telecom_bigml,0.1,lgbm,rus@1.0,roc_auc,-0.0157337788916736,0.0,25,5.960464477539063e-08,5.960464477539062e-07,worse
telecom_bigml,0.1,lgbm,rus@1.0,pr_auc,-0.1553732491634805,0.0,25,5.960464477539063e-08,5.960464477539062e-07,worse
telecom_bigml,0.1,lgbm,rus@1.0,f1,-0.23010664479081222,0.0,25,5.960464477539063e-08,5.960464477539062e-07,worse
telecom_bigml,0.1,lgbm,rus@1.0,mcc,-0.26747017046326593,0.0,25,5.960464477539063e-08,5.960464477539062e-07,worse
telecom_bigml,0.1,lgbm,rus@1.0,brier,-0.0789038801974702,0.0,25,5.960464477539063e-08,5.960464477539062e-07,worse
telecom_bigml,0.1,lgbm,rus@1.0,prec_at_top,-0.15873015873015872,0.0,25,1.2003392197317215e-05,0.00011185127580638028,worse
telecom_bigml,0.1,lgbm,rus@1.0,empc,-0.6149537742119229,0.0,25,5.960464477539063e-08,5.960464477539062e-07,worse
telecom_bigml,0.1,lgbm,smote@0.5,roc_auc,0.0009468114731273625,0.52,25,0.7711594104766846,1.0,no difference
telecom_bigml,0.1,lgbm,smote@0.5,pr_auc,0.0027485243777217727,0.56,25,0.09031611680984497,0.5418967008590698,no difference
telecom_bigml,0.1,lgbm,smote@0.5,f1,0.03243774574049796,0.92,25,2.2113323211669922e-05,0.00015479326248168945,better
telecom_bigml,0.1,lgbm,smote@0.5,mcc,0.03042462607999763,0.76,25,0.0008081197738647461,0.005656838417053223,better
telecom_bigml,0.1,lgbm,smote@0.5,brier,0.0027070478038036007,0.84,25,2.664327621459961e-05,0.00018650293350219727,better
telecom_bigml,0.1,lgbm,smote@0.5,prec_at_top,0.0,0.32,25,0.7357242439251674,1.0,no difference
telecom_bigml,0.1,lgbm,smote@0.5,empc,0.030994028158104037,0.72,25,0.20993918180465698,0.9540712833404541,no difference
telecom_bigml,0.1,lgbm,smote@1.0,roc_auc,0.001113895850737956,0.56,25,0.5110890641174397,1.0,no difference
telecom_bigml,0.1,lgbm,smote@1.0,pr_auc,0.003069585805679065,0.56,25,0.3809836506843567,1.0,no difference
telecom_bigml,0.1,lgbm,smote@1.0,f1,0.028400478659752704,0.88,25,0.00018787384033203125,0.000751495361328125,better
telecom_bigml,0.1,lgbm,smote@1.0,mcc,0.01684071873118065,0.8,25,0.007370948791503906,0.02211284637451172,better
telecom_bigml,0.1,lgbm,smote@1.0,brier,0.0019844870405681947,0.84,25,0.00028705596923828125,0.0014352798461914062,better
telecom_bigml,0.1,lgbm,smote@1.0,prec_at_top,0.0,0.36,25,0.6961664471936944,1.0,no difference
telecom_bigml,0.1,lgbm,smote@1.0,empc,0.03422512482987461,0.68,25,0.029578447341918945,0.20704913139343262,no difference
telecom_bigml,0.1,lgbm,smote_enn@1.0,roc_auc,0.0,0.48,25,0.9272980307084063,1.0,no difference
telecom_bigml,0.1,lgbm,smote_enn@1.0,pr_auc,-0.028578778847606845,0.04,25,1.1920928955078125e-07,9.5367431640625e-07,worse
telecom_bigml,0.1,lgbm,smote_enn@1.0,f1,-0.012319456244689886,0.44,25,0.8531995415687561,0.8531995415687561,no difference
telecom_bigml,0.1,lgbm,smote_enn@1.0,mcc,-0.037389612124707594,0.32,25,0.011453330516815186,0.02290666103363037,worse
telecom_bigml,0.1,lgbm,smote_enn@1.0,brier,-0.008790683213884504,0.08,25,5.960464477539062e-07,4.76837158203125e-06,worse
telecom_bigml,0.1,lgbm,smote_enn@1.0,prec_at_top,-0.031746031746031744,0.12,25,0.0006416551993978441,0.005133241595182753,worse
telecom_bigml,0.1,lgbm,smote_enn@1.0,empc,-0.11159220556906302,0.2,25,0.000429689884185791,0.003437519073486328,worse
telecom_bigml,0.1,lgbm,threshold,roc_auc,8.223684210539872e-05,0.52,25,0.6915188431739807,1.0,no difference
telecom_bigml,0.1,lgbm,threshold,pr_auc,-0.001322843583666189,0.44,25,1.0,1.0,no difference
telecom_bigml,0.1,lgbm,threshold,f1,0.017070979335130243,0.68,25,0.0039052650736518353,0.0078105301473036706,better
telecom_bigml,0.1,lgbm,threshold,mcc,0.003826479913424996,0.56,25,0.17931823604537578,0.17931823604537578,no difference
telecom_bigml,0.1,lgbm,threshold,brier,8.642204379510215e-05,0.52,25,0.5964998602867126,0.5964998602867126,no difference
telecom_bigml,0.1,lgbm,threshold,prec_at_top,0.0,0.2,25,0.8765579245533399,1.0,no difference
telecom_bigml,0.1,lgbm,threshold,empc,0.005992053098641037,0.52,25,0.6720751523971558,1.0,no difference
telecom_bigml,0.1,lr,adasyn@1.0,roc_auc,-0.013569078947368474,0.2,25,1.233816146850586e-05,0.00011104345321655273,worse
telecom_bigml,0.1,lr,adasyn@1.0,pr_auc,-0.0217607688725745,0.08,25,5.960464477539062e-07,3.5762786865234375e-06,worse
telecom_bigml,0.1,lr,adasyn@1.0,f1,0.14346072594584208,0.96,25,1.1920928955078125e-07,5.960464477539062e-07,better
telecom_bigml,0.1,lr,adasyn@1.0,mcc,0.061761912418656195,0.8,25,0.0005564093589782715,0.001112818717956543,better
telecom_bigml,0.1,lr,adasyn@1.0,brier,-0.09419896665831229,0.0,25,5.960464477539063e-08,5.364418029785156e-07,worse
telecom_bigml,0.1,lr,adasyn@1.0,prec_at_top,-0.015873015873015872,0.12,25,0.0017278004368436795,0.012094603057905757,worse
telecom_bigml,0.1,lr,adasyn@1.0,empc,-0.1516069632718684,0.16,25,0.0010271072387695312,0.007295131683349609,worse
telecom_bigml,0.1,lr,class_weight,roc_auc,-0.00164473684210531,0.44,25,0.312333345413208,0.312333345413208,no difference
telecom_bigml,0.1,lr,class_weight,pr_auc,-0.018700227756001886,0.04,25,5.960464477539062e-07,3.5762786865234375e-06,worse
telecom_bigml,0.1,lr,class_weight,f1,0.149140343862455,1.0,25,5.960464477539063e-08,5.960464477539062e-07,better
telecom_bigml,0.1,lr,class_weight,mcc,0.08588705606350011,0.88,25,4.172325134277344e-06,3.7550926208496094e-05,better
telecom_bigml,0.1,lr,class_weight,brier,-0.0919301635987421,0.0,25,5.960464477539063e-08,5.364418029785156e-07,worse
telecom_bigml,0.1,lr,class_weight,prec_at_top,-0.015873015873015872,0.08,25,0.001773643719068619,0.012094603057905757,worse
telecom_bigml,0.1,lr,class_weight,empc,-0.04074016914196399,0.44,25,0.4107651710510254,0.8215303421020508,no difference
telecom_bigml,0.1,lr,dirichlet@1.0,roc_auc,-0.019827346143135527,0.12,25,4.069645335632428e-05,0.00032557162685059425,worse
telecom_bigml,0.1,lr,dirichlet@1.0,pr_auc,-0.025272796101226624,0.08,25,5.960464477539062e-07,3.5762786865234375e-06,worse
telecom_bigml,0.1,lr,dirichlet@1.0,f1,0.14611367127496158,0.96,25,1.1920928955078125e-07,5.960464477539062e-07,better
telecom_bigml,0.1,lr,dirichlet@1.0,mcc,0.0592259155008214,0.8,25,0.0006313323974609375,0.001112818717956543,better
telecom_bigml,0.1,lr,dirichlet@1.0,brier,-0.08599671427697508,0.0,25,5.960464477539063e-08,5.364418029785156e-07,worse
telecom_bigml,0.1,lr,dirichlet@1.0,prec_at_top,-0.015873015873015872,0.16,25,0.00557065375530398,0.012596144709203207,worse
telecom_bigml,0.1,lr,dirichlet@1.0,empc,-0.18152518086000358,0.2,25,0.00012022256851196289,0.001082003116607666,worse
telecom_bigml,0.1,lr,easy_ensemble,roc_auc,0.005372807017543835,0.76,25,0.002255260944366455,0.00985941101390516,better
telecom_bigml,0.1,lr,easy_ensemble,pr_auc,-0.017836304815449178,0.12,25,8.165836334228516e-06,1.633167266845703e-05,worse
telecom_bigml,0.1,lr,easy_ensemble,f1,0.14782608695652166,1.0,25,5.960464477539063e-08,5.960464477539062e-07,better
telecom_bigml,0.1,lr,easy_ensemble,mcc,0.09157810948246578,0.84,25,4.172325134277344e-06,3.7550926208496094e-05,better
telecom_bigml,0.1,lr,easy_ensemble,brier,-0.09996490832750168,0.0,25,5.960464477539063e-08,5.364418029785156e-07,worse
telecom_bigml,0.1,lr,easy_ensemble,prec_at_top,-0.015873015873015928,0.12,25,0.0011027829112038728,0.008822263289630983,worse
telecom_bigml,0.1,lr,easy_ensemble,empc,-0.010144916841978269,0.48,25,0.7711594104766846,0.8215303421020508,no difference
telecom_bigml,0.1,lr,ros@1.0,roc_auc,-0.0040378724589251735,0.28,25,0.010510802268981934,0.0315324068069458,worse
telecom_bigml,0.1,lr,ros@1.0,pr_auc,-0.02190961141623493,0.0,25,5.960464477539063e-08,5.364418029785156e-07,worse
telecom_bigml,0.1,lr,ros@1.0,f1,0.1522481502561185,0.96,25,1.1920928955078125e-07,5.960464477539062e-07,better
telecom_bigml,0.1,lr,ros@1.0,mcc,0.08588705606350011,0.88,25,1.233816146850586e-05,8.636713027954102e-05,better
telecom_bigml,0.1,lr,ros@1.0,brier,-0.08982184053504819,0.0,25,5.960464477539063e-08,5.364418029785156e-07,worse
telecom_bigml,0.1,lr,ros@1.0,prec_at_top,-0.015873015873015872,0.12,25,0.004198714903067735,0.012596144709203207,worse
telecom_bigml,0.1,lr,ros@1.0,empc,-0.06269710052431288,0.4,25,0.0801958441734314,0.2405875325202942,no difference
telecom_bigml,0.1,lr,rus@1.0,roc_auc,-0.005372807017543946,0.36,25,0.012466490268707275,0.0315324068069458,worse
telecom_bigml,0.1,lr,rus@1.0,pr_auc,-0.029997945134276116,0.04,25,5.960464477539062e-07,3.5762786865234375e-06,worse
telecom_bigml,0.1,lr,rus@1.0,f1,0.13003663003663013,1.0,25,5.960464477539063e-08,5.960464477539062e-07,better
telecom_bigml,0.1,lr,rus@1.0,mcc,0.04477784692745909,0.76,25,3.814697265625e-05,0.00019073486328125,better
telecom_bigml,0.1,lr,rus@1.0,brier,-0.11005554417338109,0.0,25,5.960464477539063e-08,5.364418029785156e-07,worse
telecom_bigml,0.1,lr,rus@1.0,prec_at_top,-0.0317460317460318,0.16,25,0.0024260881415354863,0.012130440707677432,worse
telecom_bigml,0.1,lr,rus@1.0,empc,-0.14828483581243868,0.28,25,0.04215019941329956,0.16860079765319824,no difference
telecom_bigml,0.1,lr,smote@0.5,roc_auc,-0.0075932017543859365,0.2,25,0.0011548399925231934,0.00692903995513916,worse
telecom_bigml,0.1,lr,smote@0.5,pr_auc,-0.015180106807226701,0.2,25,8.803606033325195e-05,8.803606033325195e-05,worse
telecom_bigml,0.1,lr,smote@0.5,f1,0.172360248447205,0.96,25,1.1920928955078125e-07,5.960464477539062e-07,better
telecom_bigml,0.1,lr,smote@0.5,mcc,0.07218783807263596,0.92,25,2.2113323211669922e-05,0.00013267993927001953,better
telecom_bigml,0.1,lr,smote@0.5,brier,-0.03908825720240551,0.0,25,5.960464477539063e-08,5.364418029785156e-07,worse
telecom_bigml,0.1,lr,smote@0.5,prec_at_top,-0.015873015873015872,0.08,25,0.0027449411946610545,0.012130440707677432,worse
telecom_bigml,0.1,lr,smote@0.5,empc,-0.061073995038623874,0.32,25,0.023649930953979492,0.12164962291717529,no difference
telecom_bigml,0.1,lr,smote@1.0,roc_auc,-0.009384572542467384,0.24,25,0.00018787384033203125,0.0013151168823242188,worse
telecom_bigml,0.1,lr,smote@1.0,pr_auc,-0.019784729524388367,0.08,25,2.980232238769531e-07,2.086162567138672e-06,worse
telecom_bigml,0.1,lr,smote@1.0,f1,0.13631189527603882,0.96,25,1.1920928955078125e-07,5.960464477539062e-07,better
telecom_bigml,0.1,lr,smote@1.0,mcc,0.056140614055287585,0.84,25,4.5418739318847656e-05,0.00019073486328125,better
telecom_bigml,0.1,lr,smote@1.0,brier,-0.0884191564162274,0.0,25,5.960464477539063e-08,5.364418029785156e-07,worse
telecom_bigml,0.1,lr,smote@1.0,prec_at_top,-0.03174603174603169,0.16,25,0.0009171989465152273,0.008254790518637046,worse
telecom_bigml,0.1,lr,smote@1.0,empc,-0.11256174175072786,0.2,25,0.0009118914604187012,0.007295131683349609,worse
telecom_bigml,0.1,lr,smote_enn@1.0,roc_auc,-0.007538377192982448,0.2,25,0.001971882202781032,0.00985941101390516,worse
telecom_bigml,0.1,lr,smote_enn@1.0,pr_auc,-0.02141148825600092,0.0,25,5.960464477539063e-08,5.364418029785156e-07,worse
telecom_bigml,0.1,lr,smote_enn@1.0,f1,0.1173780487804878,1.0,25,5.960464477539063e-08,5.960464477539062e-07,better
telecom_bigml,0.1,lr,smote_enn@1.0,mcc,0.05516427981473776,0.8,25,0.00021690130233764648,0.0006507039070129395,better
telecom_bigml,0.1,lr,smote_enn@1.0,brier,-0.1316510990559402,0.0,25,5.960464477539063e-08,5.364418029785156e-07,worse
telecom_bigml,0.1,lr,smote_enn@1.0,prec_at_top,-0.015873015873015872,0.2,25,0.006964207202755192,0.012596144709203207,worse
telecom_bigml,0.1,lr,smote_enn@1.0,empc,-0.06444744064602714,0.28,25,0.02027493715286255,0.12164962291717529,no difference
telecom_bigml,0.1,lr,threshold,roc_auc,0.0,0.0,25,,,no difference
telecom_bigml,0.1,lr,threshold,pr_auc,0.0,0.0,25,,,no difference
telecom_bigml,0.1,lr,threshold,f1,0.17410071942446037,1.0,25,5.960464477539063e-08,5.960464477539062e-07,better
telecom_bigml,0.1,lr,threshold,mcc,0.0867626360339824,0.88,25,2.562999725341797e-06,2.562999725341797e-05,better
telecom_bigml,0.1,lr,threshold,brier,0.0,0.0,25,,,no difference
telecom_bigml,0.1,lr,threshold,prec_at_top,0.0,0.0,25,,,no difference
telecom_bigml,0.1,lr,threshold,empc,0.0,0.0,25,,,no difference
telecom_bigml,0.1,rf,adasyn@1.0,roc_auc,-0.002823464912280582,0.32,25,0.057824886865277286,0.404774208056941,no difference
telecom_bigml,0.1,rf,adasyn@1.0,pr_auc,-0.04557375671360009,0.04,25,2.980232238769531e-07,2.086162567138672e-06,worse
telecom_bigml,0.1,rf,adasyn@1.0,f1,0.0988268752221827,1.0,25,5.960464477539063e-08,5.960464477539062e-07,better
telecom_bigml,0.1,rf,adasyn@1.0,mcc,0.06781135778330094,0.84,25,1.5079975128173828e-05,7.539987564086914e-05,better
telecom_bigml,0.1,rf,adasyn@1.0,brier,-0.006069768263276605,0.0,25,5.960464477539063e-08,5.960464477539062e-07,worse
telecom_bigml,0.1,rf,adasyn@1.0,prec_at_top,-0.031746031746031744,0.08,25,0.00013599057122635238,0.0008159434273581144,worse
telecom_bigml,0.1,rf,adasyn@1.0,empc,-0.17780252143472453,0.12,25,8.165836334228516e-06,5.716085433959961e-05,worse
telecom_bigml,0.1,rf,class_weight,roc_auc,-0.00013706140350877583,0.48,25,0.8948604464530945,1.0,no difference
telecom_bigml,0.1,rf,class_weight,pr_auc,-0.022622913263857236,0.12,25,0.0001398921012878418,0.0005595684051513672,worse
telecom_bigml,0.1,rf,class_weight,f1,0.032226752086973454,0.84,25,0.0005564093589782715,0.0016692280769348145,better
telecom_bigml,0.1,rf,class_weight,mcc,0.014396121431340503,0.72,25,0.036682069301605225,0.07336413860321045,no difference
telecom_bigml,0.1,rf,class_weight,brier,-0.0028666202023396037,0.08,25,5.960464477539062e-07,2.384185791015625e-06,worse
telecom_bigml,0.1,rf,class_weight,prec_at_top,0.0,0.36,25,0.3815880393435964,0.9033309790641554,no difference
telecom_bigml,0.1,rf,class_weight,empc,-0.051657798488935924,0.24,25,0.00963503122329712,0.028905093669891357,worse
telecom_bigml,0.1,rf,dirichlet@1.0,roc_auc,-0.0027290448343080254,0.32,25,0.11993378400802612,0.7196027040481567,no difference
telecom_bigml,0.1,rf,dirichlet@1.0,pr_auc,-0.02921373540328931,0.08,25,8.344650268554688e-07,4.172325134277344e-06,worse
telecom_bigml,0.1,rf,dirichlet@1.0,f1,0.019029126213592207,0.68,25,0.05875152349472046,0.11750304698944092,no difference
telecom_bigml,0.1,rf,dirichlet@1.0,mcc,0.011720617400456379,0.52,25,0.7914759516716003,0.7914759516716003,no difference
telecom_bigml,0.1,rf,dirichlet@1.0,brier,-0.002845108066617301,0.0,25,5.960464477539063e-08,5.960464477539062e-07,worse
telecom_bigml,0.1,rf,dirichlet@1.0,prec_at_top,-0.031746031746031744,0.12,25,0.00026081089936156324,0.0013040544968078163,worse
telecom_bigml,0.1,rf,dirichlet@1.0,empc,-0.19145663109573352,0.16,25,1.8298625946044922e-05,9.149312973022461e-05,worse
telecom_bigml,0.1,rf,easy_ensemble,roc_auc,-0.009468114731272737,0.2,25,5.3882598876953125e-05,0.0004849433898925781,worse
telecom_bigml,0.1,rf,easy_ensemble,pr_auc,-0.10475290420888395,0.0,25,5.960464477539063e-08,5.960464477539062e-07,worse
telecom_bigml,0.1,rf,easy_ensemble,f1,-0.13009446693657223,0.08,25,2.980232238769531e-07,1.7881393432617188e-06,worse
telecom_bigml,0.1,rf,easy_ensemble,mcc,-0.1719233801603649,0.0,25,5.960464477539063e-08,5.960464477539062e-07,worse
telecom_bigml,0.1,rf,easy_ensemble,brier,-0.0824760046592447,0.0,25,5.960464477539063e-08,5.960464477539062e-07,worse
telecom_bigml,0.1,rf,easy_ensemble,prec_at_top,-0.09523809523809523,0.0,25,1.1937949601759943e-05,0.00011883633803343584,worse
telecom_bigml,0.1,rf,easy_ensemble,empc,-0.3965157211337149,0.04,25,1.1920928955078125e-07,9.5367431640625e-07,worse
telecom_bigml,0.1,rf,ros@1.0,roc_auc,-0.0013645224171541237,0.32,25,0.25210392475128174,1.0,no difference
telecom_bigml,0.1,rf,ros@1.0,pr_auc,-0.01019470537892364,0.24,25,0.003419220447540283,0.006838440895080566,worse
telecom_bigml,0.1,rf,ros@1.0,f1,0.09966271352409961,0.96,25,1.1920928955078125e-07,8.344650268554688e-07,better
telecom_bigml,0.1,rf,ros@1.0,mcc,0.06942052301851453,0.96,25,1.1324882507324219e-06,6.794929504394531e-06,better
telecom_bigml,0.1,rf,ros@1.0,brier,-0.0006316247578394968,0.36,25,0.034173786640167236,0.06834757328033447,no difference
telecom_bigml,0.1,rf,ros@1.0,prec_at_top,0.0,0.28,25,0.30111032635471846,0.9033309790641554,no difference
telecom_bigml,0.1,rf,ros@1.0,empc,-0.012854989646720938,0.44,25,0.2872292995452881,0.32899224758148193,no difference
telecom_bigml,0.1,rf,rus@1.0,roc_auc,-0.011640211640211784,0.24,25,0.00018787384033203125,0.00150299072265625,worse
telecom_bigml,0.1,rf,rus@1.0,pr_auc,-0.12154255477277243,0.0,25,5.960464477539063e-08,5.960464477539062e-07,worse
telecom_bigml,0.1,rf,rus@1.0,f1,-0.11772486772486768,0.08,25,2.980232238769531e-07,1.7881393432617188e-06,worse
telecom_bigml,0.1,rf,rus@1.0,mcc,-0.16481704832565858,0.0,25,5.960464477539063e-08,5.960464477539062e-07,worse
telecom_bigml,0.1,rf,rus@1.0,brier,-0.0833525335199759,0.0,25,5.960464477539063e-08,5.960464477539062e-07,worse
telecom_bigml,0.1,rf,rus@1.0,prec_at_top,-0.11111111111111116,0.0,25,1.2124120199159578e-05,0.00011883633803343584,worse
telecom_bigml,0.1,rf,rus@1.0,empc,-0.5048229341255484,0.0,25,5.960464477539063e-08,5.960464477539062e-07,worse
telecom_bigml,0.1,rf,smote@0.5,roc_auc,0.001699561403508798,0.56,25,1.0,1.0,no difference
telecom_bigml,0.1,rf,smote@0.5,pr_auc,-0.019019266157483394,0.24,25,0.0003764033317565918,0.0011292099952697754,worse
telecom_bigml,0.1,rf,smote@0.5,f1,0.09459215047929104,1.0,25,5.960464477539063e-08,5.960464477539062e-07,better
telecom_bigml,0.1,rf,smote@0.5,mcc,0.06307055464007205,0.92,25,5.960464477539062e-07,4.172325134277344e-06,better
telecom_bigml,0.1,rf,smote@0.5,brier,-0.0013513125191746966,0.12,25,0.0004894733428955078,0.0014684200286865234,worse
telecom_bigml,0.1,rf,smote@0.5,prec_at_top,-0.015873015873015817,0.16,25,0.005534669875797337,0.02213867950318935,worse
telecom_bigml,0.1,rf,smote@0.5,empc,-0.09228703392705295,0.2,25,0.0037809014320373535,0.015123605728149414,worse
telecom_bigml,0.1,rf,smote@1.0,roc_auc,-0.0028125870231133776,0.4,25,0.25210392475128174,1.0,no difference
telecom_bigml,0.1,rf,smote@1.0,pr_auc,-0.0450714773464953,0.08,25,2.980232238769531e-07,2.086162567138672e-06,worse
telecom_bigml,0.1,rf,smote@1.0,f1,0.10769899956502826,0.96,25,4.172325134277344e-07,1.7881393432617188e-06,better
telecom_bigml,0.1,rf,smote@1.0,mcc,0.0658334597364214,0.76,25,0.00012022256851196289,0.00048089027404785156,better
telecom_bigml,0.1,rf,smote@1.0,brier,-0.005956642060444897,0.04,25,1.1920928955078125e-07,5.960464477539062e-07,worse
telecom_bigml,0.1,rf,smote@1.0,prec_at_top,-0.031746031746031744,0.04,25,0.00010945611820112599,0.000766192827407882,worse
telecom_bigml,0.1,rf,smote@1.0,empc,-0.1893284933127326,0.12,25,8.165836334228516e-06,5.716085433959961e-05,worse
telecom_bigml,0.1,rf,smote_enn@1.0,roc_auc,-0.010776942355889552,0.04,25,3.2782554626464844e-06,3.2782554626464844e-05,worse
telecom_bigml,0.1,rf,smote_enn@1.0,pr_auc,-0.12456107468082578,0.0,25,5.960464477539063e-08,5.960464477539062e-07,worse
telecom_bigml,0.1,rf,smote_enn@1.0,f1,-0.0038610038610038533,0.44,25,0.5601714849472046,0.5601714849472046,no difference
telecom_bigml,0.1,rf,smote_enn@1.0,mcc,-0.05821496354733613,0.28,25,0.000429689884185791,0.001289069652557373,worse
telecom_bigml,0.1,rf,smote_enn@1.0,brier,-0.025029036081479,0.0,25,5.960464477539063e-08,5.960464477539062e-07,worse
telecom_bigml,0.1,rf,smote_enn@1.0,prec_at_top,-0.11111111111111116,0.0,25,1.1883633803343584e-05,0.00011883633803343584,worse
telecom_bigml,0.1,rf,smote_enn@1.0,empc,-0.4344648265299824,0.0,25,5.960464477539063e-08,5.960464477539062e-07,worse
telecom_bigml,0.1,rf,threshold,roc_auc,0.0003620161514897857,0.52,25,0.6720751523971558,1.0,no difference
telecom_bigml,0.1,rf,threshold,pr_auc,0.0008806522303724806,0.56,25,0.49078595638275146,0.49078595638275146,no difference
telecom_bigml,0.1,rf,threshold,f1,0.11533216442626137,1.0,25,5.960464477539063e-08,5.960464477539062e-07,better
telecom_bigml,0.1,rf,threshold,mcc,0.08887277018040718,1.0,25,5.960464477539063e-08,5.960464477539062e-07,better
telecom_bigml,0.1,rf,threshold,brier,-0.00012075799168939638,0.44,25,0.8325093984603882,0.8325093984603882,no difference
telecom_bigml,0.1,rf,threshold,prec_at_top,0.0,0.24,25,0.6044589553447177,0.9033309790641554,no difference
telecom_bigml,0.1,rf,threshold,empc,-0.02269915353255403,0.44,25,0.16449612379074097,0.32899224758148193,no difference
telecom_bigml,0.1,xgb,adasyn@1.0,roc_auc,0.00164473684210531,0.52,25,0.3665854334831238,1.0,no difference
telecom_bigml,0.1,xgb,adasyn@1.0,pr_auc,-0.005852090769744578,0.36,25,0.0801958441734314,0.5613709092140198,no difference
telecom_bigml,0.1,xgb,adasyn@1.0,f1,0.008547008547008517,0.52,25,0.6528410911560059,0.8474215943335868,no difference
telecom_bigml,0.1,xgb,adasyn@1.0,mcc,-0.0030450487192085207,0.44,25,0.3665854334831238,1.0,no difference
telecom_bigml,0.1,xgb,adasyn@1.0,brier,-0.000556979051241302,0.4,25,0.0709836483001709,0.4968855381011963,no difference
telecom_bigml,0.1,xgb,adasyn@1.0,prec_at_top,0.0,0.2,25,0.2834273930369591,1.0,no difference
telecom_bigml,0.1,xgb,adasyn@1.0,empc,-0.014436896554138379,0.48,25,0.978915274143219,1.0,no difference
telecom_bigml,0.1,xgb,class_weight,roc_auc,0.0018657755499861262,0.52,25,0.7775330385461393,1.0,no difference
telecom_bigml,0.1,xgb,class_weight,pr_auc,0.0008246550856007007,0.6,25,0.5249125957489014,1.0,no difference
telecom_bigml,0.1,xgb,class_weight,f1,0.02474074074074073,0.76,25,0.002234577508303178,0.015642042558122245,better
telecom_bigml,0.1,xgb,class_weight,mcc,0.016260887636276866,0.76,25,0.0709836483001709,0.4968855381011963,no difference
telecom_bigml,0.1,xgb,class_weight,brier,-2.6464774145099068e-05,0.48,25,0.7111607789993286,1.0,no difference
telecom_bigml,0.1,xgb,class_weight,prec_at_top,0.0,0.48,25,0.010430607441699472,0.06258364465019683,no difference
telecom_bigml,0.1,xgb,class_weight,empc,0.0595249136622753,0.68,25,0.006129205226898193,0.042904436588287354,better
telecom_bigml,0.1,xgb,dirichlet@1.0,roc_auc,0.0008075744917852568,0.56,25,0.6528410911560059,1.0,no difference
telecom_bigml,0.1,xgb,dirichlet@1.0,pr_auc,0.0007265521177334255,0.52,25,0.4418373703956604,1.0,no difference
telecom_bigml,0.1,xgb,dirichlet@1.0,f1,0.0038019671047193615,0.64,25,0.10340377676901528,0.41361510707606114,no difference
telecom_bigml,0.1,xgb,dirichlet@1.0,mcc,0.0008272146827531524,0.56,25,0.19854279368666194,1.0,no difference
telecom_bigml,0.1,xgb,dirichlet@1.0,brier,-7.754261497579934e-05,0.48,25,0.9158032536506653,1.0,no difference
telecom_bigml,0.1,xgb,dirichlet@1.0,prec_at_top,0.0,0.36,25,0.7923568739335056,1.0,no difference
telecom_bigml,0.1,xgb,dirichlet@1.0,empc,-0.00431001639864359,0.48,25,0.8119303584098816,1.0,no difference
telecom_bigml,0.1,xgb,easy_ensemble,roc_auc,-0.003230297967140028,0.28,25,0.010510802268981934,0.0945972204208374,no difference
telecom_bigml,0.1,xgb,easy_ensemble,pr_auc,-0.06097350983662342,0.0,25,5.960464477539063e-08,5.960464477539062e-07,worse
telecom_bigml,0.1,xgb,easy_ensemble,f1,-0.1911232333250682,0.0,25,5.960464477539063e-08,5.960464477539062e-07,worse
telecom_bigml,0.1,xgb,easy_ensemble,mcc,-0.20889596975497338,0.0,25,5.960464477539063e-08,5.960464477539062e-07,worse
telecom_bigml,0.1,xgb,easy_ensemble,brier,-0.0643146318183447,0.0,25,5.960464477539063e-08,5.960464477539062e-07,worse
telecom_bigml,0.1,xgb,easy_ensemble,prec_at_top,-0.04761904761904767,0.04,25,2.6115458608373204e-05,0.00023503912747535884,worse
telecom_bigml,0.1,xgb,easy_ensemble,empc,-0.19847277879384428,0.04,25,4.172325134277344e-07,3.7550926208496094e-06,worse
telecom_bigml,0.1,xgb,ros@1.0,roc_auc,-0.0007127192982455677,0.48,25,0.5249125957489014,1.0,no difference
telecom_bigml,0.1,xgb,ros@1.0,pr_auc,-0.0020604444007940037,0.44,25,0.4418373703956604,1.0,no difference
telecom_bigml,0.1,xgb,ros@1.0,f1,0.025246305418719195,0.72,25,0.005578815937042236,0.03347289562225342,better
telecom_bigml,0.1,xgb,ros@1.0,mcc,0.015846164320955092,0.64,25,0.23036134243011475,1.0,no difference
telecom_bigml,0.1,xgb,ros@1.0,brier,-8.800333962930007e-05,0.4,25,0.15633821487426758,0.9380292892456055,no difference
telecom_bigml,0.1,xgb,ros@1.0,prec_at_top,0.0,0.4,25,0.07234277282645543,0.36171386413227713,no difference
telecom_bigml,0.1,xgb,ros@1.0,empc,0.014254911907334744,0.56,25,0.09573346376419067,0.47866731882095337,no difference
telecom_bigml,0.1,xgb,rus@1.0,roc_auc,-0.015761626287941977,0.16,25,4.5418739318847656e-05,0.00045418739318847656,worse
telecom_bigml,0.1,xgb,rus@1.0,pr_auc,-0.12392122242634329,0.0,25,5.960464477539063e-08,5.960464477539062e-07,worse
telecom_bigml,0.1,xgb,rus@1.0,f1,-0.2211917227624034,0.0,25,5.960464477539063e-08,5.960464477539062e-07,worse
telecom_bigml,0.1,xgb,rus@1.0,mcc,-0.238631736387532,0.0,25,5.960464477539063e-08,5.960464477539062e-07,worse
telecom_bigml,0.1,xgb,rus@1.0,brier,-0.07500323389682331,0.0,25,5.960464477539063e-08,5.960464477539062e-07,worse
telecom_bigml,0.1,xgb,rus@1.0,prec_at_top,-0.11111111111111105,0.0,25,1.2080106561372081e-05,0.00012080106561372081,worse
telecom_bigml,0.1,xgb,rus@1.0,empc,-0.4482279672970919,0.0,25,5.960464477539063e-08,5.960464477539062e-07,worse
telecom_bigml,0.1,xgb,smote@0.5,roc_auc,0.0010860484544694682,0.52,25,0.7711594104766846,1.0,no difference
telecom_bigml,0.1,xgb,smote@0.5,pr_auc,0.0014499954310115415,0.52,25,0.5424043536186218,1.0,no difference
telecom_bigml,0.1,xgb,smote@0.5,f1,0.013559322033898313,0.72,25,0.034173786640167236,0.17086893320083618,no difference
telecom_bigml,0.1,xgb,smote@0.5,mcc,0.005018328349839174,0.52,25,0.7509929537773132,1.0,no difference
telecom_bigml,0.1,xgb,smote@0.5,brier,-0.00030851147482639785,0.44,25,0.978915274143219,1.0,no difference
telecom_bigml,0.1,xgb,smote@0.5,prec_at_top,0.0,0.36,25,0.629084585815343,1.0,no difference
telecom_bigml,0.1,xgb,smote@0.5,empc,0.009026859356753292,0.52,25,0.5424043536186218,1.0,no difference
telecom_bigml,0.1,xgb,smote@1.0,roc_auc,0.0018100807574491506,0.56,25,0.3665854334831238,1.0,no difference
telecom_bigml,0.1,xgb,smote@1.0,pr_auc,0.0008339575297569013,0.56,25,0.8739878535270691,1.0,no difference
telecom_bigml,0.1,xgb,smote@1.0,f1,0.002577905830616345,0.52,25,0.4237107971667934,0.8474215943335868,no difference
telecom_bigml,0.1,xgb,smote@1.0,mcc,-0.009025314210001412,0.44,25,0.325391948223114,1.0,no difference
telecom_bigml,0.1,xgb,smote@1.0,brier,-7.655731707650187e-05,0.48,25,0.49078595638275146,1.0,no difference
telecom_bigml,0.1,xgb,smote@1.0,prec_at_top,0.0,0.44,25,0.924347723909128,1.0,no difference
telecom_bigml,0.1,xgb,smote@1.0,empc,0.021736981322812543,0.56,25,0.312333345413208,1.0,no difference
telecom_bigml,0.1,xgb,smote_enn@1.0,roc_auc,-0.0003898635477582735,0.48,25,0.7111607789993286,1.0,no difference
telecom_bigml,0.1,xgb,smote_enn@1.0,pr_auc,-0.04042830980753298,0.12,25,2.562999725341797e-06,2.0503997802734375e-05,worse
telecom_bigml,0.1,xgb,smote_enn@1.0,f1,-0.025432900432900474,0.16,25,0.0002498030662536621,0.001998424530029297,worse
telecom_bigml,0.1,xgb,smote_enn@1.0,mcc,-0.04375147694025239,0.04,25,1.7881393432617188e-07,1.430511474609375e-06,worse
telecom_bigml,0.1,xgb,smote_enn@1.0,brier,-0.012331234984187603,0.0,25,5.960464477539063e-08,5.960464477539062e-07,worse
telecom_bigml,0.1,xgb,smote_enn@1.0,prec_at_top,-0.015873015873015928,0.16,25,0.007740592833699121,0.05418414983589385,no difference
telecom_bigml,0.1,xgb,smote_enn@1.0,empc,-0.12380919967069559,0.24,25,0.0041751861572265625,0.0334014892578125,worse
telecom_bigml,0.1,xgb,threshold,roc_auc,-0.0012335526315787604,0.48,25,0.936802864074707,1.0,no difference
telecom_bigml,0.1,xgb,threshold,pr_auc,-0.0007388024264557425,0.44,25,0.507703959941864,1.0,no difference
telecom_bigml,0.1,xgb,threshold,f1,0.010683760683760646,0.56,25,0.24142655338204444,0.7242796601461333,no difference
telecom_bigml,0.1,xgb,threshold,mcc,0.0,0.48,25,0.8414805811217939,1.0,no difference
telecom_bigml,0.1,xgb,threshold,brier,-7.223327747520047e-05,0.48,25,0.49078595638275146,1.0,no difference
telecom_bigml,0.1,xgb,threshold,prec_at_top,0.0,0.48,25,0.0023537196640683947,0.018829757312547157,no difference
telecom_bigml,0.1,xgb,threshold,empc,0.017395915440297394,0.6,25,0.055070459842681885,0.3304227590560913,no difference
telecom_bigml,natural,hgb,adasyn@1.0,roc_auc,0.002514017001265967,0.52,25,0.4418373703956604,1.0,no difference
telecom_bigml,natural,hgb,adasyn@1.0,pr_auc,-0.0024601444177632104,0.4,25,0.21998637914657593,1.0,no difference
telecom_bigml,natural,hgb,adasyn@1.0,f1,-0.0017516202487299903,0.4,25,0.6338268518447876,1.0,no difference
telecom_bigml,natural,hgb,adasyn@1.0,mcc,-0.005652422348912944,0.32,25,0.07547956705093384,0.3773978352546692,no difference
telecom_bigml,natural,hgb,adasyn@1.0,brier,-0.0004095841633558056,0.48,25,0.2634761333465576,0.7904284000396729,no difference
telecom_bigml,natural,hgb,adasyn@1.0,prec_at_top,0.0,0.28,25,0.2163620629185835,0.865448251674334,no difference
telecom_bigml,natural,hgb,adasyn@1.0,empc,-0.012544424060894954,0.44,25,0.4418373703956604,1.0,no difference
telecom_bigml,natural,hgb,class_weight,roc_auc,0.0009868421052631193,0.56,25,0.21998637914657593,1.0,no difference
telecom_bigml,natural,hgb,class_weight,pr_auc,-0.0027660361720309723,0.32,25,0.001625359058380127,0.011377513408660889,worse
telecom_bigml,natural,hgb,class_weight,f1,-0.002872657207917295,0.36,25,0.2872292995452881,1.0,no difference
telecom_bigml,natural,hgb,class_weight,mcc,-0.010395684402336292,0.32,25,0.0027848482131958008,0.016709089279174805,worse
telecom_bigml,natural,hgb,class_weight,brier,-0.0011090474352295973,0.24,25,0.0012963414192199707,0.007778048515319824,worse
telecom_bigml,natural,hgb,class_weight,prec_at_top,0.0,0.04,25,0.008667605712671243,0.05200563427602746,no difference
telecom_bigml,natural,hgb,class_weight,empc,0.001541668150261799,0.52,25,0.4418373703956604,1.0,no difference
telecom_bigml,natural,hgb,dirichlet@1.0,roc_auc,-7.309941520461383e-05,0.48,25,0.4418373703956604,1.0,no difference
telecom_bigml,natural,hgb,dirichlet@1.0,pr_auc,-0.0003802922435840461,0.48,25,0.9578450322151184,1.0,no difference
telecom_bigml,natural,hgb,dirichlet@1.0,f1,0.005020620405235876,0.56,25,0.3065400952490702,1.0,no difference
telecom_bigml,natural,hgb,dirichlet@1.0,mcc,0.0007620882606974577,0.56,25,0.7309892177581787,1.0,no difference
telecom_bigml,natural,hgb,dirichlet@1.0,brier,0.0005300032962285983,0.72,25,0.08513903617858887,0.42569518089294434,no difference
telecom_bigml,natural,hgb,dirichlet@1.0,prec_at_top,0.0,0.28,25,0.7515290794442091,1.0,no difference
telecom_bigml,natural,hgb,dirichlet@1.0,empc,0.03587806733427712,0.6,25,0.507703959941864,1.0,no difference
telecom_bigml,natural,hgb,easy_ensemble,roc_auc,0.00020102339181293782,0.52,25,0.936802864074707,1.0,no difference
telecom_bigml,natural,hgb,easy_ensemble,pr_auc,-0.005799428916831606,0.24,25,0.002255260944366455,0.01353156566619873,worse
telecom_bigml,natural,hgb,easy_ensemble,f1,-0.09594909437081944,0.0,25,5.960464477539063e-08,5.960464477539062e-07,worse
telecom_bigml,natural,hgb,easy_ensemble,mcc,-0.12268171924211513,0.0,25,5.960464477539063e-08,5.960464477539062e-07,worse
telecom_bigml,natural,hgb,easy_ensemble,brier,-0.0339336876187697,0.0,25,5.960464477539063e-08,5.364418029785156e-07,worse
telecom_bigml,natural,hgb,easy_ensemble,prec_at_top,-0.014925373134328401,0.16,25,0.0037411095266751647,0.026187766686726153,worse
telecom_bigml,natural,hgb,easy_ensemble,empc,-0.019356902223510275,0.44,25,0.7309892177581787,1.0,no difference
telecom_bigml,natural,hgb,ros@1.0,roc_auc,-0.0004159884246698331,0.4,25,0.6915188431739807,1.0,no difference
telecom_bigml,natural,hgb,ros@1.0,pr_auc,-0.0003347119893959416,0.44,25,0.33878785371780396,1.0,no difference
telecom_bigml,natural,hgb,ros@1.0,f1,0.0021118012422359778,0.56,25,0.2872292995452881,1.0,no difference
telecom_bigml,natural,hgb,ros@1.0,mcc,-0.0035701116796004184,0.48,25,0.978915274143219,1.0,no difference
telecom_bigml,natural,hgb,ros@1.0,brier,-5.579584788999864e-05,0.48,25,0.978915274143219,1.0,no difference
telecom_bigml,natural,hgb,ros@1.0,prec_at_top,0.0,0.2,25,0.6093947909288484,1.0,no difference
telecom_bigml,natural,hgb,ros@1.0,empc,0.015317037548347123,0.52,25,0.3809836506843567,1.0,no difference
telecom_bigml,natural,hgb,rus@1.0,roc_auc,-0.00646929824561393,0.2,25,0.0037809014320373535,0.03402811288833618,worse
telecom_bigml,natural,hgb,rus@1.0,pr_auc,-0.03914669046911923,0.0,25,5.960464477539063e-08,5.364418029785156e-07,worse
telecom_bigml,natural,hgb,rus@1.0,f1,-0.12475188566891626,0.0,25,5.960464477539063e-08,5.960464477539062e-07,worse
telecom_bigml,natural,hgb,rus@1.0,mcc,-0.15088734819345917,0.0,25,5.960464477539063e-08,5.960464477539062e-07,worse
telecom_bigml,natural,hgb,rus@1.0,brier,-0.04586328531332021,0.0,25,5.960464477539063e-08,5.364418029785156e-07,worse
telecom_bigml,natural,hgb,rus@1.0,prec_at_top,-0.05970149253731338,0.0,25,1.1970634897624589e-05,0.00010773571407862129,worse
telecom_bigml,natural,hgb,rus@1.0,empc,-0.20312478157037006,0.08,25,4.172325134277344e-07,3.7550926208496094e-06,worse
telecom_bigml,natural,hgb,smote@0.5,roc_auc,0.0013745704467353903,0.6,25,0.23036134243011475,1.0,no difference
telecom_bigml,natural,hgb,smote@0.5,pr_auc,0.0010927042444283108,0.56,25,0.7309892177581787,1.0,no difference
telecom_bigml,natural,hgb,smote@0.5,f1,0.004273895655890314,0.64,25,0.10731470584869385,0.6438882350921631,no difference
telecom_bigml,natural,hgb,smote@0.5,mcc,0.0015267219707987278,0.56,25,0.5249125957489014,1.0,no difference
telecom_bigml,natural,hgb,smote@0.5,brier,0.0005414676187935966,0.64,25,0.14091521501541138,0.5636608600616455,no difference
telecom_bigml,natural,hgb,smote@0.5,prec_at_top,0.0,0.24,25,0.22679181451135133,0.865448251674334,no difference
telecom_bigml,natural,hgb,smote@0.5,empc,0.039443555016386966,0.56,25,0.3809836506843567,1.0,no difference
telecom_bigml,natural,hgb,smote@1.0,roc_auc,0.001338397540242453,0.56,25,0.09573346376419067,0.7658677101135254,no difference
telecom_bigml,natural,hgb,smote@1.0,pr_auc,0.00182130132206626,0.56,25,0.978915274143219,1.0,no difference
telecom_bigml,natural,hgb,smote@1.0,f1,-0.0018217077040606489,0.48,25,0.325391948223114,1.0,no difference
telecom_bigml,natural,hgb,smote@1.0,mcc,-0.0045298833290134954,0.44,25,0.978915274143219,1.0,no difference
telecom_bigml,natural,hgb,smote@1.0,brier,5.4269934117098795e-05,0.52,25,0.615043044090271,1.0,no difference
telecom_bigml,natural,hgb,smote@1.0,prec_at_top,-0.014925373134328401,0.2,25,0.00950059320717388,0.05200563427602746,no difference
telecom_bigml,natural,hgb,smote@1.0,empc,0.00701181145972285,0.56,25,0.16449612379074097,1.0,no difference
telecom_bigml,natural,hgb,smote_enn@1.0,roc_auc,0.0007234581298607434,0.52,25,0.6915188431739807,1.0,no difference
telecom_bigml,natural,hgb,smote_enn@1.0,pr_auc,-0.020083575119027253,0.04,25,2.980232238769531e-07,2.384185791015625e-06,worse
telecom_bigml,natural,hgb,smote_enn@1.0,f1,-0.03183673469387749,0.12,25,1.1324882507324219e-06,9.059906005859375e-06,worse
telecom_bigml,natural,hgb,smote_enn@1.0,mcc,-0.04700265022014816,0.0,25,5.960464477539063e-08,5.960464477539062e-07,worse
telecom_bigml,natural,hgb,smote_enn@1.0,brier,-0.016185409891113403,0.0,25,5.960464477539063e-08,5.364418029785156e-07,worse
telecom_bigml,natural,hgb,smote_enn@1.0,prec_at_top,-0.04477611940298498,0.04,25,8.876213238842118e-05,0.0007100970591073694,worse
telecom_bigml,natural,hgb,smote_enn@1.0,empc,0.00789398718659573,0.52,25,0.3665854334831238,1.0,no difference
telecom_bigml,natural,hgb,threshold,roc_auc,0.0,0.0,25,,,no difference
telecom_bigml,natural,hgb,threshold,pr_auc,0.0,0.0,25,,,no difference
telecom_bigml,natural,hgb,threshold,f1,-0.006869300911854115,0.2,25,0.019183212767887602,0.13428248937521323,no difference
telecom_bigml,natural,hgb,threshold,mcc,-0.013732518606738964,0.2,25,0.0017318266888954315,0.012122786822268021,worse
telecom_bigml,natural,hgb,threshold,brier,0.0,0.0,25,,,no difference
telecom_bigml,natural,hgb,threshold,prec_at_top,0.0,0.0,25,,,no difference
telecom_bigml,natural,hgb,threshold,empc,0.0,0.0,25,,,no difference
telecom_bigml,natural,lgbm,adasyn@1.0,roc_auc,0.001955409356725002,0.68,25,0.2872292995452881,1.0,no difference
telecom_bigml,natural,lgbm,adasyn@1.0,pr_auc,-0.001529416817304785,0.36,25,0.3665854334831238,1.0,no difference
telecom_bigml,natural,lgbm,adasyn@1.0,f1,0.008988764044943753,0.72,25,0.011453330516815186,0.03528928756713867,better
telecom_bigml,natural,lgbm,adasyn@1.0,mcc,0.007528699107001824,0.64,25,0.13364005088806152,0.5345602035522461,no difference
telecom_bigml,natural,lgbm,adasyn@1.0,brier,0.0005237579629948017,0.56,25,0.24106645584106445,0.7231993675231934,no difference
telecom_bigml,natural,lgbm,adasyn@1.0,prec_at_top,0.0,0.32,25,0.7913673493384552,1.0,no difference
telecom_bigml,natural,lgbm,adasyn@1.0,empc,0.04074002649209518,0.64,25,0.14091521501541138,0.6332406401634216,no difference
telecom_bigml,natural,lgbm,class_weight,roc_auc,-0.001338397540242564,0.4,25,0.49078595638275146,1.0,no difference
telecom_bigml,natural,lgbm,class_weight,pr_auc,-0.0015257343059793538,0.36,25,0.05875152349472046,0.4112606644630432,no difference
telecom_bigml,natural,lgbm,class_weight,f1,0.008132100068284909,0.64,25,0.034173786640167236,0.06834757328033447,no difference
telecom_bigml,natural,lgbm,class_weight,mcc,0.0030805350665183973,0.56,25,0.8531995415687561,1.0,no difference
telecom_bigml,natural,lgbm,class_weight,brier,0.00021118937194060383,0.56,25,0.457846462726593,0.915692925453186,no difference
telecom_bigml,natural,lgbm,class_weight,prec_at_top,0.0,0.28,25,0.65496767479286,1.0,no difference
telecom_bigml,natural,lgbm,class_weight,empc,-0.007479582724408296,0.48,25,0.8739878535270691,1.0,no difference
telecom_bigml,natural,lgbm,dirichlet@1.0,roc_auc,0.0002010233918128268,0.52,25,0.4741646647453308,1.0,no difference
telecom_bigml,natural,lgbm,dirichlet@1.0,pr_auc,0.00047306900934973584,0.56,25,0.7711594104766846,1.0,no difference
telecom_bigml,natural,lgbm,dirichlet@1.0,f1,0.013953488372092981,0.8,25,0.0041751861572265625,0.025051116943359375,better
telecom_bigml,natural,lgbm,dirichlet@1.0,mcc,0.013075681664547423,0.72,25,0.01597297191619873,0.09583783149719238,no difference
telecom_bigml,natural,lgbm,dirichlet@1.0,brier,0.0013190167718892046,0.72,25,0.036682069301605225,0.18341034650802612,no difference
telecom_bigml,natural,lgbm,dirichlet@1.0,prec_at_top,0.0,0.28,25,0.3194305222053333,1.0,no difference
telecom_bigml,natural,lgbm,dirichlet@1.0,empc,0.04115997429306706,0.6,25,0.17295855283737183,0.6332406401634216,no difference
telecom_bigml,natural,lgbm,easy_ensemble,roc_auc,-0.0007127192982456787,0.44,25,0.7309892177581787,1.0,no difference
telecom_bigml,natural,lgbm,easy_ensemble,pr_auc,-0.0163729588701349,0.04,25,1.1920928955078125e-07,1.0728836059570312e-06,worse
telecom_bigml,natural,lgbm,easy_ensemble,f1,-0.11179883945841396,0.0,25,5.960464477539063e-08,5.960464477539062e-07,worse
telecom_bigml,natural,lgbm,easy_ensemble,mcc,-0.13571597315402784,0.0,25,5.960464477539063e-08,5.960464477539062e-07,worse
telecom_bigml,natural,lgbm,easy_ensemble,brier,-0.0406072941991102,0.0,25,5.960464477539063e-08,5.960464477539062e-07,worse
telecom_bigml,natural,lgbm,easy_ensemble,prec_at_top,-0.02985074626865658,0.0,25,0.0001269363918387154,0.0010154911347097233,worse
telecom_bigml,natural,lgbm,easy_ensemble,empc,-0.09923139913936385,0.12,25,1.233816146850586e-05,0.00011104345321655273,worse
telecom_bigml,natural,lgbm,ros@1.0,roc_auc,0.0011213601012838303,0.56,25,0.8948604464530945,1.0,no difference
telecom_bigml,natural,lgbm,ros@1.0,pr_auc,0.001235063673448611,0.56,25,0.7914759516716003,1.0,no difference
telecom_bigml,natural,lgbm,ros@1.0,f1,0.01933820369574557,0.84,25,0.00018787384033203125,0.0013151168823242188,better
telecom_bigml,natural,lgbm,ros@1.0,mcc,0.01960233137081524,0.72,25,0.0012963414192199707,0.009074389934539795,better
telecom_bigml,natural,lgbm,ros@1.0,brier,0.0008702995344775019,0.64,25,0.05157625675201416,0.20630502700805664,no difference
telecom_bigml,natural,lgbm,ros@1.0,prec_at_top,0.01492537313432818,0.56,25,0.0597582165890854,0.4183075161235978,no difference
telecom_bigml,natural,lgbm,ros@1.0,empc,0.041486122981980955,0.64,25,0.12664812803268433,0.6332406401634216,no difference
telecom_bigml,natural,lgbm,rus@1.0,roc_auc,-0.006963284499909572,0.36,25,0.023649930953979492,0.23649930953979492,no difference
telecom_bigml,natural,lgbm,rus@1.0,pr_auc,-0.047676698265005535,0.0,25,5.960464477539063e-08,5.960464477539062e-07,worse
telecom_bigml,natural,lgbm,rus@1.0,f1,-0.12598191788943236,0.0,25,5.960464477539063e-08,5.960464477539062e-07,worse
telecom_bigml,natural,lgbm,rus@1.0,mcc,-0.1511889641651798,0.0,25,5.960464477539063e-08,5.960464477539062e-07,worse
telecom_bigml,natural,lgbm,rus@1.0,brier,-0.047887887518224,0.0,25,5.960464477539063e-08,5.960464477539062e-07,worse
telecom_bigml,natural,lgbm,rus@1.0,prec_at_top,-0.07462686567164167,0.0,25,1.2047180802782837e-05,0.00012047180802782837,worse
telecom_bigml,natural,lgbm,rus@1.0,empc,-0.23569137848179444,0.0,25,5.960464477539063e-08,5.960464477539062e-07,worse
telecom_bigml,natural,lgbm,smote@0.5,roc_auc,0.0016081871345029475,0.64,25,0.036682069301605225,0.330138623714447,no difference
telecom_bigml,natural,lgbm,smote@0.5,pr_auc,0.0002373291249956333,0.56,25,0.7309892177581787,1.0,no difference
telecom_bigml,natural,lgbm,smote@0.5,f1,0.011299435028248483,0.64,25,0.008822321891784668,0.03528928756713867,better
telecom_bigml,natural,lgbm,smote@0.5,mcc,0.01307918679450204,0.6,25,0.04215019941329956,0.2107509970664978,no difference
telecom_bigml,natural,lgbm,smote@0.5,brier,0.0007725457220949042,0.64,25,0.029578447341918945,0.17747068405151367,no difference
telecom_bigml,natural,lgbm,smote@0.5,prec_at_top,0.0,0.4,25,0.5574368923915124,1.0,no difference
telecom_bigml,natural,lgbm,smote@0.5,empc,0.02016700153881068,0.6,25,0.0801958441734314,0.4811750650405884,no difference
telecom_bigml,natural,lgbm,smote@1.0,roc_auc,0.0023150660155544234,0.6,25,0.10139739513397217,0.8111791610717773,no difference
telecom_bigml,natural,lgbm,smote@1.0,pr_auc,0.00245089607798199,0.6,25,0.42614197731018066,1.0,no difference
telecom_bigml,natural,lgbm,smote@1.0,f1,0.0064529620888477135,0.72,25,0.0067255496978759766,0.03362774848937988,better
telecom_bigml,natural,lgbm,smote@1.0,mcc,0.0030406982458731635,0.6,25,0.16449612379074097,0.5345602035522461,no difference
telecom_bigml,natural,lgbm,smote@1.0,brier,0.0007434080771942936,0.72,25,0.00963503122329712,0.06744521856307983,no difference
telecom_bigml,natural,lgbm,smote@1.0,prec_at_top,0.0,0.32,25,0.8508301793546093,1.0,no difference
telecom_bigml,natural,lgbm,smote@1.0,empc,0.045369521204017715,0.68,25,0.0626264214515686,0.4383849501609802,no difference
telecom_bigml,natural,lgbm,smote_enn@1.0,roc_auc,-0.0017361111111111605,0.44,25,0.9158032536506653,1.0,no difference
telecom_bigml,natural,lgbm,smote_enn@1.0,pr_auc,-0.02063673114294773,0.08,25,1.1324882507324219e-06,9.059906005859375e-06,worse
telecom_bigml,natural,lgbm,smote_enn@1.0,f1,-0.02493107994726118,0.12,25,0.0001398921012878418,0.0011191368103027344,worse
telecom_bigml,natural,lgbm,smote_enn@1.0,mcc,-0.03896213337977572,0.12,25,8.344650268554688e-07,6.67572021484375e-06,worse
telecom_bigml,natural,lgbm,smote_enn@1.0,brier,-0.0128682531368478,0.0,25,5.960464477539063e-08,5.960464477539062e-07,worse
telecom_bigml,natural,lgbm,smote_enn@1.0,prec_at_top,-0.029850746268656803,0.08,25,5.854582517900803e-05,0.0005269124266110722,worse
telecom_bigml,natural,lgbm,smote_enn@1.0,empc,-0.0640040861033242,0.4,25,0.05157625675201416,0.4126100540161133,no difference
telecom_bigml,natural,lgbm,threshold,roc_auc,0.0011032736480374172,0.6,25,0.507703959941864,1.0,no difference
telecom_bigml,natural,lgbm,threshold,pr_auc,-0.0004567067730324448,0.44,25,0.8531995415687561,1.0,no difference
telecom_bigml,natural,lgbm,threshold,f1,0.0039927404718693715,0.6,25,0.19081425666809082,0.19081425666809082,no difference
telecom_bigml,natural,lgbm,threshold,mcc,-0.0032189429624261967,0.4,25,0.5601714849472046,1.0,no difference
telecom_bigml,natural,lgbm,threshold,brier,0.00015049777077449922,0.52,25,0.507703959941864,0.915692925453186,no difference
telecom_bigml,natural,lgbm,threshold,prec_at_top,0.0,0.4,25,0.379662927508402,1.0,no difference
telecom_bigml,natural,lgbm,threshold,empc,0.002019388820156287,0.52,25,0.9158032536506653,1.0,no difference
telecom_bigml,natural,lr,adasyn@1.0,roc_auc,-0.009576023391812738,0.0,25,5.960464477539063e-08,5.364418029785156e-07,worse
telecom_bigml,natural,lr,adasyn@1.0,pr_auc,-0.02421304278356573,0.04,25,1.1920928955078125e-07,1.0728836059570312e-06,worse
telecom_bigml,natural,lr,adasyn@1.0,f1,0.1292929292929293,1.0,25,5.960464477539063e-08,5.960464477539062e-07,better
telecom_bigml,natural,lr,adasyn@1.0,mcc,0.06227194726192087,0.96,25,1.7881393432617188e-07,5.960464477539062e-07,better
telecom_bigml,natural,lr,adasyn@1.0,brier,-0.07390319674503741,0.0,25,5.960464477539063e-08,5.364418029785156e-07,worse
telecom_bigml,natural,lr,adasyn@1.0,prec_at_top,-0.014925373134328401,0.24,25,0.008030032977497454,0.048180197864984724,worse
telecom_bigml,natural,lr,adasyn@1.0,empc,-0.14411252932438323,0.32,25,0.0027848482131958008,0.019493937492370605,worse
telecom_bigml,natural,lr,class_weight,roc_auc,-0.0002010233918128268,0.48,25,0.7914759516716003,0.7914759516716003,no difference
telecom_bigml,natural,lr,class_weight,pr_auc,-0.011338014787112105,0.04,25,1.7881393432617188e-07,1.430511474609375e-06,worse
telecom_bigml,natural,lr,class_weight,f1,0.13977873977873984,1.0,25,5.960464477539063e-08,5.960464477539062e-07,better
telecom_bigml,natural,lr,class_weight,mcc,0.08399460938133288,1.0,25,5.960464477539063e-08,5.960464477539062e-07,better
telecom_bigml,natural,lr,class_weight,brier,-0.0704732929700275,0.0,25,5.960464477539063e-08,5.364418029785156e-07,worse
telecom_bigml,natural,lr,class_weight,prec_at_top,-0.014925373134328401,0.24,25,0.03806279274837288,0.1903139637418644,no difference
telecom_bigml,natural,lr,class_weight,empc,0.02950658322707067,0.68,25,0.09573346376419067,0.3829338550567627,no difference
telecom_bigml,natural,lr,dirichlet@1.0,roc_auc,-0.012389220473865148,0.0,25,5.960464477539063e-08,5.364418029785156e-07,worse
telecom_bigml,natural,lr,dirichlet@1.0,pr_auc,-0.01370670732992102,0.12,25,0.00012022256851196289,0.00026410818099975586,worse
telecom_bigml,natural,lr,dirichlet@1.0,f1,0.1389838231943495,1.0,25,5.960464477539063e-08,5.960464477539062e-07,better
telecom_bigml,natural,lr,dirichlet@1.0,mcc,0.07403058668497714,0.92,25,2.980232238769531e-07,5.960464477539062e-07,better
telecom_bigml,natural,lr,dirichlet@1.0,brier,-0.06728292704665811,0.0,25,5.960464477539063e-08,5.364418029785156e-07,worse
telecom_bigml,natural,lr,dirichlet@1.0,prec_at_top,0.0,0.48,25,0.6362180271979505,0.6398614364515214,no difference
telecom_bigml,natural,lr,dirichlet@1.0,empc,-0.19734432105977184,0.16,25,1.5079975128173828e-05,0.00013571977615356445,worse
telecom_bigml,natural,lr,easy_ensemble,roc_auc,0.004678362573099282,0.8,25,0.00021690130233764648,0.0010845065116882324,better
telecom_bigml,natural,lr,easy_ensemble,pr_auc,-0.010297837298441304,0.08,25,1.5079975128173828e-05,6.031990051269531e-05,worse
telecom_bigml,natural,lr,easy_ensemble,f1,0.14488226245414743,1.0,25,5.960464477539063e-08,5.960464477539062e-07,better
telecom_bigml,natural,lr,easy_ensemble,mcc,0.08462471112063003,1.0,25,5.960464477539063e-08,5.960464477539062e-07,better
telecom_bigml,natural,lr,easy_ensemble,brier,-0.07474631830816969,0.0,25,5.960464477539063e-08,5.364418029785156e-07,worse
telecom_bigml,natural,lr,easy_ensemble,prec_at_top,0.0,0.44,25,0.3199307182257607,0.6398614364515214,no difference
telecom_bigml,natural,lr,easy_ensemble,empc,0.11039020307663083,0.8,25,0.00018787384033203125,0.00150299072265625,better
telecom_bigml,natural,lr,ros@1.0,roc_auc,-0.002948091879182546,0.32,25,0.02027493715286255,0.04143855695015616,worse
telecom_bigml,natural,lr,ros@1.0,pr_auc,-0.015650621437831358,0.04,25,5.960464477539062e-07,4.172325134277344e-06,worse
telecom_bigml,natural,lr,ros@1.0,f1,0.1460946094609461,1.0,25,5.960464477539063e-08,5.960464477539062e-07,better
telecom_bigml,natural,lr,ros@1.0,mcc,0.08485719900414074,1.0,25,5.960464477539063e-08,5.960464477539062e-07,better
telecom_bigml,natural,lr,ros@1.0,brier,-0.06899268230769441,0.0,25,5.960464477539063e-08,5.364418029785156e-07,worse
telecom_bigml,natural,lr,ros@1.0,prec_at_top,-0.014925373134328401,0.16,25,0.001844160263696531,0.01659744237326878,worse
telecom_bigml,natural,lr,ros@1.0,empc,0.0018561036870368142,0.52,25,0.7914759516716003,0.7914759516716003,no difference
telecom_bigml,natural,lr,rus@1.0,roc_auc,-0.002777777777777768,0.24,25,0.001625359058380127,0.006501436233520508,worse
telecom_bigml,natural,lr,rus@1.0,pr_auc,-0.020352166394446425,0.16,25,0.000102996826171875,0.00026410818099975586,worse
telecom_bigml,natural,lr,rus@1.0,f1,0.1284829721362229,1.0,25,5.960464477539063e-08,5.960464477539062e-07,better
telecom_bigml,natural,lr,rus@1.0,mcc,0.07426563919350798,1.0,25,5.960464477539063e-08,5.960464477539062e-07,better
telecom_bigml,natural,lr,rus@1.0,brier,-0.0765703687259203,0.0,25,5.960464477539063e-08,5.364418029785156e-07,worse
telecom_bigml,natural,lr,rus@1.0,prec_at_top,-0.02985074626865669,0.2,25,0.003064333011147937,0.024514664089183496,worse
telecom_bigml,natural,lr,rus@1.0,empc,-0.07511241283336645,0.32,25,0.1134914755821228,0.3829338550567627,no difference
telecom_bigml,natural,lr,smote@0.5,roc_auc,-0.003960933260987454,0.16,25,2.664327621459961e-05,0.00015985965728759766,worse
telecom_bigml,natural,lr,smote@0.5,pr_auc,-0.010815730976602322,0.2,25,8.803606033325195e-05,0.00026410818099975586,worse
telecom_bigml,natural,lr,smote@0.5,f1,0.1601023017902814,1.0,25,5.960464477539063e-08,5.960464477539062e-07,better
telecom_bigml,natural,lr,smote@0.5,mcc,0.09237772140084943,1.0,25,5.960464477539063e-08,5.960464477539062e-07,better
telecom_bigml,natural,lr,smote@0.5,brier,-0.024214021412047593,0.0,25,5.960464477539063e-08,5.364418029785156e-07,worse
telecom_bigml,natural,lr,smote@0.5,prec_at_top,-0.014925373134328401,0.32,25,0.18802715336419995,0.5640814600925999,no difference
telecom_bigml,natural,lr,smote@0.5,empc,-0.08213010444233859,0.24,25,0.00963503122329712,0.057810187339782715,no difference
telecom_bigml,natural,lr,smote@1.0,roc_auc,-0.0032736480376198696,0.12,25,3.2782554626464844e-06,2.294778823852539e-05,worse
telecom_bigml,natural,lr,smote@1.0,pr_auc,-0.012551928181862126,0.08,25,6.556510925292969e-06,3.2782554626464844e-05,worse
telecom_bigml,natural,lr,smote@1.0,f1,0.1362200288996106,1.0,25,5.960464477539063e-08,5.960464477539062e-07,better
telecom_bigml,natural,lr,smote@1.0,mcc,0.07218166563196868,0.96,25,1.1920928955078125e-07,5.960464477539062e-07,better
telecom_bigml,natural,lr,smote@1.0,brier,-0.06596231185635501,0.0,25,5.960464477539063e-08,5.364418029785156e-07,worse
telecom_bigml,natural,lr,smote@1.0,prec_at_top,-0.014925373134328401,0.28,25,0.006829411524724492,0.04780588067307144,worse
telecom_bigml,natural,lr,smote@1.0,empc,-0.024039061316529775,0.44,25,0.04512268304824829,0.22561341524124146,no difference
telecom_bigml,natural,lr,smote_enn@1.0,roc_auc,-0.0036915204678362734,0.28,25,0.01381285231671872,0.04143855695015616,worse
telecom_bigml,natural,lr,smote_enn@1.0,pr_auc,-0.01883782387330496,0.12,25,5.245208740234375e-06,3.147125244140625e-05,worse
telecom_bigml,natural,lr,smote_enn@1.0,f1,0.09612456880769299,1.0,25,5.960464477539063e-08,5.960464477539062e-07,better
telecom_bigml,natural,lr,smote_enn@1.0,mcc,0.03847868920911979,0.84,25,8.165836334228516e-06,8.165836334228516e-06,better
telecom_bigml,natural,lr,smote_enn@1.0,brier,-0.11298794329588469,0.0,25,5.960464477539063e-08,5.364418029785156e-07,worse
telecom_bigml,natural,lr,smote_enn@1.0,prec_at_top,0.0,0.32,25,0.046785751657720934,0.1903139637418644,no difference
telecom_bigml,natural,lr,smote_enn@1.0,empc,-0.04664897721736416,0.36,25,0.3809836506843567,0.7619673013687134,no difference
telecom_bigml,natural,lr,threshold,roc_auc,0.0,0.0,25,,,no difference
telecom_bigml,natural,lr,threshold,pr_auc,0.0,0.0,25,,,no difference
telecom_bigml,natural,lr,threshold,f1,0.1616289275057048,1.0,25,5.960464477539063e-08,5.960464477539062e-07,better
telecom_bigml,natural,lr,threshold,mcc,0.11192809402905413,1.0,25,5.960464477539063e-08,5.960464477539062e-07,better
telecom_bigml,natural,lr,threshold,brier,0.0,0.0,25,,,no difference
telecom_bigml,natural,lr,threshold,prec_at_top,0.0,0.0,25,,,no difference
telecom_bigml,natural,lr,threshold,empc,0.0,0.0,25,,,no difference
telecom_bigml,natural,rf,adasyn@1.0,roc_auc,0.00039790197142364203,0.56,25,0.5249125957489014,1.0,no difference
telecom_bigml,natural,rf,adasyn@1.0,pr_auc,-0.01854429904735555,0.08,25,3.2782554626464844e-06,1.6391277313232422e-05,worse
telecom_bigml,natural,rf,adasyn@1.0,f1,0.039368095289503025,0.92,25,4.172325134277344e-06,1.2516975402832031e-05,better
telecom_bigml,natural,rf,adasyn@1.0,mcc,0.01874614383713802,0.76,25,0.03180783987045288,0.06361567974090576,no difference
telecom_bigml,natural,rf,adasyn@1.0,brier,-0.0053634876326061065,0.0,25,5.960464477539063e-08,5.960464477539062e-07,worse
telecom_bigml,natural,rf,adasyn@1.0,prec_at_top,-0.029850746268656803,0.12,25,0.000623892714232224,0.0037433562853933437,worse
telecom_bigml,natural,rf,adasyn@1.0,empc,-0.17391948772812071,0.24,25,0.00018787384033203125,0.000973820686340332,worse
telecom_bigml,natural,rf,class_weight,roc_auc,-0.000940495568818811,0.4,25,0.5782062411308289,1.0,no difference
telecom_bigml,natural,rf,class_weight,pr_auc,-0.0067709334198393645,0.2,25,0.0002498030662536621,0.0009992122650146484,worse
telecom_bigml,natural,rf,class_weight,f1,0.03865546218487392,1.0,25,5.960464477539063e-08,5.960464477539062e-07,better
telecom_bigml,natural,rf,class_weight,mcc,0.028293776969632534,0.76,25,2.664327621459961e-05,0.00010657310485839844,better
telecom_bigml,natural,rf,class_weight,brier,-0.003295504249042701,0.04,25,1.1920928955078125e-07,5.960464477539062e-07,worse
telecom_bigml,natural,rf,class_weight,prec_at_top,-0.014925373134328401,0.28,25,0.02946471367288282,0.08839414101864845,no difference
telecom_bigml,natural,rf,class_weight,empc,-0.07399728194916388,0.32,25,0.02550506591796875,0.102020263671875,no difference
telecom_bigml,natural,rf,dirichlet@1.0,roc_auc,0.002759502923976531,0.56,25,0.06670159101486206,0.4669111371040344,no difference
telecom_bigml,natural,rf,dirichlet@1.0,pr_auc,-0.019609551260634683,0.08,25,4.172325134277344e-07,2.9206275939941406e-06,worse
telecom_bigml,natural,rf,dirichlet@1.0,f1,0.026993865030674913,0.76,25,0.0008081197738647461,0.0008081197738647461,better
telecom_bigml,natural,rf,dirichlet@1.0,mcc,0.014777163080743061,0.64,25,0.07547956705093384,0.07547956705093384,no difference
telecom_bigml,natural,rf,dirichlet@1.0,brier,-0.003311303153391898,0.0,25,5.960464477539063e-08,5.960464477539062e-07,worse
telecom_bigml,natural,rf,dirichlet@1.0,prec_at_top,-0.014925373134328401,0.08,25,0.0007161374510441176,0.0037433562853933437,worse
telecom_bigml,natural,rf,dirichlet@1.0,empc,-0.13795537171268446,0.12,25,0.00016230344772338867,0.000973820686340332,worse
telecom_bigml,natural,rf,easy_ensemble,roc_auc,-0.0005968529571350745,0.44,25,0.10139739513397217,0.608384370803833,no difference
telecom_bigml,natural,rf,easy_ensemble,pr_auc,-0.042900734755477066,0.0,25,5.960464477539063e-08,5.960464477539062e-07,worse
telecom_bigml,natural,rf,easy_ensemble,f1,-0.11645145863223338,0.0,25,5.960464477539063e-08,5.960464477539062e-07,worse
telecom_bigml,natural,rf,easy_ensemble,mcc,-0.15309216887316057,0.0,25,5.960464477539063e-08,5.960464477539062e-07,worse
telecom_bigml,natural,rf,easy_ensemble,brier,-0.06112860097027241,0.0,25,5.960464477539063e-08,5.960464477539062e-07,worse
telecom_bigml,natural,rf,easy_ensemble,prec_at_top,-0.05970149253731327,0.0,25,1.794810383208005e-05,0.0001435848306566404,worse
telecom_bigml,natural,rf,easy_ensemble,empc,-0.2592419730860396,0.04,25,1.1920928955078125e-07,1.0728836059570312e-06,worse
telecom_bigml,natural,rf,ros@1.0,roc_auc,-7.309941520483587e-05,0.48,25,0.8531995415687561,1.0,no difference
telecom_bigml,natural,rf,ros@1.0,pr_auc,-0.007671172785982283,0.2,25,0.0004894733428955078,0.0014684200286865234,worse
telecom_bigml,natural,rf,ros@1.0,f1,0.06570354245002974,0.96,25,1.1920928955078125e-07,7.152557373046875e-07,better
telecom_bigml,natural,rf,ros@1.0,mcc,0.053062111389951094,0.92,25,8.344650268554688e-07,5.841255187988281e-06,better
telecom_bigml,natural,rf,ros@1.0,brier,-0.0011817892577967032,0.2,25,0.00016230344772338867,0.000486910343170166,worse
telecom_bigml,natural,rf,ros@1.0,prec_at_top,-0.014925373134328401,0.16,25,0.0007957884150996379,0.0037433562853933437,worse
telecom_bigml,natural,rf,ros@1.0,empc,-0.041387759096463306,0.36,25,0.1134914755821228,0.2269829511642456,no difference
telecom_bigml,natural,rf,rus@1.0,roc_auc,-0.007255116959064334,0.16,25,0.0010271072387695312,0.009243965148925781,worse
telecom_bigml,natural,rf,rus@1.0,pr_auc,-0.05923657115020242,0.0,25,5.960464477539063e-08,5.960464477539062e-07,worse
telecom_bigml,natural,rf,rus@1.0,f1,-0.10159235668789812,0.0,25,5.960464477539063e-08,5.960464477539062e-07,worse
telecom_bigml,natural,rf,rus@1.0,mcc,-0.1389911510062235,0.0,25,5.960464477539063e-08,5.960464477539062e-07,worse
telecom_bigml,natural,rf,rus@1.0,brier,-0.0633128028749201,0.0,25,5.960464477539063e-08,5.960464477539062e-07,worse
telecom_bigml,natural,rf,rus@1.0,prec_at_top,-0.08955223880597007,0.0,25,1.220145455994324e-05,0.00012157215047642698,worse
telecom_bigml,natural,rf,rus@1.0,empc,-0.3639321119352523,0.04,25,1.1920928955078125e-07,1.0728836059570312e-06,worse
telecom_bigml,natural,rf,smote@0.5,roc_auc,0.0036353771025502413,0.64,25,0.017312347888946533,0.13849878311157227,no difference
telecom_bigml,natural,rf,smote@0.5,pr_auc,-0.007579721299123099,0.32,25,0.012466490268707275,0.02493298053741455,worse
telecom_bigml,natural,rf,smote@0.5,f1,0.04951370468611849,0.96,25,1.1920928955078125e-07,7.152557373046875e-07,better
telecom_bigml,natural,rf,smote@0.5,mcc,0.03269631321651034,0.92,25,1.4901161193847656e-06,8.940696716308594e-06,better
telecom_bigml,natural,rf,smote@0.5,brier,-0.0008973488539917029,0.32,25,0.0067255496978759766,0.013451099395751953,worse
telecom_bigml,natural,rf,smote@0.5,prec_at_top,-0.01492537313432829,0.28,25,0.0989509106931049,0.1979018213862098,no difference
telecom_bigml,natural,rf,smote@0.5,empc,-0.026146987930387944,0.32,25,0.05875152349472046,0.17625457048416138,no difference
telecom_bigml,natural,rf,smote@1.0,roc_auc,0.0015554349792006317,0.6,25,0.23036134243011475,1.0,no difference
telecom_bigml,natural,rf,smote@1.0,pr_auc,-0.024265295298247835,0.08,25,1.1324882507324219e-06,6.794929504394531e-06,worse
telecom_bigml,natural,rf,smote@1.0,f1,0.03715891951186068,0.84,25,5.245208740234375e-06,1.2516975402832031e-05,better
telecom_bigml,natural,rf,smote@1.0,mcc,0.013428814273075518,0.72,25,0.013554692268371582,0.040664076805114746,better
telecom_bigml,natural,rf,smote@1.0,brier,-0.005118914527135698,0.0,25,5.960464477539063e-08,5.960464477539062e-07,worse
telecom_bigml,natural,rf,smote@1.0,prec_at_top,-0.029850746268656803,0.08,25,0.00041424963780973607,0.0028997474646681523,worse
telecom_bigml,natural,rf,smote@1.0,empc,-0.14948743412294796,0.2,25,5.3882598876953125e-05,0.0003771781921386719,worse
telecom_bigml,natural,rf,smote_enn@1.0,roc_auc,-0.009173976608187195,0.12,25,5.3882598876953125e-05,0.0005388259887695312,worse
telecom_bigml,natural,rf,smote_enn@1.0,pr_auc,-0.10578776934594003,0.0,25,5.960464477539063e-08,5.960464477539062e-07,worse
telecom_bigml,natural,rf,smote_enn@1.0,f1,-0.06576892001077295,0.04,25,1.1920928955078125e-07,7.152557373046875e-07,worse
telecom_bigml,natural,rf,smote_enn@1.0,mcc,-0.10631264277343544,0.0,25,5.960464477539063e-08,5.960464477539062e-07,worse
telecom_bigml,natural,rf,smote_enn@1.0,brier,-0.0291503592725793,0.0,25,5.960464477539063e-08,5.960464477539062e-07,worse
telecom_bigml,natural,rf,smote_enn@1.0,prec_at_top,-0.13432835820895528,0.0,25,1.2157215047642698e-05,0.00012157215047642698,worse
telecom_bigml,natural,rf,smote_enn@1.0,empc,-0.5599264151382677,0.0,25,5.960464477539063e-08,5.960464477539062e-07,worse
telecom_bigml,natural,rf,threshold,roc_auc,0.0005116959064328519,0.56,25,0.615043044090271,1.0,no difference
telecom_bigml,natural,rf,threshold,pr_auc,-0.0003249749073946928,0.48,25,0.9578450322151184,0.9578450322151184,no difference
telecom_bigml,natural,rf,threshold,f1,0.05951875442321297,1.0,25,5.960464477539063e-08,5.960464477539062e-07,better
telecom_bigml,natural,rf,threshold,mcc,0.039989860360064355,0.88,25,5.245208740234375e-06,2.6226043701171875e-05,better
telecom_bigml,natural,rf,threshold,brier,3.844092946649752e-05,0.52,25,0.5964998602867126,0.5964998602867126,no difference
telecom_bigml,natural,rf,threshold,prec_at_top,0.0,0.2,25,1.0,1.0,no difference
telecom_bigml,natural,rf,threshold,empc,-0.012437935664698863,0.48,25,1.0,1.0,no difference
telecom_bigml,natural,xgb,adasyn@1.0,roc_auc,0.0021884608428287544,0.64,25,0.07547956705093384,0.5283569693565369,no difference
telecom_bigml,natural,xgb,adasyn@1.0,pr_auc,-0.0023508104992805423,0.44,25,0.23036134243011475,1.0,no difference
telecom_bigml,natural,xgb,adasyn@1.0,f1,-0.005734767025089571,0.36,25,0.14091521501541138,0.8865368962287903,no difference
telecom_bigml,natural,xgb,adasyn@1.0,mcc,-0.010030499339285459,0.24,25,0.014722049236297607,0.10305434465408325,no difference
telecom_bigml,natural,xgb,adasyn@1.0,brier,-0.002016945567855699,0.28,25,0.0018156766891479492,0.009078383445739746,worse
telecom_bigml,natural,xgb,adasyn@1.0,prec_at_top,0.0,0.28,25,0.16537641279858095,0.8268820639929048,no difference
telecom_bigml,natural,xgb,adasyn@1.0,empc,-0.00046468480937811307,0.48,25,0.6720751523971558,1.0,no difference
telecom_bigml,natural,xgb,class_weight,roc_auc,0.001211792367516562,0.68,25,0.11993378400802612,0.5996689200401306,no difference
telecom_bigml,natural,xgb,class_weight,pr_auc,0.0009405394432352443,0.56,25,0.8119303584098816,1.0,no difference
telecom_bigml,natural,xgb,class_weight,f1,0.0012032660077353485,0.56,25,0.25210392475128174,1.0,no difference
telecom_bigml,natural,xgb,class_weight,mcc,-0.004663343884253601,0.44,25,0.7309892177581787,1.0,no difference
telecom_bigml,natural,xgb,class_weight,brier,-0.001940289361354798,0.2,25,0.0002498030662536621,0.0014988183975219727,worse
telecom_bigml,natural,xgb,class_weight,prec_at_top,0.014925373134328401,0.52,25,0.069279883221202,0.4641918960140792,no difference
telecom_bigml,natural,xgb,class_weight,empc,0.014880619991018307,0.64,25,0.24106645584106445,1.0,no difference
telecom_bigml,natural,xgb,dirichlet@1.0,roc_auc,0.0011756194610235138,0.68,25,0.07547956705093384,0.5283569693565369,no difference
telecom_bigml,natural,xgb,dirichlet@1.0,pr_auc,-0.00386851650614084,0.32,25,0.18172985315322876,1.0,no difference
telecom_bigml,natural,xgb,dirichlet@1.0,f1,-0.008913308913308882,0.32,25,0.12664812803268433,0.8865368962287903,no difference
telecom_bigml,natural,xgb,dirichlet@1.0,mcc,-0.01260290131419528,0.28,25,0.036682069301605225,0.22009241580963135,no difference
telecom_bigml,natural,xgb,dirichlet@1.0,brier,-0.0010796896461767042,0.2,25,0.018744707107543945,0.056234121322631836,no difference
telecom_bigml,natural,xgb,dirichlet@1.0,prec_at_top,0.0,0.24,25,0.17686328080730362,0.8268820639929048,no difference
telecom_bigml,natural,xgb,dirichlet@1.0,empc,-0.021955339028772336,0.44,25,0.4107651710510254,1.0,no difference
telecom_bigml,natural,xgb,easy_ensemble,roc_auc,-0.0023331524688007255,0.36,25,0.055070459842681885,0.4405636787414551,no difference
telecom_bigml,natural,xgb,easy_ensemble,pr_auc,-0.02188485768168158,0.04,25,2.980232238769531e-07,2.384185791015625e-06,worse
telecom_bigml,natural,xgb,easy_ensemble,f1,-0.1295508274231678,0.0,25,5.960464477539063e-08,5.960464477539062e-07,worse
telecom_bigml,natural,xgb,easy_ensemble,mcc,-0.15248799526990742,0.0,25,5.960464477539063e-08,5.960464477539062e-07,worse
telecom_bigml,natural,xgb,easy_ensemble,brier,-0.0450765962383462,0.0,25,5.960464477539063e-08,5.960464477539062e-07,worse
telecom_bigml,natural,xgb,easy_ensemble,prec_at_top,-0.04477611940298498,0.0,25,8.646063208626282e-05,0.0006916850566901025,worse
telecom_bigml,natural,xgb,easy_ensemble,empc,-0.09008029240707138,0.16,25,0.00012022256851196289,0.0009617805480957031,worse
telecom_bigml,natural,xgb,ros@1.0,roc_auc,0.0017726608187131898,0.6,25,0.16449612379074097,0.6579844951629639,no difference
telecom_bigml,natural,xgb,ros@1.0,pr_auc,0.0009289295764155492,0.52,25,0.9578450322151184,1.0,no difference
telecom_bigml,natural,xgb,ros@1.0,f1,-0.00023156858772110933,0.44,25,0.4237107971667934,1.0,no difference
telecom_bigml,natural,xgb,ros@1.0,mcc,-0.005919676400039431,0.36,25,0.2002161741256714,0.6006485223770142,no difference
telecom_bigml,natural,xgb,ros@1.0,brier,-0.0030889624320626016,0.16,25,6.365776062011719e-05,0.0004456043243408203,worse
telecom_bigml,natural,xgb,ros@1.0,prec_at_top,0.0,0.48,25,0.3141660550790971,0.9424981652372914,no difference
telecom_bigml,natural,xgb,ros@1.0,empc,0.028364328029041097,0.56,25,0.33878785371780396,1.0,no difference
telecom_bigml,natural,xgb,rus@1.0,roc_auc,-0.007017543859649145,0.16,25,0.00016230344772338867,0.0016230344772338867,worse
telecom_bigml,natural,xgb,rus@1.0,pr_auc,-0.05396253878271484,0.0,25,5.960464477539063e-08,5.960464477539062e-07,worse
telecom_bigml,natural,xgb,rus@1.0,f1,-0.15313004654697437,0.0,25,5.960464477539063e-08,5.960464477539062e-07,worse
telecom_bigml,natural,xgb,rus@1.0,mcc,-0.18083675049789694,0.0,25,5.960464477539063e-08,5.960464477539062e-07,worse
telecom_bigml,natural,xgb,rus@1.0,brier,-0.0520528480722033,0.0,25,5.960464477539063e-08,5.960464477539062e-07,worse
telecom_bigml,natural,xgb,rus@1.0,prec_at_top,-0.08955223880597007,0.0,25,1.1970634897624589e-05,0.00011754087425064515,worse
telecom_bigml,natural,xgb,rus@1.0,empc,-0.25443519835474593,0.04,25,1.1920928955078125e-07,1.0728836059570312e-06,worse
telecom_bigml,natural,xgb,smote@0.5,roc_auc,0.0015350877192980006,0.68,25,0.023649930953979492,0.21284937858581543,no difference
telecom_bigml,natural,xgb,smote@0.5,pr_auc,-0.0004157747929319777,0.44,25,0.7309892177581787,1.0,no difference
telecom_bigml,natural,xgb,smote@0.5,f1,0.0,0.48,25,0.8192020334011836,1.0,no difference
telecom_bigml,natural,xgb,smote@0.5,mcc,0.0,0.48,25,0.5110890641174397,1.0,no difference
telecom_bigml,natural,xgb,smote@0.5,brier,-0.0008883647618359997,0.32,25,0.15633821487426758,0.31267642974853516,no difference
telecom_bigml,natural,xgb,smote@0.5,prec_at_top,0.0,0.44,25,0.8089424956779178,0.9424981652372914,no difference
telecom_bigml,natural,xgb,smote@0.5,empc,-0.0008969118944568422,0.48,25,0.2996123433113098,1.0,no difference
telecom_bigml,natural,xgb,smote@1.0,roc_auc,-0.0010490142882981779,0.48,25,0.9578450322151184,1.0,no difference
telecom_bigml,natural,xgb,smote@1.0,pr_auc,-0.0032547362086033926,0.36,25,0.029578447341918945,0.20704913139343262,no difference
telecom_bigml,natural,xgb,smote@1.0,f1,-0.0023679417122040025,0.48,25,0.5601714849472046,1.0,no difference
telecom_bigml,natural,xgb,smote@1.0,mcc,-0.004444013882291542,0.4,25,0.07547956705093384,0.3773978352546692,no difference
telecom_bigml,natural,xgb,smote@1.0,brier,-0.0015935162882608003,0.24,25,0.002025127410888672,0.009078383445739746,worse
telecom_bigml,natural,xgb,smote@1.0,prec_at_top,-0.01492537313432818,0.2,25,0.0663131280020113,0.4641918960140792,no difference
telecom_bigml,natural,xgb,smote@1.0,empc,0.018007267260843562,0.6,25,0.12664812803268433,0.8865368962287903,no difference
telecom_bigml,natural,xgb,smote_enn@1.0,roc_auc,-0.0013523391812864105,0.48,25,0.2634761333465576,0.7904284000396729,no difference
telecom_bigml,natural,xgb,smote_enn@1.0,pr_auc,-0.0345519667864691,0.0,25,5.960464477539063e-08,5.960464477539062e-07,worse
telecom_bigml,natural,xgb,smote_enn@1.0,f1,-0.05680868838763575,0.08,25,2.980232238769531e-07,2.384185791015625e-06,worse
telecom_bigml,natural,xgb,smote_enn@1.0,mcc,-0.07695213504896992,0.0,25,5.960464477539063e-08,5.960464477539062e-07,worse
telecom_bigml,natural,xgb,smote_enn@1.0,brier,-0.0185678121733552,0.0,25,5.960464477539063e-08,5.960464477539062e-07,worse
telecom_bigml,natural,xgb,smote_enn@1.0,prec_at_top,-0.05970149253731338,0.0,25,1.1754087425064515e-05,0.00011754087425064515,worse
telecom_bigml,natural,xgb,smote_enn@1.0,empc,-0.1166375873756218,0.0,25,5.960464477539063e-08,5.960464477539062e-07,worse
telecom_bigml,natural,xgb,threshold,roc_auc,-0.0011575330077771007,0.48,25,0.7711594104766846,1.0,no difference
telecom_bigml,natural,xgb,threshold,pr_auc,0.0008665160753844603,0.52,25,0.7111607789993286,1.0,no difference
telecom_bigml,natural,xgb,threshold,f1,-0.0028244876510772343,0.36,25,0.4418373703956604,1.0,no difference
telecom_bigml,natural,xgb,threshold,mcc,-0.009321383591834653,0.32,25,0.09573346376419067,0.3829338550567627,no difference
telecom_bigml,natural,xgb,threshold,brier,-2.176374517360441e-05,0.48,25,1.0,1.0,no difference
telecom_bigml,natural,xgb,threshold,prec_at_top,0.0,0.48,25,0.3597264401164759,0.9424981652372914,no difference
telecom_bigml,natural,xgb,threshold,empc,0.014388306168824805,0.68,25,0.3525196313858032,1.0,no difference
