dataset,lens_split,fold,test_cutoff,ir_level,technique,model,status,roc_auc,pr_auc,f1,mcc,brier,prec_at_top,threshold,empc,empc_frac,n_train_fit,n_test,test_churn_rate,seconds
online_retail_ii,temporal,0,2011-02-01,natural,none,lr,ok,0.7712383505454071,0.8110099574825261,0.666083916083916,0.3644539647494098,0.2306727649113531,0.875,0.5,29.907166543193004,0.9126570407859484,17204.0,3359.0,0.6037511164036916,0.161
online_retail_ii,temporal,0,2011-02-01,natural,none,rf,ok,0.7509750791696119,0.7889358001911954,0.5833333333333334,0.303011578342,0.2395931231770854,0.8601190476190477,0.5,29.82517278943412,0.9325394462637692,17204.0,3359.0,0.6037511164036916,19.506
online_retail_ii,temporal,0,2011-02-01,natural,none,hgb,ok,0.7551110152826619,0.7902901399363297,0.5837018319646241,0.3046939974807791,0.2502835971362456,0.8214285714285714,0.5,29.884390104064643,0.9272491813039594,17204.0,3359.0,0.6037511164036916,2.291
online_retail_ii,temporal,0,2011-02-01,natural,none,xgb,ok,0.7571739819832635,0.7908431348170432,0.6034214618973561,0.3225880126996586,0.2448634967572546,0.8125,0.5,29.928266712980577,0.9245177136052398,17204.0,3359.0,0.6037511164036916,2.332
online_retail_ii,temporal,0,2011-02-01,natural,none,lgbm,ok,0.7515074457223219,0.7869589734341629,0.5833594976452119,0.2951937397042101,0.2516420930315032,0.8154761904761905,0.5,29.894165434425428,0.9296233998213752,17204.0,3359.0,0.6037511164036916,1.859
online_retail_ii,temporal,0,2011-02-01,natural,class_weight,lr,ok,0.7710282935966344,0.8110543847264364,0.6998332406892718,0.3795307933254551,0.2170811238740601,0.8720238095238095,0.5,29.904530704726984,0.913477225364692,17204.0,3359.0,0.6037511164036916,0.142
online_retail_ii,temporal,0,2011-02-01,natural,class_weight,rf,ok,0.7497554892659788,0.7872387603372003,0.5897837668442495,0.3055507852455445,0.2375500872392849,0.8452380952380952,0.5,29.775194501848688,0.934748437034832,17204.0,3359.0,0.6037511164036916,19.417
online_retail_ii,temporal,0,2011-02-01,natural,class_weight,hgb,ok,0.7535376257563162,0.7910360141624369,0.6280743851229754,0.3227626225749842,0.2398733663299294,0.8333333333333334,0.5,29.90211175200563,0.9219633819589166,17204.0,3359.0,0.6037511164036916,2.453
online_retail_ii,temporal,0,2011-02-01,natural,class_weight,xgb,ok,0.7584456230355785,0.7940057651237112,0.6348348348348348,0.3384535642475062,0.2329505152158206,0.8244047619047619,0.5,29.891653351407385,0.9254063709437336,17204.0,3359.0,0.6037511164036916,1.799
online_retail_ii,temporal,0,2011-02-01,natural,class_weight,lgbm,ok,0.7516621172851308,0.7884545001868478,0.6307277628032345,0.3262593394318662,0.2414548143937273,0.8333333333333334,0.5,29.88406179104956,0.9339118785352784,17204.0,3359.0,0.6037511164036916,1.866
online_retail_ii,temporal,0,2011-02-01,natural,threshold,lr,ok,0.7712383505454071,0.8110099574825261,0.7602397602397603,0.40687614284178,0.2306727649113531,0.875,0.3454997453266064,29.907166543193004,0.9126570407859484,17204.0,3359.0,0.6037511164036916,0.43
online_retail_ii,temporal,0,2011-02-01,natural,threshold,rf,ok,0.7477154917555426,0.7873885765734608,0.7072712637510061,0.3557594039577855,0.239774524177139,0.8392857142857143,0.3877043010752684,29.782312076931795,0.9420035724918132,17204.0,3359.0,0.6037511164036916,34.775
online_retail_ii,temporal,0,2011-02-01,natural,threshold,hgb,ok,0.7551110152826619,0.7902901399363297,0.6812080536912751,0.3460444057090657,0.2502835971362456,0.8214285714285714,0.3970670420517945,29.884390104064643,0.9272491813039594,17204.0,3359.0,0.6037511164036916,4.393
online_retail_ii,temporal,0,2011-02-01,natural,threshold,xgb,ok,0.7571591631508987,0.7918598858882313,0.691131498470948,0.3607627021978914,0.2438706980371459,0.8303571428571429,0.4092990756034851,29.88414079987155,0.9260464423935698,17204.0,3359.0,0.6037511164036916,3.191
online_retail_ii,temporal,0,2011-02-01,natural,threshold,lgbm,ok,0.7565828958073078,0.7886025510218366,0.6809833286239051,0.3581575237450674,0.2498723298437796,0.8184523809523809,0.4089623416162197,29.94374464033818,0.9280247097350404,17204.0,3359.0,0.6037511164036916,3.525
online_retail_ii,temporal,0,2011-02-01,natural,ros@1.0,lr,ok,0.7707426606028005,0.8110493762899995,0.7009966777408638,0.3775659859172645,0.2161859815351445,0.875,0.5,29.9129253418139,0.913267341470676,18706.0,3359.0,0.6037511164036916,0.118
online_retail_ii,temporal,0,2011-02-01,natural,ros@1.0,rf,ok,0.7498732989832799,0.7872442947930636,0.5995040297582145,0.3096689913594179,0.2353582023213609,0.8363095238095238,0.5,29.80936999227521,0.9371286097052698,18706.0,3359.0,0.6037511164036916,20.213
online_retail_ii,temporal,0,2011-02-01,natural,ros@1.0,hgb,ok,0.7548081553962036,0.7910053437318356,0.6283292978208233,0.3356024858938899,0.2405099354807184,0.8273809523809523,0.5,29.871887896144745,0.9281125334921108,18706.0,3359.0,0.6037511164036916,2.312
online_retail_ii,temporal,0,2011-02-01,natural,ros@1.0,xgb,ok,0.7558638119667997,0.7905046603906092,0.6254523522316043,0.3246806106808889,0.2361378097041778,0.8125,0.5,29.939899655899275,0.9238940160762132,18706.0,3359.0,0.6037511164036916,1.95
online_retail_ii,temporal,0,2011-02-01,natural,ros@1.0,lgbm,ok,0.7493338934851967,0.785230922749718,0.6183692027887239,0.3170574100526656,0.2434050089436513,0.8273809523809523,0.5,29.898503461595528,0.9285888657338494,18706.0,3359.0,0.6037511164036916,1.861
online_retail_ii,temporal,0,2011-02-01,natural,rus@1.0,lr,ok,0.7712576150274815,0.8114740533021191,0.7015008337965536,0.3831905588271441,0.2169438983578057,0.8720238095238095,0.5,29.90478427400569,0.9113247990473352,15702.0,3359.0,0.6037511164036916,0.125
online_retail_ii,temporal,0,2011-02-01,natural,rus@1.0,rf,ok,0.7490178818850147,0.7866372846388412,0.6325193567599762,0.3223579541564362,0.2271866546654802,0.8303571428571429,0.5,29.782755171369573,0.9383908901458768,15702.0,3359.0,0.6037511164036916,17.469
online_retail_ii,temporal,0,2011-02-01,natural,rus@1.0,hgb,ok,0.7542124383351339,0.7874202068415699,0.6422619047619048,0.3419245580368907,0.2372172054105882,0.8303571428571429,0.5,29.87771850847162,0.9357859481988688,15702.0,3359.0,0.6037511164036916,2.126
online_retail_ii,temporal,0,2011-02-01,natural,rus@1.0,xgb,ok,0.7576324396095534,0.7925966043178665,0.6311992786293958,0.3321123223323095,0.2334858960523904,0.8333333333333334,0.5,29.91637910197307,0.9234117296814528,15702.0,3359.0,0.6037511164036916,1.746
online_retail_ii,temporal,0,2011-02-01,natural,rus@1.0,lgbm,ok,0.7562265028889315,0.7906899080563152,0.6335626682620401,0.3305520107836943,0.239924098769441,0.8422619047619048,0.5,29.94522358872474,0.921213158678178,15702.0,3359.0,0.6037511164036916,1.64
online_retail_ii,temporal,0,2011-02-01,natural,smote@1.0,lr,ok,0.7709812438038757,0.810514079810025,0.7013562136728481,0.378036358702611,0.2159182274443276,0.8630952380952381,0.5,29.92402483511466,0.9128639476034536,18706.0,3359.0,0.6037511164036916,0.706
online_retail_ii,temporal,0,2011-02-01,natural,smote@1.0,rf,ok,0.7510580646308554,0.7879238260574357,0.6333732057416268,0.329754449729137,0.2275229698246478,0.8422619047619048,0.5,29.8094985574043,0.9325766597201548,18706.0,3359.0,0.6037511164036916,24.107
online_retail_ii,temporal,0,2011-02-01,natural,smote@1.0,hgb,ok,0.758406167894407,0.7900147214359546,0.6414532459797498,0.341026539772104,0.2360702155796476,0.8154761904761905,0.5,29.89411361170947,0.9246397737421852,18706.0,3359.0,0.6037511164036916,3.011
online_retail_ii,temporal,0,2011-02-01,natural,smote@1.0,xgb,ok,0.7607367997546002,0.7942215690544132,0.6392857142857142,0.3357033028140954,0.2333060924713525,0.8363095238095238,0.5,29.935586974981387,0.9188582911580828,18706.0,3359.0,0.6037511164036916,2.627
online_retail_ii,temporal,0,2011-02-01,natural,smote@1.0,lgbm,ok,0.7562935581053826,0.7896135764668368,0.6350343181139958,0.3304096675420433,0.2382450979263534,0.8244047619047619,0.5,29.89276898409997,0.924151533194403,18706.0,3359.0,0.6037511164036916,2.646
online_retail_ii,temporal,0,2011-02-01,natural,smote@0.5,lr,error: ValueError: The specified ratio required to remove samples from the minority class while trying to generate new samples. Please increase the ratio.,,,,,,,,,,,,,
online_retail_ii,temporal,0,2011-02-01,natural,smote@0.5,rf,error: ValueError: The specified ratio required to remove samples from the minority class while trying to generate new samples. Please increase the ratio.,,,,,,,,,,,,,
online_retail_ii,temporal,0,2011-02-01,natural,smote@0.5,hgb,error: ValueError: The specified ratio required to remove samples from the minority class while trying to generate new samples. Please increase the ratio.,,,,,,,,,,,,,
online_retail_ii,temporal,0,2011-02-01,natural,smote@0.5,xgb,error: ValueError: The specified ratio required to remove samples from the minority class while trying to generate new samples. Please increase the ratio.,,,,,,,,,,,,,
online_retail_ii,temporal,0,2011-02-01,natural,smote@0.5,lgbm,error: ValueError: The specified ratio required to remove samples from the minority class while trying to generate new samples. Please increase the ratio.,,,,,,,,,,,,,
online_retail_ii,temporal,0,2011-02-01,natural,adasyn@1.0,lr,error: ValueError: No samples will be generated with the provided ratio settings.,,,,,,,,,,,,,
online_retail_ii,temporal,0,2011-02-01,natural,adasyn@1.0,rf,error: ValueError: No samples will be generated with the provided ratio settings.,,,,,,,,,,,,,
online_retail_ii,temporal,0,2011-02-01,natural,adasyn@1.0,hgb,error: ValueError: No samples will be generated with the provided ratio settings.,,,,,,,,,,,,,
online_retail_ii,temporal,0,2011-02-01,natural,adasyn@1.0,xgb,error: ValueError: No samples will be generated with the provided ratio settings.,,,,,,,,,,,,,
online_retail_ii,temporal,0,2011-02-01,natural,adasyn@1.0,lgbm,error: ValueError: No samples will be generated with the provided ratio settings.,,,,,,,,,,,,,
online_retail_ii,temporal,0,2011-02-01,natural,smote_enn@1.0,lr,ok,0.7656001553013632,0.8036788637827789,0.7093784078516903,0.378508339118923,0.2437116167986453,0.8601190476190477,0.5,29.84019097118401,0.9250014885382551,6353.0,3359.0,0.6037511164036916,3.928
online_retail_ii,temporal,0,2011-02-01,natural,smote_enn@1.0,rf,ok,0.7641353137220905,0.7945664852687894,0.6822589845978323,0.3723377227404439,0.2439499634456007,0.8482142857142857,0.5,29.87235404765173,0.9297529026495982,6370.0,3359.0,0.6037511164036916,9.995
online_retail_ii,temporal,0,2011-02-01,natural,smote_enn@1.0,hgb,ok,0.7620864249122354,0.7994451465355027,0.6387058118633913,0.3432803317984454,0.3069364850603224,0.8482142857142857,0.5,29.766900751903574,0.9292497767192616,6347.0,3359.0,0.6037511164036916,5.713
online_retail_ii,temporal,0,2011-02-01,natural,smote_enn@1.0,xgb,ok,0.7592647339945496,0.800466767393439,0.6680232558139535,0.3656085883956749,0.2835685334774661,0.8571428571428571,0.5,29.815082716804856,0.9334906222089908,6360.0,3359.0,0.6037511164036916,4.797
online_retail_ii,temporal,0,2011-02-01,natural,smote_enn@1.0,lgbm,ok,0.7628545961349521,0.8014815605445081,0.6584362139917695,0.3595660903307566,0.3013010950298371,0.8363095238095238,0.5,29.72309740506549,0.9417654063709436,6388.0,3359.0,0.6037511164036916,5.113
online_retail_ii,temporal,0,2011-02-01,natural,dirichlet@1.0,lr,ok,0.7710686749148288,0.8110980651377513,0.6984392419175028,0.379731385946867,0.2174585035353706,0.8720238095238095,0.5,29.903961297274936,0.9150774039892826,18706.0,3359.0,0.6037511164036916,0.67
online_retail_ii,temporal,0,2011-02-01,natural,dirichlet@1.0,rf,ok,0.7478581230170551,0.7857440646928604,0.6232277526395174,0.3204762461305299,0.2296982256192097,0.8392857142857143,0.5,29.716319709646687,0.9503617147960702,18706.0,3359.0,0.6037511164036916,22.445
online_retail_ii,temporal,0,2011-02-01,natural,dirichlet@1.0,hgb,ok,0.7579917962944028,0.7880450510343173,0.608506674945669,0.3303323985871469,0.2438206727349714,0.8095238095238095,0.5,29.914949897053248,0.9219723131884489,18706.0,3359.0,0.6037511164036916,2.997
online_retail_ii,temporal,0,2011-02-01,natural,dirichlet@1.0,xgb,ok,0.7592149056707225,0.7975981312893321,0.624048706240487,0.3346749048719589,0.2382986378868676,0.8303571428571429,0.5,29.915367861823324,0.933776421554034,18706.0,3359.0,0.6037511164036916,2.398
online_retail_ii,temporal,0,2011-02-01,natural,dirichlet@1.0,lgbm,ok,0.7548183433434547,0.7910696774134323,0.6272368820139521,0.3362468408258087,0.2433587724253195,0.8333333333333334,0.5,29.85439289208223,0.9345861863649896,18706.0,3359.0,0.6037511164036916,2.752
online_retail_ii,temporal,0,2011-02-01,natural,easy_ensemble,lr,ok,0.771090532692567,0.8110596589115133,0.7003329633740288,0.3786852408404449,0.2168544380455832,0.8720238095238095,0.5,29.90321055261955,0.9128743673712416,17204.0,3359.0,0.6037511164036916,0.534
online_retail_ii,temporal,0,2011-02-01,natural,easy_ensemble,rf,ok,0.7511251198473068,0.789153160769555,0.6356311548791406,0.331655381101859,0.2269577089738675,0.8452380952380952,0.5,29.7990528732094,0.93561923191426,17204.0,3359.0,0.6037511164036916,162.94
online_retail_ii,temporal,0,2011-02-01,natural,easy_ensemble,hgb,ok,0.7576224368977071,0.7909394516972555,0.6441481481481481,0.3399687306752116,0.2343243197546753,0.8125,0.5,29.860861682738985,0.931655254540042,17204.0,3359.0,0.6037511164036916,20.434
online_retail_ii,temporal,0,2011-02-01,natural,easy_ensemble,xgb,ok,0.75880831395771,0.7945311418210532,0.6478789676653812,0.3493499952504251,0.2306630967083956,0.8303571428571429,0.5,29.93421288513713,0.9232450133968444,17204.0,3359.0,0.6037511164036916,14.575
online_retail_ii,temporal,0,2011-02-01,natural,easy_ensemble,lgbm,ok,0.7564343370128495,0.7894771442615937,0.6447016918967052,0.3434808596318908,0.2353694781886059,0.8303571428571429,0.5,29.92346143155289,0.9280723429592144,17204.0,3359.0,0.6037511164036916,16.188
online_retail_ii,random,0,2011-02-01,natural,none,lr,ok,0.7309352620160984,0.6735349240404334,0.6928067700987306,0.3617843075169522,0.2073885940693933,0.7410714285714286,0.5,21.83593142314828,0.8735814230425722,17204.0,3359.0,0.4805001488538255,0.149
online_retail_ii,random,0,2011-02-01,natural,none,rf,ok,0.7878519970317032,0.748123963175302,0.7075242718446602,0.4264025708962195,0.1874561467325118,0.8273809523809523,0.5,22.0946362221014,0.8452872878832984,17204.0,3359.0,0.4805001488538255,19.666
online_retail_ii,random,0,2011-02-01,natural,none,hgb,ok,0.7680721693775454,0.7207992406083206,0.7052194543297746,0.4107410862552224,0.1947379090002263,0.8095238095238095,0.5,22.14217116829471,0.8313783864245312,17204.0,3359.0,0.4805001488538255,2.101
online_retail_ii,random,0,2011-02-01,natural,none,xgb,ok,0.7695183263919216,0.7254265798662325,0.707755824240637,0.4132182133136006,0.1946509784187964,0.8035714285714286,0.5,22.0440269888688,0.8429487942840131,17204.0,3359.0,0.4805001488538255,1.557
online_retail_ii,random,0,2011-02-01,natural,none,lgbm,ok,0.7785103837127143,0.7365443702634092,0.7131050767414404,0.4244455283934792,0.1909033787733694,0.8095238095238095,0.5,22.117310807906165,0.8338076808573982,17204.0,3359.0,0.4805001488538255,1.761
online_retail_ii,random,0,2011-02-01,natural,class_weight,lr,ok,0.7308326498439514,0.6734442417443455,0.6956761222803636,0.3574614596327307,0.2078144827334797,0.7380952380952381,0.5,21.83642276773985,0.8729726108961002,17204.0,3359.0,0.4805001488538255,0.16
online_retail_ii,random,0,2011-02-01,natural,class_weight,rf,ok,0.7887478119463293,0.7473265812652083,0.7086614173228346,0.4277387460322888,0.1871911890375647,0.8184523809523809,0.5,22.11072242822421,0.8473578445966061,17204.0,3359.0,0.4805001488538255,19.873
online_retail_ii,random,0,2011-02-01,natural,class_weight,hgb,ok,0.7713071157458201,0.7231880376393994,0.7096587622903412,0.4082952086288327,0.1936565525374027,0.8125,0.5,22.17118575996108,0.8318740696635902,17204.0,3359.0,0.4805001488538255,2.24
online_retail_ii,random,0,2011-02-01,natural,class_weight,xgb,ok,0.7689409997763125,0.7240852497723661,0.706766917293233,0.4023077330845571,0.194908006852629,0.8065476190476191,0.5,22.052369081819155,0.8492066091098542,17204.0,3359.0,0.4805001488538255,1.586
online_retail_ii,random,0,2011-02-01,natural,class_weight,lgbm,ok,0.7746025997450674,0.7320211765164635,0.7136640557006092,0.4179554727860788,0.1924074195976285,0.8273809523809523,0.5,22.058931529135,0.8377195593926763,17204.0,3359.0,0.4805001488538255,1.906
online_retail_ii,random,0,2011-02-01,natural,threshold,lr,ok,0.7309352620160984,0.6735349240404334,0.7048710601719198,0.3367977593152031,0.2073885940693933,0.7410714285714286,0.3279613809094395,21.83593142314828,0.8735814230425722,17204.0,3359.0,0.4805001488538255,0.51
online_retail_ii,random,0,2011-02-01,natural,threshold,rf,ok,0.7902133196990517,0.7504697709501027,0.7381198347107438,0.4367189611674191,0.186617179436596,0.8244047619047619,0.3615744403744405,22.11385208876567,0.8507427805894611,17204.0,3359.0,0.4805001488538255,35.988
online_retail_ii,random,0,2011-02-01,natural,threshold,hgb,ok,0.7680721693775454,0.7207992406083206,0.721327718602923,0.3877519463843911,0.1947379090002263,0.8095238095238095,0.3295352694766869,22.14217116829471,0.8313783864245312,17204.0,3359.0,0.4805001488538255,4.425
online_retail_ii,random,0,2011-02-01,natural,threshold,xgb,ok,0.7681914693423945,0.7242154311038532,0.7189510143493321,0.3811991415409068,0.1951329582431887,0.8005952380952381,0.3317384719848633,22.06129111030272,0.8468591842810359,17204.0,3359.0,0.4805001488538255,3.184
online_retail_ii,random,0,2011-02-01,natural,threshold,lgbm,ok,0.7760959796621965,0.7323880947662329,0.7282388663967612,0.4088363752402357,0.1918162368656692,0.8125,0.3486853644610013,22.084906589026023,0.8417728490622208,17204.0,3359.0,0.4805001488538255,3.602
online_retail_ii,random,0,2011-02-01,natural,ros@1.0,lr,ok,0.7310222515738009,0.673776940651238,0.6949572885092312,0.356108931611712,0.2077915813756858,0.7291666666666666,0.5,21.838368148259377,0.8740934802024409,17878.0,3359.0,0.4805001488538255,0.148
online_retail_ii,random,0,2011-02-01,natural,ros@1.0,rf,ok,0.7903933348245828,0.7506718625778643,0.7142428785607197,0.4339954753982383,0.1865006675648117,0.8333333333333334,0.5,22.167332935193453,0.8361521286097053,17878.0,3359.0,0.4805001488538255,20.356
online_retail_ii,random,0,2011-02-01,natural,ros@1.0,hgb,ok,0.7692697847984861,0.7243435787319741,0.7104651162790697,0.412252038151349,0.1947266670079707,0.7886904761904762,0.5,22.052973785818075,0.8414870497171779,17878.0,3359.0,0.4805001488538255,2.226
online_retail_ii,random,0,2011-02-01,natural,ros@1.0,xgb,ok,0.7684394783467012,0.7241258648805343,0.7027341477603257,0.3966122921640792,0.1951053333324776,0.8125,0.5,22.06899116428844,0.8419455194998513,17878.0,3359.0,0.4805001488538255,1.588
online_retail_ii,random,0,2011-02-01,natural,ros@1.0,lgbm,ok,0.7770727481243986,0.735494877462294,0.7149532710280374,0.4235066360484225,0.1916222451682499,0.8363095238095238,0.5,22.06529985818257,0.835044656147663,17878.0,3359.0,0.4805001488538255,1.776
online_retail_ii,random,0,2011-02-01,natural,rus@1.0,lr,ok,0.7311887744414027,0.6740378260968629,0.6955084045191513,0.3573251830403336,0.207750860545687,0.7291666666666666,0.5,21.84189519040971,0.8712890741292051,16530.0,3359.0,0.4805001488538255,0.127
online_retail_ii,random,0,2011-02-01,natural,rus@1.0,rf,ok,0.7867269912619876,0.744064494724052,0.7131462333825702,0.4249303541470597,0.1881631287014521,0.8154761904761905,0.5,22.13890413451303,0.8542080976481096,16530.0,3359.0,0.4805001488538255,18.794
online_retail_ii,random,0,2011-02-01,natural,rus@1.0,hgb,ok,0.7682658542907156,0.7226053609766054,0.7094924003441354,0.4043356689033683,0.1953432895026379,0.7886904761904762,0.5,22.07814228599168,0.8452694254242331,16530.0,3359.0,0.4805001488538255,2.146
online_retail_ii,random,0,2011-02-01,natural,rus@1.0,xgb,ok,0.7673810462180846,0.7216286048167251,0.7052357535435348,0.399267206301366,0.1952759295568747,0.8184523809523809,0.5,22.061008117571088,0.8468785352783567,16530.0,3359.0,0.4805001488538255,1.568
online_retail_ii,random,0,2011-02-01,natural,rus@1.0,lgbm,ok,0.7774753855057643,0.7323031536068543,0.7167294868077704,0.4240327212396941,0.1915711117274874,0.8244047619047619,0.5,22.08005303056705,0.8364364394164931,16530.0,3359.0,0.4805001488538255,1.726
online_retail_ii,random,0,2011-02-01,natural,smote@1.0,lr,ok,0.7308816480438002,0.6738218785834811,0.6954845814977973,0.3569214769413782,0.2077544809588034,0.7232142857142857,0.5,21.834098170811487,0.8738106579339088,17878.0,3359.0,0.4805001488538255,0.776
online_retail_ii,random,0,2011-02-01,natural,smote@1.0,rf,ok,0.7886700539335257,0.7485421752322892,0.7108721624850657,0.4254510977261116,0.187191403582734,0.8214285714285714,0.5,22.12098182611141,0.8459883894016076,17878.0,3359.0,0.4805001488538255,24.09
online_retail_ii,random,0,2011-02-01,natural,smote@1.0,hgb,ok,0.7716332378223496,0.7313688342163467,0.7093023255813954,0.4098594439015898,0.1936999827056272,0.7976190476190477,0.5,22.0421950050956,0.8396323310509081,17878.0,3359.0,0.4805001488538255,2.972
online_retail_ii,random,0,2011-02-01,natural,smote@1.0,xgb,ok,0.7655576385708148,0.723491159318777,0.7052357535435348,0.399267206301366,0.1962071731191997,0.8125,0.5,22.05631499085852,0.8489267639178328,17878.0,3359.0,0.4805001488538255,2.388
online_retail_ii,random,0,2011-02-01,natural,smote@1.0,lgbm,ok,0.7762617924109599,0.7374718675316784,0.7145359019264448,0.4223975280141478,0.1917243629211923,0.8541666666666666,0.5,22.04576918235781,0.8366790711521287,17878.0,3359.0,0.4805001488538255,2.416
online_retail_ii,random,0,2011-02-01,natural,smote@0.5,lr,error: ValueError: The specified ratio required to remove samples from the minority class while trying to generate new samples. Please increase the ratio.,,,,,,,,,,,,,
online_retail_ii,random,0,2011-02-01,natural,smote@0.5,rf,error: ValueError: The specified ratio required to remove samples from the minority class while trying to generate new samples. Please increase the ratio.,,,,,,,,,,,,,
online_retail_ii,random,0,2011-02-01,natural,smote@0.5,hgb,error: ValueError: The specified ratio required to remove samples from the minority class while trying to generate new samples. Please increase the ratio.,,,,,,,,,,,,,
online_retail_ii,random,0,2011-02-01,natural,smote@0.5,xgb,error: ValueError: The specified ratio required to remove samples from the minority class while trying to generate new samples. Please increase the ratio.,,,,,,,,,,,,,
online_retail_ii,random,0,2011-02-01,natural,smote@0.5,lgbm,error: ValueError: The specified ratio required to remove samples from the minority class while trying to generate new samples. Please increase the ratio.,,,,,,,,,,,,,
online_retail_ii,random,0,2011-02-01,natural,adasyn@1.0,lr,error: ValueError: No samples will be generated with the provided ratio settings.,,,,,,,,,,,,,
online_retail_ii,random,0,2011-02-01,natural,adasyn@1.0,rf,error: ValueError: No samples will be generated with the provided ratio settings.,,,,,,,,,,,,,
online_retail_ii,random,0,2011-02-01,natural,adasyn@1.0,hgb,error: ValueError: No samples will be generated with the provided ratio settings.,,,,,,,,,,,,,
online_retail_ii,random,0,2011-02-01,natural,adasyn@1.0,xgb,error: ValueError: No samples will be generated with the provided ratio settings.,,,,,,,,,,,,,
online_retail_ii,random,0,2011-02-01,natural,adasyn@1.0,lgbm,error: ValueError: No samples will be generated with the provided ratio settings.,,,,,,,,,,,,,
online_retail_ii,random,0,2011-02-01,natural,smote_enn@1.0,lr,ok,0.7295192850523535,0.6722842640902067,0.6973285596254475,0.3611111210021408,0.2474877294896972,0.7172619047619048,0.5,21.80586199549384,0.8801190830604346,5638.0,3359.0,0.4805001488538255,3.607
online_retail_ii,random,0,2011-02-01,natural,smote_enn@1.0,rf,ok,0.7455424065217314,0.6847305134215487,0.689971346704871,0.3630916142354912,0.2433489191089488,0.7589285714285714,0.5,21.84527004524909,0.8625796367966657,5586.0,3359.0,0.4805001488538255,8.296
online_retail_ii,random,0,2011-02-01,natural,smote_enn@1.0,hgb,ok,0.7451174003969564,0.6925305609924093,0.6974885844748858,0.3770052391042732,0.2655500260511785,0.7529761904761905,0.5,21.893910534744183,0.8748303066388806,5626.0,3359.0,0.4805001488538255,5.413
online_retail_ii,random,0,2011-02-01,natural,smote_enn@1.0,xgb,ok,0.7443872207013844,0.6945976085299934,0.6863425925925926,0.360306530639988,0.2613847507357063,0.7648809523809523,0.5,21.873320675427987,0.8707770169693358,5604.0,3359.0,0.4805001488538255,4.472
online_retail_ii,random,0,2011-02-01,natural,smote_enn@1.0,lgbm,ok,0.7482882585400666,0.6967085836345684,0.6963772282921219,0.3780999948934803,0.2720185211219966,0.7648809523809523,0.5,21.92379420716055,0.8633923786841321,5676.0,3359.0,0.4805001488538255,4.798
online_retail_ii,random,0,2011-02-01,natural,dirichlet@1.0,lr,ok,0.7312711482266557,0.6740089568150629,0.6949339207048458,0.3557047712119825,0.2077515572065329,0.7291666666666666,0.5,21.840415073597857,0.8733209288478713,17878.0,3359.0,0.4805001488538255,0.774
online_retail_ii,random,0,2011-02-01,natural,dirichlet@1.0,rf,ok,0.7884673150051661,0.747813481414323,0.7131367292225201,0.428722068760677,0.1873056699734086,0.8273809523809523,0.5,22.10112374099019,0.8480991366478119,17878.0,3359.0,0.4805001488538255,21.674
online_retail_ii,random,0,2011-02-01,natural,dirichlet@1.0,hgb,ok,0.7670726771125147,0.7215257021767053,0.6986745213549337,0.3942671396652008,0.1952782486936968,0.8065476190476191,0.5,22.09859437886581,0.8408440011908306,17878.0,3359.0,0.4805001488538255,3.266
online_retail_ii,random,0,2011-02-01,natural,dirichlet@1.0,xgb,ok,0.7675653220566462,0.7202539855190464,0.7040046430644226,0.398164047304417,0.1953620747822247,0.8065476190476191,0.5,22.07315776746957,0.8479502828222685,17878.0,3359.0,0.4805001488538255,2.542
online_retail_ii,random,0,2011-02-01,natural,dirichlet@1.0,lgbm,ok,0.7743276062249018,0.7334232323942302,0.712784588441331,0.418811137937408,0.1925685589381594,0.8184523809523809,0.5,22.04124285096244,0.8437049717177731,17878.0,3359.0,0.4805001488538255,2.65
online_retail_ii,random,0,2011-02-01,natural,easy_ensemble,lr,ok,0.7307854269411986,0.6733274774993252,0.6952931461601982,0.3563814966396333,0.2078138784961521,0.7351190476190477,0.5,21.835269960405203,0.8731914260196487,17204.0,3359.0,0.4805001488538255,0.878
online_retail_ii,random,0,2011-02-01,natural,easy_ensemble,rf,ok,0.7897927518170165,0.7490465840171664,0.7153846153846154,0.4301167296586177,0.1870353288016343,0.8303571428571429,0.5,22.126706883623623,0.8470973504019054,17204.0,3359.0,0.4805001488538255,140.492
online_retail_ii,random,0,2011-02-01,natural,easy_ensemble,hgb,ok,0.7715071917285359,0.7276858479283308,0.712848519689566,0.4123220750072153,0.1938311237532615,0.8005952380952381,0.5,22.09324854506633,0.8421658231616553,17204.0,3359.0,0.4805001488538255,21.03
online_retail_ii,random,0,2011-02-01,natural,easy_ensemble,xgb,ok,0.7705110725279876,0.726862386520046,0.7119329673504767,0.4126300567503543,0.1942393525278063,0.8184523809523809,0.5,22.111021962175005,0.8368442988984817,17204.0,3359.0,0.4805001488538255,15.331
online_retail_ii,random,0,2011-02-01,natural,easy_ensemble,lgbm,ok,0.7794172054693352,0.7389287467741619,0.7184241019698725,0.4271668844560098,0.1908144788371606,0.8363095238095238,0.5,22.11461132169669,0.8315019350997318,17204.0,3359.0,0.4805001488538255,16.881
online_retail_ii,temporal,1,2011-03-01,natural,none,lr,ok,0.7696052212391967,0.7768816478716701,0.7562630480167014,0.4305258062761256,0.1977316865066767,0.826865671641791,0.5,28.34061557526348,0.896261570618095,20683.0,3349.0,0.5771872200656912,0.136
online_retail_ii,temporal,1,2011-03-01,natural,none,rf,ok,0.7394436796525409,0.7611743885684521,0.6672413793103448,0.3250333160502619,0.2134109642516419,0.8298507462686567,0.5,28.08477551954176,0.9267378321887132,20683.0,3349.0,0.5771872200656912,24.062
online_retail_ii,temporal,1,2011-03-01,natural,none,hgb,ok,0.747744533686404,0.7639767075856629,0.6944676118988046,0.3488412312176464,0.20825810546555,0.8208955223880597,0.5,28.19469376927561,0.9160197073753358,20683.0,3349.0,0.5771872200656912,2.625
online_retail_ii,temporal,1,2011-03-01,natural,none,xgb,ok,0.7497055307607098,0.7664732877097615,0.7001386962552011,0.3589681948774465,0.2065494995068396,0.808955223880597,0.5,28.20841423787088,0.9146999104210214,20683.0,3349.0,0.5771872200656912,2.244
online_retail_ii,temporal,1,2011-03-01,natural,none,lgbm,ok,0.7438479311161188,0.7579605819295959,0.6922648859209795,0.3448944389378382,0.2100232487544495,0.7910447761194029,0.5,28.195705267442232,0.917767990444909,20683.0,3349.0,0.5771872200656912,1.907
online_retail_ii,temporal,1,2011-03-01,natural,class_weight,lr,ok,0.7693282886295416,0.7764621779121789,0.7631983598154792,0.43289935440543,0.1950346258389272,0.817910447761194,0.5,28.34461589380513,0.8975216482532101,20683.0,3349.0,0.5771872200656912,0.128
online_retail_ii,temporal,1,2011-03-01,natural,class_weight,rf,ok,0.7400837666342238,0.7622938289452547,0.6699393589373376,0.3359959616916981,0.2132460455515257,0.8388059701492537,0.5,28.077350861180044,0.9314108689160944,20683.0,3349.0,0.5771872200656912,24.148
online_retail_ii,temporal,1,2011-03-01,natural,class_weight,hgb,ok,0.7453765406659828,0.7577238026640518,0.7150958682149609,0.3661347728609095,0.2056394281735514,0.8029850746268656,0.5,28.14562251448329,0.926039116154076,20683.0,3349.0,0.5771872200656912,2.475
online_retail_ii,temporal,1,2011-03-01,natural,class_weight,xgb,ok,0.7490490031887438,0.7641756565030408,0.7103056532323505,0.35693788117127,0.2034307013231408,0.8059701492537313,0.5,28.22990178748485,0.915494177366378,20683.0,3349.0,0.5771872200656912,2.153
online_retail_ii,temporal,1,2011-03-01,natural,class_weight,lgbm,ok,0.744036632557922,0.7603363852840115,0.7027777777777777,0.3660868449923707,0.2090021513901144,0.7940298507462686,0.5,28.16240477941585,0.9233711555688264,20683.0,3349.0,0.5771872200656912,2.016
online_retail_ii,temporal,1,2011-03-01,natural,threshold,lr,ok,0.7696052212391967,0.7768816478716701,0.786470317533364,0.4259687600405648,0.1977316865066767,0.826865671641791,0.3631194294793914,28.34061557526348,0.896261570618095,20683.0,3349.0,0.5771872200656912,0.483
online_retail_ii,temporal,1,2011-03-01,natural,threshold,rf,ok,0.7368937440996549,0.7615800477805506,0.7485868763824035,0.3648600892662439,0.2139044946392057,0.8388059701492537,0.3946449206349208,28.0646979031216,0.9371275007464912,20683.0,3349.0,0.5771872200656912,43.336
online_retail_ii,temporal,1,2011-03-01,natural,threshold,hgb,ok,0.747744533686404,0.7639767075856629,0.761950982771172,0.3900568886893609,0.20825810546555,0.8208955223880597,0.3757245305203597,28.19469376927561,0.9160197073753358,20683.0,3349.0,0.5771872200656912,4.743
online_retail_ii,temporal,1,2011-03-01,natural,threshold,xgb,ok,0.7496726495801439,0.7649304948729231,0.7682722262161514,0.3982726245714636,0.2057819158568054,0.808955223880597,0.377948180437088,28.18696216808233,0.916046581068976,20683.0,3349.0,0.5771872200656912,3.501
online_retail_ii,temporal,1,2011-03-01,natural,threshold,lgbm,ok,0.7420602909326857,0.7547491865325493,0.7605021728633511,0.3826740873196801,0.2115501926711467,0.7820895522388059,0.3622088225278644,28.168884516534444,0.9203254702896386,20683.0,3349.0,0.5771872200656912,3.887
online_retail_ii,temporal,1,2011-03-01,natural,ros@1.0,lr,ok,0.7697568400162506,0.7767602527274051,0.762002567394095,0.4313975554601859,0.1950821631529704,0.8208955223880597,0.5,28.34507423932359,0.8973589131083906,21346.0,3349.0,0.5771872200656912,0.141
online_retail_ii,temporal,1,2011-03-01,natural,ros@1.0,rf,ok,0.7370663702976258,0.7616464139401968,0.6740994854202401,0.3340049594167614,0.2134052430273286,0.826865671641791,0.5,28.08223513030304,0.9336563153180052,21346.0,3349.0,0.5771872200656912,24.534
online_retail_ii,temporal,1,2011-03-01,natural,ros@1.0,hgb,ok,0.7505977067933981,0.762619137910488,0.7208039109179794,0.3841986325296785,0.2047418022541858,0.8149253731343283,0.5,28.19428801368113,0.921543744401314,21346.0,3349.0,0.5771872200656912,2.388
online_retail_ii,temporal,1,2011-03-01,natural,ros@1.0,xgb,ok,0.7465573403947495,0.7595223326117125,0.7071702244116037,0.3611837262031268,0.2059604672225805,0.8029850746268656,0.5,28.23011622144715,0.9145983875783816,21346.0,3349.0,0.5771872200656912,1.754
online_retail_ii,temporal,1,2011-03-01,natural,ros@1.0,lgbm,ok,0.7440706097778402,0.7571771154433082,0.6983425414364641,0.3509290953090445,0.2088506550445213,0.7910447761194029,0.5,28.23371824530003,0.9209032547028962,21346.0,3349.0,0.5771872200656912,2.018
online_retail_ii,temporal,1,2011-03-01,natural,rus@1.0,lr,ok,0.7691733817344311,0.7762489925020455,0.7628813124839785,0.4323333567221306,0.1951483553938093,0.817910447761194,0.5,28.34194736306365,0.895936100328456,20020.0,3349.0,0.5771872200656912,0.14
online_retail_ii,temporal,1,2011-03-01,natural,rus@1.0,rf,ok,0.7396084509018213,0.764281626111884,0.6795564401478533,0.3398716164174547,0.2115429420109781,0.8238805970149253,0.5,28.075028178612165,0.9332382800836072,20020.0,3349.0,0.5771872200656912,22.88
online_retail_ii,temporal,1,2011-03-01,natural,rus@1.0,hgb,ok,0.7459950722070725,0.7564568890967317,0.7223573938902406,0.3834091996552517,0.205909477371364,0.7970149253731343,0.5,28.164135719909087,0.9169677515676322,20020.0,3349.0,0.5771872200656912,2.248
online_retail_ii,temporal,1,2011-03-01,natural,rus@1.0,xgb,ok,0.7445835561946682,0.7586865499031541,0.7082767978290366,0.3555106024468968,0.2061443529124213,0.8059701492537313,0.5,28.20665042909913,0.9137623171095852,20020.0,3349.0,0.5771872200656912,1.653
online_retail_ii,temporal,1,2011-03-01,natural,rus@1.0,lgbm,ok,0.7429290847925272,0.7554359670227629,0.7127688537979853,0.368620248719001,0.2076245771775084,0.7910447761194029,0.5,28.19564905376579,0.9170438936996118,20020.0,3349.0,0.5771872200656912,1.927
online_retail_ii,temporal,1,2011-03-01,natural,smote@1.0,lr,ok,0.7694240093996334,0.7763617515162935,0.7628073770491803,0.4315756389634308,0.1948487546865245,0.817910447761194,0.5,28.34850001011356,0.8961704986563155,21346.0,3349.0,0.5771872200656912,1.147
online_retail_ii,temporal,1,2011-03-01,natural,smote@1.0,rf,ok,0.739720612262196,0.7639649854081781,0.672561323445522,0.3283117625734749,0.2119798004515664,0.8417910447761194,0.5,28.089561877129743,0.92498208420424,21346.0,3349.0,0.5771872200656912,27.178
online_retail_ii,temporal,1,2011-03-01,natural,smote@1.0,hgb,ok,0.7489035953013524,0.7640805864551106,0.7038461538461539,0.357582621441643,0.2061130599587247,0.7850746268656716,0.5,28.11166520450672,0.9233935503135264,21346.0,3349.0,0.5771872200656912,3.276
online_retail_ii,temporal,1,2011-03-01,natural,smote@1.0,xgb,ok,0.748146049435759,0.7624854066062465,0.7092391304347826,0.3589549829957454,0.2045574430064217,0.8149253731343283,0.5,28.236611900931106,0.912257390265751,21346.0,3349.0,0.5771872200656912,2.728
online_retail_ii,temporal,1,2011-03-01,natural,smote@1.0,lgbm,ok,0.7422208606977824,0.7565422737510747,0.7007460624481902,0.3564609843897666,0.2097369701241131,0.7940298507462686,0.5,28.15126968276547,0.9277052851597496,21346.0,3349.0,0.5771872200656912,2.958
online_retail_ii,temporal,1,2011-03-01,natural,smote@0.5,lr,error: ValueError: The specified ratio required to remove samples from the minority class while trying to generate new samples. Please increase the ratio.,,,,,,,,,,,,,
online_retail_ii,temporal,1,2011-03-01,natural,smote@0.5,rf,error: ValueError: The specified ratio required to remove samples from the minority class while trying to generate new samples. Please increase the ratio.,,,,,,,,,,,,,
online_retail_ii,temporal,1,2011-03-01,natural,smote@0.5,hgb,error: ValueError: The specified ratio required to remove samples from the minority class while trying to generate new samples. Please increase the ratio.,,,,,,,,,,,,,
online_retail_ii,temporal,1,2011-03-01,natural,smote@0.5,xgb,error: ValueError: The specified ratio required to remove samples from the minority class while trying to generate new samples. Please increase the ratio.,,,,,,,,,,,,,
online_retail_ii,temporal,1,2011-03-01,natural,smote@0.5,lgbm,error: ValueError: The specified ratio required to remove samples from the minority class while trying to generate new samples. Please increase the ratio.,,,,,,,,,,,,,
online_retail_ii,temporal,1,2011-03-01,natural,adasyn@1.0,lr,error: ValueError: No samples will be generated with the provided ratio settings.,,,,,,,,,,,,,
online_retail_ii,temporal,1,2011-03-01,natural,adasyn@1.0,rf,error: ValueError: No samples will be generated with the provided ratio settings.,,,,,,,,,,,,,
online_retail_ii,temporal,1,2011-03-01,natural,adasyn@1.0,hgb,error: ValueError: No samples will be generated with the provided ratio settings.,,,,,,,,,,,,,
online_retail_ii,temporal,1,2011-03-01,natural,adasyn@1.0,xgb,error: ValueError: No samples will be generated with the provided ratio settings.,,,,,,,,,,,,,
online_retail_ii,temporal,1,2011-03-01,natural,adasyn@1.0,lgbm,error: ValueError: No samples will be generated with the provided ratio settings.,,,,,,,,,,,,,
online_retail_ii,temporal,1,2011-03-01,natural,smote_enn@1.0,lr,ok,0.7686465521524752,0.7763218248633028,0.7532126934172567,0.4274116148700729,0.2145910047566369,0.8119402985074626,0.5,28.25535017782289,0.8972962078232308,6559.0,3349.0,0.5771872200656912,5.223
online_retail_ii,temporal,1,2011-03-01,natural,smote_enn@1.0,rf,ok,0.7682295091789642,0.7879090961430243,0.7292282871739715,0.3939332334891862,0.2195806659494952,0.8567164179104477,0.5,28.240404124174184,0.907335025380711,6578.0,3349.0,0.5771872200656912,11.7
online_retail_ii,temporal,1,2011-03-01,natural,smote_enn@1.0,hgb,ok,0.7669159060153562,0.7886975386284895,0.7261320240043644,0.4000619032885014,0.2490890765806157,0.844776119402985,0.5,28.136040982109147,0.906748283069573,6581.0,3349.0,0.5771872200656912,7.343
online_retail_ii,temporal,1,2011-03-01,natural,smote_enn@1.0,xgb,ok,0.7684278923017119,0.7893623647301247,0.7276180141074335,0.3983895021154564,0.2374826467806867,0.8328358208955224,0.5,28.15867457932677,0.8999552105106002,6563.0,3349.0,0.5771872200656912,6.365
online_retail_ii,temporal,1,2011-03-01,natural,smote_enn@1.0,lgbm,ok,0.7710178332909532,0.7921085455194767,0.7217058501913614,0.3922804570757302,0.2504043908221813,0.8507462686567164,0.5,28.26294021982811,0.8886160047775457,6572.0,3349.0,0.5771872200656912,6.496
online_retail_ii,temporal,1,2011-03-01,natural,dirichlet@1.0,lr,ok,0.7690601243347042,0.7759044738199229,0.7638036809815951,0.4324283787251413,0.1947920702308056,0.8119402985074626,0.5,28.34596674993864,0.8969244550612124,21346.0,3349.0,0.5771872200656912,1.091
online_retail_ii,temporal,1,2011-03-01,natural,dirichlet@1.0,rf,ok,0.7383182299110601,0.7628694243219313,0.6742209631728046,0.3246076033268682,0.2119096636478063,0.835820895522388,0.5,28.08297646754727,0.9292251418333828,21346.0,3349.0,0.5771872200656912,25.917
online_retail_ii,temporal,1,2011-03-01,natural,dirichlet@1.0,hgb,ok,0.7465860200911321,0.7581196007622754,0.6997490939503763,0.3630923400516774,0.2087072911716118,0.8029850746268656,0.5,28.128504629848425,0.9227888922066289,21346.0,3349.0,0.5771872200656912,3.358
online_retail_ii,temporal,1,2011-03-01,natural,dirichlet@1.0,xgb,ok,0.7459216375704752,0.7587241931437012,0.7097826086956521,0.3601649955756429,0.2057587780322844,0.8029850746268656,0.5,28.225282453548267,0.9208136757240968,21346.0,3349.0,0.5771872200656912,2.806
online_retail_ii,temporal,1,2011-03-01,natural,dirichlet@1.0,lgbm,ok,0.7478524935625955,0.7637398396018515,0.6991643454038997,0.360991597096526,0.208123624781651,0.8029850746268656,0.5,28.236305499563933,0.9180636010749478,21346.0,3349.0,0.5771872200656912,2.983
online_retail_ii,temporal,1,2011-03-01,natural,easy_ensemble,lr,ok,0.7694167024706189,0.7765621793828293,0.7630769230769231,0.4329953994679632,0.1950186882078984,0.8238805970149253,0.5,28.34386342172578,0.8963645864437146,20683.0,3349.0,0.5771872200656912,0.62
online_retail_ii,temporal,1,2011-03-01,natural,easy_ensemble,rf,ok,0.741370516833703,0.7645279099410636,0.6822799097065463,0.3377028531827678,0.210492885914867,0.826865671641791,0.5,28.08477172304644,0.930983875783816,20683.0,3349.0,0.5771872200656912,207.804
online_retail_ii,temporal,1,2011-03-01,natural,easy_ensemble,hgb,ok,0.7491651833600768,0.7617090646463252,0.7138964577656676,0.3718993985254792,0.2047102924018026,0.8029850746268656,0.5,28.171226155516884,0.9258375634517768,20683.0,3349.0,0.5771872200656912,22.13
online_retail_ii,temporal,1,2011-03-01,natural,easy_ensemble,xgb,ok,0.7505615374947756,0.763466818687609,0.7145567904581187,0.3684907676826297,0.2032315675073341,0.8059701492537313,0.5,28.249899597199462,0.9112720214989553,20683.0,3349.0,0.5771872200656912,15.572
online_retail_ii,temporal,1,2011-03-01,natural,easy_ensemble,lgbm,ok,0.7468762878462388,0.7623944401761465,0.703030303030303,0.3584807266431711,0.2070837921449307,0.7970149253731343,0.5,28.212880723055584,0.9257823230815168,20683.0,3349.0,0.5771872200656912,18.291
online_retail_ii,random,1,2011-03-01,natural,none,lr,ok,0.7405561658297193,0.6935125897683486,0.7063073075854404,0.374306727728853,0.2044817696370853,0.7492537313432835,0.5,22.992977701375985,0.8734786503433861,20683.0,3349.0,0.4968647357420125,0.166
online_retail_ii,random,1,2011-03-01,natural,none,rf,ok,0.809881448299475,0.7819844411700491,0.7449368946287056,0.4817083160917516,0.17868963020006,0.8238805970149253,0.5,23.28931197966732,0.8209958196476562,20683.0,3349.0,0.4968647357420125,23.516
online_retail_ii,random,1,2011-03-01,natural,none,hgb,ok,0.7835197443506048,0.7584894944710854,0.7251225843668878,0.432640338812738,0.1891944385166022,0.8626865671641791,0.5,23.094130419326994,0.8579113168109884,20683.0,3349.0,0.4968647357420125,2.492
online_retail_ii,random,1,2011-03-01,natural,none,xgb,ok,0.778647497717416,0.7511155980436081,0.7163406214039125,0.4130855205092175,0.1906432502302036,0.844776119402985,0.5,23.109996947267028,0.8464243057629142,20683.0,3349.0,0.4968647357420125,1.732
online_retail_ii,random,1,2011-03-01,natural,none,lgbm,ok,0.7874655829148597,0.759977604110549,0.7284271284271284,0.4397802512288031,0.1870718743231267,0.8776119402985074,0.5,23.13346365075384,0.8502702299193788,20683.0,3349.0,0.4968647357420125,1.947
online_retail_ii,random,1,2011-03-01,natural,class_weight,lr,ok,0.7406167969641635,0.6936562320093934,0.7085524494879601,0.3772948359133137,0.2044574001309853,0.7492537313432835,0.5,22.99183540135997,0.8735667363392057,20683.0,3349.0,0.4968647357420125,0.177
online_retail_ii,random,1,2011-03-01,natural,class_weight,rf,ok,0.809375713307464,0.7820006079930881,0.7441451990632318,0.4788659266123208,0.1787591940363967,0.8417910447761194,0.5,23.25976603026668,0.8225320991340701,20683.0,3349.0,0.4968647357420125,23.688
online_retail_ii,random,1,2011-03-01,natural,class_weight,hgb,ok,0.7822771627482309,0.7566520474986462,0.7244457241577886,0.4303888304927041,0.189506503811725,0.8537313432835821,0.5,23.18304757453735,0.8558390564347568,20683.0,3349.0,0.4968647357420125,2.32
online_retail_ii,random,1,2011-03-01,natural,class_weight,xgb,ok,0.7786615855398309,0.7517444806127701,0.7259601501588219,0.4349422527522126,0.1906556653671719,0.826865671641791,0.5,23.1475744807988,0.857239474469991,20683.0,3349.0,0.4968647357420125,1.68
online_retail_ii,random,1,2011-03-01,natural,class_weight,lgbm,ok,0.7881293155101574,0.7639088473609809,0.7355536578423,0.4483106635299068,0.1868467184200955,0.8477611940298507,0.5,23.12715840890524,0.8541101821439235,20683.0,3349.0,0.4968647357420125,1.908
online_retail_ii,random,1,2011-03-01,natural,threshold,lr,ok,0.7405561658297193,0.6935125897683486,0.7195413282369804,0.3502469179812956,0.2044817696370853,0.7492537313432835,0.3493494334599214,22.992977701375985,0.8734786503433861,20683.0,3349.0,0.4968647357420125,0.486
online_retail_ii,random,1,2011-03-01,natural,threshold,rf,ok,0.809273353686373,0.7828266070287773,0.7529047250193648,0.4542596060489939,0.1789142004718869,0.8388059701492537,0.3877678802187542,23.254075701904515,0.8205195580770379,20683.0,3349.0,0.4968647357420125,42.936
online_retail_ii,random,1,2011-03-01,natural,threshold,hgb,ok,0.7835197443506048,0.7584894944710854,0.7352222765021983,0.3983252573143476,0.1891944385166022,0.8626865671641791,0.3429749407864197,23.094130419326994,0.8579113168109884,20683.0,3349.0,0.4968647357420125,4.552
online_retail_ii,random,1,2011-03-01,natural,threshold,xgb,ok,0.775319383417028,0.7478947671378867,0.733913884857281,0.3932875741228583,0.1916736747663349,0.844776119402985,0.3346552038192749,23.103232302780285,0.8526679605852493,20683.0,3349.0,0.4968647357420125,3.436
online_retail_ii,random,1,2011-03-01,natural,threshold,lgbm,ok,0.7860981725062771,0.7608210308993005,0.7411487018095987,0.4299796445113574,0.1876422024187552,0.8597014925373134,0.4108176829538986,23.139503540478,0.8439952224544643,20683.0,3349.0,0.4968647357420125,3.9
online_retail_ii,random,1,2011-03-01,natural,ros@1.0,lr,ok,0.7405590190595754,0.6936447274535151,0.709820193637621,0.3798007097501135,0.2044691083401286,0.7492537313432835,0.5,22.988726599803243,0.8739265452373846,20808.0,3349.0,0.4968647357420125,0.172
online_retail_ii,random,1,2011-03-01,natural,ros@1.0,rf,ok,0.810691052271171,0.7865898016609304,0.7472075249853027,0.4870115141327152,0.1782391654715577,0.8507462686567164,0.5,23.30814888804376,0.8235249328157659,20808.0,3349.0,0.4968647357420125,23.742
online_retail_ii,random,1,2011-03-01,natural,ros@1.0,hgb,ok,0.7824521014037891,0.7597752918779294,0.7264367816091954,0.4335611968882002,0.1893993102583302,0.8626865671641791,0.5,23.067874729791768,0.8529187817258884,20808.0,3349.0,0.4968647357420125,2.367
online_retail_ii,random,1,2011-03-01,natural,ros@1.0,xgb,ok,0.7773662191851174,0.7511086236067653,0.7167530224525043,0.4142358597852098,0.1909606635199261,0.8388059701492537,0.5,23.13613592840567,0.8523559271424307,20808.0,3349.0,0.4968647357420125,1.726
online_retail_ii,random,1,2011-03-01,natural,ros@1.0,lgbm,ok,0.7873796293654417,0.7578729760301008,0.7345537757437071,0.4483911276718847,0.1869579880319131,0.8328358208955224,0.5,23.14680137289541,0.845719617796357,20808.0,3349.0,0.4968647357420125,1.936
online_retail_ii,random,1,2011-03-01,natural,rus@1.0,lr,ok,0.740595397740242,0.6935207289570366,0.7103372028745163,0.3805339929317359,0.2044481000963532,0.746268656716418,0.5,22.986589597589937,0.8737055837563452,20558.0,3349.0,0.4968647357420125,0.16
online_retail_ii,random,1,2011-03-01,natural,rus@1.0,rf,ok,0.8104795566080802,0.7810367668536315,0.7475218658892129,0.4839058183491773,0.1784661090229688,0.8238805970149253,0.5,23.25232490840342,0.827230516572111,20558.0,3349.0,0.4968647357420125,23.623
online_retail_ii,random,1,2011-03-01,natural,rus@1.0,hgb,ok,0.7828668896941338,0.7596253799620178,0.7270114942528736,0.4347598942084435,0.1893531479198051,0.8567164179104477,0.5,23.113591567996536,0.8559107196177965,20558.0,3349.0,0.4968647357420125,2.28
online_retail_ii,random,1,2011-03-01,natural,rus@1.0,xgb,ok,0.7781344513238986,0.7501822764567575,0.7203682393555811,0.4214747204199,0.1905564336457333,0.8298507462686567,0.5,23.14246072757028,0.8481218274111677,20558.0,3349.0,0.4968647357420125,1.69
online_retail_ii,random,1,2011-03-01,natural,rus@1.0,lgbm,ok,0.7875344170851404,0.7612445018058909,0.7309557774607703,0.4396577310715742,0.1871366081569899,0.8567164179104477,0.5,23.148450441923902,0.8567781427291729,20558.0,3349.0,0.4968647357420125,1.977
online_retail_ii,random,1,2011-03-01,natural,smote@1.0,lr,ok,0.7405208571102488,0.6935073927424509,0.7089448906120188,0.3784221786330056,0.2044651261370888,0.7402985074626866,0.5,22.994477036493173,0.8733308450283669,20808.0,3349.0,0.4968647357420125,1.275
online_retail_ii,random,1,2011-03-01,natural,smote@1.0,rf,ok,0.8102323955717873,0.784032851606359,0.7423708920187794,0.4763444584678061,0.1784737739711043,0.8417910447761194,0.5,23.25183237206687,0.8231919976112272,20808.0,3349.0,0.4968647357420125,29.718
online_retail_ii,random,1,2011-03-01,natural,smote@1.0,hgb,ok,0.7816036221753024,0.7580610434675564,0.7208500861573808,0.4216249055097407,0.1896100063048397,0.8417910447761194,0.5,23.123678614189995,0.8547835174679008,20808.0,3349.0,0.4968647357420125,3.456
online_retail_ii,random,1,2011-03-01,natural,smote@1.0,xgb,ok,0.7774015279045879,0.7497967530764944,0.7218732153055397,0.4209658328381973,0.1910554645287295,0.8477611940298507,0.5,23.10072952351201,0.850739026575097,20808.0,3349.0,0.4968647357420125,2.793
online_retail_ii,random,1,2011-03-01,natural,smote@1.0,lgbm,ok,0.7876959812257476,0.7602784631732183,0.7309352517985611,0.4436205980993123,0.1870440467618402,0.8477611940298507,0.5,23.12271021351644,0.8470065691251122,20808.0,3349.0,0.4968647357420125,3.009
online_retail_ii,random,1,2011-03-01,natural,smote@0.5,lr,error: ValueError: The specified ratio required to remove samples from the minority class while trying to generate new samples. Please increase the ratio.,,,,,,,,,,,,,
online_retail_ii,random,1,2011-03-01,natural,smote@0.5,rf,error: ValueError: The specified ratio required to remove samples from the minority class while trying to generate new samples. Please increase the ratio.,,,,,,,,,,,,,
online_retail_ii,random,1,2011-03-01,natural,smote@0.5,hgb,error: ValueError: The specified ratio required to remove samples from the minority class while trying to generate new samples. Please increase the ratio.,,,,,,,,,,,,,
online_retail_ii,random,1,2011-03-01,natural,smote@0.5,xgb,error: ValueError: The specified ratio required to remove samples from the minority class while trying to generate new samples. Please increase the ratio.,,,,,,,,,,,,,
online_retail_ii,random,1,2011-03-01,natural,smote@0.5,lgbm,error: ValueError: The specified ratio required to remove samples from the minority class while trying to generate new samples. Please increase the ratio.,,,,,,,,,,,,,
online_retail_ii,random,1,2011-03-01,natural,adasyn@1.0,lr,error: ValueError: No samples will be generated with the provided ratio settings.,,,,,,,,,,,,,
online_retail_ii,random,1,2011-03-01,natural,adasyn@1.0,rf,error: ValueError: No samples will be generated with the provided ratio settings.,,,,,,,,,,,,,
online_retail_ii,random,1,2011-03-01,natural,adasyn@1.0,hgb,error: ValueError: No samples will be generated with the provided ratio settings.,,,,,,,,,,,,,
online_retail_ii,random,1,2011-03-01,natural,adasyn@1.0,xgb,error: ValueError: No samples will be generated with the provided ratio settings.,,,,,,,,,,,,,
online_retail_ii,random,1,2011-03-01,natural,adasyn@1.0,lgbm,error: ValueError: No samples will be generated with the provided ratio settings.,,,,,,,,,,,,,
online_retail_ii,random,1,2011-03-01,natural,smote_enn@1.0,lr,ok,0.737963649851632,0.6877985813464388,0.7052280311457174,0.3723759254339426,0.2436320949572462,0.7313432835820896,0.5,22.961083505572653,0.8839519259480443,6037.0,3349.0,0.4968647357420125,5.158
online_retail_ii,random,1,2011-03-01,natural,smote_enn@1.0,rf,ok,0.7531904459598264,0.7043459705961126,0.7110481586402266,0.3941738967244158,0.2391344794454912,0.746268656716418,0.5,22.97749161636906,0.8619513287548523,6065.0,3349.0,0.4968647357420125,10.178
online_retail_ii,random,1,2011-03-01,natural,smote_enn@1.0,hgb,ok,0.7531233950582058,0.7116141176787172,0.710099573257468,0.3943254105181748,0.2590645918741271,0.7701492537313432,0.5,23.028235631435408,0.8674484920871902,6074.0,3349.0,0.4968647357420125,6.885
online_retail_ii,random,1,2011-03-01,natural,smote_enn@1.0,xgb,ok,0.753760200296736,0.7134802799667086,0.7100255609201931,0.393299698134276,0.2522019705183377,0.7671641791044777,0.5,22.992482462929942,0.8576171991639296,6037.0,3349.0,0.4968647357420125,5.98
online_retail_ii,random,1,2011-03-01,natural,smote_enn@1.0,lgbm,ok,0.7535007347066879,0.7138542882397617,0.7067839909168322,0.3861489803901252,0.2665916383736638,0.7731343283582089,0.5,22.97451618934608,0.8671887130486715,6028.0,3349.0,0.4968647357420125,6.334
online_retail_ii,random,1,2011-03-01,natural,dirichlet@1.0,lr,ok,0.7406492524537777,0.6936726230835006,0.7082872928176795,0.3757733168790523,0.2044403019413413,0.7522388059701492,0.5,22.989664627089653,0.87254105703195,20808.0,3349.0,0.4968647357420125,1.134
online_retail_ii,random,1,2011-03-01,natural,dirichlet@1.0,rf,ok,0.8095453021570418,0.7828919853069516,0.7432590855803048,0.4776036921621516,0.1787427546496494,0.8328358208955224,0.5,23.236511832907794,0.8261988653329351,20808.0,3349.0,0.4968647357420125,25.236
online_retail_ii,random,1,2011-03-01,natural,dirichlet@1.0,hgb,ok,0.7795739057863502,0.7535251986129905,0.7204394333622435,0.424073193640581,0.1902418467759402,0.8298507462686567,0.5,23.15169804140824,0.8623633920573306,20808.0,3349.0,0.4968647357420125,3.461
online_retail_ii,random,1,2011-03-01,natural,dirichlet@1.0,xgb,ok,0.7771247646085369,0.7496129940429541,0.7238698531528938,0.4291905488941553,0.1910396210831397,0.8208955223880597,0.5,23.128678427779235,0.8535010450880861,20808.0,3349.0,0.4968647357420125,2.808
online_retail_ii,random,1,2011-03-01,natural,dirichlet@1.0,lgbm,ok,0.7840766591531615,0.7549951969511449,0.7282608695652174,0.4351941131661975,0.1883552291479154,0.835820895522388,0.5,23.127794392069635,0.8486294416243655,20808.0,3349.0,0.4968647357420125,2.989
online_retail_ii,random,1,2011-03-01,natural,easy_ensemble,lr,ok,0.740565795480484,0.6935881012127189,0.7092669432918396,0.3785896758132846,0.204465130265139,0.7522388059701492,0.5,22.991033261340363,0.8733338309943267,20683.0,3349.0,0.4968647357420125,1.07
online_retail_ii,random,1,2011-03-01,natural,easy_ensemble,rf,ok,0.8110609021912806,0.7842482926460481,0.7482517482517482,0.4851416219513835,0.1782291122595355,0.8417910447761194,0.5,23.27831902889666,0.8263197969543148,20683.0,3349.0,0.4968647357420125,175.041
online_retail_ii,random,1,2011-03-01,natural,easy_ensemble,hgb,ok,0.7836308419881306,0.7607552566594251,0.724187517975266,0.4292897212429573,0.1890468972107472,0.8656716417910447,0.5,23.09870690349881,0.8538518960883846,20683.0,3349.0,0.4968647357420125,23.107
online_retail_ii,random,1,2011-03-01,natural,easy_ensemble,xgb,ok,0.7795357438370235,0.753939960687805,0.7206431237438989,0.4210510381893966,0.1902471272226285,0.8477611940298507,0.5,23.13405502707653,0.8498372648551807,20683.0,3349.0,0.4968647357420125,16.406
online_retail_ii,random,1,2011-03-01,natural,easy_ensemble,lgbm,ok,0.7899518160808036,0.763715038852129,0.7327981651376146,0.4457646554938013,0.1861255221417399,0.8567164179104477,0.5,23.148258859618053,0.8488056136160048,20683.0,3349.0,0.4968647357420125,19.159
online_retail_ii,temporal,2,2011-04-01,natural,none,lr,ok,0.7360782624993307,0.7271140372471934,0.7631389488840893,0.3893056367331615,0.202215480008869,0.7515151515151515,0.5,26.970810913150927,0.907277542372881,24098.0,3304.0,0.5605326876513317,0.203
online_retail_ii,temporal,2,2011-04-01,natural,none,rf,ok,0.7380331887498587,0.7473235111603934,0.7107617240444565,0.3452538890489142,0.2047346016351629,0.8333333333333334,0.5,27.15876555575589,0.9145989709443098,24098.0,3304.0,0.5605326876513317,28.016
online_retail_ii,temporal,2,2011-04-01,natural,none,hgb,ok,0.7446286941672764,0.7465698251749445,0.7370070514494647,0.3766967387165532,0.198626088308239,0.7848484848484848,0.5,27.294314625783908,0.887896489104116,24098.0,3304.0,0.5605326876513317,2.619
online_retail_ii,temporal,2,2011-04-01,natural,none,xgb,ok,0.7504849198840953,0.7536973456925394,0.7358987875593042,0.3808826960188629,0.1978679499951596,0.806060606060606,0.5,27.2149996317822,0.8925484261501211,24098.0,3304.0,0.5605326876513317,2.322
online_retail_ii,temporal,2,2011-04-01,natural,none,lgbm,ok,0.7440242177320029,0.7464833381869153,0.7253446447507953,0.3606359285048748,0.2009376437045937,0.803030303030303,0.5,27.15184698440109,0.8946277239709443,24098.0,3304.0,0.5605326876513317,2.148
online_retail_ii,temporal,2,2011-04-01,natural,class_weight,lr,ok,0.7363694375524338,0.7275239285524211,0.7608957380207079,0.3848985279187744,0.2020895375471462,0.7515151515151515,0.5,26.9746233785278,0.9060169491525424,24098.0,3304.0,0.5605326876513317,0.216
online_retail_ii,temporal,2,2011-04-01,natural,class_weight,rf,ok,0.738880682933795,0.745670665819222,0.7127746135069162,0.3502640302659732,0.2046313738894301,0.803030303030303,0.5,27.14616905878961,0.91096700968523,24098.0,3304.0,0.5605326876513317,28.368
online_retail_ii,temporal,2,2011-04-01,natural,class_weight,hgb,ok,0.7452021193676406,0.7467516804707692,0.7378640776699029,0.3822000954859101,0.1990534202829365,0.7878787878787878,0.5,27.30879062833348,0.8899954600484259,24098.0,3304.0,0.5605326876513317,2.631
online_retail_ii,temporal,2,2011-04-01,natural,class_weight,xgb,ok,0.7512677085006754,0.7526127484567975,0.7401159725882973,0.3907935952324587,0.1975257371994933,0.806060606060606,0.5,27.213107272577822,0.8849773002421305,24098.0,3304.0,0.5605326876513317,2.293
online_retail_ii,temporal,2,2011-04-01,natural,class_weight,lgbm,ok,0.7468742376642926,0.7516727740229872,0.7318628753654,0.3776583660804379,0.2000896284908655,0.8121212121212121,0.5,27.13713972317334,0.8925529661016948,24098.0,3304.0,0.5605326876513317,2.333
online_retail_ii,temporal,2,2011-04-01,natural,threshold,lr,ok,0.7360782624993307,0.7271140372471934,0.7659760087241003,0.3613855415928776,0.202215480008869,0.7515151515151515,0.3719315548957174,26.970810913150927,0.907277542372881,24098.0,3304.0,0.5605326876513317,0.618
online_retail_ii,temporal,2,2011-04-01,natural,threshold,rf,ok,0.7390212502008103,0.7459996318407345,0.7326326582927455,0.352393204232001,0.2044942785888062,0.8151515151515152,0.4553857142857144,27.178332110609944,0.9071655569007262,24098.0,3304.0,0.5605326876513317,51.936
online_retail_ii,temporal,2,2011-04-01,natural,threshold,hgb,ok,0.7446286941672764,0.7465698251749445,0.7560670502877158,0.3944187437297549,0.198626088308239,0.7848484848484848,0.456153059559525,27.294314625783908,0.887896489104116,24098.0,3304.0,0.5605326876513317,5.045
online_retail_ii,temporal,2,2011-04-01,natural,threshold,xgb,ok,0.7467639778900332,0.7478034501748168,0.7709470685971992,0.4058783049538274,0.198190170428977,0.8090909090909091,0.3876144570112228,27.219361717804315,0.8883686440677966,24098.0,3304.0,0.5605326876513317,3.787
online_retail_ii,temporal,2,2011-04-01,natural,threshold,lgbm,ok,0.7474537987374233,0.7475822926050055,0.7714217896985521,0.4072286115817686,0.2000088118026032,0.796969696969697,0.3627823608874375,27.17637080737081,0.8900181598062956,24098.0,3304.0,0.5605326876513317,4.256
online_retail_ii,temporal,2,2011-04-01,natural,ros@1.0,lr,ok,0.7377970506161159,0.7294991303112031,0.7611472644010605,0.3861131806231678,0.2016170973391309,0.7515151515151515,0.5,26.98764344604435,0.9049651937046004,24278.0,3304.0,0.5605326876513317,0.202
online_retail_ii,temporal,2,2011-04-01,natural,ros@1.0,rf,ok,0.7394351427092444,0.7472001627119491,0.710676446617767,0.3468892508665557,0.2042532080329447,0.8212121212121212,0.5,27.169444582469687,0.9038892251815978,24278.0,3304.0,0.5605326876513317,28.657
online_retail_ii,temporal,2,2011-04-01,natural,ros@1.0,hgb,ok,0.7450544865501668,0.7474100340878068,0.7352320675105485,0.3797108496376828,0.1993767785504747,0.803030303030303,0.5,27.220068168562165,0.8856976392251815,24278.0,3304.0,0.5605326876513317,2.655
online_retail_ii,temporal,2,2011-04-01,natural,ros@1.0,xgb,ok,0.7510966478053657,0.756060040738546,0.7331036310628147,0.3785213224204832,0.1978118129049217,0.8303030303030303,0.5,27.21941469157589,0.8809004237288134,24278.0,3304.0,0.5605326876513317,1.926
online_retail_ii,temporal,2,2011-04-01,natural,ros@1.0,lgbm,ok,0.7473297797333237,0.7508336569605292,0.7294493216280926,0.3728738230577393,0.2003790843467262,0.7909090909090909,0.5,27.16784688632045,0.8983595641646488,24278.0,3304.0,0.5605326876513317,2.179
online_retail_ii,temporal,2,2011-04-01,natural,rus@1.0,lr,ok,0.7359644699498421,0.7272594580026341,0.7619735258724428,0.3876088714123452,0.2021369960717483,0.7484848484848485,0.5,26.98465535240573,0.9064119249394677,23918.0,3304.0,0.5605326876513317,0.213
online_retail_ii,temporal,2,2011-04-01,natural,rus@1.0,rf,ok,0.737552917254223,0.7433570304984407,0.707979160954209,0.3487114461794853,0.2053202651190102,0.806060606060606,0.5,27.16373904009724,0.9130145278450362,23918.0,3304.0,0.5605326876513317,28.533
online_retail_ii,temporal,2,2011-04-01,natural,rus@1.0,hgb,ok,0.7455260190754988,0.7495546531619023,0.7378286904451966,0.376363408268193,0.1985168555288526,0.793939393939394,0.5,27.26530907938456,0.8808368644067797,23918.0,3304.0,0.5605326876513317,2.56
online_retail_ii,temporal,2,2011-04-01,natural,rus@1.0,xgb,ok,0.7487865846765317,0.7516630913567166,0.7351063829787234,0.3857975044899437,0.1988646985404256,0.8,0.5,27.16090591406019,0.8865223970944309,23918.0,3304.0,0.5605326876513317,1.818
online_retail_ii,temporal,2,2011-04-01,natural,rus@1.0,lgbm,ok,0.7500905506071911,0.7515746158378281,0.7271263751006172,0.3741922616735384,0.2004320638185789,0.806060606060606,0.5,27.161826058891663,0.8879630750605326,23918.0,3304.0,0.5605326876513317,2.125
online_retail_ii,temporal,2,2011-04-01,natural,smote@1.0,lr,ok,0.7356732948967388,0.7266705231815037,0.7619047619047619,0.3870331688547992,0.2022801404421782,0.7515151515151515,0.5,26.97471336251637,0.907218523002421,24278.0,3304.0,0.5605326876513317,1.588
online_retail_ii,temporal,2,2011-04-01,natural,smote@1.0,rf,ok,0.7366531751840018,0.7433862003649908,0.7087299428882241,0.3434171155798917,0.2053322420437504,0.8090909090909091,0.5,27.119072427732643,0.9043916464891042,24278.0,3304.0,0.5605326876513317,31.489
online_retail_ii,temporal,2,2011-04-01,natural,smote@1.0,hgb,ok,0.7429389119944785,0.7427493544176443,0.7339257710402509,0.3699441684878659,0.1995331037972381,0.7666666666666667,0.5,27.247988570982656,0.8942130750605324,24278.0,3304.0,0.5605326876513317,3.988
online_retail_ii,temporal,2,2011-04-01,natural,smote@1.0,xgb,ok,0.7522085423248784,0.7540325987509,0.7343458566480149,0.3854476529107768,0.1982221544288712,0.8151515151515152,0.5,27.190750478311173,0.885827784503632,24278.0,3304.0,0.5605326876513317,3.391
online_retail_ii,temporal,2,2011-04-01,natural,smote@1.0,lgbm,ok,0.7451798071030351,0.748821290180533,0.7274180655475619,0.3694093025069796,0.2008680689890027,0.7909090909090909,0.5,27.19568681785873,0.8930644673123489,24278.0,3304.0,0.5605326876513317,3.511
online_retail_ii,temporal,2,2011-04-01,natural,smote@0.5,lr,error: ValueError: The specified ratio required to remove samples from the minority class while trying to generate new samples. Please increase the ratio.,,,,,,,,,,,,,
online_retail_ii,temporal,2,2011-04-01,natural,smote@0.5,rf,error: ValueError: The specified ratio required to remove samples from the minority class while trying to generate new samples. Please increase the ratio.,,,,,,,,,,,,,
online_retail_ii,temporal,2,2011-04-01,natural,smote@0.5,hgb,error: ValueError: The specified ratio required to remove samples from the minority class while trying to generate new samples. Please increase the ratio.,,,,,,,,,,,,,
online_retail_ii,temporal,2,2011-04-01,natural,smote@0.5,xgb,error: ValueError: The specified ratio required to remove samples from the minority class while trying to generate new samples. Please increase the ratio.,,,,,,,,,,,,,
online_retail_ii,temporal,2,2011-04-01,natural,smote@0.5,lgbm,error: ValueError: The specified ratio required to remove samples from the minority class while trying to generate new samples. Please increase the ratio.,,,,,,,,,,,,,
online_retail_ii,temporal,2,2011-04-01,natural,adasyn@1.0,lr,error: ValueError: No samples will be generated with the provided ratio settings.,,,,,,,,,,,,,
online_retail_ii,temporal,2,2011-04-01,natural,adasyn@1.0,rf,error: ValueError: No samples will be generated with the provided ratio settings.,,,,,,,,,,,,,
online_retail_ii,temporal,2,2011-04-01,natural,adasyn@1.0,hgb,error: ValueError: No samples will be generated with the provided ratio settings.,,,,,,,,,,,,,
online_retail_ii,temporal,2,2011-04-01,natural,adasyn@1.0,xgb,error: ValueError: No samples will be generated with the provided ratio settings.,,,,,,,,,,,,,
online_retail_ii,temporal,2,2011-04-01,natural,adasyn@1.0,lgbm,error: ValueError: No samples will be generated with the provided ratio settings.,,,,,,,,,,,,,
online_retail_ii,temporal,2,2011-04-01,natural,smote_enn@1.0,lr,ok,0.7715938096853079,0.7719320280592755,0.7495400788436268,0.4109152093357912,0.2170403123446097,0.8151515151515152,0.5,27.178796423911617,0.9004615617433411,7141.0,3304.0,0.5605326876513317,6.889
online_retail_ii,temporal,2,2011-04-01,natural,smote_enn@1.0,rf,ok,0.7602865117898007,0.7602175347630695,0.7356816348480775,0.3954549793439978,0.215378472609868,0.8090909090909091,0.5,27.12786273314505,0.8986682808716705,7147.0,3304.0,0.5605326876513317,12.93
online_retail_ii,temporal,2,2011-04-01,natural,smote_enn@1.0,hgb,ok,0.7614817054305077,0.766929451164898,0.7237569060773481,0.3899963256134899,0.2461716391559506,0.8242424242424242,0.5,27.10727980170948,0.8883958837772397,7151.0,3304.0,0.5605326876513317,8.691
online_retail_ii,temporal,2,2011-04-01,natural,smote_enn@1.0,xgb,ok,0.7582639050033022,0.7629869723805325,0.7264305177111716,0.3848509470963311,0.2383472847249424,0.8212121212121212,0.5,27.162509505485914,0.8854207021791768,7162.0,3304.0,0.5605326876513317,8.025
online_retail_ii,temporal,2,2011-04-01,natural,smote_enn@1.0,lgbm,ok,0.759111585122777,0.7638991929676724,0.7274224540214109,0.3929979575120997,0.2511506187590662,0.7878787878787878,0.5,27.16345165156383,0.8832929782082324,7146.0,3304.0,0.5605326876513317,8.101
online_retail_ii,temporal,2,2011-04-01,natural,dirichlet@1.0,lr,ok,0.7360782624993307,0.7271140372471934,0.7631389488840893,0.3893056367331615,0.202215480008869,0.7515151515151515,0.5,26.970810913150927,0.907277542372881,24098.0,3304.0,0.5605326876513317,0.204
online_retail_ii,temporal,2,2011-04-01,natural,dirichlet@1.0,rf,ok,0.7398177980472307,0.7473005288005228,0.7076755579749592,0.341735136749856,0.2044119824833586,0.8212121212121212,0.5,27.114472376397043,0.9095051452784504,24098.0,3304.0,0.5605326876513317,28.221
online_retail_ii,temporal,2,2011-04-01,natural,dirichlet@1.0,hgb,ok,0.7446286941672764,0.7465698251749445,0.7370070514494647,0.3766967387165532,0.198626088308239,0.7848484848484848,0.5,27.294314625783908,0.887896489104116,24098.0,3304.0,0.5605326876513317,2.511
online_retail_ii,temporal,2,2011-04-01,natural,dirichlet@1.0,xgb,ok,0.7432003373614409,0.7447374900732715,0.7316040232927475,0.3740119205408728,0.2003606635030334,0.8151515151515152,0.5,27.20272160143679,0.888996670702179,24098.0,3304.0,0.5605326876513317,1.938
online_retail_ii,temporal,2,2011-04-01,natural,dirichlet@1.0,lgbm,ok,0.7502047150277565,0.7504143665813954,0.7378743705274318,0.3896464237740875,0.1991255585522467,0.803030303030303,0.5,27.16671277333687,0.8872306295399516,24098.0,3304.0,0.5605326876513317,2.285
online_retail_ii,temporal,2,2011-04-01,natural,easy_ensemble,lr,ok,0.7360782624993307,0.7271140372471934,0.7631389488840893,0.3893056367331615,0.2022154800158743,0.7515151515151515,0.5,26.970810913150927,0.907277542372881,24098.0,3304.0,0.5605326876513317,1.282
online_retail_ii,temporal,2,2011-04-01,natural,easy_ensemble,rf,ok,0.7405779025281284,0.7465351229781256,0.7141696017339474,0.3525180339822167,0.2039968396626412,0.8151515151515152,0.5,27.169301367733283,0.9072503026634382,24098.0,3304.0,0.5605326876513317,248.026
online_retail_ii,temporal,2,2011-04-01,natural,easy_ensemble,hgb,ok,0.7446286941672764,0.7465698251749445,0.7370070514494647,0.3766967387165532,0.198626088308239,0.7848484848484848,0.5,27.294314625783908,0.887896489104116,24098.0,3304.0,0.5605326876513317,24.862
online_retail_ii,temporal,2,2011-04-01,natural,easy_ensemble,xgb,ok,0.7505433036431466,0.754249841316545,0.7398843930635838,0.3879372851730683,0.197291101673231,0.8121212121212121,0.5,27.20862903349851,0.8863710653753025,24098.0,3304.0,0.5605326876513317,18.847
online_retail_ii,temporal,2,2011-04-01,natural,easy_ensemble,lgbm,ok,0.7498958760985072,0.7510699740191391,0.73471557682084,0.3844877104403851,0.1990587862184778,0.8090909090909091,0.5,27.19871854146037,0.8920444915254236,24098.0,3304.0,0.5605326876513317,21.067
online_retail_ii,random,2,2011-04-01,natural,none,lr,ok,0.7302109074486076,0.6957311303083711,0.7144782960366676,0.3635283535623589,0.2075577238862425,0.7303030303030303,0.5,23.70617686794424,0.9046852300242132,24098.0,3304.0,0.510593220338983,0.195
online_retail_ii,random,2,2011-04-01,natural,none,rf,ok,0.8046220158592079,0.7921920598818665,0.7477324263038548,0.4619715302797066,0.1810756047034885,0.8787878787878788,0.5,23.936848486249165,0.8560214891041161,24098.0,3304.0,0.510593220338983,28.357
online_retail_ii,random,2,2011-04-01,natural,none,hgb,ok,0.7715366040795798,0.7501081377797149,0.7321676380793783,0.4179376116608642,0.1934230499497309,0.8393939393939394,0.5,23.85920857569545,0.8734549031476998,24098.0,3304.0,0.510593220338983,2.572
online_retail_ii,random,2,2011-04-01,natural,none,xgb,ok,0.766895269181661,0.7498841129478664,0.7188195991091314,0.3900631742799766,0.1948440034153507,0.8272727272727273,0.5,23.89243236125394,0.8771080508474576,24098.0,3304.0,0.510593220338983,1.876
online_retail_ii,random,2,2011-04-01,natural,none,lgbm,ok,0.7808068099794749,0.763474978712053,0.7355809417665088,0.4273552677844052,0.1898215376021295,0.8515151515151516,0.5,23.91746595372545,0.8702058111380143,24098.0,3304.0,0.510593220338983,2.125
online_retail_ii,random,2,2011-04-01,natural,class_weight,lr,ok,0.7302512318178336,0.6958733039730084,0.7110990206746464,0.3604803549537099,0.2075474268227754,0.7272727272727273,0.5,23.706038783378645,0.9049167675544794,24098.0,3304.0,0.510593220338983,0.175
online_retail_ii,random,2,2011-04-01,natural,class_weight,rf,ok,0.803617939065479,0.7929419289353978,0.7463623395149787,0.4621779627102593,0.1813468608159727,0.8939393939393939,0.5,23.91953686469633,0.8465299636803871,24098.0,3304.0,0.510593220338983,28.542
online_retail_ii,random,2,2011-04-01,natural,class_weight,hgb,ok,0.7718808275587004,0.7516544185279475,0.7273236282194849,0.4116296924510561,0.193418756353997,0.8424242424242424,0.5,23.861619700246774,0.8731446731234869,24098.0,3304.0,0.510593220338983,2.57
online_retail_ii,random,2,2011-04-01,natural,class_weight,xgb,ok,0.7689871874815561,0.7520853830389358,0.7196393350239504,0.3983266659909491,0.194111730233498,0.8393939393939394,0.5,23.921903023610685,0.8696458837772397,24098.0,3304.0,0.510593220338983,1.932
online_retail_ii,random,2,2011-04-01,natural,class_weight,lgbm,ok,0.7794306492333422,0.7649593975433912,0.7324733595064498,0.4237204093725417,0.1906649790552186,0.8454545454545455,0.5,23.85568547052938,0.8789542978208231,24098.0,3304.0,0.510593220338983,2.24
online_retail_ii,random,2,2011-04-01,natural,threshold,lr,ok,0.7302109074486076,0.6957311303083711,0.7279693486590039,0.3499196406844929,0.2075577238862425,0.7303030303030303,0.3767446823922119,23.70617686794424,0.9046852300242132,24098.0,3304.0,0.510593220338983,0.553
online_retail_ii,random,2,2011-04-01,natural,threshold,rf,ok,0.802352670334718,0.790260241139815,0.7529411764705882,0.4256323211245454,0.1819505769034072,0.8909090909090909,0.3582326294479751,23.90040205041766,0.8538226392251816,24098.0,3304.0,0.510593220338983,51.755
online_retail_ii,random,2,2011-04-01,natural,threshold,hgb,ok,0.7715366040795798,0.7501081377797149,0.743455497382199,0.4188480488476239,0.1934230499497309,0.8393939393939394,0.4391142968913295,23.85920857569545,0.8734549031476998,24098.0,3304.0,0.510593220338983,5.058
online_retail_ii,random,2,2011-04-01,natural,threshold,xgb,ok,0.7681104990360643,0.7515716743290439,0.7419762446297701,0.4034105522013609,0.1946732570764361,0.8515151515151516,0.4067862868309021,23.86179804927041,0.8766918886198546,24098.0,3304.0,0.510593220338983,3.819
online_retail_ii,random,2,2011-04-01,natural,threshold,lgbm,ok,0.7804006336058161,0.7631754212120025,0.7467894354252483,0.4066513622333723,0.1897239486871502,0.8363636363636363,0.3502925138924562,23.92783266202537,0.8611153147699758,24098.0,3304.0,0.510593220338983,4.332
online_retail_ii,random,2,2011-04-01,natural,ros@1.0,lr,ok,0.7302277703666474,0.6958279976628206,0.7109056295893391,0.3598952265210169,0.2075611021786576,0.7272727272727273,0.5,23.702613704915024,0.904567191283293,24608.0,3304.0,0.510593220338983,0.195
online_retail_ii,random,2,2011-04-01,natural,ros@1.0,rf,ok,0.8011431225505237,0.7893827352702252,0.7454337899543378,0.4603370271635904,0.1823495299769164,0.8848484848484849,0.5,23.924239422656672,0.8530932203389829,24608.0,3304.0,0.510593220338983,28.77
online_retail_ii,random,2,2011-04-01,natural,ros@1.0,hgb,ok,0.7734666750248086,0.7538447223626259,0.7270171492831038,0.4131366663453829,0.1927278659178983,0.8454545454545455,0.5,23.89649275379177,0.8714179782082323,24608.0,3304.0,0.510593220338983,2.579
online_retail_ii,random,2,2011-04-01,natural,ros@1.0,xgb,ok,0.7672503069234375,0.7510925064054745,0.7201576576576577,0.3989925812748485,0.1947965120742567,0.8454545454545455,0.5,23.900103279737426,0.8746201573849878,24608.0,3304.0,0.510593220338983,2.009
online_retail_ii,random,2,2011-04-01,natural,ros@1.0,lgbm,ok,0.7793107758811882,0.7645611454409365,0.7335581787521079,0.4272070363716224,0.1904257043608241,0.8545454545454545,0.5,23.90797509411357,0.8723274818401937,24608.0,3304.0,0.510593220338983,2.179
online_retail_ii,random,2,2011-04-01,natural,rus@1.0,lr,ok,0.7302406008477649,0.6960190427579289,0.7112197772344472,0.3600301091539079,0.2075379674182972,0.7333333333333333,0.5,23.709898419670093,0.903818099273608,23588.0,3304.0,0.510593220338983,0.186
online_retail_ii,random,2,2011-04-01,natural,rus@1.0,rf,ok,0.801058441375149,0.7916609966333372,0.7457724276296933,0.4631681225572375,0.1822912935726224,0.8848484848484849,0.5,23.912551658508573,0.8553601694915255,23588.0,3304.0,0.510593220338983,27.662
online_retail_ii,random,2,2011-04-01,natural,rus@1.0,hgb,ok,0.7722356820078896,0.7540941284000826,0.730400451212634,0.4220733240208655,0.193292277157515,0.8363636363636363,0.5,23.846126976829947,0.8815617433414041,23588.0,3304.0,0.510593220338983,2.49
online_retail_ii,random,2,2011-04-01,natural,rus@1.0,xgb,ok,0.76811783073956,0.7522467198786156,0.7197506375743836,0.4016498896759471,0.1946226802139139,0.8242424242424242,0.5,23.88676950021766,0.8802557506053268,23588.0,3304.0,0.510593220338983,1.807
online_retail_ii,random,2,2011-04-01,natural,rus@1.0,lgbm,ok,0.7773698906733034,0.7607157687790426,0.7300252312867956,0.4182416475434763,0.1911453107941516,0.8303030303030303,0.5,23.898885738809,0.8709276634382566,23588.0,3304.0,0.510593220338983,2.117
online_retail_ii,random,2,2011-04-01,natural,smote@1.0,lr,ok,0.7301768150273528,0.6958714830377044,0.7103973870440936,0.3591773549588394,0.207550688116683,0.7303030303030303,0.5,23.70730169610185,0.9044234261501212,24608.0,3304.0,0.510593220338983,1.537
online_retail_ii,random,2,2011-04-01,natural,smote@1.0,rf,ok,0.8018167228091861,0.7904728453366557,0.7476421834809945,0.4657380033296513,0.1820168206000924,0.8818181818181818,0.5,23.91656788837835,0.8448456416464893,24608.0,3304.0,0.510593220338983,30.539
online_retail_ii,random,2,2011-04-01,natural,smote@1.0,hgb,ok,0.7739954741394321,0.7562126694509391,0.7275280898876404,0.4138102778360826,0.192638884902334,0.8636363636363636,0.5,23.86925669700928,0.8686576876513317,24608.0,3304.0,0.510593220338983,4.222
online_retail_ii,random,2,2011-04-01,natural,smote@1.0,xgb,ok,0.766147435425105,0.7487996585132597,0.7207207207207207,0.400213699385388,0.1954916678942207,0.8272727272727273,0.5,23.844511226862107,0.8773683414043583,24608.0,3304.0,0.510593220338983,3.571
online_retail_ii,random,2,2011-04-01,natural,smote@1.0,lgbm,ok,0.7788415468574669,0.7632056800200622,0.7300252312867956,0.4182416475434763,0.1908198434248495,0.8575757575757575,0.5,23.884324493687927,0.8695777845036318,24608.0,3304.0,0.510593220338983,3.946
online_retail_ii,random,2,2011-04-01,natural,smote@0.5,lr,error: ValueError: The specified ratio required to remove samples from the minority class while trying to generate new samples. Please increase the ratio.,,,,,,,,,,,,,
online_retail_ii,random,2,2011-04-01,natural,smote@0.5,rf,error: ValueError: The specified ratio required to remove samples from the minority class while trying to generate new samples. Please increase the ratio.,,,,,,,,,,,,,
online_retail_ii,random,2,2011-04-01,natural,smote@0.5,hgb,error: ValueError: The specified ratio required to remove samples from the minority class while trying to generate new samples. Please increase the ratio.,,,,,,,,,,,,,
online_retail_ii,random,2,2011-04-01,natural,smote@0.5,xgb,error: ValueError: The specified ratio required to remove samples from the minority class while trying to generate new samples. Please increase the ratio.,,,,,,,,,,,,,
online_retail_ii,random,2,2011-04-01,natural,smote@0.5,lgbm,error: ValueError: The specified ratio required to remove samples from the minority class while trying to generate new samples. Please increase the ratio.,,,,,,,,,,,,,
online_retail_ii,random,2,2011-04-01,natural,adasyn@1.0,lr,error: ValueError: No samples will be generated with the provided ratio settings.,,,,,,,,,,,,,
online_retail_ii,random,2,2011-04-01,natural,adasyn@1.0,rf,error: ValueError: No samples will be generated with the provided ratio settings.,,,,,,,,,,,,,
online_retail_ii,random,2,2011-04-01,natural,adasyn@1.0,hgb,error: ValueError: No samples will be generated with the provided ratio settings.,,,,,,,,,,,,,
online_retail_ii,random,2,2011-04-01,natural,adasyn@1.0,xgb,error: ValueError: No samples will be generated with the provided ratio settings.,,,,,,,,,,,,,
online_retail_ii,random,2,2011-04-01,natural,adasyn@1.0,lgbm,error: ValueError: No samples will be generated with the provided ratio settings.,,,,,,,,,,,,,
online_retail_ii,random,2,2011-04-01,natural,smote_enn@1.0,lr,ok,0.7286444889967627,0.6932934992414049,0.7021511307225593,0.347934035113577,0.2441552379498267,0.7181818181818181,0.5,23.69971182816459,0.9089013317191282,7439.0,3304.0,0.510593220338983,7.06
online_retail_ii,random,2,2011-04-01,natural,smote_enn@1.0,rf,ok,0.7365060913625568,0.6943561952097014,0.6983494593056346,0.3582046244029567,0.2453536040831359,0.7181818181818181,0.5,23.77544007492584,0.8754615617433416,7414.0,3304.0,0.510593220338983,14.667
online_retail_ii,random,2,2011-04-01,natural,smote_enn@1.0,hgb,ok,0.7375724876359986,0.7176923070317764,0.6978869217589948,0.3593072737814417,0.2666650128235065,0.796969696969697,0.5,23.73908672701724,0.8932763317191282,7380.0,3304.0,0.510593220338983,8.948
online_retail_ii,random,2,2011-04-01,natural,smote_enn@1.0,xgb,ok,0.7425177216438119,0.7212817478550901,0.7009029345372461,0.3585758405884253,0.2588957090390533,0.8181818181818182,0.5,23.709727104364365,0.8913075060532687,7406.0,3304.0,0.510593220338983,8.155
online_retail_ii,random,2,2011-04-01,natural,smote_enn@1.0,lgbm,ok,0.7401345514225521,0.7154607204564077,0.6973684210526315,0.359257023437919,0.2718585186197302,0.7848484848484848,0.5,23.73102862432588,0.8894839588377726,7395.0,3304.0,0.510593220338983,8.474
online_retail_ii,random,2,2011-04-01,natural,dirichlet@1.0,lr,ok,0.7302109074486076,0.6957311303083711,0.7144782960366676,0.3635283535623589,0.2075577238862425,0.7303030303030303,0.5,23.70617686794424,0.9046852300242132,24098.0,3304.0,0.510593220338983,0.187
online_retail_ii,random,2,2011-04-01,natural,dirichlet@1.0,rf,ok,0.80308180824736,0.7888305755143915,0.7472340425531915,0.4613044717557488,0.1817172680983757,0.8909090909090909,0.5,23.908301540422872,0.8562515133171911,24098.0,3304.0,0.510593220338983,28.47
online_retail_ii,random,2,2011-04-01,natural,dirichlet@1.0,hgb,ok,0.7715366040795798,0.7501081377797149,0.7321676380793783,0.4179376116608642,0.1934230499497309,0.8393939393939394,0.5,23.85920857569545,0.8734549031476998,24098.0,3304.0,0.510593220338983,2.668
online_retail_ii,random,2,2011-04-01,natural,dirichlet@1.0,xgb,ok,0.7666452580924592,0.7484349996727506,0.7209627763783935,0.397585190427111,0.1949477748113871,0.8393939393939394,0.5,23.89740273246054,0.8770187651331719,24098.0,3304.0,0.510593220338983,1.957
online_retail_ii,random,2,2011-04-01,natural,dirichlet@1.0,lgbm,ok,0.7806477120136193,0.7649580196679557,0.7382736608381903,0.4314312071620905,0.1898633255839348,0.8515151515151516,0.5,23.914680898691927,0.8699909200968523,24098.0,3304.0,0.510593220338983,2.144
online_retail_ii,random,2,2011-04-01,natural,easy_ensemble,lr,ok,0.7302109074486076,0.6957311303083711,0.7144782960366676,0.3635283535623589,0.2075577238862385,0.7303030303030303,0.5,23.70617686794424,0.9046852300242132,24098.0,3304.0,0.510593220338983,1.059
online_retail_ii,random,2,2011-04-01,natural,easy_ensemble,rf,ok,0.8046152340334745,0.7921567061987296,0.7495731360273193,0.467804604556933,0.1810297509183629,0.8848484848484849,0.5,23.939996813564623,0.8490027239709445,24098.0,3304.0,0.510593220338983,201.49
online_retail_ii,random,2,2011-04-01,natural,easy_ensemble,hgb,ok,0.7715366040795798,0.7501081377797149,0.7321676380793783,0.4179376116608642,0.1934230499497309,0.8393939393939394,0.5,23.85920857569545,0.8734549031476998,24098.0,3304.0,0.510593220338983,24.552
online_retail_ii,random,2,2011-04-01,natural,easy_ensemble,xgb,ok,0.7685749624525134,0.7516813264979454,0.7253972679119041,0.4052549296720606,0.1943618909751181,0.8424242424242424,0.5,23.89328403691012,0.87540102905569,24098.0,3304.0,0.510593220338983,17.925
online_retail_ii,random,2,2011-04-01,natural,easy_ensemble,lgbm,ok,0.7812071209903371,0.7646582430873838,0.7337409672040022,0.4220885322603566,0.1899675757630447,0.8515151515151516,0.5,23.894853735891765,0.8687363801452784,24098.0,3304.0,0.510593220338983,20.759
online_retail_ii,temporal,3,2011-05-01,natural,none,lr,ok,0.7240904145912964,0.6799294306635325,0.7320471596998929,0.3583242880609557,0.2125104767056503,0.7049180327868853,0.5,24.42785511452639,0.8955165628074779,24098.0,3049.0,0.5208265004919646,0.208
online_retail_ii,temporal,3,2011-05-01,natural,none,rf,ok,0.741939029373277,0.7131376704109311,0.695920889987639,0.3526321918813912,0.2044368406865835,0.7704918032786885,0.5,24.622140627645795,0.8826254509675302,24098.0,3049.0,0.5208265004919646,28.513
online_retail_ii,temporal,3,2011-05-01,natural,none,hgb,ok,0.7467800512743592,0.720136283641025,0.72217301446708,0.3818148460920599,0.2005310045060317,0.7704918032786885,0.5,24.69587460877481,0.8598802886192192,24098.0,3049.0,0.5208265004919646,2.592
online_retail_ii,temporal,3,2011-05-01,natural,none,xgb,ok,0.7534468817293285,0.7296349694005619,0.724776119402985,0.3938691134294047,0.1981974225021457,0.7868852459016393,0.5,24.68340729272352,0.8708101016726795,24098.0,3049.0,0.5208265004919646,2.256
online_retail_ii,temporal,3,2011-05-01,natural,none,lgbm,ok,0.7451708311997751,0.7203744167734065,0.7168352171326592,0.3740801041871401,0.2020917590961652,0.780327868852459,0.5,24.64379069239593,0.8667251557887832,24098.0,3049.0,0.5208265004919646,2.23
online_retail_ii,temporal,3,2011-05-01,natural,class_weight,lr,ok,0.7245050576103804,0.6804265012154324,0.7319698600645855,0.359867169847659,0.2120281920298,0.7016393442622951,0.5,24.431541048704503,0.8946129878648738,24098.0,3049.0,0.5208265004919646,0.229
online_retail_ii,temporal,3,2011-05-01,natural,class_weight,rf,ok,0.7401149449067873,0.7138195989880092,0.7036585365853658,0.3603297593669861,0.2049532035533454,0.7737704918032787,0.5,24.60514501326854,0.8823761889143981,24098.0,3049.0,0.5208265004919646,28.624
online_retail_ii,temporal,3,2011-05-01,natural,class_weight,hgb,ok,0.7478688124658415,0.7216395092158625,0.72,0.3789361777187991,0.2000857602233373,0.7868852459016393,0.5,24.75407574391872,0.8659019350606755,24098.0,3049.0,0.5208265004919646,2.535
online_retail_ii,temporal,3,2011-05-01,natural,class_weight,xgb,ok,0.7535567923009152,0.7258727939264431,0.7206015037593985,0.3889451722142796,0.1982703024468269,0.7737704918032787,0.5,24.70029548462959,0.86583142013775,24098.0,3049.0,0.5208265004919646,2.187
online_retail_ii,temporal,3,2011-05-01,natural,class_weight,lgbm,ok,0.7489866676321557,0.7212469033036535,0.7139408569704285,0.3762762728230974,0.2005062014356877,0.7901639344262295,0.5,24.69011122693598,0.8601475893735651,24098.0,3049.0,0.5208265004919646,2.199
online_retail_ii,temporal,3,2011-05-01,natural,threshold,lr,ok,0.7240904145912964,0.6799294306635325,0.7379022353230165,0.3525458515324382,0.2125104767056503,0.7049180327868853,0.3964093017788423,24.42785511452639,0.8955165628074779,24098.0,3049.0,0.5208265004919646,0.593
online_retail_ii,temporal,3,2011-05-01,natural,threshold,rf,ok,0.7412390498899171,0.7123305034083209,0.7267150027886224,0.3624540992059771,0.2047157206210678,0.760655737704918,0.4326111235306935,24.571046809699883,0.8843719252213842,24098.0,3049.0,0.5208265004919646,52.167
online_retail_ii,temporal,3,2011-05-01,natural,threshold,hgb,ok,0.7467800512743592,0.720136283641025,0.7437703141928494,0.3934882967218683,0.2005310045060317,0.7704918032786885,0.4045008065230887,24.69587460877481,0.8598802886192192,24098.0,3049.0,0.5208265004919646,5.093
online_retail_ii,temporal,3,2011-05-01,natural,threshold,xgb,ok,0.7548183932539908,0.7307888393698111,0.743847874720358,0.4060405271909209,0.1979829099408319,0.7836065573770492,0.4255275684595108,24.68252290577522,0.8672384388324039,24098.0,3049.0,0.5208265004919646,3.703
online_retail_ii,temporal,3,2011-05-01,natural,threshold,lgbm,ok,0.7526089752541736,0.7281361355837377,0.7482881402355519,0.4091754718942155,0.1993053444692272,0.7967213114754098,0.3986945281040763,24.69971182292404,0.8718005903574942,24098.0,3049.0,0.5208265004919646,4.28
online_retail_ii,temporal,3,2011-05-01,natural,ros@1.0,lr,ok,0.724324890477348,0.6802771185250243,0.7317729351627656,0.3592331902920894,0.2120896956131894,0.7016393442622951,0.5,24.42949623523696,0.8945490324696622,24278.0,3049.0,0.5208265004919646,0.209
online_retail_ii,temporal,3,2011-05-01,natural,ros@1.0,rf,ok,0.739520781287445,0.7123842134957223,0.697574455019957,0.3518264059137522,0.205404576314528,0.7737704918032787,0.5,24.57751921044768,0.8843948835683829,24278.0,3049.0,0.5208265004919646,28.504
online_retail_ii,temporal,3,2011-05-01,natural,ros@1.0,hgb,ok,0.7455339671078607,0.7181240130301734,0.7186580341377281,0.3720074422853792,0.2012482041322199,0.7737704918032787,0.5,24.686259243709763,0.8618071498852083,24278.0,3049.0,0.5208265004919646,2.576
online_retail_ii,temporal,3,2011-05-01,natural,ros@1.0,xgb,ok,0.7529628441924978,0.7261394356109903,0.7225536992840096,0.388578389521774,0.1981786413308901,0.7704918032786885,0.5,24.734923726021915,0.8634929485077074,24278.0,3049.0,0.5208265004919646,1.887
online_retail_ii,temporal,3,2011-05-01,natural,ros@1.0,lgbm,ok,0.748943996469069,0.7252615761654787,0.7163998791905769,0.3822196224658222,0.2007890886289346,0.7704918032786885,0.5,24.69618354459128,0.8645818301082323,24278.0,3049.0,0.5208265004919646,2.192
online_retail_ii,temporal,3,2011-05-01,natural,rus@1.0,lr,ok,0.7261726811455524,0.6823207700822719,0.7317336209220814,0.3600198579854574,0.2113570022067439,0.7049180327868853,0.5,24.43647392244914,0.8942456543128893,23918.0,3049.0,0.5208265004919646,0.19
online_retail_ii,temporal,3,2011-05-01,natural,rus@1.0,rf,ok,0.7395240139513151,0.7128711488736605,0.6976456009913259,0.357972990724098,0.2053963253083064,0.7836065573770492,0.5,24.548549709416665,0.8876303706133158,23918.0,3049.0,0.5208265004919646,28.575
online_retail_ii,temporal,3,2011-05-01,natural,rus@1.0,hgb,ok,0.7498028075039179,0.725900935246375,0.7225193107546048,0.3861199172176411,0.1996765276892171,0.7934426229508197,0.5,24.694808345963576,0.860232863233847,23918.0,3049.0,0.5208265004919646,2.579
online_retail_ii,temporal,3,2011-05-01,natural,rus@1.0,xgb,ok,0.7545546078821828,0.728512661631518,0.7123867069486405,0.3736067520982075,0.1981595263571454,0.7868852459016393,0.5,24.70932176570401,0.8705755985569038,23918.0,3049.0,0.5208265004919646,1.857
online_retail_ii,temporal,3,2011-05-01,natural,rus@1.0,lgbm,ok,0.7496616478482527,0.7270348094352409,0.7137702946482261,0.3737036013655859,0.2001735774952107,0.7737704918032787,0.5,24.683315668601217,0.8722695965890455,23918.0,3049.0,0.5208265004919646,2.118
online_retail_ii,temporal,3,2011-05-01,natural,smote@1.0,lr,ok,0.7282997739721422,0.6847957196715087,0.7323791520388874,0.3623966958321611,0.2106013894710311,0.7081967213114754,0.5,24.45105116467648,0.8919186618563464,24278.0,3049.0,0.5208265004919646,1.503
online_retail_ii,temporal,3,2011-05-01,natural,smote@1.0,rf,ok,0.7395339274538505,0.7128803724521657,0.6987730061349693,0.3537897577845911,0.2054444375302531,0.7770491803278688,0.5,24.58491708490804,0.8857182682846835,24278.0,3049.0,0.5208265004919646,32.258
online_retail_ii,temporal,3,2011-05-01,natural,smote@1.0,hgb,ok,0.744843254594262,0.7163660380952754,0.7155045601647544,0.3646742947355084,0.2017133453479892,0.7639344262295082,0.5,24.706143746937173,0.8626976057723843,24278.0,3049.0,0.5208265004919646,3.923
online_retail_ii,temporal,3,2011-05-01,natural,smote@1.0,xgb,ok,0.7540951385907654,0.7276999677099198,0.718288641156975,0.3849206440325541,0.1980437629894929,0.7770491803278688,0.5,24.718729082401182,0.8619137422105609,24278.0,3049.0,0.5208265004919646,3.258
online_retail_ii,temporal,3,2011-05-01,natural,smote@1.0,lgbm,ok,0.7508189415137831,0.7236952487684518,0.717948717948718,0.3848930702270414,0.2002032649344883,0.7770491803278688,0.5,24.675332518855576,0.8703263365037718,24278.0,3049.0,0.5208265004919646,3.964
online_retail_ii,temporal,3,2011-05-01,natural,smote@0.5,lr,error: ValueError: The specified ratio required to remove samples from the minority class while trying to generate new samples. Please increase the ratio.,,,,,,,,,,,,,
online_retail_ii,temporal,3,2011-05-01,natural,smote@0.5,rf,error: ValueError: The specified ratio required to remove samples from the minority class while trying to generate new samples. Please increase the ratio.,,,,,,,,,,,,,
online_retail_ii,temporal,3,2011-05-01,natural,smote@0.5,hgb,error: ValueError: The specified ratio required to remove samples from the minority class while trying to generate new samples. Please increase the ratio.,,,,,,,,,,,,,
online_retail_ii,temporal,3,2011-05-01,natural,smote@0.5,xgb,error: ValueError: The specified ratio required to remove samples from the minority class while trying to generate new samples. Please increase the ratio.,,,,,,,,,,,,,
online_retail_ii,temporal,3,2011-05-01,natural,smote@0.5,lgbm,error: ValueError: The specified ratio required to remove samples from the minority class while trying to generate new samples. Please increase the ratio.,,,,,,,,,,,,,
online_retail_ii,temporal,3,2011-05-01,natural,adasyn@1.0,lr,error: ValueError: No samples will be generated with the provided ratio settings.,,,,,,,,,,,,,
online_retail_ii,temporal,3,2011-05-01,natural,adasyn@1.0,rf,error: ValueError: No samples will be generated with the provided ratio settings.,,,,,,,,,,,,,
online_retail_ii,temporal,3,2011-05-01,natural,adasyn@1.0,hgb,error: ValueError: No samples will be generated with the provided ratio settings.,,,,,,,,,,,,,
online_retail_ii,temporal,3,2011-05-01,natural,adasyn@1.0,xgb,error: ValueError: No samples will be generated with the provided ratio settings.,,,,,,,,,,,,,
online_retail_ii,temporal,3,2011-05-01,natural,adasyn@1.0,lgbm,error: ValueError: No samples will be generated with the provided ratio settings.,,,,,,,,,,,,,
online_retail_ii,temporal,3,2011-05-01,natural,smote_enn@1.0,lr,ok,0.7713687702257004,0.7458038600811636,0.7285053929121725,0.4204399051408248,0.2229962205747988,0.8032786885245902,0.5,24.842007492099256,0.8772007215480486,7162.0,3049.0,0.5208265004919646,6.943
online_retail_ii,temporal,3,2011-05-01,natural,smote_enn@1.0,rf,ok,0.7636614530263768,0.7326865104915882,0.723195084485407,0.4072279108949481,0.2150054812858315,0.7934426229508197,0.5,24.62737463383681,0.8669383404394884,7161.0,3049.0,0.5208265004919646,13.883
online_retail_ii,temporal,3,2011-05-01,natural,smote_enn@1.0,hgb,ok,0.7633198682107594,0.7384538494050135,0.7022561169367652,0.3848621153825702,0.2475178475749916,0.8065573770491803,0.5,24.63687517741356,0.8558330600196785,7147.0,3049.0,0.5208265004919646,9.059
online_retail_ii,temporal,3,2011-05-01,natural,smote_enn@1.0,xgb,ok,0.7622839071958235,0.7372002944123576,0.7174114021571649,0.3967153159728622,0.2341616724873955,0.7934426229508197,0.5,24.64604373203457,0.8603148573302724,7156.0,3049.0,0.5208265004919646,7.904
online_retail_ii,temporal,3,2011-05-01,natural,smote_enn@1.0,lgbm,ok,0.7601923736718063,0.7372860322136539,0.7076631977294229,0.3909604222411253,0.2518013561065298,0.780327868852459,0.5,24.67008767388785,0.859993440472286,7180.0,3049.0,0.5208265004919646,8.154
online_retail_ii,temporal,3,2011-05-01,natural,dirichlet@1.0,lr,ok,0.7240904145912964,0.6799294306635325,0.7320471596998929,0.3583242880609557,0.2125104767056503,0.7049180327868853,0.5,24.42785511452639,0.8955165628074779,24098.0,3049.0,0.5208265004919646,0.211
online_retail_ii,temporal,3,2011-05-01,natural,dirichlet@1.0,rf,ok,0.7407177289631166,0.7140850376209023,0.7010435850214856,0.3590759516988953,0.2048141005523911,0.7836065573770492,0.5,24.54781160111525,0.88920137750082,24098.0,3049.0,0.5208265004919646,28.317
online_retail_ii,temporal,3,2011-05-01,natural,dirichlet@1.0,hgb,ok,0.7467800512743592,0.720136283641025,0.72217301446708,0.3818148460920599,0.2005310045060317,0.7704918032786885,0.5,24.69587460877481,0.8598802886192192,24098.0,3049.0,0.5208265004919646,2.537
online_retail_ii,temporal,3,2011-05-01,natural,dirichlet@1.0,xgb,ok,0.7516518912376706,0.7251716856091602,0.7175618587809294,0.3842242754129601,0.1995150311834662,0.7868852459016393,0.5,24.66646926764541,0.8751016726795668,24098.0,3049.0,0.5208265004919646,1.872
online_retail_ii,temporal,3,2011-05-01,natural,dirichlet@1.0,lgbm,ok,0.7531141328616231,0.7271941818621893,0.7114624505928854,0.3755274070381076,0.2000991565560829,0.7770491803278688,0.5,24.645707950838805,0.8782912430305018,24098.0,3049.0,0.5208265004919646,2.227
online_retail_ii,temporal,3,2011-05-01,natural,easy_ensemble,lr,ok,0.7240904145912964,0.6799294306635325,0.7320471596998929,0.3583242880609557,0.2125104767158353,0.7049180327868853,0.5,24.42785511452639,0.8955165628074779,24098.0,3049.0,0.5208265004919646,1.334
online_retail_ii,temporal,3,2011-05-01,natural,easy_ensemble,rf,ok,0.7414256823506897,0.7136627968611707,0.7043291372428615,0.3663352241831331,0.2046791724866061,0.7737704918032787,0.5,24.58738404384692,0.8832518858642178,24098.0,3049.0,0.5208265004919646,253.735
online_retail_ii,temporal,3,2011-05-01,natural,easy_ensemble,hgb,ok,0.7467800512743592,0.720136283641025,0.72217301446708,0.3818148460920599,0.2005310045060317,0.7704918032786885,0.5,24.69587460877481,0.8598802886192192,24098.0,3049.0,0.5208265004919646,24.24
online_retail_ii,temporal,3,2011-05-01,natural,easy_ensemble,xgb,ok,0.7542796159422913,0.7298006320134262,0.7203110978163326,0.3851445177960114,0.1977883971388967,0.7934426229508197,0.5,24.72513090348601,0.8629435880616595,24098.0,3049.0,0.5208265004919646,17.809
online_retail_ii,temporal,3,2011-05-01,natural,easy_ensemble,lgbm,ok,0.752130109979535,0.7256271696687974,0.7166616268521319,0.383522345650899,0.1994438792592401,0.7770491803278688,0.5,24.69200031711556,0.8642932108888159,24098.0,3049.0,0.5208265004919646,20.459
online_retail_ii,random,3,2011-05-01,natural,none,lr,ok,0.726389688586854,0.6969424538460626,0.703923900118906,0.351205828983589,0.2097533396858744,0.7508196721311475,0.5,23.335483266656247,0.912807477861594,24098.0,3049.0,0.505739586749754,0.184
online_retail_ii,random,3,2011-05-01,natural,none,rf,ok,0.7922696676211403,0.7749593239867335,0.730745147150908,0.4364784094276838,0.1860994524789936,0.8688524590163934,0.5,23.58580578386765,0.8443342079370285,24098.0,3049.0,0.505739586749754,28.567
online_retail_ii,random,3,2011-05-01,natural,none,hgb,ok,0.7622196717953484,0.7388590924090618,0.7145929339477727,0.3922360739934216,0.197604607076075,0.8229508196721311,0.5,23.485172211942864,0.8759888488028862,24098.0,3049.0,0.505739586749754,2.515
online_retail_ii,random,3,2011-05-01,natural,none,xgb,ok,0.7646669627342182,0.7416966978023201,0.7105505998154414,0.3842083824323138,0.1967325946299039,0.839344262295082,0.5,23.50333945190526,0.880016398819285,24098.0,3049.0,0.505739586749754,1.863
online_retail_ii,random,3,2011-05-01,natural,none,lgbm,ok,0.7727991379614544,0.7489222049388523,0.722616476396174,0.4117175023897898,0.1931208896732823,0.819672131147541,0.5,23.560991734805967,0.858586421777632,24098.0,3049.0,0.505739586749754,2.142
online_retail_ii,random,3,2011-05-01,natural,class_weight,lr,ok,0.7264047501628801,0.6969587281545003,0.7043010752688172,0.3546078430840093,0.2097540939716247,0.7508196721311475,0.5,23.336644603803453,0.9120564119383404,24098.0,3049.0,0.505739586749754,0.187
online_retail_ii,random,3,2011-05-01,natural,class_weight,rf,ok,0.7923482029818477,0.7759137814960263,0.7308053901598245,0.4370877976424505,0.1861852642151593,0.8688524590163934,0.5,23.534016682790416,0.8543866841587405,24098.0,3049.0,0.505739586749754,29.119
online_retail_ii,random,3,2011-05-01,natural,class_weight,hgb,ok,0.7613611619618608,0.7381755895742491,0.7130541871921182,0.3900853173468891,0.1977928086737448,0.8295081967213115,0.5,23.50211948628239,0.8776303706133157,24098.0,3049.0,0.505739586749754,2.593
online_retail_ii,random,3,2011-05-01,natural,class_weight,xgb,ok,0.7651067607541804,0.7430198334418182,0.7093382807668522,0.3844961761346359,0.1966675348149678,0.8459016393442623,0.5,23.49679685658684,0.8794653984913087,24098.0,3049.0,0.505739586749754,1.896
online_retail_ii,random,3,2011-05-01,natural,class_weight,lgbm,ok,0.7721366437816778,0.749119230875586,0.7212403100775194,0.4113612785674541,0.1935561119521502,0.8360655737704918,0.5,23.53823121151572,0.8624909806493934,24098.0,3049.0,0.505739586749754,2.155
online_retail_ii,random,3,2011-05-01,natural,threshold,lr,ok,0.726389688586854,0.6969424538460626,0.7194546407970634,0.3356373084503417,0.2097533396858744,0.7508196721311475,0.3709626065245454,23.335483266656247,0.912807477861594,24098.0,3049.0,0.505739586749754,0.53
online_retail_ii,random,3,2011-05-01,natural,threshold,rf,ok,0.792792304309246,0.7755400803278815,0.7454281567489115,0.4355446191376209,0.185807037598363,0.8852459016393442,0.4326269992934334,23.59005080561637,0.8437356510331259,24098.0,3049.0,0.505739586749754,52.214
online_retail_ii,random,3,2011-05-01,natural,threshold,hgb,ok,0.7622196717953484,0.7388590924090618,0.734404794333969,0.3876995668545032,0.197604607076075,0.8229508196721311,0.3820896564987025,23.485172211942864,0.8759888488028862,24098.0,3049.0,0.505739586749754,5.131
online_retail_ii,random,3,2011-05-01,natural,threshold,xgb,ok,0.7624249395600471,0.7366471088663669,0.7364152473641524,0.3909418872048908,0.1974635056957236,0.8327868852459016,0.378418904542923,23.50044337615005,0.8824319448999671,24098.0,3049.0,0.505739586749754,3.801
online_retail_ii,random,3,2011-05-01,natural,threshold,lgbm,ok,0.7725209291357151,0.7473089008049402,0.7410594245764991,0.4021227432600328,0.193511589713183,0.8360655737704918,0.3652348053655548,23.52579134165232,0.8675598556903904,24098.0,3049.0,0.505739586749754,4.463
online_retail_ii,random,3,2011-05-01,natural,ros@1.0,lr,ok,0.7263294422827496,0.6968957692033645,0.7041243275552899,0.3545345784772746,0.2097629578714233,0.7475409836065574,0.5,23.33543170918633,0.9125008199409644,24370.0,3049.0,0.505739586749754,0.197
online_retail_ii,random,3,2011-05-01,natural,ros@1.0,rf,ok,0.792557128557867,0.7760527847643817,0.7287550956412668,0.4331074052849697,0.1860465469590771,0.8754098360655738,0.5,23.544256570009008,0.8469022630370614,24370.0,3049.0,0.505739586749754,29.14
online_retail_ii,random,3,2011-05-01,natural,ros@1.0,hgb,ok,0.7613781600262329,0.7378462281651192,0.7126153846153847,0.3888107042731059,0.1975837802357668,0.8262295081967214,0.5,23.512059294919617,0.8805936372581177,24370.0,3049.0,0.505739586749754,2.569
online_retail_ii,random,3,2011-05-01,natural,ros@1.0,xgb,ok,0.7622687295001193,0.7392623799283768,0.7116336633663366,0.3897347425877158,0.1975457271012686,0.8262295081967214,0.5,23.45932476370313,0.8798770088553625,24370.0,3049.0,0.505739586749754,1.958
online_retail_ii,random,3,2011-05-01,natural,ros@1.0,lgbm,ok,0.7740615131978136,0.7524064365429226,0.716270453843779,0.3984656623522913,0.193208557370367,0.839344262295082,0.5,23.52973897817216,0.8671088881600524,24370.0,3049.0,0.505739586749754,2.149
online_retail_ii,random,3,2011-05-01,natural,rus@1.0,lr,ok,0.7264680087821898,0.6969626107089287,0.7043010752688172,0.3546078430840093,0.2097386432236832,0.7540983606557377,0.5,23.34061477251916,0.9108428993112496,23826.0,3049.0,0.505739586749754,0.172
online_retail_ii,random,3,2011-05-01,natural,rus@1.0,rf,ok,0.7906856201539378,0.7727633703119235,0.7326169405815424,0.4452706549324572,0.1866875368845777,0.8491803278688524,0.5,23.54086668327394,0.8493079698261725,23826.0,3049.0,0.505739586749754,28.834
online_retail_ii,random,3,2011-05-01,natural,rus@1.0,hgb,ok,0.7642172671071532,0.7414836997917653,0.7114551083591332,0.3896940736611584,0.1968843628231199,0.8426229508196721,0.5,23.496616071352555,0.869348966874385,23826.0,3049.0,0.505739586749754,2.601
online_retail_ii,random,3,2011-05-01,natural,rus@1.0,xgb,ok,0.7662004463390473,0.7426102344413541,0.7157829839704068,0.396598339450996,0.1962853544723814,0.8327868852459016,0.5,23.539293495111608,0.8668038701213513,23826.0,3049.0,0.505739586749754,1.844
online_retail_ii,random,3,2011-05-01,natural,rus@1.0,lgbm,ok,0.7712200392978035,0.7496396588661536,0.7223420647149461,0.4104928814955881,0.1942006404358592,0.8491803278688524,0.5,23.47703159946388,0.88630206625123,23826.0,3049.0,0.505739586749754,2.106
online_retail_ii,random,3,2011-05-01,natural,smote@1.0,lr,ok,0.7262739296168248,0.6967813871428991,0.7052851597491788,0.3566474072411221,0.2097561926893097,0.7508196721311475,0.5,23.34169539376753,0.911485733027222,24370.0,3049.0,0.505739586749754,1.498
online_retail_ii,random,3,2011-05-01,natural,smote@1.0,rf,ok,0.7928329705645165,0.7757513101561725,0.7295597484276729,0.4362654170330324,0.1857899760110787,0.8754098360655738,0.5,23.599472402813955,0.8304444080026241,24370.0,3049.0,0.505739586749754,34.568
online_retail_ii,random,3,2011-05-01,natural,smote@1.0,hgb,ok,0.7612432513381134,0.7354013656727996,0.7137158637618901,0.3896912173482797,0.197629313893706,0.819672131147541,0.5,23.50974983634969,0.8717677927189245,24370.0,3049.0,0.505739586749754,4.029
online_retail_ii,random,3,2011-05-01,natural,smote@1.0,xgb,ok,0.7615511529851614,0.7387762347955953,0.7078825347758887,0.381216535560432,0.1977441453371794,0.8360655737704918,0.5,23.500442832427915,0.8741374221056084,24370.0,3049.0,0.505739586749754,3.392
online_retail_ii,random,3,2011-05-01,natural,smote@1.0,lgbm,ok,0.7747005543520638,0.7511750660041453,0.7202472952086554,0.4076181377638134,0.1928149498480921,0.8295081967213115,0.5,23.535496232751765,0.8689275172187604,24370.0,3049.0,0.505739586749754,3.516
online_retail_ii,random,3,2011-05-01,natural,smote@0.5,lr,error: ValueError: The specified ratio required to remove samples from the minority class while trying to generate new samples. Please increase the ratio.,,,,,,,,,,,,,
online_retail_ii,random,3,2011-05-01,natural,smote@0.5,rf,error: ValueError: The specified ratio required to remove samples from the minority class while trying to generate new samples. Please increase the ratio.,,,,,,,,,,,,,
online_retail_ii,random,3,2011-05-01,natural,smote@0.5,hgb,error: ValueError: The specified ratio required to remove samples from the minority class while trying to generate new samples. Please increase the ratio.,,,,,,,,,,,,,
online_retail_ii,random,3,2011-05-01,natural,smote@0.5,xgb,error: ValueError: The specified ratio required to remove samples from the minority class while trying to generate new samples. Please increase the ratio.,,,,,,,,,,,,,
online_retail_ii,random,3,2011-05-01,natural,smote@0.5,lgbm,error: ValueError: The specified ratio required to remove samples from the minority class while trying to generate new samples. Please increase the ratio.,,,,,,,,,,,,,
online_retail_ii,random,3,2011-05-01,natural,adasyn@1.0,lr,error: ValueError: No samples will be generated with the provided ratio settings.,,,,,,,,,,,,,
online_retail_ii,random,3,2011-05-01,natural,adasyn@1.0,rf,error: ValueError: No samples will be generated with the provided ratio settings.,,,,,,,,,,,,,
online_retail_ii,random,3,2011-05-01,natural,adasyn@1.0,hgb,error: ValueError: No samples will be generated with the provided ratio settings.,,,,,,,,,,,,,
online_retail_ii,random,3,2011-05-01,natural,adasyn@1.0,xgb,error: ValueError: No samples will be generated with the provided ratio settings.,,,,,,,,,,,,,
online_retail_ii,random,3,2011-05-01,natural,adasyn@1.0,lgbm,error: ValueError: No samples will be generated with the provided ratio settings.,,,,,,,,,,,,,
online_retail_ii,random,3,2011-05-01,natural,smote_enn@1.0,lr,ok,0.7257446228021933,0.6966902862609335,0.6993680409268733,0.3477519138248275,0.253081481140802,0.7672131147540984,0.5,23.324784243143185,0.9167858314201376,7405.0,3049.0,0.505739586749754,7.027
online_retail_ii,random,3,2011-05-01,natural,smote_enn@1.0,rf,ok,0.7337328523956943,0.6981982977663387,0.6882591093117408,0.3438739820657607,0.2524596179689885,0.760655737704918,0.5,23.245862347850807,0.8815185306657922,7407.0,3049.0,0.505739586749754,13.238
online_retail_ii,random,3,2011-05-01,natural,smote_enn@1.0,hgb,ok,0.7345887802447205,0.7057452736873147,0.6916354556803995,0.3523424918556826,0.2751826645951269,0.7868852459016393,0.5,23.348462406232656,0.8990915054116102,7406.0,3049.0,0.505739586749754,8.882
online_retail_ii,random,3,2011-05-01,natural,smote_enn@1.0,xgb,ok,0.7348730137008703,0.7032144026014241,0.6882995319812792,0.3451101046659783,0.2708821533091699,0.7934426229508197,0.5,23.32109250503776,0.8917956707117088,7386.0,3049.0,0.505739586749754,8.103
online_retail_ii,random,3,2011-05-01,natural,smote_enn@1.0,lgbm,ok,0.7323882839873069,0.6981468296875477,0.6913734039240113,0.3504636101538467,0.281111342215494,0.7573770491803279,0.5,23.35562766204725,0.892097408986553,7404.0,3049.0,0.505739586749754,8.284
online_retail_ii,random,3,2011-05-01,natural,dirichlet@1.0,lr,ok,0.726389688586854,0.6969424538460626,0.703923900118906,0.351205828983589,0.2097533396858744,0.7508196721311475,0.5,23.335483266656247,0.912807477861594,24098.0,3049.0,0.505739586749754,0.179
online_retail_ii,random,3,2011-05-01,natural,dirichlet@1.0,rf,ok,0.7930616913547415,0.7741388515124306,0.7293895531780994,0.4362380532705326,0.1858334749555232,0.8622950819672132,0.5,23.566176889967192,0.8382223679895049,24098.0,3049.0,0.505739586749754,28.894
online_retail_ii,random,3,2011-05-01,natural,dirichlet@1.0,hgb,ok,0.7622196717953484,0.7388590924090618,0.7145929339477727,0.3922360739934216,0.197604607076075,0.8229508196721311,0.5,23.485172211942864,0.8759888488028862,24098.0,3049.0,0.505739586749754,2.495
online_retail_ii,random,3,2011-05-01,natural,dirichlet@1.0,xgb,ok,0.7622151533225406,0.7383472305969327,0.7127985303123087,0.3865636040445629,0.1976769044643587,0.8327868852459016,0.5,23.47593608665721,0.8716480813381438,24098.0,3049.0,0.505739586749754,1.923
online_retail_ii,random,3,2011-05-01,natural,dirichlet@1.0,lgbm,ok,0.7703585171491105,0.7463765078300294,0.7191633343586589,0.4027122800361122,0.1939788419635221,0.8360655737704918,0.5,23.54918618845395,0.8631616923581504,24098.0,3049.0,0.505739586749754,2.131
online_retail_ii,random,3,2011-05-01,natural,easy_ensemble,lr,ok,0.726389688586854,0.6969424538460626,0.703923900118906,0.351205828983589,0.2097533396858741,0.7508196721311475,0.5,23.335483266656247,0.912807477861594,24098.0,3049.0,0.505739586749754,1.024
online_retail_ii,random,3,2011-05-01,natural,easy_ensemble,rf,ok,0.7926713813702936,0.7754360666713817,0.7317683881064163,0.4384700791956303,0.1858992701291736,0.8655737704918033,0.5,23.58168119625442,0.8378271564447359,24098.0,3049.0,0.505739586749754,207.361
online_retail_ii,random,3,2011-05-01,natural,easy_ensemble,hgb,ok,0.7622196717953484,0.7388590924090618,0.7145929339477727,0.3922360739934216,0.197604607076075,0.8229508196721311,0.5,23.485172211942864,0.8759888488028862,24098.0,3049.0,0.505739586749754,24.462
online_retail_ii,random,3,2011-05-01,natural,easy_ensemble,xgb,ok,0.7651330109295402,0.7424226057342503,0.7155569193003989,0.3936589518695584,0.1964853976503489,0.8524590163934426,0.5,23.49931127384536,0.8752148245326339,24098.0,3049.0,0.505739586749754,18.023
online_retail_ii,random,3,2011-05-01,natural,easy_ensemble,lgbm,ok,0.7751308850956669,0.7524646817165351,0.7225291589932474,0.40884187061068,0.1925549587087524,0.8327868852459016,0.5,23.55136558379633,0.8580305018038703,24098.0,3049.0,0.505739586749754,19.799
online_retail_ii,temporal,4,2011-06-01,natural,none,lr,ok,0.7477998017615164,0.7036457575627378,0.7103448275862069,0.3746749039089663,0.2031099780716403,0.7669172932330827,0.5,23.17823594229213,0.8748157201955621,30806.0,2659.0,0.4994358781496803,0.253
online_retail_ii,temporal,4,2011-06-01,natural,none,rf,ok,0.7541364745231867,0.7129454932193977,0.6967835200578244,0.3702869002884739,0.2000731619447143,0.793233082706767,0.5,23.33403524985665,0.870238811583302,30806.0,2659.0,0.4994358781496803,35.99
online_retail_ii,temporal,4,2011-06-01,natural,none,hgb,ok,0.7577318100350313,0.7198066401037566,0.7095652173913043,0.3772111180108615,0.1982394308443305,0.7894736842105263,0.5,23.4641689205703,0.8576250470101541,30806.0,2659.0,0.4994358781496803,3.106
online_retail_ii,temporal,4,2011-06-01,natural,none,xgb,ok,0.7608148597394838,0.7270643258542702,0.7117934403349616,0.3836380151458144,0.1970132564911543,0.7969924812030075,0.5,23.55247664987103,0.8572075968409177,30806.0,2659.0,0.4994358781496803,2.225
online_retail_ii,temporal,4,2011-06-01,natural,none,lgbm,ok,0.7587999443302889,0.7214535382080401,0.7079207920792079,0.3820131362609397,0.1977088122311129,0.793233082706767,0.5,23.505110656800568,0.8507916509966154,30806.0,2659.0,0.4994358781496803,2.748
online_retail_ii,temporal,4,2011-06-01,natural,class_weight,lr,ok,0.7476945724294624,0.7031863985120799,0.6979722518676628,0.363978671489638,0.2028567208906504,0.7593984962406015,0.5,23.17506796140925,0.8752012034599475,30806.0,2659.0,0.4994358781496803,0.251
online_retail_ii,temporal,4,2011-06-01,natural,class_weight,rf,ok,0.755346894716356,0.7115840747729244,0.6945975744211687,0.3754355896950819,0.1996427520613019,0.7857142857142857,0.5,23.336406426839577,0.8598157201955623,30806.0,2659.0,0.4994358781496803,36.408
online_retail_ii,temporal,4,2011-06-01,natural,class_weight,hgb,ok,0.7599031550695645,0.721031567525876,0.708185053380783,0.3859035441484292,0.1973480433613227,0.7894736842105263,0.5,23.41765343709307,0.8567299736743135,30806.0,2659.0,0.4994358781496803,3.142
online_retail_ii,temporal,4,2011-06-01,natural,class_weight,xgb,ok,0.7613452495179818,0.7259927339454267,0.7078248384781048,0.3896734389073211,0.1967577229211452,0.7857142857142857,0.5,23.494622727379543,0.8642008273787138,30806.0,2659.0,0.4994358781496803,2.255
online_retail_ii,temporal,4,2011-06-01,natural,class_weight,lgbm,ok,0.7575592565604264,0.7199518175118689,0.6955571740713765,0.3720928191992784,0.1985811244353458,0.7857142857142857,0.5,23.507885340330603,0.8658461827754794,30806.0,2659.0,0.4994358781496803,2.627
online_retail_ii,temporal,4,2011-06-01,natural,threshold,lr,ok,0.7477998017615164,0.7036457575627378,0.7232224595666769,0.3597574207122356,0.2031099780716403,0.7669172932330827,0.3889012664140019,23.17823594229213,0.8748157201955621,30806.0,2659.0,0.4994358781496803,0.628
online_retail_ii,temporal,4,2011-06-01,natural,threshold,rf,ok,0.7530649457333466,0.7089426658210929,0.7198926534719893,0.3837528258717111,0.2004449820243554,0.7781954887218046,0.4479159259259258,23.326855909028527,0.864106807070327,30806.0,2659.0,0.4994358781496803,65.98
online_retail_ii,temporal,4,2011-06-01,natural,threshold,hgb,ok,0.7577318100350313,0.7198066401037566,0.7225201072386059,0.3894121254566775,0.1982394308443305,0.7894736842105263,0.458300917672848,23.4641689205703,0.8576250470101541,30806.0,2659.0,0.4994358781496803,5.794
online_retail_ii,temporal,4,2011-06-01,natural,threshold,xgb,ok,0.7591804105980647,0.7209325896189589,0.7347328244274809,0.4009156870287378,0.1973772833642683,0.7819548872180451,0.3990728950500488,23.50421773580251,0.8624106807070328,30806.0,2659.0,0.4994358781496803,4.724
online_retail_ii,temporal,4,2011-06-01,natural,threshold,lgbm,ok,0.7589526965864962,0.7216675423280647,0.7308818743898471,0.398263490806333,0.1977333829251683,0.7857142857142857,0.4146583883975365,23.51989872076338,0.863728845430613,30806.0,2659.0,0.4994358781496803,4.987
online_retail_ii,temporal,4,2011-06-01,natural,ros@1.0,lr,ok,0.7469257194065518,0.7021102655367032,0.6994690265486726,0.3644605102142351,0.2030688601200673,0.7593984962406015,0.5,23.17301623851665,0.8766679202707784,32200.0,2659.0,0.4994358781496803,0.239
online_retail_ii,temporal,4,2011-06-01,natural,ros@1.0,rf,ok,0.7511272550759011,0.7056860266544485,0.6930113428466886,0.3695964343203853,0.2012525696466904,0.7706766917293233,0.5,23.322662860179666,0.8660511470477624,32200.0,2659.0,0.4994358781496803,36.987
online_retail_ii,temporal,4,2011-06-01,natural,ros@1.0,hgb,ok,0.7588647226019027,0.7233394220692633,0.7026249550521395,0.3797084746279353,0.1980808347074525,0.7819548872180451,0.5,23.458579995608986,0.862121098157202,32200.0,2659.0,0.4994358781496803,2.84
online_retail_ii,temporal,4,2011-06-01,natural,ros@1.0,xgb,ok,0.7577807473319274,0.7196325601853644,0.7044247787610619,0.3750753721033024,0.1979375524802994,0.7894736842105263,0.5,23.492149081244765,0.8692572395637458,32200.0,2659.0,0.4994358781496803,2.263
online_retail_ii,temporal,4,2011-06-01,natural,ros@1.0,lgbm,ok,0.7518550912892743,0.716388612966451,0.7011043819023869,0.3714184868570025,0.2004092631829479,0.8007518796992481,0.5,23.43139568361984,0.8641425347875139,32200.0,2659.0,0.4994358781496803,2.56
online_retail_ii,temporal,4,2011-06-01,natural,rus@1.0,lr,ok,0.7451571877291283,0.6993776641553802,0.6952820148989003,0.3566710156684915,0.2038250195228393,0.7593984962406015,0.5,23.154565330004857,0.8752068446784503,29412.0,2659.0,0.4994358781496803,0.23
online_retail_ii,temporal,4,2011-06-01,natural,rus@1.0,rf,ok,0.7518856417405158,0.7103215091604891,0.6754024709846499,0.3479047551353901,0.2012974191284343,0.7781954887218046,0.5,23.29487079122153,0.8663820985332832,29412.0,2659.0,0.4994358781496803,35.036
online_retail_ii,temporal,4,2011-06-01,natural,rus@1.0,hgb,ok,0.7602281779258281,0.7197921765083689,0.7082738944365192,0.387213669091465,0.1973755740384133,0.7894736842105263,0.5,23.5018098166748,0.8608950733358407,29412.0,2659.0,0.4994358781496803,2.705
online_retail_ii,temporal,4,2011-06-01,natural,rus@1.0,xgb,ok,0.7625078639124492,0.7261752659064239,0.6987865810135617,0.3674746674989969,0.1964014435435311,0.7894736842105263,0.5,23.47876976092831,0.8634731101918015,29412.0,2659.0,0.4994358781496803,2.141
online_retail_ii,temporal,4,2011-06-01,natural,rus@1.0,lgbm,ok,0.7565836222425388,0.7195176253114448,0.6864251738016831,0.3560356174501547,0.1992189750732628,0.793233082706767,0.5,23.451795492536693,0.8649511094396389,29412.0,2659.0,0.4994358781496803,2.385
online_retail_ii,temporal,4,2011-06-01,natural,smote@1.0,lr,ok,0.7474897712563251,0.7029808649837308,0.6985815602836879,0.3635256600016966,0.2028499231693494,0.7593984962406015,0.5,23.18204566606999,0.8747593080105303,32200.0,2659.0,0.4994358781496803,2.237
online_retail_ii,temporal,4,2011-06-01,natural,smote@1.0,rf,ok,0.752120710490346,0.7092812308655665,0.6911764705882353,0.3686443698846883,0.2008855477335704,0.7819548872180451,0.5,23.337030621859142,0.8678619781872883,32200.0,2659.0,0.4994358781496803,44.041
online_retail_ii,temporal,4,2011-06-01,natural,smote@1.0,hgb,ok,0.7553867800276991,0.7175312232217199,0.6989942528735632,0.371480815683064,0.1989004018896701,0.7819548872180451,0.5,23.47430832750268,0.8603647987965403,32200.0,2659.0,0.4994358781496803,5.084
online_retail_ii,temporal,4,2011-06-01,natural,smote@1.0,xgb,ok,0.7566257705502704,0.7217600051711597,0.6971187631763879,0.3553863204263784,0.1983439613587207,0.7894736842105263,0.5,23.52976499587835,0.8561978187288453,32200.0,2659.0,0.4994358781496803,4.198
online_retail_ii,temporal,4,2011-06-01,natural,smote@1.0,lgbm,ok,0.7586723679089008,0.721377721632181,0.7034383954154728,0.3792696719021691,0.198253055941547,0.793233082706767,0.5,23.47844393197144,0.8695543437382475,32200.0,2659.0,0.4994358781496803,4.82
online_retail_ii,temporal,4,2011-06-01,natural,smote@0.5,lr,error: ValueError: The specified ratio required to remove samples from the minority class while trying to generate new samples. Please increase the ratio.,,,,,,,,,,,,,
online_retail_ii,temporal,4,2011-06-01,natural,smote@0.5,rf,error: ValueError: The specified ratio required to remove samples from the minority class while trying to generate new samples. Please increase the ratio.,,,,,,,,,,,,,
online_retail_ii,temporal,4,2011-06-01,natural,smote@0.5,hgb,error: ValueError: The specified ratio required to remove samples from the minority class while trying to generate new samples. Please increase the ratio.,,,,,,,,,,,,,
online_retail_ii,temporal,4,2011-06-01,natural,smote@0.5,xgb,error: ValueError: The specified ratio required to remove samples from the minority class while trying to generate new samples. Please increase the ratio.,,,,,,,,,,,,,
online_retail_ii,temporal,4,2011-06-01,natural,smote@0.5,lgbm,error: ValueError: The specified ratio required to remove samples from the minority class while trying to generate new samples. Please increase the ratio.,,,,,,,,,,,,,
online_retail_ii,temporal,4,2011-06-01,natural,adasyn@1.0,lr,error: ValueError: No samples will be generated with the provided ratio settings.,,,,,,,,,,,,,
online_retail_ii,temporal,4,2011-06-01,natural,adasyn@1.0,rf,error: ValueError: No samples will be generated with the provided ratio settings.,,,,,,,,,,,,,
online_retail_ii,temporal,4,2011-06-01,natural,adasyn@1.0,hgb,error: ValueError: No samples will be generated with the provided ratio settings.,,,,,,,,,,,,,
online_retail_ii,temporal,4,2011-06-01,natural,adasyn@1.0,xgb,error: ValueError: No samples will be generated with the provided ratio settings.,,,,,,,,,,,,,
online_retail_ii,temporal,4,2011-06-01,natural,adasyn@1.0,lgbm,error: ValueError: No samples will be generated with the provided ratio settings.,,,,,,,,,,,,,
online_retail_ii,temporal,4,2011-06-01,natural,smote_enn@1.0,lr,ok,0.7668853475509854,0.7370181309979407,0.6917466410748561,0.3962783259093824,0.2284631216202182,0.8383458646616542,0.5,23.349936792059548,0.8507653253102668,10428.0,2659.0,0.4994358781496803,11.801
online_retail_ii,temporal,4,2011-06-01,natural,smote_enn@1.0,rf,ok,0.7691375947063989,0.7350646643824906,0.6935668062428626,0.3945874289444078,0.2219114733017904,0.8120300751879699,0.5,23.180830012378827,0.8482662655133509,10411.0,2659.0,0.4994358781496803,22.897
online_retail_ii,temporal,4,2011-06-01,natural,smote_enn@1.0,hgb,ok,0.767378397889077,0.7339762624082812,0.6952273581360391,0.3900008090250577,0.2449083169133799,0.8082706766917294,0.5,23.30346200722552,0.8690786009778111,10387.0,2659.0,0.4994358781496803,14.339
online_retail_ii,temporal,4,2011-06-01,natural,smote_enn@1.0,xgb,ok,0.7701092687806069,0.7373974973877592,0.7008289374529013,0.4027816830307312,0.2404890177756638,0.8120300751879699,0.5,23.25678470320252,0.8469217751034225,10419.0,2659.0,0.4994358781496803,12.999
online_retail_ii,temporal,4,2011-06-01,natural,smote_enn@1.0,lgbm,ok,0.7707878848225359,0.7357521089118871,0.7001140250855188,0.4066023626357526,0.2469393938149798,0.8270676691729323,0.5,23.32348399414776,0.8498909364422716,10429.0,2659.0,0.4994358781496803,13.218
online_retail_ii,temporal,4,2011-06-01,natural,dirichlet@1.0,lr,ok,0.7477998017615164,0.7036457575627378,0.7103448275862069,0.3746749039089663,0.2031099780716403,0.7669172932330827,0.5,23.17823594229213,0.8748157201955621,30806.0,2659.0,0.4994358781496803,0.274
online_retail_ii,temporal,4,2011-06-01,natural,dirichlet@1.0,rf,ok,0.7514313452155731,0.7091559342115835,0.6878383255142548,0.3507565208637885,0.2009316668234073,0.7894736842105263,0.5,23.31810861437813,0.8655772846934936,30806.0,2659.0,0.4994358781496803,37.273
online_retail_ii,temporal,4,2011-06-01,natural,dirichlet@1.0,hgb,ok,0.7577318100350313,0.7198066401037566,0.7095652173913043,0.3772111180108615,0.1982394308443305,0.7894736842105263,0.5,23.4641689205703,0.8576250470101541,30806.0,2659.0,0.4994358781496803,2.766
online_retail_ii,temporal,4,2011-06-01,natural,dirichlet@1.0,xgb,ok,0.7619729481411748,0.7273653234303159,0.7165326808808109,0.394821716545524,0.1964412153360743,0.8007518796992481,0.5,23.54964264342168,0.8576043625423091,30806.0,2659.0,0.4994358781496803,2.206
online_retail_ii,temporal,4,2011-06-01,natural,dirichlet@1.0,lgbm,ok,0.7582726661718246,0.7213579141968111,0.7108136667840789,0.3862450400175893,0.1981077068569772,0.7857142857142857,0.5,23.495542748866168,0.8636686724332455,30806.0,2659.0,0.4994358781496803,2.464
online_retail_ii,temporal,4,2011-06-01,natural,easy_ensemble,lr,ok,0.7477998017615164,0.7036457575627378,0.7103448275862069,0.3746749039089663,0.2031099780716405,0.7669172932330827,0.5,23.17823594229213,0.8748157201955621,30806.0,2659.0,0.4994358781496803,1.372
online_retail_ii,temporal,4,2011-06-01,natural,easy_ensemble,rf,ok,0.7550238519819322,0.7129012252305754,0.6998556998556998,0.3756941069231685,0.199701709473746,0.7969924812030075,0.5,23.35361256250763,0.868602858217375,30806.0,2659.0,0.4994358781496803,320.002
online_retail_ii,temporal,4,2011-06-01,natural,easy_ensemble,hgb,ok,0.7577318100350313,0.7198066401037566,0.7095652173913043,0.3772111180108615,0.1982394308443305,0.7894736842105263,0.5,23.4641689205703,0.8576250470101541,30806.0,2659.0,0.4994358781496803,27.024
online_retail_ii,temporal,4,2011-06-01,natural,easy_ensemble,xgb,ok,0.7608063735030278,0.7261098311069906,0.7144846796657381,0.3884987451460159,0.1967938833456374,0.7969924812030075,0.5,23.53714832578836,0.8668014291086876,30806.0,2659.0,0.4994358781496803,20.621
online_retail_ii,temporal,4,2011-06-01,natural,easy_ensemble,lgbm,ok,0.7615582540530265,0.7261419222917312,0.7082013375571982,0.3802526023599964,0.1965351312307706,0.7969924812030075,0.5,23.558385242354813,0.8567901466716811,30806.0,2659.0,0.4994358781496803,23.97
online_retail_ii,random,4,2011-06-01,natural,none,lr,ok,0.7269539640349336,0.6981005276213464,0.7224555735056543,0.3571842628770776,0.2089953521818054,0.7180451127819549,0.5,24.46189681433169,0.9134242196314404,30806.0,2659.0,0.5208725084618278,0.213
online_retail_ii,random,4,2011-06-01,natural,none,rf,ok,0.8021771163338981,0.7976483312216345,0.7554347826086957,0.4585137172638527,0.1812743475467312,0.8909774436090225,0.5,24.654990659051187,0.8618258743888682,30806.0,2659.0,0.5208725084618278,35.71
online_retail_ii,random,4,2011-06-01,natural,none,hgb,ok,0.7811050218476727,0.7763554644745452,0.7427427427427428,0.4211895058585547,0.1898914549833922,0.8571428571428571,0.5,24.629335217137424,0.8812504701015419,30806.0,2659.0,0.5208725084618278,2.751
online_retail_ii,random,4,2011-06-01,natural,none,xgb,ok,0.7689071629762707,0.7630001941825855,0.7398077560490554,0.4111882329424429,0.1944002538544292,0.8421052631578947,0.5,24.610456234329057,0.8759890936442273,30806.0,2659.0,0.5208725084618278,2.19
online_retail_ii,random,4,2011-06-01,natural,none,lgbm,ok,0.7825774019688408,0.7752969776918066,0.7505827505827506,0.4383907703760846,0.1891748654933746,0.8571428571428571,0.5,24.612067236609768,0.8681346370816097,30806.0,2659.0,0.5208725084618278,2.428
online_retail_ii,random,4,2011-06-01,natural,class_weight,lr,ok,0.7271381532340789,0.6983271378257963,0.7112582781456953,0.344019302642804,0.2089719237171009,0.7142857142857143,0.5,24.46005239469271,0.913140278300113,30806.0,2659.0,0.5208725084618278,0.215
online_retail_ii,random,4,2011-06-01,natural,class_weight,rf,ok,0.8017716167277797,0.7973182665629749,0.7546138072453862,0.4595542244556886,0.1812828898510465,0.8872180451127819,0.5,24.65678486777779,0.8642929672809326,30806.0,2659.0,0.5208725084618278,36.497
online_retail_ii,random,4,2011-06-01,natural,class_weight,hgb,ok,0.7786164840832195,0.7729322442894668,0.7413676371022343,0.4251475694787517,0.1907353663344376,0.8571428571428571,0.5,24.6046597625764,0.8777171869123731,30806.0,2659.0,0.5208725084618278,2.842
online_retail_ii,random,4,2011-06-01,natural,class_weight,xgb,ok,0.7697793696762237,0.7629969267160026,0.7333107421213149,0.4074705322369912,0.1935931392673747,0.8609022556390977,0.5,24.639418910360973,0.8750263256863482,30806.0,2659.0,0.5208725084618278,2.223
online_retail_ii,random,4,2011-06-01,natural,class_weight,lgbm,ok,0.7806760026976634,0.7731353441787252,0.7442333785617368,0.4326338398829403,0.1891903920933985,0.8571428571428571,0.5,24.64781586565065,0.8711357653253102,30806.0,2659.0,0.5208725084618278,2.532
online_retail_ii,random,4,2011-06-01,natural,threshold,lr,ok,0.7269539640349336,0.6981005276213464,0.7265529841656516,0.3396863502178694,0.2089953521818054,0.7180451127819549,0.4286448779081733,24.46189681433169,0.9134242196314404,30806.0,2659.0,0.5208725084618278,0.609
online_retail_ii,random,4,2011-06-01,natural,threshold,rf,ok,0.801772183463777,0.7955492775243718,0.7599640395564878,0.4281313764301761,0.1814196698949668,0.8796992481203008,0.3667222222222221,24.647612749775,0.8641011658518241,30806.0,2659.0,0.5208725084618278,65.821
online_retail_ii,random,4,2011-06-01,natural,threshold,hgb,ok,0.7811050218476727,0.7763554644745452,0.7444814030843665,0.3866386184596279,0.1898914549833922,0.8571428571428571,0.3956071464891434,24.629335217137424,0.8812504701015419,30806.0,2659.0,0.5208725084618278,5.56
online_retail_ii,random,4,2011-06-01,natural,threshold,xgb,ok,0.7700817233308208,0.7652803242784192,0.7452229299363057,0.3792297336339238,0.1938152042272664,0.8533834586466166,0.3327282869815826,24.586797297120537,0.8809477247085369,30806.0,2659.0,0.5208725084618278,4.397
online_retail_ii,random,4,2011-06-01,natural,threshold,lgbm,ok,0.7841135398897131,0.7790999429709835,0.7559342665855143,0.4199287825911076,0.1882290491067049,0.8721804511278195,0.4012446734332024,24.654061697334264,0.8683696878525763,30806.0,2659.0,0.5208725084618278,5.027
online_retail_ii,random,4,2011-06-01,natural,ros@1.0,lr,ok,0.7272696359854688,0.6983634023785498,0.7125827814569536,0.3471133707944492,0.2089717042786431,0.7180451127819549,0.5,24.46068777762123,0.912457690861226,32086.0,2659.0,0.5208725084618278,0.242
online_retail_ii,random,4,2011-06-01,natural,ros@1.0,rf,ok,0.8010453445471497,0.7951650715914378,0.7506868131868132,0.4531472232538851,0.1815601431728889,0.8834586466165414,0.5,24.67408871612338,0.8644960511470475,32086.0,2659.0,0.5208725084618278,37.05
online_retail_ii,random,4,2011-06-01,natural,ros@1.0,hgb,ok,0.7759108864317735,0.7657988726233024,0.7419898819561551,0.4247005740417542,0.1912545889613114,0.8345864661654135,0.5,24.655286672661468,0.8778939450921399,32086.0,2659.0,0.5208725084618278,2.806
online_retail_ii,random,4,2011-06-01,natural,ros@1.0,xgb,ok,0.7708510674472511,0.764343446033869,0.7328348062542488,0.4080255335331679,0.1932567780292469,0.8646616541353384,0.5,24.602183602557016,0.8781985708913124,32086.0,2659.0,0.5208725084618278,2.27
online_retail_ii,random,4,2011-06-01,natural,ros@1.0,lgbm,ok,0.7776150615758661,0.7669485109179133,0.7398843930635838,0.4240471907703707,0.1905844953567367,0.8421052631578947,0.5,24.619198375378087,0.8730142910868747,32086.0,2659.0,0.5208725084618278,2.536
online_retail_ii,random,4,2011-06-01,natural,rus@1.0,lr,ok,0.7273756156169772,0.6985816700027732,0.7114938721430938,0.3447623097705594,0.2088619442032092,0.7142857142857143,0.5,24.474210880604524,0.9140334712297854,29526.0,2659.0,0.5208725084618278,0.201
online_retail_ii,random,4,2011-06-01,natural,rus@1.0,rf,ok,0.7987698995177077,0.7946156473326278,0.7521784593935169,0.4639060535095453,0.182282014780397,0.8909774436090225,0.5,24.69599388539484,0.8651316284317413,29526.0,2659.0,0.5208725084618278,34.867
online_retail_ii,random,4,2011-06-01,natural,rus@1.0,hgb,ok,0.7759389398636434,0.7696851499818607,0.7359891964888589,0.4115849486895302,0.1917837531238033,0.849624060150376,0.5,24.62571040186057,0.8827980443775855,29526.0,2659.0,0.5208725084618278,2.756
online_retail_ii,random,4,2011-06-01,natural,rus@1.0,xgb,ok,0.772351501000289,0.7677499416863582,0.7351241074464467,0.4133513673587164,0.1929213719601438,0.8458646616541353,0.5,24.57131788916781,0.8819781872884545,29526.0,2659.0,0.5208725084618278,2.139
online_retail_ii,random,4,2011-06-01,natural,rus@1.0,lgbm,ok,0.7814697164619805,0.7755984854553325,0.7470126322977125,0.4420845552396498,0.189222807214786,0.8571428571428571,0.5,24.600735410257467,0.8762053403535163,29526.0,2659.0,0.5208725084618278,2.471
online_retail_ii,random,4,2011-06-01,natural,smote@1.0,lr,ok,0.7272883382733821,0.6985051094675682,0.711066931742876,0.3439587923285522,0.2089587633285675,0.7142857142857143,0.5,24.469375534601085,0.913903723204212,32086.0,2659.0,0.5208725084618278,2.317
online_retail_ii,random,4,2011-06-01,natural,smote@1.0,rf,ok,0.7995582292900498,0.7926293318916878,0.7520775623268698,0.4603384715029888,0.1819788376839363,0.868421052631579,0.5,24.67562377065373,0.8614911620910114,32086.0,2659.0,0.5208725084618278,44.083
online_retail_ii,random,4,2011-06-01,natural,smote@1.0,hgb,ok,0.776056254215099,0.7674687406823624,0.7439353099730458,0.4286274327861622,0.1912033651503995,0.8421052631578947,0.5,24.58837024800489,0.8794076720571644,32086.0,2659.0,0.5208725084618278,5.018
online_retail_ii,random,4,2011-06-01,natural,smote@1.0,xgb,ok,0.7697000266365918,0.7618801309863152,0.7294197031039136,0.3963121775894639,0.1935953910418292,0.8345864661654135,0.5,24.61902819048837,0.8779748025573525,32086.0,2659.0,0.5208725084618278,4.7
online_retail_ii,random,4,2011-06-01,natural,smote@1.0,lgbm,ok,0.7772376154016174,0.7635716617388582,0.7416949152542373,0.4265691565181425,0.190441091406768,0.8345864661654135,0.5,24.617989151811525,0.8715419330575405,32086.0,2659.0,0.5208725084618278,4.808
online_retail_ii,random,4,2011-06-01,natural,smote@0.5,lr,error: ValueError: The specified ratio required to remove samples from the minority class while trying to generate new samples. Please increase the ratio.,,,,,,,,,,,,,
online_retail_ii,random,4,2011-06-01,natural,smote@0.5,rf,error: ValueError: The specified ratio required to remove samples from the minority class while trying to generate new samples. Please increase the ratio.,,,,,,,,,,,,,
online_retail_ii,random,4,2011-06-01,natural,smote@0.5,hgb,error: ValueError: The specified ratio required to remove samples from the minority class while trying to generate new samples. Please increase the ratio.,,,,,,,,,,,,,
online_retail_ii,random,4,2011-06-01,natural,smote@0.5,xgb,error: ValueError: The specified ratio required to remove samples from the minority class while trying to generate new samples. Please increase the ratio.,,,,,,,,,,,,,
online_retail_ii,random,4,2011-06-01,natural,smote@0.5,lgbm,error: ValueError: The specified ratio required to remove samples from the minority class while trying to generate new samples. Please increase the ratio.,,,,,,,,,,,,,
online_retail_ii,random,4,2011-06-01,natural,adasyn@1.0,lr,error: ValueError: No samples will be generated with the provided ratio settings.,,,,,,,,,,,,,
online_retail_ii,random,4,2011-06-01,natural,adasyn@1.0,rf,error: ValueError: No samples will be generated with the provided ratio settings.,,,,,,,,,,,,,
online_retail_ii,random,4,2011-06-01,natural,adasyn@1.0,hgb,error: ValueError: No samples will be generated with the provided ratio settings.,,,,,,,,,,,,,
online_retail_ii,random,4,2011-06-01,natural,adasyn@1.0,xgb,error: ValueError: No samples will be generated with the provided ratio settings.,,,,,,,,,,,,,
online_retail_ii,random,4,2011-06-01,natural,adasyn@1.0,lgbm,error: ValueError: No samples will be generated with the provided ratio settings.,,,,,,,,,,,,,
online_retail_ii,random,4,2011-06-01,natural,smote_enn@1.0,lr,ok,0.7276198788318439,0.6999110085848792,0.7081371889710827,0.3459241031342863,0.2501340296443326,0.7255639097744361,0.5,24.454816644872853,0.9106111320045128,10355.0,2659.0,0.5208725084618278,11.786
online_retail_ii,random,4,2011-06-01,natural,smote_enn@1.0,rf,ok,0.7388344507478082,0.7166914411692406,0.7121107266435986,0.3722696544732248,0.2457694065946049,0.7894736842105263,0.5,24.253265565889222,0.8774915381722453,10342.0,2659.0,0.5208725084618278,20.861
online_retail_ii,random,4,2011-06-01,natural,smote_enn@1.0,hgb,ok,0.7424326575951125,0.733448548034787,0.70474879559532,0.3526129055335237,0.2587771661936413,0.8045112781954887,0.5,24.35045948070209,0.8996257991726212,10344.0,2659.0,0.5208725084618278,13.945
online_retail_ii,random,4,2011-06-01,natural,smote_enn@1.0,xgb,ok,0.7408015913946806,0.7235806172352768,0.7055977885279889,0.3570995591020846,0.2584595046292013,0.8082706766917294,0.5,24.395901688248287,0.8985257615644981,10355.0,2659.0,0.5208725084618278,12.876
online_retail_ii,random,4,2011-06-01,natural,smote_enn@1.0,lgbm,ok,0.7407111970031001,0.7267603568508382,0.7055574732481877,0.3563561563815912,0.2671196223968567,0.8195488721804511,0.5,24.37315006013678,0.8910172997367429,10300.0,2659.0,0.5208725084618278,13.193
online_retail_ii,random,4,2011-06-01,natural,dirichlet@1.0,lr,ok,0.7269539640349336,0.6981005276213464,0.7224555735056543,0.3571842628770776,0.2089953521818054,0.7180451127819549,0.5,24.46189681433169,0.9134242196314404,30806.0,2659.0,0.5208725084618278,0.262
online_retail_ii,random,4,2011-06-01,natural,dirichlet@1.0,rf,ok,0.799627371081729,0.795782890117098,0.7531409168081494,0.4531925531770364,0.1821436107394709,0.9022556390977444,0.5,24.64131503549147,0.8647931553215494,30806.0,2659.0,0.5208725084618278,38.49
online_retail_ii,random,4,2011-06-01,natural,dirichlet@1.0,hgb,ok,0.7811050218476727,0.7763554644745452,0.7427427427427428,0.4211895058585547,0.1898914549833922,0.8571428571428571,0.5,24.629335217137424,0.8812504701015419,30806.0,2659.0,0.5208725084618278,2.897
online_retail_ii,random,4,2011-06-01,natural,dirichlet@1.0,xgb,ok,0.7697487659323657,0.7650183435140521,0.7382460820273424,0.4104773420510905,0.1938556910285716,0.8458646616541353,0.5,24.625266715597697,0.870701391500564,30806.0,2659.0,0.5208725084618278,2.195
online_retail_ii,random,4,2011-06-01,natural,dirichlet@1.0,lgbm,ok,0.7777992507750114,0.7698901008293466,0.7458526874585268,0.4257445628550221,0.1903110829365447,0.8571428571428571,0.5,24.62514429510444,0.8684148176006019,30806.0,2659.0,0.5208725084618278,2.442
online_retail_ii,random,4,2011-06-01,natural,easy_ensemble,lr,ok,0.7269539640349336,0.6981005276213464,0.7224555735056543,0.3571842628770776,0.2089953521818054,0.7180451127819549,0.5,24.46189681433169,0.9134242196314404,30806.0,2659.0,0.5208725084618278,1.267
online_retail_ii,random,4,2011-06-01,natural,easy_ensemble,rf,ok,0.8016707377202479,0.7968533776221942,0.7533967391304348,0.4539279649783966,0.1813305001516554,0.8796992481203008,0.5,24.660562857638432,0.8587100413689359,30806.0,2659.0,0.5208725084618278,256.602
online_retail_ii,random,4,2011-06-01,natural,easy_ensemble,hgb,ok,0.7811050218476727,0.7763554644745452,0.7427427427427428,0.4211895058585547,0.1898914549833922,0.8571428571428571,0.5,24.629335217137424,0.8812504701015419,30806.0,2659.0,0.5208725084618278,27.762
online_retail_ii,random,4,2011-06-01,natural,easy_ensemble,xgb,ok,0.7720021082579103,0.7669545363571675,0.7402726970402395,0.4138693821400417,0.193009670637525,0.849624060150376,0.5,24.62792627477755,0.872683339601354,30806.0,2659.0,0.5208725084618278,21.11
online_retail_ii,random,4,2011-06-01,natural,easy_ensemble,lgbm,ok,0.7842056344892858,0.7781998648293273,0.7545787545787546,0.447645108509309,0.1881909808871736,0.8796992481203008,0.5,24.6390564725728,0.8654136893569011,30806.0,2659.0,0.5208725084618278,21.717
online_retail_ii,temporal,5,2011-07-01,natural,none,lr,ok,0.7601831787504014,0.7148054124148857,0.6997536078845477,0.3808666135530516,0.198743267651637,0.7720588235294118,0.5,22.11622967313848,0.8475165198237883,34110.0,2724.0,0.4827459618208516,0.281
online_retail_ii,temporal,5,2011-07-01,natural,none,rf,ok,0.7603324095237839,0.7062741682739878,0.6989795918367347,0.3959513521114135,0.1981761344010724,0.7573529411764706,0.5,22.253137267233896,0.8572191629955946,34110.0,2724.0,0.4827459618208516,40.386
online_retail_ii,temporal,5,2011-07-01,natural,none,hgb,ok,0.7736865398160117,0.7242116398587675,0.7183098591549296,0.4200254402423655,0.1930606346630213,0.7830882352941176,0.5,22.34718257269772,0.8408773861967697,34110.0,2724.0,0.4827459618208516,3.013
online_retail_ii,temporal,5,2011-07-01,natural,none,xgb,ok,0.767832537705732,0.7216516044791128,0.7144362486828241,0.4108465363228341,0.1957226764386825,0.7867647058823529,0.5,22.316548201377863,0.853775697503671,34110.0,2724.0,0.4827459618208516,2.442
online_retail_ii,temporal,5,2011-07-01,natural,none,lgbm,ok,0.7689635072739882,0.7210539542687568,0.712280701754386,0.4058544559383509,0.195115091386531,0.7794117647058824,0.5,22.329101928893703,0.8542657856093979,34110.0,2724.0,0.4827459618208516,2.818
online_retail_ii,temporal,5,2011-07-01,natural,class_weight,lr,ok,0.7602020687217155,0.7148489639762414,0.6945150744642209,0.385280653204869,0.1983373371737309,0.7720588235294118,0.5,22.110490304341248,0.8491813509544787,34110.0,2724.0,0.4827459618208516,0.261
online_retail_ii,temporal,5,2011-07-01,natural,class_weight,rf,ok,0.7620522064835779,0.7112009346930488,0.6887661141804788,0.3809266937294406,0.197174603415886,0.7683823529411765,0.5,22.27184591811661,0.8513509544787078,34110.0,2724.0,0.4827459618208516,40.711
online_retail_ii,temporal,5,2011-07-01,natural,class_weight,hgb,ok,0.7734490658909184,0.7205854675473563,0.7076700434153401,0.4100401295562808,0.1927847914971687,0.7647058823529411,0.5,22.35039230924508,0.8503560939794419,34110.0,2724.0,0.4827459618208516,3.142
online_retail_ii,temporal,5,2011-07-01,natural,class_weight,xgb,ok,0.7656666675661891,0.7195735378201311,0.7061356297093649,0.4030212126446701,0.1958022923630877,0.7977941176470589,0.5,22.340816792775524,0.8462555066079296,34110.0,2724.0,0.4827459618208516,2.568
online_retail_ii,temporal,5,2011-07-01,natural,class_weight,lgbm,ok,0.7627559928433993,0.7140216339527385,0.7024320457796852,0.3938886554457483,0.1976632359830258,0.7757352941176471,0.5,22.30824356412656,0.8541795154185021,34110.0,2724.0,0.4827459618208516,2.878
online_retail_ii,temporal,5,2011-07-01,natural,threshold,lr,ok,0.7601831787504014,0.7148054124148857,0.7212307692307692,0.3852828317586532,0.198743267651637,0.7720588235294118,0.3794054250644235,22.11622967313848,0.8475165198237883,34110.0,2724.0,0.4827459618208516,0.687
online_retail_ii,temporal,5,2011-07-01,natural,threshold,rf,ok,0.7598682559429198,0.7086788207576589,0.7112482853223594,0.3941945209286335,0.1981987623866266,0.7720588235294118,0.4571185900346445,22.24636989107846,0.8562628487518354,34110.0,2724.0,0.4827459618208516,72.948
online_retail_ii,temporal,5,2011-07-01,natural,threshold,hgb,ok,0.7736865398160117,0.7242116398587675,0.724476439790576,0.4077310698975648,0.1930606346630213,0.7830882352941176,0.4121156886900943,22.34718257269772,0.8408773861967697,34110.0,2724.0,0.4827459618208516,5.965
online_retail_ii,temporal,5,2011-07-01,natural,threshold,xgb,ok,0.7740157650303453,0.7293300291704667,0.724836397631661,0.3969164222742069,0.1930187508955628,0.8198529411764706,0.3687023675441742,22.307499665956275,0.846461086637298,34110.0,2724.0,0.4827459618208516,4.74
online_retail_ii,temporal,5,2011-07-01,natural,threshold,lgbm,ok,0.7673783688239915,0.7180490189984621,0.7152941176470589,0.3954827620859726,0.195606119910111,0.7720588235294118,0.4523590582739922,22.346542886971207,0.8411490455212922,34110.0,2724.0,0.4827459618208516,5.355
online_retail_ii,temporal,5,2011-07-01,natural,ros@1.0,lr,ok,0.7613316890063065,0.7160176731908445,0.6952727272727273,0.3873650617040098,0.1978767531166068,0.7757352941176471,0.5,22.13140399003565,0.8476211453744493,35904.0,2724.0,0.4827459618208516,0.264
online_retail_ii,temporal,5,2011-07-01,natural,ros@1.0,rf,ok,0.7608521535916583,0.7080919627232205,0.6921100917431192,0.3856794156020766,0.1978032393847858,0.7647058823529411,0.5,22.2472438692379,0.8488619676945666,35904.0,2724.0,0.4827459618208516,42.031
online_retail_ii,temporal,5,2011-07-01,natural,ros@1.0,hgb,ok,0.7687271127758274,0.7146284403642379,0.7056261343012704,0.4074393169665378,0.1950317500561739,0.7536764705882353,0.5,22.32010549699927,0.8467088839941264,35904.0,2724.0,0.4827459618208516,3.126
online_retail_ii,temporal,5,2011-07-01,natural,ros@1.0,xgb,ok,0.7640834181133236,0.7157341617889249,0.7110320284697509,0.4093868587431022,0.1964300766975999,0.7867647058823529,0.5,22.34803159206925,0.853437958883994,35904.0,2724.0,0.4827459618208516,2.54
online_retail_ii,temporal,5,2011-07-01,natural,ros@1.0,lgbm,ok,0.7694762350668031,0.7229015615777754,0.7060093558834113,0.4041059560742751,0.1947597180406551,0.7941176470588235,0.5,22.2946660876293,0.8488362701908955,35904.0,2724.0,0.4827459618208516,2.875
online_retail_ii,temporal,5,2011-07-01,natural,rus@1.0,lr,ok,0.7615993868855024,0.7158977430827101,0.6954954954954955,0.383292976823091,0.1977807095812021,0.7757352941176471,0.5,22.135959588862853,0.8453799559471367,32316.0,2724.0,0.4827459618208516,0.236
online_retail_ii,temporal,5,2011-07-01,natural,rus@1.0,rf,ok,0.7615540509543484,0.709224649249562,0.6797287113790504,0.3756122683254982,0.1974002100246594,0.7610294117647058,0.5,22.27657832821715,0.8513344346549191,32316.0,2724.0,0.4827459618208516,41.415
online_retail_ii,temporal,5,2011-07-01,natural,rus@1.0,hgb,ok,0.7669997598275076,0.7143961313212875,0.703265159669896,0.3971247350566708,0.1956230040856061,0.7794117647058824,0.5,22.31530091659816,0.8488546255506608,32316.0,2724.0,0.4827459618208516,3.035
online_retail_ii,temporal,5,2011-07-01,natural,rus@1.0,xgb,ok,0.7709715112246908,0.72683367011149,0.7022287175739861,0.4037676712394901,0.1937697835133567,0.8014705882352942,0.5,22.323914356899728,0.8472503671071954,32316.0,2724.0,0.4827459618208516,2.219
online_retail_ii,temporal,5,2011-07-01,natural,rus@1.0,lgbm,ok,0.7670696527213702,0.7205574153152552,0.7060093558834113,0.4041059560742751,0.1957059494108968,0.7904411764705882,0.5,22.326667637050512,0.8471053597650513,32316.0,2724.0,0.4827459618208516,2.57
online_retail_ii,temporal,5,2011-07-01,natural,smote@1.0,lr,ok,0.7593460831644478,0.7135372277538229,0.6923076923076923,0.3802540483453152,0.198705323433234,0.7720588235294118,0.5,22.105227196464995,0.8495943465491923,35904.0,2724.0,0.4827459618208516,2.73
online_retail_ii,temporal,5,2011-07-01,natural,smote@1.0,rf,ok,0.7593730688377541,0.7096967744730416,0.6878933728248797,0.3819520922272643,0.1982259775276924,0.7757352941176471,0.5,22.224088239515048,0.8586692364170335,35904.0,2724.0,0.4827459618208516,52.124
online_retail_ii,temporal,5,2011-07-01,natural,smote@1.0,hgb,ok,0.7673117142109254,0.7148659083200919,0.7036506800286327,0.3967367885297652,0.1955978044810924,0.7941176470588235,0.5,22.30476632171707,0.844124449339207,35904.0,2724.0,0.4827459618208516,5.77
online_retail_ii,temporal,5,2011-07-01,natural,smote@1.0,xgb,ok,0.7643065896315645,0.7185856998841598,0.7029914529914529,0.3930394855623698,0.196424073514106,0.7904411764705882,0.5,22.35668307699272,0.8525624082232011,35904.0,2724.0,0.4827459618208516,5.043
online_retail_ii,temporal,5,2011-07-01,natural,smote@1.0,lgbm,ok,0.7591067202422235,0.7107833545027803,0.697056712132089,0.3845464382126367,0.1990203063440804,0.7573529411764706,0.5,22.318425814351784,0.856736417033774,35904.0,2724.0,0.4827459618208516,5.437
online_retail_ii,temporal,5,2011-07-01,natural,smote@0.5,lr,error: ValueError: The specified ratio required to remove samples from the minority class while trying to generate new samples. Please increase the ratio.,,,,,,,,,,,,,
online_retail_ii,temporal,5,2011-07-01,natural,smote@0.5,rf,error: ValueError: The specified ratio required to remove samples from the minority class while trying to generate new samples. Please increase the ratio.,,,,,,,,,,,,,
online_retail_ii,temporal,5,2011-07-01,natural,smote@0.5,hgb,error: ValueError: The specified ratio required to remove samples from the minority class while trying to generate new samples. Please increase the ratio.,,,,,,,,,,,,,
online_retail_ii,temporal,5,2011-07-01,natural,smote@0.5,xgb,error: ValueError: The specified ratio required to remove samples from the minority class while trying to generate new samples. Please increase the ratio.,,,,,,,,,,,,,
online_retail_ii,temporal,5,2011-07-01,natural,smote@0.5,lgbm,error: ValueError: The specified ratio required to remove samples from the minority class while trying to generate new samples. Please increase the ratio.,,,,,,,,,,,,,
online_retail_ii,temporal,5,2011-07-01,natural,adasyn@1.0,lr,error: ValueError: No samples will be generated with the provided ratio settings.,,,,,,,,,,,,,
online_retail_ii,temporal,5,2011-07-01,natural,adasyn@1.0,rf,error: ValueError: No samples will be generated with the provided ratio settings.,,,,,,,,,,,,,
online_retail_ii,temporal,5,2011-07-01,natural,adasyn@1.0,hgb,error: ValueError: No samples will be generated with the provided ratio settings.,,,,,,,,,,,,,
online_retail_ii,temporal,5,2011-07-01,natural,adasyn@1.0,xgb,error: ValueError: No samples will be generated with the provided ratio settings.,,,,,,,,,,,,,
online_retail_ii,temporal,5,2011-07-01,natural,adasyn@1.0,lgbm,error: ValueError: No samples will be generated with the provided ratio settings.,,,,,,,,,,,,,
online_retail_ii,temporal,5,2011-07-01,natural,smote_enn@1.0,lr,ok,0.7701300979310083,0.7285032225859838,0.6814701378254211,0.3881599666103726,0.2265245466764144,0.7941176470588235,0.5,22.28925074451716,0.8426964023494861,11836.0,2724.0,0.4827459618208516,14.866
online_retail_ii,temporal,5,2011-07-01,natural,smote_enn@1.0,rf,ok,0.7708498058380806,0.7179657279120475,0.695089455652836,0.4111493061028594,0.2209058383852198,0.7794117647058824,0.5,22.14928220363354,0.8525862701908958,11864.0,2724.0,0.4827459618208516,26.151
online_retail_ii,temporal,5,2011-07-01,natural,smote_enn@1.0,hgb,ok,0.7764245062296427,0.7380455517569797,0.6876680752977334,0.402041749507868,0.2411737684398459,0.8529411764705882,0.5,22.29377622052183,0.8450183553597652,11817.0,2724.0,0.4827459618208516,17.337
online_retail_ii,temporal,5,2011-07-01,natural,smote_enn@1.0,xgb,ok,0.7728267762644812,0.7349697695884648,0.6903127383676583,0.4029929482279234,0.2374008505932149,0.8382352941176471,0.5,22.24830966881448,0.8406956681350954,11824.0,2724.0,0.4827459618208516,16.307
online_retail_ii,temporal,5,2011-07-01,natural,smote_enn@1.0,lgbm,ok,0.7738676136838952,0.73083799467547,0.7012012012012012,0.4155023540631963,0.2445165323240302,0.8272058823529411,0.5,22.30377111692177,0.8388564610866374,11852.0,2724.0,0.4827459618208516,16.646
online_retail_ii,temporal,5,2011-07-01,natural,dirichlet@1.0,lr,ok,0.7601831787504014,0.7148054124148857,0.6997536078845477,0.3808666135530516,0.198743267651637,0.7720588235294118,0.5,22.11622967313848,0.8475165198237883,34110.0,2724.0,0.4827459618208516,0.26
online_retail_ii,temporal,5,2011-07-01,natural,dirichlet@1.0,rf,ok,0.7629443528430757,0.7102324637019699,0.6951130561633844,0.3885174514607785,0.1971444998683851,0.7610294117647058,0.5,22.259312899704675,0.849124449339207,34110.0,2724.0,0.4827459618208516,40.194
online_retail_ii,temporal,5,2011-07-01,natural,dirichlet@1.0,hgb,ok,0.7736865398160117,0.7242116398587675,0.7183098591549296,0.4200254402423655,0.1930606346630213,0.7830882352941176,0.5,22.34718257269772,0.8408773861967697,34110.0,2724.0,0.4827459618208516,3.003
online_retail_ii,temporal,5,2011-07-01,natural,dirichlet@1.0,xgb,ok,0.7696627060693477,0.7255604662836502,0.715782122905028,0.4112243645227971,0.1948391881524696,0.8125,0.5,22.337322338744844,0.8454258443465491,34110.0,2724.0,0.4827459618208516,2.837
online_retail_ii,temporal,5,2011-07-01,natural,dirichlet@1.0,lgbm,ok,0.7670351110595384,0.7215287582773553,0.7126839523475823,0.4061124789405773,0.1960291125114583,0.7904411764705882,0.5,22.29189973240881,0.8482782672540381,34110.0,2724.0,0.4827459618208516,2.719
online_retail_ii,temporal,5,2011-07-01,natural,easy_ensemble,lr,ok,0.7601831787504014,0.7148054124148857,0.6997536078845477,0.3808666135530516,0.1987432676516639,0.7720588235294118,0.5,22.11622967313848,0.8475165198237883,34110.0,2724.0,0.4827459618208516,1.51
online_retail_ii,temporal,5,2011-07-01,natural,easy_ensemble,rf,ok,0.7619145795497171,0.7091744244261673,0.6945759009828905,0.3865083701324139,0.1973792364534691,0.7536764705882353,0.5,22.263593043896627,0.8547742290748899,34110.0,2724.0,0.4827459618208516,354.986
online_retail_ii,temporal,5,2011-07-01,natural,easy_ensemble,hgb,ok,0.7736865398160117,0.7242116398587675,0.7183098591549296,0.4200254402423655,0.1930606346630213,0.7830882352941176,0.5,22.34718257269772,0.8408773861967697,34110.0,2724.0,0.4827459618208516,29.087
online_retail_ii,temporal,5,2011-07-01,natural,easy_ensemble,xgb,ok,0.7719473131714373,0.7296779587534734,0.7122327374693306,0.4053067515722115,0.1939619273201675,0.8235294117647058,0.5,22.333706356858183,0.845915932452276,34110.0,2724.0,0.4827459618208516,22.464
online_retail_ii,temporal,5,2011-07-01,natural,easy_ensemble,lgbm,ok,0.7684877498536027,0.7213339604073066,0.7105816398037842,0.401666867515474,0.195355939011214,0.8051470588235294,0.5,22.3344741276256,0.8500550660792952,34110.0,2724.0,0.4827459618208516,25.632
online_retail_ii,random,5,2011-07-01,natural,none,lr,ok,0.7510689734343557,0.7365038419467422,0.7285486443381181,0.3762428253620419,0.2013229712111396,0.8014705882352942,0.5,24.606036335969783,0.8948678414096914,34110.0,2724.0,0.5231277533039648,0.225
online_retail_ii,random,5,2011-07-01,natural,none,rf,ok,0.8073765244520077,0.7983383586137831,0.7586898395721925,0.4687714466707867,0.1789037203234721,0.875,0.5,24.827889171659727,0.8552753303964757,34110.0,2724.0,0.5231277533039648,40.607
online_retail_ii,random,5,2011-07-01,natural,none,hgb,ok,0.7900619910052267,0.7807109462398579,0.7547292889758643,0.4483733662395929,0.1862349421938206,0.8602941176470589,0.5,24.81717697274615,0.8612885462555068,34110.0,2724.0,0.5231277533039648,3.042
online_retail_ii,random,5,2011-07-01,natural,none,xgb,ok,0.786787137204057,0.7778116312226101,0.7557573791761272,0.4482664369929756,0.1873373162398749,0.8639705882352942,0.5,24.809679148850165,0.8645209251101318,34110.0,2724.0,0.5231277533039648,2.335
online_retail_ii,random,5,2011-07-01,natural,none,lgbm,ok,0.7963699471928474,0.7876947239617537,0.7543973941368078,0.4470153848494491,0.1836811074062704,0.875,0.5,24.84160196505223,0.8578450807635828,34110.0,2724.0,0.5231277533039648,2.633
online_retail_ii,random,5,2011-07-01,natural,class_weight,lr,ok,0.7511753980794943,0.7368221561146031,0.7205211726384365,0.3688697424461983,0.2015166548215309,0.8051470588235294,0.5,24.60601993465884,0.8949320851688694,34110.0,2724.0,0.5231277533039648,0.246
online_retail_ii,random,5,2011-07-01,natural,class_weight,rf,ok,0.8083616277028213,0.7981264454729498,0.7578309195015157,0.4706389360996096,0.1786745673609038,0.8639705882352942,0.5,24.83262175896025,0.8545906754772394,34110.0,2724.0,0.5231277533039648,41.137
online_retail_ii,random,5,2011-07-01,natural,class_weight,hgb,ok,0.7877598152424943,0.7804762374450227,0.7425907425907425,0.4310269882964174,0.1871533314715021,0.8713235294117647,0.5,24.799386903378423,0.8643520558002937,34110.0,2724.0,0.5231277533039648,3.095
online_retail_ii,random,5,2011-07-01,natural,class_weight,xgb,ok,0.7873441108545034,0.779812951370417,0.7465069860279441,0.4392708568566587,0.1875832346974137,0.8566176470588235,0.5,24.742404029981444,0.8687720264317181,34110.0,2724.0,0.5231277533039648,2.402
online_retail_ii,random,5,2011-07-01,natural,class_weight,lgbm,ok,0.7975827559661279,0.7885060889727376,0.7544910179640718,0.4571434385733444,0.1832931567042,0.8786764705882353,0.5,24.81935991489424,0.8625495594713655,34110.0,2724.0,0.5231277533039648,2.733
online_retail_ii,random,5,2011-07-01,natural,threshold,lr,ok,0.7510689734343557,0.7365038419467422,0.7386819484240688,0.358261808620387,0.2013229712111396,0.8014705882352942,0.3766616089765158,24.606036335969783,0.8948678414096914,34110.0,2724.0,0.5231277533039648,0.636
online_retail_ii,random,5,2011-07-01,natural,threshold,rf,ok,0.8072160771443622,0.7976221734443304,0.7680193821926106,0.4542790700280851,0.1789473637053084,0.875,0.3995753372911867,24.80402810713424,0.8577936857562409,34110.0,2724.0,0.5231277533039648,73.592
online_retail_ii,random,5,2011-07-01,natural,threshold,hgb,ok,0.7900619910052267,0.7807109462398579,0.7562334995599883,0.4149351795071956,0.1862349421938206,0.8602941176470589,0.379740705879931,24.81717697274615,0.8612885462555068,34110.0,2724.0,0.5231277533039648,5.939
online_retail_ii,random,5,2011-07-01,natural,threshold,xgb,ok,0.7871234282781627,0.7778590191393653,0.7542224810716366,0.4076679933073039,0.1871124455263925,0.8455882352941176,0.3746079975366592,24.78279810513449,0.8665675477239355,34110.0,2724.0,0.5231277533039648,4.68
online_retail_ii,random,5,2011-07-01,natural,threshold,lgbm,ok,0.7959091338816634,0.7849054733715441,0.7605216360403082,0.4291347455970792,0.1837502331053435,0.8676470588235294,0.3945861175483293,24.87906046852797,0.8461472099853157,34110.0,2724.0,0.5231277533039648,5.408
online_retail_ii,random,5,2011-07-01,natural,ros@1.0,lr,ok,0.7514422700322785,0.7373559858713749,0.721172638436482,0.3703725432616455,0.2014842582595293,0.8051470588235294,0.5,24.60970533210798,0.8941721732745964,35684.0,2724.0,0.5231277533039648,0.226
online_retail_ii,random,5,2011-07-01,natural,ros@1.0,rf,ok,0.8060610726199642,0.7966098895658413,0.7558415171012529,0.4689884243694787,0.1794310660224159,0.8713235294117647,0.5,24.84347440174807,0.8681314243759178,35684.0,2724.0,0.5231277533039648,42.172
online_retail_ii,random,5,2011-07-01,natural,ros@1.0,hgb,ok,0.7920867603959861,0.7800690707580897,0.7473333333333333,0.44213931788125,0.1853202147904446,0.8639705882352942,0.5,24.841006634332054,0.8573678414096917,35684.0,2724.0,0.5231277533039648,2.972
online_retail_ii,random,5,2011-07-01,natural,ros@1.0,xgb,ok,0.7856426670988479,0.7770346723650997,0.7409618573797678,0.4252853725342337,0.1875374261720448,0.8566176470588235,0.5,24.77428697282373,0.8648623348017622,35684.0,2724.0,0.5231277533039648,2.461
online_retail_ii,random,5,2011-07-01,natural,ros@1.0,lgbm,ok,0.8000580743621949,0.7912143418179095,0.7544151949350216,0.457786213386909,0.1823431016320888,0.8713235294117647,0.5,24.80982965032479,0.8592914831130689,35684.0,2724.0,0.5231277533039648,2.779
online_retail_ii,random,5,2011-07-01,natural,rus@1.0,lr,ok,0.7509960428399713,0.736244620528556,0.7202342225113858,0.3674640028778642,0.2015699939412191,0.8051470588235294,0.5,24.600552962711408,0.8950495594713656,32536.0,2724.0,0.5231277533039648,0.235
online_retail_ii,random,5,2011-07-01,natural,rus@1.0,rf,ok,0.8045857137069,0.7954476053585974,0.7532646048109966,0.4710838956333062,0.1802161924402069,0.8713235294117647,0.5,24.7856371557606,0.8586784140969164,32536.0,2724.0,0.5231277533039648,38.894
online_retail_ii,random,5,2011-07-01,natural,rus@1.0,hgb,ok,0.7916548492092432,0.78436404826642,0.7475825275091698,0.442865896452727,0.1857480976718729,0.8897058823529411,0.5,24.805664854652008,0.8605359765051395,32536.0,2724.0,0.5231277533039648,3.038
online_retail_ii,random,5,2011-07-01,natural,rus@1.0,xgb,ok,0.7846732304201612,0.7782742038771158,0.7451763140385895,0.4362920932372111,0.1881937459958216,0.8602941176470589,0.5,24.78979417683882,0.868314977973568,32536.0,2724.0,0.5231277533039648,2.284
online_retail_ii,random,5,2011-07-01,natural,rus@1.0,lgbm,ok,0.7982302175762732,0.7896261654691593,0.7548430193720775,0.4598855364017301,0.1830474485192338,0.8713235294117647,0.5,24.90166592643257,0.853390234948605,32536.0,2724.0,0.5231277533039648,2.575
online_retail_ii,random,5,2011-07-01,natural,smote@1.0,lr,ok,0.7509517442567156,0.736389335443533,0.7192696446038475,0.3665454544549978,0.2015850677765846,0.8014705882352942,0.5,24.610374305312995,0.8958259911894274,35684.0,2724.0,0.5231277533039648,2.718
online_retail_ii,random,5,2011-07-01,natural,smote@1.0,rf,ok,0.8069324581662007,0.7982036979170515,0.7490662139219015,0.4556100675261308,0.179219443893779,0.875,0.5,24.83668230299532,0.8543997797356827,35684.0,2724.0,0.5231277533039648,46.177
online_retail_ii,random,5,2011-07-01,natural,smote@1.0,hgb,ok,0.787156922328917,0.7752121628008605,0.7455818606202067,0.4384014762366895,0.1871914202380306,0.8602941176470589,0.5,24.85755079185397,0.8619126284875182,35684.0,2724.0,0.5231277533039648,5.915
online_retail_ii,random,5,2011-07-01,natural,smote@1.0,xgb,ok,0.7835792715043961,0.77663735990116,0.7370876374541819,0.4190854623712168,0.18858890330694,0.8786764705882353,0.5,24.74944830877186,0.8671604258443465,35684.0,2724.0,0.5231277533039648,5.203
online_retail_ii,random,5,2011-07-01,natural,smote@1.0,lgbm,ok,0.7974023202733547,0.7883868798204281,0.7557328015952144,0.4594423871926409,0.1835615716713499,0.8676470588235294,0.5,24.84019327004717,0.8624504405286344,35684.0,2724.0,0.5231277533039648,5.962
online_retail_ii,random,5,2011-07-01,natural,smote@0.5,lr,error: ValueError: The specified ratio required to remove samples from the minority class while trying to generate new samples. Please increase the ratio.,,,,,,,,,,,,,
online_retail_ii,random,5,2011-07-01,natural,smote@0.5,rf,error: ValueError: The specified ratio required to remove samples from the minority class while trying to generate new samples. Please increase the ratio.,,,,,,,,,,,,,
online_retail_ii,random,5,2011-07-01,natural,smote@0.5,hgb,error: ValueError: The specified ratio required to remove samples from the minority class while trying to generate new samples. Please increase the ratio.,,,,,,,,,,,,,
online_retail_ii,random,5,2011-07-01,natural,smote@0.5,xgb,error: ValueError: The specified ratio required to remove samples from the minority class while trying to generate new samples. Please increase the ratio.,,,,,,,,,,,,,
online_retail_ii,random,5,2011-07-01,natural,smote@0.5,lgbm,error: ValueError: The specified ratio required to remove samples from the minority class while trying to generate new samples. Please increase the ratio.,,,,,,,,,,,,,
online_retail_ii,random,5,2011-07-01,natural,adasyn@1.0,lr,error: ValueError: No samples will be generated with the provided ratio settings.,,,,,,,,,,,,,
online_retail_ii,random,5,2011-07-01,natural,adasyn@1.0,rf,error: ValueError: No samples will be generated with the provided ratio settings.,,,,,,,,,,,,,
online_retail_ii,random,5,2011-07-01,natural,adasyn@1.0,hgb,error: ValueError: No samples will be generated with the provided ratio settings.,,,,,,,,,,,,,
online_retail_ii,random,5,2011-07-01,natural,adasyn@1.0,xgb,error: ValueError: No samples will be generated with the provided ratio settings.,,,,,,,,,,,,,
online_retail_ii,random,5,2011-07-01,natural,adasyn@1.0,lgbm,error: ValueError: No samples will be generated with the provided ratio settings.,,,,,,,,,,,,,
online_retail_ii,random,5,2011-07-01,natural,smote_enn@1.0,lr,ok,0.7496211660791702,0.7374463704147518,0.7218344965104686,0.3834560942951823,0.2331937334722605,0.8051470588235294,0.5,24.58686593365293,0.8893777533039645,11718.0,2724.0,0.5231277533039648,14.984
online_retail_ii,random,5,2011-07-01,natural,smote_enn@1.0,rf,ok,0.7564874464838,0.732912152734601,0.7214890016920473,0.3934586138458384,0.2326850180406582,0.7941176470588235,0.5,24.60843656276522,0.8750220264317181,11764.0,2724.0,0.5231277533039648,27.769
online_retail_ii,random,5,2011-07-01,natural,smote_enn@1.0,hgb,ok,0.758423618708048,0.7411974786895185,0.7197301854974705,0.3875579535486518,0.2464895459906958,0.8308823529411765,0.5,24.606628154565023,0.885022026431718,11752.0,2724.0,0.5231277533039648,17.513
online_retail_ii,random,5,2011-07-01,natural,smote_enn@1.0,xgb,ok,0.758052212903313,0.7402575773258082,0.7170068027210884,0.3867971809839107,0.2438780791654209,0.8198529411764706,0.5,24.676672285798546,0.8863564610866372,11766.0,2724.0,0.5231277533039648,16.063
online_retail_ii,random,5,2011-07-01,natural,smote_enn@1.0,lgbm,ok,0.7570960117769405,0.738162748843093,0.717236708432103,0.3845689421219524,0.2504564301369472,0.7977941176470589,0.5,24.65110561447191,0.883757342143906,11721.0,2724.0,0.5231277533039648,16.277
online_retail_ii,random,5,2011-07-01,natural,dirichlet@1.0,lr,ok,0.7510689734343557,0.7365038419467422,0.7285486443381181,0.3762428253620419,0.2013229712111396,0.8014705882352942,0.5,24.606036335969783,0.8948678414096914,34110.0,2724.0,0.5231277533039648,0.246
online_retail_ii,random,5,2011-07-01,natural,dirichlet@1.0,rf,ok,0.8088105560282539,0.7991612544654103,0.7612687813021702,0.4740345765364328,0.1782311414554886,0.875,0.5,24.82377460886258,0.8547283406754773,34110.0,2724.0,0.5231277533039648,43.672
online_retail_ii,random,5,2011-07-01,natural,dirichlet@1.0,hgb,ok,0.7900619910052267,0.7807109462398579,0.7547292889758643,0.4483733662395929,0.1862349421938206,0.8602941176470589,0.5,24.81717697274615,0.8612885462555068,34110.0,2724.0,0.5231277533039648,3.031
online_retail_ii,random,5,2011-07-01,natural,dirichlet@1.0,xgb,ok,0.7860556703537135,0.7783047919004651,0.748046875,0.4320561474838223,0.1878082484802301,0.875,0.5,24.751360006430424,0.8733571953010277,34110.0,2724.0,0.5231277533039648,2.406
online_retail_ii,random,5,2011-07-01,natural,dirichlet@1.0,lgbm,ok,0.797326688545845,0.7879439911933752,0.7577437235083143,0.4551685469029526,0.1828245256442058,0.8786764705882353,0.5,24.87091996941191,0.8507488986784142,34110.0,2724.0,0.5231277533039648,2.675
online_retail_ii,random,5,2011-07-01,natural,easy_ensemble,lr,ok,0.7510689734343557,0.7365038419467422,0.7285486443381181,0.3762428253620419,0.2013229712111721,0.8014705882352942,0.5,24.606036335969783,0.8948678414096914,34110.0,2724.0,0.5231277533039648,1.25
online_retail_ii,random,5,2011-07-01,natural,easy_ensemble,rf,ok,0.8093210701889442,0.8007827956863474,0.7592654424040067,0.4695722266505246,0.1780960053206127,0.8786764705882353,0.5,24.83172685884879,0.8541850220264317,34110.0,2724.0,0.5231277533039648,286.122
online_retail_ii,random,5,2011-07-01,natural,easy_ensemble,hgb,ok,0.7900619910052267,0.7807109462398579,0.7547292889758643,0.4483733662395929,0.1862349421938206,0.8602941176470589,0.5,24.81717697274615,0.8612885462555068,34110.0,2724.0,0.5231277533039648,29.044
online_retail_ii,random,5,2011-07-01,natural,easy_ensemble,xgb,ok,0.7881096119822266,0.7796674071234916,0.7519480519480519,0.4398681162819537,0.1869769798717601,0.8602941176470589,0.5,24.79917703496012,0.8654276798825257,34110.0,2724.0,0.5231277533039648,23.107
online_retail_ii,random,5,2011-07-01,natural,easy_ensemble,lgbm,ok,0.799172372810394,0.7912249225309651,0.7600391772771793,0.4610273852710989,0.1827439329487337,0.8897058823529411,0.5,24.82283314676169,0.8600128487518356,34110.0,2724.0,0.5231277533039648,25.268
online_retail_ii,temporal,6,2011-08-01,natural,none,lr,ok,0.7671072199618914,0.6984639606487191,0.6796330275229358,0.383560440436153,0.1981795292075671,0.776173285198556,0.5,19.51841976647433,0.8176741248646698,37159.0,2771.0,0.4417177914110429,0.289
online_retail_ii,temporal,6,2011-08-01,natural,none,rf,ok,0.7588770802438622,0.6730555699778813,0.6694656488549618,0.3784287640718582,0.1995955872625431,0.7509025270758123,0.5,19.61984462639236,0.8232912306026706,37159.0,2771.0,0.4417177914110429,44.718
online_retail_ii,temporal,6,2011-08-01,natural,none,hgb,ok,0.7725842976708029,0.699543280749874,0.6897064288368636,0.4076663253918571,0.1948578364934534,0.7833935018050542,0.5,19.606552780081685,0.821371346084446,37159.0,2771.0,0.4417177914110429,3.12
online_retail_ii,temporal,6,2011-08-01,natural,none,xgb,ok,0.7737466781584429,0.7034878317249913,0.6865342163355408,0.3981160254262726,0.1945724480575293,0.8014440433212996,0.5,19.65149546351998,0.810216528329123,37159.0,2771.0,0.4417177914110429,2.588
online_retail_ii,temporal,6,2011-08-01,natural,none,lgbm,ok,0.7730411168992485,0.6988096447533964,0.6852264291017075,0.398509085989372,0.1946623551805813,0.7870036101083032,0.5,19.64236510955112,0.8122988090941899,37159.0,2771.0,0.4417177914110429,2.937
online_retail_ii,temporal,6,2011-08-01,natural,class_weight,lr,ok,0.7671558065156682,0.6987793455313774,0.6702168124762267,0.3784910526112843,0.1963555192740015,0.7725631768953068,0.5,19.51419175045816,0.8187315048718874,37159.0,2771.0,0.4417177914110429,0.288
online_retail_ii,temporal,6,2011-08-01,natural,class_weight,rf,ok,0.7572489025776222,0.673326127408435,0.6676840900419687,0.3748819445129274,0.2001882395771746,0.7436823104693141,0.5,19.60652174393884,0.8274323348971488,37159.0,2771.0,0.4417177914110429,45.344
online_retail_ii,temporal,6,2011-08-01,natural,class_weight,hgb,ok,0.7743278684022631,0.7001262131393605,0.6776165011459129,0.3942436281107286,0.1928048023594241,0.7833935018050542,0.5,19.60382025696099,0.8141844099603032,37159.0,2771.0,0.4417177914110429,3.205
online_retail_ii,temporal,6,2011-08-01,natural,class_weight,xgb,ok,0.7739325745381107,0.702696661143435,0.677284793325749,0.3908356712495823,0.1932633425594798,0.7978339350180506,0.5,19.666132298967568,0.804794298087333,37159.0,2771.0,0.4417177914110429,2.546
online_retail_ii,temporal,6,2011-08-01,natural,class_weight,lgbm,ok,0.7677710601586034,0.6940676976280549,0.6781083142639207,0.3945911047891517,0.195382061411914,0.7870036101083032,0.5,19.613102404469817,0.8129808733309274,37159.0,2771.0,0.4417177914110429,3.008
online_retail_ii,temporal,6,2011-08-01,natural,threshold,lr,ok,0.7671072199618914,0.6984639606487191,0.6966731898238747,0.3915522135143529,0.1981795292075671,0.776173285198556,0.408072106648772,19.51841976647433,0.8176741248646698,37159.0,2771.0,0.4417177914110429,0.69
online_retail_ii,temporal,6,2011-08-01,natural,threshold,rf,ok,0.7587107241086479,0.670540045974453,0.699504132231405,0.3998815947813081,0.2000548695412268,0.7328519855595668,0.399565873015873,19.638424733347367,0.8277300613496932,37159.0,2771.0,0.4417177914110429,82.331
online_retail_ii,temporal,6,2011-08-01,natural,threshold,hgb,ok,0.7725842976708029,0.699543280749874,0.6997570288094411,0.409186898417045,0.1948578364934534,0.7833935018050542,0.442891036510606,19.606552780081685,0.821371346084446,37159.0,2771.0,0.4417177914110429,6.41
online_retail_ii,temporal,6,2011-08-01,natural,threshold,xgb,ok,0.7711531067932452,0.6984491568713362,0.6992824527071102,0.3977097640018434,0.1959445227336104,0.7906137184115524,0.389379752278328,19.623377836890235,0.8140346445326597,37159.0,2771.0,0.4417177914110429,5.064
online_retail_ii,temporal,6,2011-08-01,natural,threshold,lgbm,ok,0.7734255844117435,0.6990714988338093,0.6960587842351369,0.3935833271574267,0.1944124874891972,0.8050541516245487,0.3932123019767109,19.66058308087924,0.815539516420065,37159.0,2771.0,0.4417177914110429,5.667
online_retail_ii,temporal,6,2011-08-01,natural,ros@1.0,lr,ok,0.766956707268126,0.6978227871578169,0.6704588547591961,0.3777522235229744,0.1965609691606796,0.7725631768953068,0.5,19.51718071829725,0.8204402742692167,39080.0,2771.0,0.4417177914110429,0.302
online_retail_ii,temporal,6,2011-08-01,natural,ros@1.0,rf,ok,0.7573854202314408,0.6709445633905571,0.6694915254237288,0.3822167425786539,0.1999256089366524,0.7364620938628159,0.5,19.619948153176303,0.8218170335618911,39080.0,2771.0,0.4417177914110429,46.406
online_retail_ii,temporal,6,2011-08-01,natural,ros@1.0,hgb,ok,0.7773597749808823,0.7061613394243713,0.6820631254811393,0.4056368701004512,0.1915692408541313,0.8086642599277978,0.5,19.67335269898271,0.8078419343197402,39080.0,2771.0,0.4417177914110429,3.318
online_retail_ii,temporal,6,2011-08-01,natural,ros@1.0,xgb,ok,0.7729597872331436,0.7048812211346052,0.6742770167427702,0.3863971669087482,0.1933883003998427,0.8122743682310469,0.5,19.64372939821376,0.8099404547094912,39080.0,2771.0,0.4417177914110429,2.685
online_retail_ii,temporal,6,2011-08-01,natural,ros@1.0,lgbm,ok,0.7742061379604633,0.697960313514878,0.6833144154370034,0.4015583391813842,0.1934935514836414,0.779783393501805,0.5,19.6467281358334,0.8089227715626127,39080.0,2771.0,0.4417177914110429,3.061
online_retail_ii,temporal,6,2011-08-01,natural,rus@1.0,lr,ok,0.7675529487813225,0.6997486036922058,0.6702208682406702,0.3789530249244618,0.1960355044887916,0.779783393501805,0.5,19.532782957716154,0.8127066041140381,35238.0,2771.0,0.4417177914110429,0.249
online_retail_ii,temporal,6,2011-08-01,natural,rus@1.0,rf,ok,0.7583682417159925,0.6753864650562937,0.6614420062695925,0.3744336998710356,0.1985761904244239,0.7436823104693141,0.5,19.623350540430177,0.8236972212197762,35238.0,2771.0,0.4417177914110429,44.026
online_retail_ii,temporal,6,2011-08-01,natural,rus@1.0,hgb,ok,0.7735819063673735,0.694005282179642,0.6798780487804879,0.3976731021943985,0.1931649252557577,0.7833935018050542,0.5,19.72074381897373,0.8069018404907975,35238.0,2771.0,0.4417177914110429,2.987
online_retail_ii,temporal,6,2011-08-01,natural,rus@1.0,xgb,ok,0.7705568652800487,0.7014538571663593,0.6717615590370654,0.383256389730843,0.1943552667307868,0.8050541516245487,0.5,19.60961435921572,0.8178401299169974,35238.0,2771.0,0.4417177914110429,2.445
online_retail_ii,temporal,6,2011-08-01,natural,rus@1.0,lgbm,ok,0.76921915070704,0.6919633908823268,0.6794331673688242,0.3987304838065725,0.1947150167915027,0.7906137184115524,0.5,19.63873536244983,0.8209870083002526,35238.0,2771.0,0.4417177914110429,2.761
online_retail_ii,temporal,6,2011-08-01,natural,smote@1.0,lr,ok,0.7670353963606558,0.6982789448417581,0.6702127659574468,0.3780308274350092,0.1964990624780501,0.776173285198556,0.5,19.51405100623624,0.8200685673042223,39080.0,2771.0,0.4417177914110429,3.239
online_retail_ii,temporal,6,2011-08-01,natural,smote@1.0,rf,ok,0.7583653370850603,0.6736205313500521,0.6692396758008491,0.3825358705027596,0.1992548721297804,0.7545126353790613,0.5,19.593713710828705,0.8324648141465175,39080.0,2771.0,0.4417177914110429,56.596
online_retail_ii,temporal,6,2011-08-01,natural,smote@1.0,hgb,ok,0.770684933098428,0.6961274353219753,0.6737240075614367,0.3828414604445984,0.1946502896626947,0.7653429602888087,0.5,19.615417009405128,0.8187369180801156,39080.0,2771.0,0.4417177914110429,6.328
online_retail_ii,temporal,6,2011-08-01,natural,smote@1.0,xgb,ok,0.7735272464943744,0.699997163257231,0.6807547169811321,0.3956625474408261,0.1939442375409809,0.7870036101083032,0.5,19.613456382965307,0.8249819559725731,39080.0,2771.0,0.4417177914110429,5.565
online_retail_ii,temporal,6,2011-08-01,natural,smote@1.0,lgbm,ok,0.7711821531025682,0.6938685304837735,0.6767143933685004,0.3873115514500944,0.1943673958510554,0.7833935018050542,0.5,19.647983006488985,0.8130584626488633,39080.0,2771.0,0.4417177914110429,6.007
online_retail_ii,temporal,6,2011-08-01,natural,smote@0.5,lr,error: ValueError: The specified ratio required to remove samples from the minority class while trying to generate new samples. Please increase the ratio.,,,,,,,,,,,,,
online_retail_ii,temporal,6,2011-08-01,natural,smote@0.5,rf,error: ValueError: The specified ratio required to remove samples from the minority class while trying to generate new samples. Please increase the ratio.,,,,,,,,,,,,,
online_retail_ii,temporal,6,2011-08-01,natural,smote@0.5,hgb,error: ValueError: The specified ratio required to remove samples from the minority class while trying to generate new samples. Please increase the ratio.,,,,,,,,,,,,,
online_retail_ii,temporal,6,2011-08-01,natural,smote@0.5,xgb,error: ValueError: The specified ratio required to remove samples from the minority class while trying to generate new samples. Please increase the ratio.,,,,,,,,,,,,,
online_retail_ii,temporal,6,2011-08-01,natural,smote@0.5,lgbm,error: ValueError: The specified ratio required to remove samples from the minority class while trying to generate new samples. Please increase the ratio.,,,,,,,,,,,,,
online_retail_ii,temporal,6,2011-08-01,natural,adasyn@1.0,lr,error: ValueError: No samples will be generated with the provided ratio settings.,,,,,,,,,,,,,
online_retail_ii,temporal,6,2011-08-01,natural,adasyn@1.0,rf,error: ValueError: No samples will be generated with the provided ratio settings.,,,,,,,,,,,,,
online_retail_ii,temporal,6,2011-08-01,natural,adasyn@1.0,hgb,error: ValueError: No samples will be generated with the provided ratio settings.,,,,,,,,,,,,,
online_retail_ii,temporal,6,2011-08-01,natural,adasyn@1.0,xgb,error: ValueError: No samples will be generated with the provided ratio settings.,,,,,,,,,,,,,
online_retail_ii,temporal,6,2011-08-01,natural,adasyn@1.0,lgbm,error: ValueError: No samples will be generated with the provided ratio settings.,,,,,,,,,,,,,
online_retail_ii,temporal,6,2011-08-01,natural,smote_enn@1.0,lr,ok,0.7690364230156617,0.7036720025044746,0.656188605108055,0.3659210119076209,0.2283578166846174,0.8014440433212996,0.5,19.55219494297324,0.8118098159509202,13075.0,2771.0,0.4417177914110429,17.93
online_retail_ii,temporal,6,2011-08-01,natural,smote_enn@1.0,rf,ok,0.7762882302242163,0.7002350175927671,0.6771406127258445,0.4045499965170465,0.2205581588191293,0.8050541516245487,0.5,19.758309947955,0.8108011548177552,13103.0,2771.0,0.4417177914110429,32.65
online_retail_ii,temporal,6,2011-08-01,natural,smote_enn@1.0,hgb,ok,0.7761670278971318,0.7019864717227882,0.6739214924212981,0.3941946872820283,0.2402666502734569,0.8194945848375451,0.5,19.646550196355182,0.8043756766510285,13117.0,2771.0,0.4417177914110429,20.124
online_retail_ii,temporal,6,2011-08-01,natural,smote_enn@1.0,xgb,ok,0.7768469755926503,0.7030130007358848,0.677207867335133,0.3972336560684553,0.2385210105563264,0.8050541516245487,0.5,19.670929653796847,0.8044929628293035,13075.0,2771.0,0.4417177914110429,19.228
online_retail_ii,temporal,6,2011-08-01,natural,smote_enn@1.0,lgbm,ok,0.7764949871351255,0.7103692218154215,0.6767676767676768,0.3993607024180705,0.245071731196599,0.8086642599277978,0.5,19.63243937875125,0.8096463370624324,13032.0,2771.0,0.4417177914110429,19.289
online_retail_ii,temporal,6,2011-08-01,natural,dirichlet@1.0,lr,ok,0.7671072199618914,0.6984639606487191,0.6796330275229358,0.383560440436153,0.1981795292075671,0.776173285198556,0.5,19.51841976647433,0.8176741248646698,37159.0,2771.0,0.4417177914110429,0.257
online_retail_ii,temporal,6,2011-08-01,natural,dirichlet@1.0,rf,ok,0.7570405613225681,0.6736539045399464,0.6684390429168249,0.3744859815613641,0.2005486292973207,0.7256317689530686,0.5,19.63296451000602,0.821741248646698,37159.0,2771.0,0.4417177914110429,47.658
online_retail_ii,temporal,6,2011-08-01,natural,dirichlet@1.0,hgb,ok,0.7725842976708029,0.699543280749874,0.6897064288368636,0.4076663253918571,0.1948578364934534,0.7833935018050542,0.5,19.606552780081685,0.821371346084446,37159.0,2771.0,0.4417177914110429,3.339
online_retail_ii,temporal,6,2011-08-01,natural,dirichlet@1.0,xgb,ok,0.7727411477411477,0.7016443742041965,0.67853170189099,0.3849822897006886,0.1952355075942174,0.7906137184115524,0.5,19.60839512433484,0.8111620353662937,37159.0,2771.0,0.4417177914110429,2.524
online_retail_ii,temporal,6,2011-08-01,natural,dirichlet@1.0,lgbm,ok,0.7718330544887639,0.7010369715503086,0.6878933728248797,0.4028732924509315,0.1955148341456747,0.8086642599277978,0.5,19.653435930915503,0.8110772284373874,37159.0,2771.0,0.4417177914110429,3.523
online_retail_ii,temporal,6,2011-08-01,natural,easy_ensemble,lr,ok,0.7671072199618914,0.6984639606487191,0.6796330275229358,0.383560440436153,0.198179529207561,0.776173285198556,0.5,19.51841976647433,0.8176741248646698,37159.0,2771.0,0.4417177914110429,1.477
online_retail_ii,temporal,6,2011-08-01,natural,easy_ensemble,rf,ok,0.7592161298908703,0.6736918553361033,0.6760349411317889,0.3890223730155702,0.1996820087964788,0.740072202166065,0.5,19.613509376625498,0.8277354745579214,37159.0,2771.0,0.4417177914110429,383.625
online_retail_ii,temporal,6,2011-08-01,natural,easy_ensemble,hgb,ok,0.7725842976708029,0.699543280749874,0.6897064288368636,0.4076663253918571,0.1948578364934534,0.7833935018050542,0.5,19.606552780081685,0.821371346084446,37159.0,2771.0,0.4417177914110429,30.525
online_retail_ii,temporal,6,2011-08-01,natural,easy_ensemble,xgb,ok,0.7760878106898867,0.7087122608122024,0.6841328413284132,0.3943476880565289,0.193842410353504,0.8122743682310469,0.5,19.69758958134156,0.8020263442800433,37159.0,2771.0,0.4417177914110429,24.139
online_retail_ii,temporal,6,2011-08-01,natural,easy_ensemble,lgbm,ok,0.7757767511227719,0.7039665532354716,0.6847583643122677,0.3981009305252745,0.1935849346914015,0.8194945848375451,0.5,19.66113681336587,0.8127011909058101,37159.0,2771.0,0.4417177914110429,27.45
online_retail_ii,random,6,2011-08-01,natural,none,lr,ok,0.7316561702660537,0.7124322707719916,0.7154162709718265,0.3520870641150415,0.2070668158609037,0.7942238267148014,0.5,24.43030787583252,0.9082569469505596,37159.0,2771.0,0.5200288704438831,0.266
online_retail_ii,random,6,2011-08-01,natural,none,rf,ok,0.7990871523012946,0.7828620443125687,0.7629752066115703,0.48211484815919,0.1820402840517315,0.8339350180505415,0.5,24.600346132102377,0.8651750270660412,37159.0,2771.0,0.5200288704438831,44.847
online_retail_ii,random,6,2011-08-01,natural,none,hgb,ok,0.7677701366532222,0.7587805862690953,0.7305350849086831,0.3937919571680928,0.1938230122929475,0.8339350180505415,0.5,24.60748357426237,0.8673385059545291,37159.0,2771.0,0.5200288704438831,3.203
online_retail_ii,random,6,2011-08-01,natural,none,xgb,ok,0.7626178562297485,0.752240561117302,0.7330112721417069,0.4021320823068671,0.1959400458402471,0.8411552346570397,0.5,24.55317339557807,0.8784987369180801,37159.0,2771.0,0.5200288704438831,2.545
online_retail_ii,random,6,2011-08-01,natural,none,lgbm,ok,0.7744298289095396,0.7665570965795621,0.7374517374517374,0.4118173971418461,0.1913736332113528,0.855595667870036,0.5,24.613948634397545,0.8610483579935041,37159.0,2771.0,0.5200288704438831,2.832
online_retail_ii,random,6,2011-08-01,natural,class_weight,lr,ok,0.7317907885605757,0.7127711565043444,0.7099903006789525,0.3517200857281122,0.2072361195565268,0.7942238267148014,0.5,24.433365258370923,0.9089444243955254,37159.0,2771.0,0.5200288704438831,0.235
online_retail_ii,random,6,2011-08-01,natural,class_weight,rf,ok,0.7979494190020506,0.7842990597341328,0.7548922056384743,0.4658708676595997,0.1825926534473811,0.8592057761732852,0.5,24.58059707091137,0.8599458679177192,37159.0,2771.0,0.5200288704438831,45.222
online_retail_ii,random,6,2011-08-01,natural,class_weight,hgb,ok,0.769608093794514,0.7593696214318064,0.7311475409836066,0.4073517189508364,0.1934199899523201,0.8411552346570397,0.5,24.563084594664584,0.8676091663659331,37159.0,2771.0,0.5200288704438831,3.163
online_retail_ii,random,6,2011-08-01,natural,class_weight,xgb,ok,0.763038929732381,0.7543849935998049,0.7198417930125247,0.3851533837820619,0.1958889356911338,0.8411552346570397,0.5,24.56569591569978,0.8633164922410682,37159.0,2771.0,0.5200288704438831,2.513
online_retail_ii,random,6,2011-08-01,natural,class_weight,lgbm,ok,0.7764618868475839,0.7696492642106816,0.7344929438792255,0.4153429464519466,0.1909251962754249,0.8736462093862816,0.5,24.61918436887518,0.8769307109346807,37159.0,2771.0,0.5200288704438831,2.846
online_retail_ii,random,6,2011-08-01,natural,threshold,lr,ok,0.7316561702660537,0.7124322707719916,0.7282425603593486,0.3307466391899504,0.2070668158609037,0.7942238267148014,0.3548878374782126,24.43030787583252,0.9082569469505596,37159.0,2771.0,0.5200288704438831,0.643
online_retail_ii,random,6,2011-08-01,natural,threshold,rf,ok,0.8013994041314251,0.7885112862779912,0.7640586797066015,0.454396402512479,0.1811731338890879,0.851985559566787,0.4237157407407407,24.604900063653577,0.8546282930350054,37159.0,2771.0,0.5200288704438831,81.278
online_retail_ii,random,6,2011-08-01,natural,threshold,hgb,ok,0.7677701366532222,0.7587805862690953,0.7474452554744525,0.3976784211298957,0.1938230122929475,0.8339350180505415,0.3855596589589938,24.60748357426237,0.8673385059545291,37159.0,2771.0,0.5200288704438831,6.156
online_retail_ii,random,6,2011-08-01,natural,threshold,xgb,ok,0.7651062075730618,0.7579545333316622,0.7473102646118057,0.3961823408533816,0.1951099426499315,0.8447653429602888,0.3837831336259842,24.54941657043966,0.8775243594370261,37159.0,2771.0,0.5200288704438831,5.07
online_retail_ii,random,6,2011-08-01,natural,threshold,lgbm,ok,0.7729740729338961,0.7628228167923803,0.7491017964071857,0.4098087322073231,0.1918687305121016,0.8447653429602888,0.4145597300214628,24.590589107785924,0.8754114038253339,37159.0,2771.0,0.5200288704438831,5.671
online_retail_ii,random,6,2011-08-01,natural,ros@1.0,lr,ok,0.7318226169170323,0.71289777079805,0.7105517909002904,0.3518510765249222,0.2072413993082885,0.7870036101083032,0.5,24.43931294743626,0.908839769036449,38646.0,2771.0,0.5200288704438831,0.268
online_retail_ii,random,6,2011-08-01,natural,ros@1.0,rf,ok,0.8007777076278482,0.7864808561026588,0.7590120160213618,0.4779588476790793,0.1814356718834147,0.851985559566787,0.5,24.58832138226329,0.8583634067123783,38646.0,2771.0,0.5200288704438831,46.504
online_retail_ii,random,6,2011-08-01,natural,ros@1.0,hgb,ok,0.7671708765320657,0.7593499777745512,0.7232084155161078,0.3911167165420735,0.1943005461124586,0.8483754512635379,0.5,24.564123604555945,0.8724774449657164,38646.0,2771.0,0.5200288704438831,3.297
online_retail_ii,random,6,2011-08-01,natural,ros@1.0,xgb,ok,0.7626131602427303,0.753006358200915,0.7195001644195989,0.3830584005795572,0.1960403211877831,0.8231046931407943,0.5,24.512895541336256,0.87725189462288,38646.0,2771.0,0.5200288704438831,2.568
online_retail_ii,random,6,2011-08-01,natural,ros@1.0,lgbm,ok,0.777266465956703,0.7693257352103319,0.7297921478060047,0.4077549186255038,0.1905975280718669,0.8700361010830325,0.5,24.59412988985296,0.8564272825694695,38646.0,2771.0,0.5200288704438831,2.885
online_retail_ii,random,6,2011-08-01,natural,rus@1.0,lr,ok,0.7319003615910004,0.7130888452428472,0.7101355713363461,0.3510921112407158,0.2072222656065829,0.7870036101083032,0.5,24.438138461040936,0.907170696499459,35672.0,2771.0,0.5200288704438831,0.219
online_retail_ii,random,6,2011-08-01,natural,rus@1.0,rf,ok,0.7966481088216725,0.7839572373245871,0.7473791004396347,0.459481320637361,0.1833529721538554,0.8592057761732852,0.5,24.55751165782246,0.8648321905449297,35672.0,2771.0,0.5200288704438831,42.622
online_retail_ii,random,6,2011-08-01,natural,rus@1.0,hgb,ok,0.7668982483968423,0.758363208291117,0.7226229508196721,0.3883216228645307,0.1943082362746028,0.851985559566787,0.5,24.5810297775726,0.8652417899675209,35672.0,2771.0,0.5200288704438831,3.085
online_retail_ii,random,6,2011-08-01,natural,rus@1.0,xgb,ok,0.7623674035887776,0.7546596632058454,0.7261982928430729,0.3970339182196347,0.1963151887563973,0.8339350180505415,0.5,24.522131708596497,0.8797708408516779,35672.0,2771.0,0.5200288704438831,2.394
online_retail_ii,random,6,2011-08-01,natural,rus@1.0,lgbm,ok,0.7731739132703375,0.7624469258444698,0.7319960539296284,0.4108423434292985,0.1919400986770992,0.851985559566787,0.5,24.60106414530755,0.8663298448213643,35672.0,2771.0,0.5200288704438831,2.764
online_retail_ii,random,6,2011-08-01,natural,smote@1.0,lr,ok,0.7315585980913422,0.7128031428731282,0.7110536522301228,0.3539499845749662,0.2073033751974234,0.7978339350180506,0.5,24.430090946324484,0.9078293035005413,38646.0,2771.0,0.5200288704438831,3.267
online_retail_ii,random,6,2011-08-01,natural,smote@1.0,rf,ok,0.7998927749630844,0.7859842718749607,0.7526809651474531,0.4661803105041182,0.181690284472075,0.8664259927797834,0.5,24.623894673844784,0.8599801515698304,38646.0,2771.0,0.5200288704438831,49.952
online_retail_ii,random,6,2011-08-01,natural,smote@1.0,hgb,ok,0.7661158447819758,0.7526025074196278,0.7235159068547065,0.3905001491094464,0.1944035854521556,0.8303249097472925,0.5,24.62589133949096,0.8688920967159872,38646.0,2771.0,0.5200288704438831,6.4
online_retail_ii,random,6,2011-08-01,natural,smote@1.0,xgb,ok,0.7597919155974601,0.7483172961788831,0.723753280839895,0.3912148660840409,0.1968504461005426,0.8194945848375451,0.5,24.545858920207184,0.8756676290147963,38646.0,2771.0,0.5200288704438831,5.687
online_retail_ii,random,6,2011-08-01,natural,smote@1.0,lgbm,ok,0.7754060724329908,0.7648166414237347,0.7384213959556425,0.4208919527983212,0.191064734774505,0.8447653429602888,0.5,24.54985754253825,0.8690418621436306,38646.0,2771.0,0.5200288704438831,6.621
online_retail_ii,random,6,2011-08-01,natural,smote@0.5,lr,error: ValueError: The specified ratio required to remove samples from the minority class while trying to generate new samples. Please increase the ratio.,,,,,,,,,,,,,
online_retail_ii,random,6,2011-08-01,natural,smote@0.5,rf,error: ValueError: The specified ratio required to remove samples from the minority class while trying to generate new samples. Please increase the ratio.,,,,,,,,,,,,,
online_retail_ii,random,6,2011-08-01,natural,smote@0.5,hgb,error: ValueError: The specified ratio required to remove samples from the minority class while trying to generate new samples. Please increase the ratio.,,,,,,,,,,,,,
online_retail_ii,random,6,2011-08-01,natural,smote@0.5,xgb,error: ValueError: The specified ratio required to remove samples from the minority class while trying to generate new samples. Please increase the ratio.,,,,,,,,,,,,,
online_retail_ii,random,6,2011-08-01,natural,smote@0.5,lgbm,error: ValueError: The specified ratio required to remove samples from the minority class while trying to generate new samples. Please increase the ratio.,,,,,,,,,,,,,
online_retail_ii,random,6,2011-08-01,natural,adasyn@1.0,lr,error: ValueError: No samples will be generated with the provided ratio settings.,,,,,,,,,,,,,
online_retail_ii,random,6,2011-08-01,natural,adasyn@1.0,rf,error: ValueError: No samples will be generated with the provided ratio settings.,,,,,,,,,,,,,
online_retail_ii,random,6,2011-08-01,natural,adasyn@1.0,hgb,error: ValueError: No samples will be generated with the provided ratio settings.,,,,,,,,,,,,,
online_retail_ii,random,6,2011-08-01,natural,adasyn@1.0,xgb,error: ValueError: No samples will be generated with the provided ratio settings.,,,,,,,,,,,,,
online_retail_ii,random,6,2011-08-01,natural,adasyn@1.0,lgbm,error: ValueError: No samples will be generated with the provided ratio settings.,,,,,,,,,,,,,
online_retail_ii,random,6,2011-08-01,natural,smote_enn@1.0,lr,ok,0.7314855494043923,0.7105324583672049,0.7095720352825874,0.35700758162636,0.2486646074676319,0.779783393501805,0.5,24.39917496867221,0.9115283291230604,12795.0,2771.0,0.5200288704438831,17.034
online_retail_ii,random,6,2011-08-01,natural,smote_enn@1.0,rf,ok,0.7358669052923774,0.7073903955031808,0.7007348029392118,0.3513159832525488,0.2474507024368377,0.7328519855595668,0.5,24.27978858167288,0.8862775171418261,12837.0,2771.0,0.5200288704438831,29.27
online_retail_ii,random,6,2011-08-01,natural,smote_enn@1.0,hgb,ok,0.7373644033748494,0.7137641191261719,0.7097634121959346,0.3695378159069953,0.257882053895338,0.7653429602888087,0.5,24.40050229407932,0.9062053410321184,12824.0,2771.0,0.5200288704438831,19.299
online_retail_ii,random,6,2011-08-01,natural,smote_enn@1.0,xgb,ok,0.7385237903920107,0.7175080804077352,0.7065908330545333,0.3651283984327475,0.2574270953910741,0.776173285198556,0.5,24.361421411264786,0.9089769036448936,12911.0,2771.0,0.5200288704438831,18.042
online_retail_ii,random,6,2011-08-01,natural,smote_enn@1.0,lgbm,ok,0.7377048624336692,0.7132444982096483,0.7066666666666667,0.3629803011238041,0.2641508712232707,0.7509025270758123,0.5,24.39824520005936,0.9080332010104656,12849.0,2771.0,0.5200288704438831,18.602
online_retail_ii,random,6,2011-08-01,natural,dirichlet@1.0,lr,ok,0.7316561702660537,0.7124322707719916,0.7154162709718265,0.3520870641150415,0.2070668158609037,0.7942238267148014,0.5,24.43030787583252,0.9082569469505596,37159.0,2771.0,0.5200288704438831,0.266
online_retail_ii,random,6,2011-08-01,natural,dirichlet@1.0,rf,ok,0.8010399002363647,0.7860759869933419,0.757114493712773,0.4696471621152163,0.1813416627765008,0.8592057761732852,0.5,24.59590803655956,0.8550415012630821,37159.0,2771.0,0.5200288704438831,44.597
online_retail_ii,random,6,2011-08-01,natural,dirichlet@1.0,hgb,ok,0.7677701366532222,0.7587805862690953,0.7305350849086831,0.3937919571680928,0.1938230122929475,0.8339350180505415,0.5,24.60748357426237,0.8673385059545291,37159.0,2771.0,0.5200288704438831,3.045
online_retail_ii,random,6,2011-08-01,natural,dirichlet@1.0,xgb,ok,0.7635867948845048,0.7537843993123804,0.729381443298969,0.3939908555881125,0.1954811585941759,0.8267148014440433,0.5,24.544144262519985,0.8720119090581019,37159.0,2771.0,0.5200288704438831,3.065
online_retail_ii,random,6,2011-08-01,natural,dirichlet@1.0,lgbm,ok,0.7757050502731498,0.7660559270537803,0.74243399871217,0.4235510601896939,0.1908253862063947,0.8592057761732852,0.5,24.608298473044822,0.8614850234572358,37159.0,2771.0,0.5200288704438831,3.013
online_retail_ii,random,6,2011-08-01,natural,easy_ensemble,lr,ok,0.7316561702660537,0.7124322707719916,0.7154162709718265,0.3520870641150415,0.2070668158609038,0.7942238267148014,0.5,24.43030787583252,0.9082569469505596,37159.0,2771.0,0.5200288704438831,1.444
online_retail_ii,random,6,2011-08-01,natural,easy_ensemble,rf,ok,0.80074718371223,0.7867146395538325,0.7550280250576986,0.4633036789194631,0.1813973514611949,0.8447653429602888,0.5,24.586503259415537,0.8600811981234213,37159.0,2771.0,0.5200288704438831,308.801
online_retail_ii,random,6,2011-08-01,natural,easy_ensemble,hgb,ok,0.7677701366532222,0.7587805862690953,0.7305350849086831,0.3937919571680928,0.1938230122929475,0.8339350180505415,0.5,24.60748357426237,0.8673385059545291,37159.0,2771.0,0.5200288704438831,29.894
online_retail_ii,random,6,2011-08-01,natural,easy_ensemble,xgb,ok,0.7642168398094472,0.7546155087087837,0.7285668068586219,0.394358793308885,0.1954155163734322,0.8231046931407943,0.5,24.557596915791446,0.878711656441718,37159.0,2771.0,0.5200288704438831,23.582
online_retail_ii,random,6,2011-08-01,natural,easy_ensemble,lgbm,ok,0.7775516167239751,0.7684656693588175,0.74,0.4189260550039813,0.1902526807572916,0.855595667870036,0.5,24.62686020475583,0.8584319740166003,37159.0,2771.0,0.5200288704438831,26.155
online_retail_ii,temporal,7,2011-09-01,natural,none,lr,ok,0.7620612760784531,0.6369338856343861,0.6475535168195719,0.3669596670595514,0.2033911920816409,0.7292418772563177,0.5,16.63184881997715,0.7810461760461763,39818.0,2772.0,0.3928571428571428,0.275
online_retail_ii,temporal,7,2011-09-01,natural,none,rf,ok,0.7565126225797106,0.6252509189259925,0.6542574257425743,0.3870982464713423,0.2050585112556081,0.6750902527075813,0.5,16.65122207944391,0.7844191919191918,39818.0,2772.0,0.3928571428571428,47.229
online_retail_ii,temporal,7,2011-09-01,natural,none,hgb,ok,0.7629009808559315,0.6332986182555201,0.6551591868047564,0.3823584396870575,0.2043075466394642,0.7111913357400722,0.5,16.668431961737458,0.7837914862914862,39818.0,2772.0,0.3928571428571428,3.374
online_retail_ii,temporal,7,2011-09-01,natural,none,xgb,ok,0.7643460478495319,0.6462611344385236,0.6509863429438544,0.3722186357542676,0.2044988243294432,0.7364620938628159,0.5,16.748089096760317,0.77880772005772,39818.0,2772.0,0.3928571428571428,3.101
online_retail_ii,temporal,7,2011-09-01,natural,none,lgbm,ok,0.7632981901333871,0.6497752587318795,0.6450858034321373,0.366445250675995,0.2027901149637666,0.740072202166065,0.5,16.64479901419855,0.7839375901875902,39818.0,2772.0,0.3928571428571428,2.893
online_retail_ii,temporal,7,2011-09-01,natural,class_weight,lr,ok,0.7622806141684767,0.6373250653774443,0.6471981057616417,0.3730971898239908,0.1996316322869092,0.7328519855595668,0.5,16.63384536012087,0.780784632034632,39818.0,2772.0,0.3928571428571428,0.27
online_retail_ii,temporal,7,2011-09-01,natural,class_weight,rf,ok,0.7558019562556915,0.6241536930316046,0.6524317912218268,0.3833385175106234,0.2050975062441417,0.6931407942238267,0.5,16.632504634143057,0.782775974025974,39818.0,2772.0,0.3928571428571428,48.25
online_retail_ii,temporal,7,2011-09-01,natural,class_weight,hgb,ok,0.7647211596328434,0.6384931552612191,0.6508501383946224,0.3803816363838197,0.1998815792536705,0.7256317689530686,0.5,16.705737037281875,0.7817550505050506,39818.0,2772.0,0.3928571428571428,3.199
online_retail_ii,temporal,7,2011-09-01,natural,class_weight,xgb,ok,0.7663410969196093,0.6487527792255671,0.6504970178926441,0.3809901798673381,0.1986275373091137,0.7364620938628159,0.5,16.738349949685645,0.7644787157287157,39818.0,2772.0,0.3928571428571428,2.911
online_retail_ii,temporal,7,2011-09-01,natural,class_weight,lgbm,ok,0.7633385658016997,0.6457230266319716,0.6466403162055336,0.3724191996375405,0.2005627685989821,0.7256317689530686,0.5,16.72104921234645,0.7711958874458874,39818.0,2772.0,0.3928571428571428,2.959
online_retail_ii,temporal,7,2011-09-01,natural,threshold,lr,ok,0.7620612760784531,0.6369338856343861,0.6509220317049499,0.3619881497829809,0.2033911920816409,0.7292418772563177,0.3502769906392631,16.63184881997715,0.7810461760461763,39818.0,2772.0,0.3928571428571428,0.674
online_retail_ii,temporal,7,2011-09-01,natural,threshold,rf,ok,0.7541481907062851,0.6227129242318394,0.6524216524216524,0.3662878635677309,0.2062253111803573,0.6823104693140795,0.4368852236652237,16.644781208741414,0.7849458874458874,39818.0,2772.0,0.3928571428571428,87.036
online_retail_ii,temporal,7,2011-09-01,natural,threshold,hgb,ok,0.7629009808559315,0.6332986182555201,0.6476190476190476,0.3526221481456669,0.2043075466394642,0.7111913357400722,0.3693227817728338,16.668431961737458,0.7837914862914862,39818.0,2772.0,0.3928571428571428,6.69
online_retail_ii,temporal,7,2011-09-01,natural,threshold,xgb,ok,0.7664840486101222,0.6471395622622897,0.6565656565656566,0.3733203796449173,0.202403245382146,0.7472924187725631,0.3915913930535316,16.697322168130427,0.7731854256854256,39818.0,2772.0,0.3928571428571428,5.19
online_retail_ii,temporal,7,2011-09-01,natural,threshold,lgbm,ok,0.7608691026289471,0.643336098812847,0.6528210453444099,0.3651042398436313,0.2047443796209489,0.7292418772563177,0.4173785313468482,16.666194914890674,0.7762391774891774,39818.0,2772.0,0.3928571428571428,5.774
online_retail_ii,temporal,7,2011-09-01,natural,ros@1.0,lr,ok,0.7623935569163247,0.637565870466541,0.6482867270578968,0.3746887487431398,0.1997354675921596,0.7328519855595668,0.5,16.626596394158266,0.7790440115440117,41736.0,2772.0,0.3928571428571428,0.266
online_retail_ii,temporal,7,2011-09-01,natural,ros@1.0,rf,ok,0.7524701451941769,0.6189229953658104,0.644747393744988,0.3723718948807196,0.205258243762137,0.6642599277978339,0.5,16.624515321794153,0.7892424242424244,41736.0,2772.0,0.3928571428571428,49.236
online_retail_ii,temporal,7,2011-09-01,natural,ros@1.0,hgb,ok,0.7620615488870229,0.6357361361446003,0.6477317554240631,0.3740065521932774,0.2009093916036717,0.7111913357400722,0.5,16.744609012228487,0.7740836940836939,41736.0,2772.0,0.3928571428571428,3.346
online_retail_ii,temporal,7,2011-09-01,natural,ros@1.0,xgb,ok,0.7634787894065158,0.641098586644376,0.6490683229813664,0.3730120513529594,0.2013186084443904,0.7220216606498195,0.5,16.741461334726772,0.7734704184704184,41736.0,2772.0,0.3928571428571428,2.823
online_retail_ii,temporal,7,2011-09-01,natural,ros@1.0,lgbm,ok,0.7618596705454589,0.6395512177824105,0.6450336367233874,0.3696953136195559,0.2012376582035012,0.7184115523465704,0.5,16.77300909157417,0.7668308080808081,41736.0,2772.0,0.3928571428571428,3.178
online_retail_ii,temporal,7,2011-09-01,natural,rus@1.0,lr,ok,0.7619319648164244,0.6367737118020029,0.6463607594936709,0.3720814308114566,0.1995024262434544,0.7256317689530686,0.5,16.62650859876418,0.7801154401154402,37900.0,2772.0,0.3928571428571428,0.271
online_retail_ii,temporal,7,2011-09-01,natural,rus@1.0,rf,ok,0.7557872245929287,0.625955013456928,0.643146796431468,0.3723447547078518,0.202294450811887,0.6787003610108303,0.5,16.73285897348076,0.7741323953823954,37900.0,2772.0,0.3928571428571428,46.074
online_retail_ii,temporal,7,2011-09-01,natural,rus@1.0,hgb,ok,0.7625869781922285,0.6351621996368935,0.6462395543175488,0.3732686430828987,0.2002815453206219,0.7075812274368231,0.5,16.61489043204844,0.7887463924963928,37900.0,2772.0,0.3928571428571428,3.246
online_retail_ii,temporal,7,2011-09-01,natural,rus@1.0,xgb,ok,0.7648166426322318,0.6452168108328231,0.6486274509803922,0.374362722967291,0.2000960516978202,0.7472924187725631,0.5,16.75759832337944,0.770283189033189,37900.0,2772.0,0.3928571428571428,2.545
online_retail_ii,temporal,7,2011-09-01,natural,rus@1.0,lgbm,ok,0.764588847476548,0.6478914655642078,0.6474589835934373,0.376878126638427,0.1988924209844368,0.7220216606498195,0.5,16.78556509424276,0.7629292929292927,37900.0,2772.0,0.3928571428571428,2.874
online_retail_ii,temporal,7,2011-09-01,natural,smote@1.0,lr,ok,0.7623793708707014,0.6375663371177251,0.6477093206951027,0.3742363540914697,0.1995688522985159,0.740072202166065,0.5,16.635426293577737,0.7807557720057718,41736.0,2772.0,0.3928571428571428,3.714
online_retail_ii,temporal,7,2011-09-01,natural,smote@1.0,rf,ok,0.7547982935278348,0.6262841132585649,0.6425412143144351,0.369026770574049,0.2038153179569118,0.6642599277978339,0.5,16.70475259030754,0.782411616161616,41736.0,2772.0,0.3928571428571428,58.393
online_retail_ii,temporal,7,2011-09-01,natural,smote@1.0,hgb,ok,0.7616206902384183,0.6387385009365152,0.6435057244374259,0.3662736253297491,0.2010042660239683,0.7148014440433214,0.5,16.75782510093002,0.7607990620490619,41736.0,2772.0,0.3928571428571428,6.826
online_retail_ii,temporal,7,2011-09-01,natural,smote@1.0,xgb,ok,0.7648919377974635,0.6427594282823054,0.6549844236760125,0.3849174204455436,0.2006340637355284,0.7364620938628159,0.5,16.772757322460954,0.7728932178932177,41736.0,2772.0,0.3928571428571428,5.941
online_retail_ii,temporal,7,2011-09-01,natural,smote@1.0,lgbm,ok,0.7611069917017089,0.6386578685610689,0.6486274509803922,0.374362722967291,0.2019299642135427,0.6931407942238267,0.5,16.754158775022134,0.7771897546897548,41736.0,2772.0,0.3928571428571428,6.829
online_retail_ii,temporal,7,2011-09-01,natural,smote@0.5,lr,error: ValueError: The specified ratio required to remove samples from the minority class while trying to generate new samples. Please increase the ratio.,,,,,,,,,,,,,
online_retail_ii,temporal,7,2011-09-01,natural,smote@0.5,rf,error: ValueError: The specified ratio required to remove samples from the minority class while trying to generate new samples. Please increase the ratio.,,,,,,,,,,,,,
online_retail_ii,temporal,7,2011-09-01,natural,smote@0.5,hgb,error: ValueError: The specified ratio required to remove samples from the minority class while trying to generate new samples. Please increase the ratio.,,,,,,,,,,,,,
online_retail_ii,temporal,7,2011-09-01,natural,smote@0.5,xgb,error: ValueError: The specified ratio required to remove samples from the minority class while trying to generate new samples. Please increase the ratio.,,,,,,,,,,,,,
online_retail_ii,temporal,7,2011-09-01,natural,smote@0.5,lgbm,error: ValueError: The specified ratio required to remove samples from the minority class while trying to generate new samples. Please increase the ratio.,,,,,,,,,,,,,
online_retail_ii,temporal,7,2011-09-01,natural,adasyn@1.0,lr,error: ValueError: No samples will be generated with the provided ratio settings.,,,,,,,,,,,,,
online_retail_ii,temporal,7,2011-09-01,natural,adasyn@1.0,rf,error: ValueError: No samples will be generated with the provided ratio settings.,,,,,,,,,,,,,
online_retail_ii,temporal,7,2011-09-01,natural,adasyn@1.0,hgb,error: ValueError: No samples will be generated with the provided ratio settings.,,,,,,,,,,,,,
online_retail_ii,temporal,7,2011-09-01,natural,adasyn@1.0,xgb,error: ValueError: No samples will be generated with the provided ratio settings.,,,,,,,,,,,,,
online_retail_ii,temporal,7,2011-09-01,natural,adasyn@1.0,lgbm,error: ValueError: No samples will be generated with the provided ratio settings.,,,,,,,,,,,,,
online_retail_ii,temporal,7,2011-09-01,natural,smote_enn@1.0,lr,ok,0.7596671080709324,0.6355431941012861,0.6347897774113768,0.3617997599572271,0.2364758098259065,0.7545126353790613,0.5,16.61878279941494,0.7783910533910533,13968.0,2772.0,0.3928571428571428,19.17
online_retail_ii,temporal,7,2011-09-01,natural,smote_enn@1.0,rf,ok,0.7681009850026218,0.6446078974931688,0.6571777145180968,0.3985858590549448,0.2310543692165882,0.7364620938628159,0.5,16.816427689386483,0.7634812409812411,14031.0,2772.0,0.3928571428571428,33.867
online_retail_ii,temporal,7,2011-09-01,natural,smote_enn@1.0,hgb,ok,0.7705142496100201,0.6436630282781032,0.6481558226274348,0.3872339083527281,0.2477254697002661,0.740072202166065,0.5,16.765220996659014,0.7497113997113999,14049.0,2772.0,0.3928571428571428,21.789
online_retail_ii,temporal,7,2011-09-01,natural,smote_enn@1.0,xgb,ok,0.7676462131169635,0.6337534002765899,0.6581967213114754,0.4023281340474785,0.2450141837208919,0.703971119133574,0.5,16.780099019019392,0.7685425685425686,14080.0,2772.0,0.3928571428571428,20.876
online_retail_ii,temporal,7,2011-09-01,natural,smote_enn@1.0,lgbm,ok,0.7700147371189342,0.6351268963045953,0.6526576019777504,0.3937303957660713,0.2503057789388468,0.7184115523465704,0.5,16.771598097776685,0.7576605339105338,14056.0,2772.0,0.3928571428571428,21.16
online_retail_ii,temporal,7,2011-09-01,natural,dirichlet@1.0,lr,ok,0.7620612760784531,0.6369338856343861,0.6475535168195719,0.3669596670595514,0.2033911920816409,0.7292418772563177,0.5,16.63184881997715,0.7810461760461763,39818.0,2772.0,0.3928571428571428,0.289
online_retail_ii,temporal,7,2011-09-01,natural,dirichlet@1.0,rf,ok,0.7551215716829071,0.6248208054350186,0.6518987341772152,0.3824302261057727,0.2057167946628835,0.6823104693140795,0.5,16.681292895145216,0.7844678932178931,39818.0,2772.0,0.3928571428571428,48.878
online_retail_ii,temporal,7,2011-09-01,natural,dirichlet@1.0,hgb,ok,0.7629009808559315,0.6332986182555201,0.6551591868047564,0.3823584396870575,0.2043075466394642,0.7111913357400722,0.5,16.668431961737458,0.7837914862914862,39818.0,2772.0,0.3928571428571428,3.29
online_retail_ii,temporal,7,2011-09-01,natural,dirichlet@1.0,xgb,ok,0.7655554082389279,0.6427429485515759,0.653635652853792,0.3831547295523084,0.2017706534630752,0.7148014440433214,0.5,16.799137333012016,0.7602687590187591,39818.0,2772.0,0.3928571428571428,2.656
online_retail_ii,temporal,7,2011-09-01,natural,dirichlet@1.0,lgbm,ok,0.7631104978374466,0.6385824127086364,0.6499429874572406,0.3705232111888049,0.2047568730586862,0.703971119133574,0.5,16.79842449942729,0.7690205627705626,39818.0,2772.0,0.3928571428571428,3.112
online_retail_ii,temporal,7,2011-09-01,natural,easy_ensemble,lr,ok,0.7620612760784531,0.6369338856343861,0.6475535168195719,0.3669596670595514,0.2033911920815912,0.7292418772563177,0.5,16.63184881997715,0.7810461760461763,39818.0,2772.0,0.3928571428571428,1.399
online_retail_ii,temporal,7,2011-09-01,natural,easy_ensemble,rf,ok,0.7559901941687714,0.6249228024668434,0.6487341772151899,0.3765166287947349,0.2053205800973398,0.6714801444043321,0.5,16.656512456265954,0.77744227994228,39818.0,2772.0,0.3928571428571428,409.61
online_retail_ii,temporal,7,2011-09-01,natural,easy_ensemble,hgb,ok,0.7629009808559315,0.6332986182555201,0.6551591868047564,0.3823584396870575,0.2043075466394642,0.7111913357400722,0.5,16.668431961737458,0.7837914862914862,39818.0,2772.0,0.3928571428571428,30.962
online_retail_ii,temporal,7,2011-09-01,natural,easy_ensemble,xgb,ok,0.7676972283194936,0.6477501785550899,0.6592564200843235,0.3901512948962704,0.2021478593686358,0.740072202166065,0.5,16.797841832486885,0.7703481240981239,39818.0,2772.0,0.3928571428571428,24.369
online_retail_ii,temporal,7,2011-09-01,natural,easy_ensemble,lgbm,ok,0.7658767767340121,0.6492773452012799,0.6529662659945715,0.3802150143807387,0.2023337142843114,0.740072202166065,0.5,16.768930951098653,0.7704292929292929,39818.0,2772.0,0.3928571428571428,28.011
online_retail_ii,random,7,2011-09-01,natural,none,lr,ok,0.7708956114357055,0.7416294492806258,0.7367055771725033,0.4162312607699687,0.1939484495035729,0.8122743682310469,0.5,24.23098002102772,0.8751244588744589,39818.0,2772.0,0.5155122655122655,0.229
online_retail_ii,random,7,2011-09-01,natural,none,rf,ok,0.8361060929673443,0.8226434817851074,0.7737771739130435,0.5190950214986422,0.1666035096800631,0.8953068592057761,0.5,24.649771680809994,0.8066251803751804,39818.0,2772.0,0.5155122655122655,46.477
online_retail_ii,random,7,2011-09-01,natural,none,hgb,ok,0.8070434416957116,0.7946377858437192,0.7495831943981327,0.4583095487148367,0.1795565707918439,0.8880866425992779,0.5,24.48570622744513,0.8398917748917748,39818.0,2772.0,0.5155122655122655,3.283
online_retail_ii,random,7,2011-09-01,natural,none,xgb,ok,0.7991711942857946,0.7857397262569785,0.7403942532576011,0.4392567527049342,0.1823543221504649,0.855595667870036,0.5,24.45474291262328,0.8561417748917748,39818.0,2772.0,0.5155122655122655,2.616
online_retail_ii,random,7,2011-09-01,natural,none,lgbm,ok,0.8104402633044785,0.7973320271405541,0.7543507362784472,0.470449869260116,0.1778476904081347,0.8808664259927798,0.5,24.553242808333483,0.8322240259740261,39818.0,2772.0,0.5155122655122655,2.942
online_retail_ii,random,7,2011-09-01,natural,class_weight,lr,ok,0.770918538288104,0.7416029890689084,0.7347208457218368,0.4210443305485475,0.1942920989820416,0.8122743682310469,0.5,24.236349257974386,0.8745544733044736,39818.0,2772.0,0.5155122655122655,0.236
online_retail_ii,random,7,2011-09-01,natural,class_weight,rf,ok,0.8362433935493216,0.824019891635364,0.7695994522423828,0.5138087480905674,0.1664933574592502,0.9061371841155236,0.5,24.68716737125835,0.7964303751803752,39818.0,2772.0,0.5155122655122655,47.103
online_retail_ii,random,7,2011-09-01,natural,class_weight,hgb,ok,0.8069704926198984,0.7939805248690431,0.7479564032697548,0.4653810018472019,0.1798678753779103,0.8808664259927798,0.5,24.47779747990071,0.8359325396825397,39818.0,2772.0,0.5155122655122655,3.178
online_retail_ii,random,7,2011-09-01,natural,class_weight,xgb,ok,0.8014292287146321,0.789107824897542,0.7402110997616616,0.4487209796053645,0.1818541958990182,0.8700361010830325,0.5,24.480582405368395,0.8570328282828283,39818.0,2772.0,0.5155122655122655,2.576
online_retail_ii,random,7,2011-09-01,natural,class_weight,lgbm,ok,0.8100093426923525,0.7961408468813965,0.7516096238563199,0.4705921458266036,0.1783557345732556,0.8772563176895307,0.5,24.53431648907307,0.8348394660894661,39818.0,2772.0,0.5155122655122655,2.955
online_retail_ii,random,7,2011-09-01,natural,threshold,lr,ok,0.7708956114357055,0.7416294492806258,0.7394444444444445,0.3710605711541588,0.1939484495035729,0.8122743682310469,0.3158544117185378,24.23098002102772,0.8751244588744589,39818.0,2772.0,0.5155122655122655,0.621
online_retail_ii,random,7,2011-09-01,natural,threshold,rf,ok,0.8348383422426734,0.8220551431707348,0.7841269841269841,0.5174651709712179,0.167024231261149,0.8953068592057761,0.4281852380952382,24.647562154224453,0.8097907647907648,39818.0,2772.0,0.5155122655122655,83.575
online_retail_ii,random,7,2011-09-01,natural,threshold,hgb,ok,0.8070434416957116,0.7946377858437192,0.7629918894562931,0.4516376164272645,0.1795565707918439,0.8880866425992779,0.3974959078733415,24.48570622744513,0.8398917748917748,39818.0,2772.0,0.5155122655122655,6.174
online_retail_ii,random,7,2011-09-01,natural,threshold,xgb,ok,0.8002982575071113,0.7853449104729509,0.7599177196591242,0.4390303757435115,0.1820237609953374,0.8628158844765343,0.3664361640810967,24.462337801134552,0.8546861471861472,39818.0,2772.0,0.5155122655122655,5.121
online_retail_ii,random,7,2011-09-01,natural,threshold,lgbm,ok,0.8136265747230409,0.7987080359755334,0.7685538281020827,0.4622435999767075,0.1766455445511793,0.8808664259927798,0.3587774184744147,24.517830930869017,0.8337554112554112,39818.0,2772.0,0.5155122655122655,5.817
online_retail_ii,random,7,2011-09-01,natural,ros@1.0,lr,ok,0.7710138931514886,0.7420071208530361,0.7343027098479842,0.4202891692792529,0.1942393855924322,0.8158844765342961,0.5,24.227674263686605,0.8747023809523811,41056.0,2772.0,0.5155122655122655,0.256
online_retail_ii,random,7,2011-09-01,natural,ros@1.0,rf,ok,0.8343175379478488,0.8227387211331827,0.7759562841530054,0.5261702140284286,0.1674559125215688,0.8953068592057761,0.5,24.63759010054033,0.8110804473304473,41056.0,2772.0,0.5155122655122655,47.273
online_retail_ii,random,7,2011-09-01,natural,ros@1.0,hgb,ok,0.8050990882928718,0.7880350499728491,0.7478849407783418,0.4619319947310837,0.1807401875416908,0.8628158844765343,0.5,24.5193303659074,0.8386562049062048,41056.0,2772.0,0.5155122655122655,3.181
online_retail_ii,random,7,2011-09-01,natural,ros@1.0,xgb,ok,0.799155301808564,0.7848995775943173,0.7446300715990454,0.4588406315831895,0.182733490805098,0.8628158844765343,0.5,24.45643960782013,0.8510299422799423,41056.0,2772.0,0.5155122655122655,2.626
online_retail_ii,random,7,2011-09-01,natural,ros@1.0,lgbm,ok,0.8134158040004229,0.800970755742522,0.7553444180522565,0.4792513407698273,0.1769672170150202,0.8844765342960289,0.5,24.51944492773289,0.8303066378066378,41056.0,2772.0,0.5155122655122655,2.891
online_retail_ii,random,7,2011-09-01,natural,rus@1.0,lr,ok,0.7709753343542731,0.7419421718830614,0.7343027098479842,0.4202891692792529,0.1943369191507452,0.8122743682310469,0.5,24.233923264519035,0.875748556998557,38580.0,2772.0,0.5155122655122655,0.227
online_retail_ii,random,7,2011-09-01,natural,rus@1.0,rf,ok,0.8330443160424919,0.8226151058080258,0.7682715621752685,0.5166503081779842,0.1682494389338451,0.9133574007220217,0.5,24.6215781657259,0.8164393939393939,38580.0,2772.0,0.5155122655122655,44.719
online_retail_ii,random,7,2011-09-01,natural,rus@1.0,hgb,ok,0.8057204580993534,0.7941150774590565,0.7463398025195778,0.4617648779908764,0.1805301425358475,0.8844765342960289,0.5,24.461347730871648,0.8450955988455988,38580.0,2772.0,0.5155122655122655,3.095
online_retail_ii,random,7,2011-09-01,natural,rus@1.0,xgb,ok,0.7993097975298402,0.7850942362572698,0.7416413373860182,0.4474877242488245,0.1829081952919333,0.8700361010830325,0.5,24.45964943939993,0.8606709956709956,38580.0,2772.0,0.5155122655122655,2.499
online_retail_ii,random,7,2011-09-01,natural,rus@1.0,lgbm,ok,0.8113177364735479,0.7981425566954584,0.7505112474437627,0.471163568927035,0.177897668435262,0.8844765342960289,0.5,24.522867632953467,0.8387067099567099,38580.0,2772.0,0.5155122655122655,3.154
online_retail_ii,random,7,2011-09-01,natural,smote@1.0,lr,ok,0.7708252676840284,0.7415727220769953,0.7347208457218368,0.4210443305485475,0.1943103190414413,0.8122743682310469,0.5,24.23145935206182,0.8743975468975469,41056.0,2772.0,0.5155122655122655,3.594
online_retail_ii,random,7,2011-09-01,natural,smote@1.0,rf,ok,0.8338782802984869,0.8220058024582129,0.7732418524871355,0.5224620938165124,0.1674898134228347,0.8989169675090253,0.5,24.645504647775432,0.80630772005772,41056.0,2772.0,0.5155122655122655,60.603
online_retail_ii,random,7,2011-09-01,natural,smote@1.0,hgb,ok,0.8037344195103345,0.791300161591721,0.7443278022350153,0.4546549540267489,0.1814089556230469,0.8772563176895307,0.5,24.423683667082088,0.8534830447330447,41056.0,2772.0,0.5155122655122655,6.574
online_retail_ii,random,7,2011-09-01,natural,smote@1.0,xgb,ok,0.7972349173877769,0.7776357933512131,0.7388059701492538,0.4437276585115187,0.183400420676503,0.8447653429602888,0.5,24.49862684473633,0.8565530303030303,41056.0,2772.0,0.5155122655122655,5.969
online_retail_ii,random,7,2011-09-01,natural,smote@1.0,lgbm,ok,0.8090057718350914,0.7962165641838659,0.7505922165820643,0.4677364679073521,0.1790164832491224,0.8844765342960289,0.5,24.505032953515627,0.8387554112554111,41056.0,2772.0,0.5155122655122655,6.308
online_retail_ii,random,7,2011-09-01,natural,smote@0.5,lr,error: ValueError: The specified ratio required to remove samples from the minority class while trying to generate new samples. Please increase the ratio.,,,,,,,,,,,,,
online_retail_ii,random,7,2011-09-01,natural,smote@0.5,rf,error: ValueError: The specified ratio required to remove samples from the minority class while trying to generate new samples. Please increase the ratio.,,,,,,,,,,,,,
online_retail_ii,random,7,2011-09-01,natural,smote@0.5,hgb,error: ValueError: The specified ratio required to remove samples from the minority class while trying to generate new samples. Please increase the ratio.,,,,,,,,,,,,,
online_retail_ii,random,7,2011-09-01,natural,smote@0.5,xgb,error: ValueError: The specified ratio required to remove samples from the minority class while trying to generate new samples. Please increase the ratio.,,,,,,,,,,,,,
online_retail_ii,random,7,2011-09-01,natural,smote@0.5,lgbm,error: ValueError: The specified ratio required to remove samples from the minority class while trying to generate new samples. Please increase the ratio.,,,,,,,,,,,,,
online_retail_ii,random,7,2011-09-01,natural,adasyn@1.0,lr,error: ValueError: No samples will be generated with the provided ratio settings.,,,,,,,,,,,,,
online_retail_ii,random,7,2011-09-01,natural,adasyn@1.0,rf,error: ValueError: No samples will be generated with the provided ratio settings.,,,,,,,,,,,,,
online_retail_ii,random,7,2011-09-01,natural,adasyn@1.0,hgb,error: ValueError: No samples will be generated with the provided ratio settings.,,,,,,,,,,,,,
online_retail_ii,random,7,2011-09-01,natural,adasyn@1.0,xgb,error: ValueError: No samples will be generated with the provided ratio settings.,,,,,,,,,,,,,
online_retail_ii,random,7,2011-09-01,natural,adasyn@1.0,lgbm,error: ValueError: No samples will be generated with the provided ratio settings.,,,,,,,,,,,,,
online_retail_ii,random,7,2011-09-01,natural,smote_enn@1.0,lr,ok,0.7698065859467774,0.7403282628624841,0.7294117647058823,0.4186092418177921,0.2205919166838028,0.8050541516245487,0.5,24.20462117385953,0.880463564213564,13324.0,2772.0,0.5155122655122655,18.238
online_retail_ii,random,7,2011-09-01,natural,smote_enn@1.0,rf,ok,0.7797672611842659,0.755578096796066,0.7289591205771213,0.4298257431348725,0.2188952973377861,0.8267148014440433,0.5,24.17392118164109,0.8393560606060604,13382.0,2772.0,0.5155122655122655,30.363
online_retail_ii,random,7,2011-09-01,natural,smote_enn@1.0,hgb,ok,0.7837948317664046,0.7620272065979481,0.7326664367023111,0.4399768531370726,0.2283974556507032,0.8303249097472925,0.5,24.207570923644024,0.858428932178932,13401.0,2772.0,0.5155122655122655,21.101
online_retail_ii,random,7,2011-09-01,natural,smote_enn@1.0,xgb,ok,0.7824012438859556,0.7637636073513465,0.7263922518159807,0.4284422595880756,0.226795882069935,0.8447653429602888,0.5,24.134320603357484,0.8540007215007216,13417.0,2772.0,0.5155122655122655,19.823
online_retail_ii,random,7,2011-09-01,natural,smote_enn@1.0,lgbm,ok,0.7849057419780768,0.7643648201969071,0.7318590186592951,0.4392723405722377,0.2329554844018327,0.8267148014440433,0.5,24.206771917686297,0.8573971861471861,13339.0,2772.0,0.5155122655122655,20.097
online_retail_ii,random,7,2011-09-01,natural,dirichlet@1.0,lr,ok,0.7708956114357055,0.7416294492806258,0.7367055771725033,0.4162312607699687,0.1939484495035729,0.8122743682310469,0.5,24.23098002102772,0.8751244588744589,39818.0,2772.0,0.5155122655122655,0.254
online_retail_ii,random,7,2011-09-01,natural,dirichlet@1.0,rf,ok,0.8361011428514856,0.8252622519519898,0.7736233854520734,0.5190702335169312,0.166452910712851,0.9133574007220217,0.5,24.63892033406325,0.8173611111111109,39818.0,2772.0,0.5155122655122655,48.226
online_retail_ii,random,7,2011-09-01,natural,dirichlet@1.0,hgb,ok,0.8070434416957116,0.7946377858437192,0.7495831943981327,0.4583095487148367,0.1795565707918439,0.8880866425992779,0.5,24.48570622744513,0.8398917748917748,39818.0,2772.0,0.5155122655122655,3.101
online_retail_ii,random,7,2011-09-01,natural,dirichlet@1.0,xgb,ok,0.7992326799354089,0.7854546430818266,0.7482494164721574,0.4553963705854726,0.182343471655752,0.855595667870036,0.5,24.4524640440269,0.8510263347763349,39818.0,2772.0,0.5155122655122655,2.581
online_retail_ii,random,7,2011-09-01,natural,dirichlet@1.0,lgbm,ok,0.8130012969303549,0.7987694033141739,0.7561955793703952,0.4747738827430054,0.1768127721197804,0.8628158844765343,0.5,24.56004527291938,0.8251082251082249,39818.0,2772.0,0.5155122655122655,2.861
online_retail_ii,random,7,2011-09-01,natural,easy_ensemble,lr,ok,0.7708956114357055,0.7416294492806258,0.7367055771725033,0.4162312607699687,0.1939484495042799,0.8122743682310469,0.5,24.23098002102772,0.8751244588744589,39818.0,2772.0,0.5155122655122655,1.267
online_retail_ii,random,7,2011-09-01,natural,easy_ensemble,rf,ok,0.8357858986310064,0.8235903023990483,0.7759674134419552,0.523471481659305,0.1666835313775974,0.8989169675090253,0.5,24.63537553551189,0.8124007936507937,39818.0,2772.0,0.5155122655122655,328.437
online_retail_ii,random,7,2011-09-01,natural,easy_ensemble,hgb,ok,0.8070434416957116,0.7946377858437192,0.7495831943981327,0.4583095487148367,0.1795565707918439,0.8880866425992779,0.5,24.48570622744513,0.8398917748917748,39818.0,2772.0,0.5155122655122655,29.262
online_retail_ii,random,7,2011-09-01,natural,easy_ensemble,xgb,ok,0.8013257973464254,0.7878524715359736,0.7445742904841403,0.4480310021265416,0.1815458663886064,0.8700361010830325,0.5,24.492637519475064,0.8497276334776334,39818.0,2772.0,0.5155122655122655,24.065
online_retail_ii,random,7,2011-09-01,natural,easy_ensemble,lgbm,ok,0.8134030379121557,0.799019993638888,0.7595865288429476,0.4801583846850669,0.1765801594302861,0.8700361010830325,0.5,24.550433138546733,0.8363059163059162,39818.0,2772.0,0.5155122655122655,26.034
online_retail_ii,temporal,0,2011-02-01,0.1,none,lr,ok,0.7627165106503949,0.2242143816060665,0.0,0.0,0.0843613523991477,0.25,0.5,1.317848165917706,0.2521906693711967,10393.0,1479.0,0.1000676132521974,0.095
online_retail_ii,temporal,0,2011-02-01,0.1,none,rf,ok,0.7032205007411619,0.1955306385227197,0.0129032258064516,0.0098328840005626,0.0877432172778207,0.2229729729729729,0.5,0.9797560464372004,0.2077180527383367,10393.0,1479.0,0.1000676132521974,12.807
online_retail_ii,temporal,0,2011-02-01,0.1,none,hgb,ok,0.7345066704570837,0.2019786902848888,0.0126582278481012,-1.858956454489714e-05,0.0906920091970786,0.1959459459459459,0.5,1.3346502441416428,0.2378532792427316,10393.0,1479.0,0.1000676132521974,2.322
online_retail_ii,temporal,0,2011-02-01,0.1,none,xgb,ok,0.7279986598168416,0.2117627369963471,0.0258064516129032,0.0426609549640666,0.0886050240271443,0.2229729729729729,0.5,1.220312235844835,0.2270993914807302,10393.0,1479.0,0.1000676132521974,1.694
online_retail_ii,temporal,0,2011-02-01,0.1,none,lgbm,ok,0.7353087497715596,0.2083416085497231,0.025,0.0200720583662283,0.090837123981208,0.2229729729729729,0.5,1.3161328664875906,0.2107234617985124,10393.0,1479.0,0.1000676132521974,1.75
online_retail_ii,temporal,0,2011-02-01,0.1,class_weight,lr,ok,0.7645592624931468,0.2361405686865678,0.3117338003502627,0.2327003146863979,0.1543731602258572,0.25,0.5,1.3341092601080893,0.2490432724814063,10393.0,1479.0,0.1000676132521974,0.118
online_retail_ii,temporal,0,2011-02-01,0.1,class_weight,rf,ok,0.7213611996669848,0.201301766198694,0.1022727272727272,0.1024695016407213,0.089844173937296,0.1959459459459459,0.5,1.2119423029796583,0.2166125760649086,10393.0,1479.0,0.1000676132521974,11.928
online_retail_ii,temporal,0,2011-02-01,0.1,class_weight,hgb,ok,0.7386947428269741,0.2016205449138486,0.2445141065830721,0.154227257034425,0.1109899769609703,0.2162162162162162,0.5,1.2884889623084428,0.230446247464503,10393.0,1479.0,0.1000676132521974,2.247
online_retail_ii,temporal,0,2011-02-01,0.1,class_weight,xgb,ok,0.7385830608971105,0.2125038323016544,0.2446483180428134,0.1525824098787525,0.1112392828405941,0.2297297297297297,0.5,1.2643853132528655,0.2147532116294793,10393.0,1479.0,0.1000676132521974,1.476
online_retail_ii,temporal,0,2011-02-01,0.1,class_weight,lgbm,ok,0.7274453266188804,0.1977294160121794,0.2064056939501779,0.1235807328734958,0.1072570932882732,0.2094594594594594,0.5,1.1915206921283945,0.2190466531440161,10393.0,1479.0,0.1000676132521974,1.726
online_retail_ii,temporal,0,2011-02-01,0.1,threshold,lr,ok,0.7627165106503949,0.2242143816060665,0.2307692307692307,0.1486566972215663,0.0843613523991477,0.25,0.1813894386302697,1.317848165917706,0.2521906693711967,10393.0,1479.0,0.1000676132521974,0.422
online_retail_ii,temporal,0,2011-02-01,0.1,threshold,rf,ok,0.7041520295652527,0.1893275619386801,0.270509977827051,0.1712662456043217,0.0882017739501396,0.1959459459459459,0.145642678475577,0.9951365180921254,0.2273563218390805,10393.0,1479.0,0.1000676132521974,23.069
online_retail_ii,temporal,0,2011-02-01,0.1,threshold,hgb,ok,0.7345066704570837,0.2019786902848888,0.1890909090909091,0.1068880708894016,0.0906920091970786,0.1959459459459459,0.1726031704634288,1.3346502441416428,0.2378532792427316,10393.0,1479.0,0.1000676132521974,4.59
online_retail_ii,temporal,0,2011-02-01,0.1,threshold,xgb,ok,0.7298870997218104,0.2219207929375118,0.2525597269624573,0.1704039330776237,0.0879075142682968,0.25,0.1698078987002372,1.2323199207968678,0.2155679513184583,10393.0,1479.0,0.1000676132521974,2.927
online_retail_ii,temporal,0,2011-02-01,0.1,threshold,lgbm,ok,0.7329278940849189,0.2089618694391437,0.2877358490566037,0.1930477231064101,0.091110429611156,0.2297297297297297,0.07274302675043,1.2363896147025148,0.2353245436105476,10393.0,1479.0,0.1000676132521974,3.461
online_retail_ii,temporal,0,2011-02-01,0.1,ros@1.0,lr,ok,0.765031372469389,0.233745332219989,0.315424610051993,0.23867563936033,0.1564095562610807,0.2567567567567567,0.5,1.3667308887844805,0.2482521974306964,18706.0,1479.0,0.1000676132521974,0.142
online_retail_ii,temporal,0,2011-02-01,0.1,ros@1.0,rf,ok,0.7126246268808253,0.1978663677373219,0.1188118811881188,0.0792405705914234,0.0940711343920616,0.2162162162162162,0.5,1.1499990587284123,0.2113894523326572,18706.0,1479.0,0.1000676132521974,16.856
online_retail_ii,temporal,0,2011-02-01,0.1,ros@1.0,hgb,ok,0.733308627936727,0.2079983668578451,0.2265372168284789,0.1366435823300301,0.1076777377877701,0.2229729729729729,0.5,1.228689140897606,0.2234246112237998,18706.0,1479.0,0.1000676132521974,2.776
online_retail_ii,temporal,0,2011-02-01,0.1,ros@1.0,xgb,ok,0.7456393282839564,0.2252877838987945,0.2738095238095238,0.1838959403319056,0.1079885934172229,0.2364864864864864,0.5,1.429825905401471,0.2125693035835024,18706.0,1479.0,0.1000676132521974,1.962
online_retail_ii,temporal,0,2011-02-01,0.1,ros@1.0,lgbm,ok,0.7360600645724612,0.2015070668965214,0.2152777777777778,0.1307678593784948,0.10551102307805,0.2162162162162162,0.5,1.3163529183526064,0.2305138607167004,18706.0,1479.0,0.1000676132521974,2.156
online_retail_ii,temporal,0,2011-02-01,0.1,rus@1.0,lr,ok,0.7627977338721141,0.2273769542074737,0.3177570093457944,0.2372012471232243,0.1485103154055862,0.2162162162162162,0.5,1.3676439874275863,0.2516159567275186,2080.0,1479.0,0.1000676132521974,0.076
online_retail_ii,temporal,0,2011-02-01,0.1,rus@1.0,rf,ok,0.7335776798586715,0.2158037006668487,0.3123809523809523,0.2288972513989561,0.165969694312606,0.2229729729729729,0.5,1.2191458158386448,0.2115821501014198,2080.0,1479.0,0.1000676132521974,3.055
online_retail_ii,temporal,0,2011-02-01,0.1,rus@1.0,hgb,ok,0.7377149877149877,0.2334311808182038,0.316,0.231607735311563,0.1572720172619331,0.2702702702702703,0.5,1.2793025484993574,0.2042934415145369,2080.0,1479.0,0.1000676132521974,1.665
online_retail_ii,temporal,0,2011-02-01,0.1,rus@1.0,xgb,ok,0.7137896724673582,0.2049528484052546,0.3049327354260089,0.2144615496427811,0.148695957584266,0.2432432432432432,0.5,1.0430159459807733,0.1971162947937795,2080.0,1479.0,0.1000676132521974,0.878
online_retail_ii,temporal,0,2011-02-01,0.1,rus@1.0,lgbm,ok,0.7039819684447783,0.1954961901483917,0.3018867924528302,0.2117049573975397,0.1626241345585575,0.2297297297297297,0.5,1.0057721618036042,0.2012812711291413,2080.0,1479.0,0.1000676132521974,0.99
online_retail_ii,temporal,0,2011-02-01,0.1,smote@1.0,lr,ok,0.763609966089305,0.2344777158738533,0.3150442477876106,0.2367119541387895,0.1535834700788454,0.2567567567567567,0.5,1.313930388536274,0.2515686274509804,18706.0,1479.0,0.1000676132521974,0.16
online_retail_ii,temporal,0,2011-02-01,0.1,smote@1.0,rf,ok,0.7100178691087781,0.1897249016884497,0.1962264150943396,0.1193060654394746,0.1082459986173727,0.2364864864864864,0.5,0.8913093557211471,0.2054631507775523,18706.0,1479.0,0.1000676132521974,26.324
online_retail_ii,temporal,0,2011-02-01,0.1,smote@1.0,hgb,ok,0.7375271590147623,0.2102413491013502,0.1970802919708029,0.1161501027216216,0.1021150036117003,0.2364864864864864,0.5,1.2401273720121335,0.2389587559161595,18706.0,1479.0,0.1000676132521974,2.995
online_retail_ii,temporal,0,2011-02-01,0.1,smote@1.0,xgb,ok,0.7362428168213293,0.2097722868542858,0.2413793103448276,0.1590015050552284,0.1038717962303817,0.2364864864864864,0.5,1.2444076524513004,0.2213590263691683,18706.0,1479.0,0.1000676132521974,1.796
online_retail_ii,temporal,0,2011-02-01,0.1,smote@1.0,lgbm,ok,0.7497411009807704,0.2145184281810561,0.1401869158878504,0.0916122916470202,0.094309763388692,0.2432432432432432,0.5,1.369366681142062,0.2408958755916159,18706.0,1479.0,0.1000676132521974,2.529
online_retail_ii,temporal,0,2011-02-01,0.1,smote@0.5,lr,ok,0.7624576116311653,0.2245736534777956,0.2253521126760563,0.1433974928007517,0.1040850183851439,0.2432432432432432,0.5,1.313779819160867,0.2478769438810006,14029.0,1479.0,0.1000676132521974,0.121
online_retail_ii,temporal,0,2011-02-01,0.1,smote@0.5,rf,ok,0.7033220297683108,0.1830260463849339,0.1572052401746725,0.0979821737498959,0.1007620056400948,0.2162162162162162,0.5,0.8344284804952018,0.1983874239350913,14029.0,1479.0,0.1000676132521974,19.894
online_retail_ii,temporal,0,2011-02-01,0.1,smote@0.5,hgb,ok,0.7352173736471258,0.2116303980479026,0.1397379912663755,0.0781768389164811,0.0967598584621805,0.2229729729729729,0.5,1.3541248099152892,0.2386342123056118,14029.0,1479.0,0.1000676132521974,2.603
online_retail_ii,temporal,0,2011-02-01,0.1,smote@0.5,xgb,ok,0.7355676487907893,0.2106593256608486,0.1652173913043478,0.10627813096564,0.094859630966059,0.2364864864864864,0.5,1.2380482027747934,0.2330290736984448,14029.0,1479.0,0.1000676132521974,1.579
online_retail_ii,temporal,0,2011-02-01,0.1,smote@0.5,lgbm,ok,0.7474719272239935,0.2128680661831773,0.1111111111111111,0.0747573077922987,0.0919114430141288,0.2162162162162162,0.5,1.4650654444856572,0.2334279918864097,14029.0,1479.0,0.1000676132521974,2.083
online_retail_ii,temporal,0,2011-02-01,0.1,adasyn@1.0,lr,ok,0.7639805470383982,0.2429073066197283,0.3140495867768595,0.2402367125543592,0.1622077321959936,0.2702702702702703,0.5,1.3052887910800353,0.2449797160243407,19009.0,1479.0,0.1000676132521974,0.278
online_retail_ii,temporal,0,2011-02-01,0.1,adasyn@1.0,rf,ok,0.7040149653786018,0.1869956480442215,0.1992337164750957,0.1246164196709016,0.1093332182087031,0.2432432432432432,0.5,0.8649274499522283,0.1987254901960784,19009.0,1479.0,0.1000676132521974,29.19
online_retail_ii,temporal,0,2011-02-01,0.1,adasyn@1.0,hgb,ok,0.741131439478547,0.2050914308283562,0.1978798586572438,0.1133642963102138,0.1028627467998053,0.2297297297297297,0.5,1.235056050377397,0.2357606490872211,19009.0,1479.0,0.1000676132521974,3.154
online_retail_ii,temporal,0,2011-02-01,0.1,adasyn@1.0,xgb,ok,0.7329025118281317,0.2006765796904098,0.2392026578073089,0.1530678787201652,0.1042951121813552,0.2364864864864864,0.5,1.2363142851361166,0.2277789046653144,19009.0,1479.0,0.1000676132521974,2.027
online_retail_ii,temporal,0,2011-02-01,0.1,adasyn@1.0,lgbm,ok,0.7319582918756473,0.2021183554700362,0.1739130434782608,0.1161237529949655,0.0957720076535681,0.25,0.5,1.2285998988174318,0.2410716700473293,19009.0,1479.0,0.1000676132521974,2.685
online_retail_ii,temporal,0,2011-02-01,0.1,smote_enn@1.0,lr,ok,0.7624677645338802,0.2369099960970349,0.3134535367545076,0.2574304366091437,0.2072663911104495,0.2837837837837837,0.5,1.324072361417861,0.2412373225152129,14174.0,1479.0,0.1000676132521974,3.914
online_retail_ii,temporal,0,2011-02-01,0.1,smote_enn@1.0,rf,ok,0.7180361240278595,0.194663070146872,0.2784090909090909,0.186781838178677,0.1357482228414754,0.2162162162162162,0.5,1.0575335670428825,0.2172143340094658,14198.0,1479.0,0.1000676132521974,23.931
online_retail_ii,temporal,0,2011-02-01,0.1,smote_enn@1.0,hgb,ok,0.739105935386927,0.217577240772398,0.2670299727520436,0.1718196730549736,0.1293543018956202,0.2027027027027027,0.5,1.3024260284124745,0.2154631507775524,14130.0,1479.0,0.1000676132521974,6.545
online_retail_ii,temporal,0,2011-02-01,0.1,smote_enn@1.0,xgb,ok,0.7370550490385201,0.2175970628261959,0.2964959568733153,0.2058014799344767,0.130047255609609,0.1959459459459459,0.5,1.3363126482508352,0.2203887762001352,14125.0,1479.0,0.1000676132521974,5.475
online_retail_ii,temporal,0,2011-02-01,0.1,smote_enn@1.0,lgbm,ok,0.7425629987613458,0.2110664135606342,0.2559523809523809,0.163603816799136,0.1262350767715336,0.1959459459459459,0.5,1.3881174574728274,0.2302636916835699,14080.0,1479.0,0.1000676132521974,5.991
online_retail_ii,temporal,0,2011-02-01,0.1,dirichlet@1.0,lr,ok,0.7601529027148862,0.2295109354675,0.3065953654188948,0.224352437948653,0.1519063300112148,0.2432432432432432,0.5,1.220499937520402,0.2397532116294793,18706.0,1479.0,0.1000676132521974,0.141
online_retail_ii,temporal,0,2011-02-01,0.1,dirichlet@1.0,rf,ok,0.7014894308282738,0.1820850422636564,0.1441441441441441,0.0888259736806465,0.1014671420706576,0.2229729729729729,0.5,0.7950675096432915,0.2054090601757944,18706.0,1479.0,0.1000676132521974,24.795
online_retail_ii,temporal,0,2011-02-01,0.1,dirichlet@1.0,hgb,ok,0.734905171888643,0.2068008430073963,0.0490797546012269,0.0561947714487763,0.0897450703448855,0.2229729729729729,0.5,1.3494471633705372,0.2415686274509804,18706.0,1479.0,0.1000676132521974,3.057
online_retail_ii,temporal,0,2011-02-01,0.1,dirichlet@1.0,xgb,ok,0.7410908278676873,0.2112607801152132,0.1728395061728395,0.1056266827374128,0.0988223427013709,0.2297297297297297,0.5,1.4226195361455058,0.2304022988505747,18706.0,1479.0,0.1000676132521974,1.994
online_retail_ii,temporal,0,2011-02-01,0.1,dirichlet@1.0,lgbm,ok,0.7402379840396369,0.2228087293078995,0.0748663101604278,0.0435538806582253,0.0928639932819496,0.2364864864864864,0.5,1.4225210744802237,0.2164300202839756,18706.0,1479.0,0.1000676132521974,2.614
online_retail_ii,temporal,0,2011-02-01,0.1,easy_ensemble,lr,ok,0.7628484983856885,0.2275776634806383,0.3119584055459272,0.233710573737112,0.156612338116324,0.2364864864864864,0.5,1.2967330447980183,0.2493002028397565,10393.0,1479.0,0.1000676132521974,0.242
online_retail_ii,temporal,0,2011-02-01,0.1,easy_ensemble,rf,ok,0.7458017747273946,0.2106581209989002,0.3326810176125244,0.2548431185563605,0.1582372967698643,0.2432432432432432,0.5,1.4186799036722204,0.2087829614604462,10393.0,1479.0,0.1000676132521974,30.977
online_retail_ii,temporal,0,2011-02-01,0.1,easy_ensemble,hgb,ok,0.7366337035758524,0.213909460371507,0.3269639065817409,0.2436483071973034,0.1399897995659354,0.277027027027027,0.5,1.3038237475133234,0.2132386747802569,10393.0,1479.0,0.1000676132521974,16.181
online_retail_ii,temporal,0,2011-02-01,0.1,easy_ensemble,xgb,ok,0.7301307693869676,0.2136087316824299,0.316017316017316,0.2290826159022149,0.1447015252887966,0.2702702702702703,0.5,1.257886824020395,0.217866801893171,10393.0,1479.0,0.1000676132521974,8.06
online_retail_ii,temporal,0,2011-02-01,0.1,easy_ensemble,lgbm,ok,0.7238613519605255,0.203397800972905,0.3113006396588486,0.2234262921462947,0.1481699675546013,0.2094594594594594,0.5,1.3114295642776277,0.2069269776876267,10393.0,1479.0,0.1000676132521974,9.389
online_retail_ii,random,0,2011-02-01,0.1,none,lr,ok,0.7099163400816294,0.2087318882436978,0.0134228187919463,0.0780047327041839,0.0852922410785955,0.2162162162162162,0.5,0.8350054811831368,0.1955679513184584,10393.0,1479.0,0.1000676132521974,0.101
online_retail_ii,random,0,2011-02-01,0.1,none,rf,ok,0.7448194813897293,0.2438858369224559,0.0606060606060606,0.0697288954369099,0.08411371629067,0.277027027027027,0.5,1.370461624152446,0.1665956727518593,10393.0,1479.0,0.1000676132521974,13.183
online_retail_ii,random,0,2011-02-01,0.1,none,hgb,ok,0.7404664243507219,0.2416407139688295,0.0384615384615384,0.0675636102525917,0.0842785549417231,0.2837837837837837,0.5,1.3103984804171578,0.2017139959432048,10393.0,1479.0,0.1000676132521974,2.235
online_retail_ii,random,0,2011-02-01,0.1,none,xgb,ok,0.7327349889333361,0.2434393506381799,0.0496894409937888,0.0651526351628951,0.0843559134485671,0.2905405405405405,0.5,1.1467889631155648,0.1798985801217038,10393.0,1479.0,0.1000676132521974,1.448
online_retail_ii,random,0,2011-02-01,0.1,none,lgbm,ok,0.7413294210814871,0.2502984612757022,0.0941176470588235,0.1079254257644042,0.0849061931709287,0.2635135135135135,0.5,1.4087390135569686,0.2217714672075726,10393.0,1479.0,0.1000676132521974,1.718
online_retail_ii,random,0,2011-02-01,0.1,class_weight,lr,ok,0.7048195829187565,0.1968470932171217,0.2617046818727491,0.182789329250912,0.2208941291902484,0.2027027027027027,0.5,0.8575546590099242,0.2080527383367139,10393.0,1479.0,0.1000676132521974,0.157
online_retail_ii,random,0,2011-02-01,0.1,class_weight,rf,ok,0.7462992669604238,0.241452754233282,0.1522842639593908,0.1271045568813205,0.0890084380254186,0.2972972972972973,0.5,1.3014322222374854,0.1907369844489519,10393.0,1479.0,0.1000676132521974,12.405
online_retail_ii,random,0,2011-02-01,0.1,class_weight,hgb,ok,0.7299327877840275,0.234304188644455,0.3010309278350515,0.2109798430035123,0.1464762221344539,0.277027027027027,0.5,1.138556197443954,0.1849357674104124,10393.0,1479.0,0.1000676132521974,2.29
online_retail_ii,random,0,2011-02-01,0.1,class_weight,xgb,ok,0.723500923914147,0.2315814003035848,0.3067484662576687,0.2186645530800451,0.1514393556326159,0.2702702702702703,0.5,1.0695502310387048,0.1897227856659905,10393.0,1479.0,0.1000676132521974,1.567
online_retail_ii,random,0,2011-02-01,0.1,class_weight,lgbm,ok,0.7327502182874084,0.2464542628189825,0.330188679245283,0.245095650883231,0.1313751235055763,0.2364864864864864,0.5,1.2945936498599582,0.1791176470588235,10393.0,1479.0,0.1000676132521974,1.716
online_retail_ii,random,0,2011-02-01,0.1,threshold,lr,ok,0.7099163400816294,0.2087318882436978,0.2625482625482625,0.1611360567231084,0.0852922410785955,0.2162162162162162,0.1628128427259074,0.8350054811831368,0.1955679513184584,10393.0,1479.0,0.1000676132521974,0.451
online_retail_ii,random,0,2011-02-01,0.1,threshold,rf,ok,0.7460733648750177,0.2482358936186631,0.3146067415730337,0.2327826871017322,0.0838347716778962,0.2972972972972973,0.1411478869143285,1.278027437859944,0.1777822853279242,10393.0,1479.0,0.1000676132521974,23.88
online_retail_ii,random,0,2011-02-01,0.1,threshold,hgb,ok,0.7404664243507219,0.2416407139688295,0.3061728395061728,0.2157470195684077,0.0842785549417231,0.2837837837837837,0.1680470370990735,1.3103984804171578,0.2017139959432048,10393.0,1479.0,0.1000676132521974,4.86
online_retail_ii,random,0,2011-02-01,0.1,threshold,xgb,ok,0.7251406177026012,0.2278020529499793,0.2965403624382207,0.2146222363297129,0.0854761363627981,0.2432432432432432,0.1094658933579921,1.124528772428363,0.1935632183908046,10393.0,1479.0,0.1000676132521974,3.051
online_retail_ii,random,0,2011-02-01,0.1,threshold,lgbm,ok,0.7398978617986883,0.251614280230125,0.3378640776699029,0.262250634893328,0.0849189480871039,0.2635135135135135,0.1127042092201441,1.4580497425671302,0.187866801893171,10393.0,1479.0,0.1000676132521974,3.479
online_retail_ii,random,0,2011-02-01,0.1,ros@1.0,lr,ok,0.7048957296891182,0.1990198081952629,0.2626506024096385,0.1842026974102614,0.2206029186600278,0.1959459459459459,0.5,0.8436169593651741,0.2072481406355645,18706.0,1479.0,0.1000676132521974,0.162
online_retail_ii,random,0,2011-02-01,0.1,ros@1.0,rf,ok,0.7518249842630008,0.2400960272953737,0.2601626016260163,0.2010304021270285,0.0962566112711758,0.2837837837837837,0.5,1.3529238929224272,0.2075152129817443,18706.0,1479.0,0.1000676132521974,18.021
online_retail_ii,random,0,2011-02-01,0.1,ros@1.0,hgb,ok,0.7289403415436473,0.238812698152684,0.2937365010799136,0.2007501581667057,0.14242596632665,0.2635135135135135,0.5,1.0808640900615452,0.173313049357674,18706.0,1479.0,0.1000676132521974,2.868
online_retail_ii,random,0,2011-02-01,0.1,ros@1.0,xgb,ok,0.729653582959368,0.2415111435932567,0.2943548387096774,0.2027790758913592,0.1509914921921273,0.2837837837837837,0.5,1.059110898565866,0.166524678837052,18706.0,1479.0,0.1000676132521974,1.882
online_retail_ii,random,0,2011-02-01,0.1,ros@1.0,lgbm,ok,0.7283286291550755,0.2301307998106012,0.2997542997542997,0.2079739204257456,0.1280994873036597,0.2567567567567567,0.5,1.079593389357962,0.1881068289384719,18706.0,1479.0,0.1000676132521974,2.167
online_retail_ii,random,0,2011-02-01,0.1,rus@1.0,lr,ok,0.6973064349097408,0.1861945022810578,0.2637889688249401,0.1868371102070085,0.2209483028974187,0.1824324324324324,0.5,0.7584845616237403,0.2015145368492224,2080.0,1479.0,0.1000676132521974,0.085
online_retail_ii,random,0,2011-02-01,0.1,rus@1.0,rf,ok,0.7220389059232034,0.2001971750695187,0.2789400278940028,0.199416411160627,0.2242735576019571,0.2229729729729729,0.5,1.100621868529763,0.1908620689655172,2080.0,1479.0,0.1000676132521974,3.132
online_retail_ii,random,0,2011-02-01,0.1,rus@1.0,hgb,ok,0.6947174447174449,0.1863331640955998,0.2590529247910863,0.1664815995276459,0.2389975157732269,0.2027027027027027,0.5,0.6947976752212895,0.1969033130493576,2080.0,1479.0,0.1000676132521974,1.754
online_retail_ii,random,0,2011-02-01,0.1,rus@1.0,xgb,ok,0.7059059435092493,0.1947278753803934,0.2780748663101604,0.2017113326159718,0.234337117022672,0.2229729729729729,0.5,0.8932515879654082,0.1892596348884381,2080.0,1479.0,0.1000676132521974,0.963
online_retail_ii,random,0,2011-02-01,0.1,rus@1.0,lgbm,ok,0.6997329786585984,0.1798690555200483,0.2676258992805755,0.1785771401011144,0.2371488794072006,0.2297297297297297,0.5,0.7706946727238366,0.1779377958079783,2080.0,1479.0,0.1000676132521974,1.112
online_retail_ii,random,0,2011-02-01,0.1,smote@1.0,lr,ok,0.7100940158791398,0.2049915271924479,0.2655298416565164,0.1884669153796172,0.2186900422972498,0.2229729729729729,0.5,0.8526764267713696,0.1888607167004733,18706.0,1479.0,0.1000676132521974,0.177
online_retail_ii,random,0,2011-02-01,0.1,smote@1.0,rf,ok,0.7327019919995126,0.2241049440411605,0.2786377708978328,0.1917503917632988,0.1170304230485971,0.2702702702702703,0.5,1.0453197322936705,0.1942055442866802,18706.0,1479.0,0.1000676132521974,28.604
online_retail_ii,random,0,2011-02-01,0.1,smote@1.0,hgb,ok,0.7088553617479237,0.2203852918156659,0.2480211081794195,0.1482344008960233,0.1271199903765901,0.2297297297297297,0.5,0.8494690801815197,0.1842156862745098,18706.0,1479.0,0.1000676132521974,3.209
online_retail_ii,random,0,2011-02-01,0.1,smote@1.0,xgb,ok,0.7090685727049364,0.2052102687571953,0.2710280373831775,0.1724276006436318,0.134501931271519,0.2297297297297297,0.5,0.886878693738546,0.1913353617308993,18706.0,1479.0,0.1000676132521974,1.912
online_retail_ii,random,0,2011-02-01,0.1,smote@1.0,lgbm,ok,0.710621966820314,0.2180863938911971,0.2247191011235955,0.1498617601278918,0.1032311970748788,0.2635135135135135,0.5,0.9727482820318296,0.1742156862745097,18706.0,1479.0,0.1000676132521974,2.555
online_retail_ii,random,0,2011-02-01,0.1,smote@0.5,lr,ok,0.7111803764696327,0.2093042592975977,0.2415458937198067,0.1371699569305564,0.1378566514791385,0.2297297297297297,0.5,0.8439477526470657,0.185973630831643,14029.0,1479.0,0.1000676132521974,0.123
online_retail_ii,random,0,2011-02-01,0.1,smote@0.5,rf,ok,0.7292246228196642,0.2249603789497553,0.2397003745318352,0.1664284350086118,0.103217752966169,0.277027027027027,0.5,1.0835845253179102,0.182684246112238,14029.0,1479.0,0.1000676132521974,19.139
online_retail_ii,random,0,2011-02-01,0.1,smote@0.5,hgb,ok,0.7190387231709546,0.2121108691714065,0.2509225092250922,0.1769942462782509,0.1042115561936291,0.2702702702702703,0.5,0.9789244522501286,0.1801588911426639,14029.0,1479.0,0.1000676132521974,2.762
online_retail_ii,random,0,2011-02-01,0.1,smote@0.5,xgb,ok,0.7107641074583224,0.2210186749937789,0.2422145328719723,0.1602724273328185,0.1086429906974806,0.2432432432432432,0.5,0.936468855601706,0.1559634888438134,14029.0,1479.0,0.1000676132521974,1.614
online_retail_ii,random,0,2011-02-01,0.1,smote@0.5,lgbm,ok,0.7252319938270351,0.2260899407451509,0.1835748792270531,0.150770764059581,0.0935874276452484,0.2635135135135135,0.5,1.0622877388885803,0.1810412440838404,14029.0,1479.0,0.1000676132521974,2.133
online_retail_ii,random,0,2011-02-01,0.1,adasyn@1.0,lr,ok,0.7091751781834426,0.1990433736801524,0.2665121668597914,0.1959092428909195,0.2273230824364343,0.2094594594594594,0.5,0.802729913796935,0.2005476673427992,19017.0,1479.0,0.1000676132521974,0.283
online_retail_ii,random,0,2011-02-01,0.1,adasyn@1.0,rf,ok,0.7329025118281316,0.2210963623072971,0.2942942942942942,0.2076428490292157,0.117596781551154,0.2702702702702703,0.5,1.069562254837089,0.1947498309668694,19017.0,1479.0,0.1000676132521974,29.826
online_retail_ii,random,0,2011-02-01,0.1,adasyn@1.0,hgb,ok,0.698489248076025,0.2075660938029787,0.2595419847328244,0.1605025647172827,0.1305483202546307,0.2432432432432432,0.5,0.8608234211721805,0.1619337390128465,19017.0,1479.0,0.1000676132521974,3.163
online_retail_ii,random,0,2011-02-01,0.1,adasyn@1.0,xgb,ok,0.7034692468576766,0.1915798864809134,0.244131455399061,0.1394544249301128,0.135972487072229,0.2027027027027027,0.5,0.7744844021307555,0.1827484787018255,19017.0,1479.0,0.1000676132521974,1.977
online_retail_ii,random,0,2011-02-01,0.1,adasyn@1.0,lgbm,ok,0.7080329766280179,0.2139355846048388,0.2454873646209386,0.1684183634734004,0.1063874609556616,0.2702702702702703,0.5,0.9153940472011776,0.1735463150777552,19017.0,1479.0,0.1000676132521974,2.74
online_retail_ii,random,0,2011-02-01,0.1,smote_enn@1.0,lr,ok,0.7057231912603814,0.1950348791340953,0.2538071065989847,0.1874876160303835,0.3046126694579538,0.2229729729729729,0.5,0.8316138648537773,0.1911189993238674,14137.0,1479.0,0.1000676132521974,4.018
online_retail_ii,random,0,2011-02-01,0.1,smote_enn@1.0,rf,ok,0.7050226409730542,0.1969823351227589,0.2819548872180451,0.1879526749079569,0.1845505318340081,0.2094594594594594,0.5,0.8394425703700489,0.1770486815415821,14097.0,1479.0,0.1000676132521974,23.813
online_retail_ii,random,0,2011-02-01,0.1,smote_enn@1.0,hgb,ok,0.69357524316202,0.1896046736382262,0.2724014336917563,0.176031924352644,0.19077904642409,0.2094594594594594,0.5,0.7474199502849749,0.172234617985125,14137.0,1479.0,0.1000676132521974,6.744
online_retail_ii,random,0,2011-02-01,0.1,smote_enn@1.0,xgb,ok,0.7063374418746319,0.1933928734543998,0.2799325463743676,0.1889858149242862,0.1965371387001628,0.2432432432432432,0.5,0.8533514579111515,0.1941446923597024,14159.0,1479.0,0.1000676132521974,5.596
online_retail_ii,random,0,2011-02-01,0.1,smote_enn@1.0,lgbm,ok,0.6967531017117794,0.1855841810623517,0.2746615087040619,0.1774230852035994,0.1779846658858426,0.2229729729729729,0.5,0.7897470864215949,0.178526031102096,14235.0,1479.0,0.1000676132521974,6.132
online_retail_ii,random,0,2011-02-01,0.1,dirichlet@1.0,lr,ok,0.7150181736958596,0.2113894219503414,0.2618453865336658,0.1794495622088081,0.2154086032652431,0.2432432432432432,0.5,0.8815470139533137,0.187552400270453,18706.0,1479.0,0.1000676132521974,0.218
online_retail_ii,random,0,2011-02-01,0.1,dirichlet@1.0,rf,ok,0.7312323593315329,0.2266283053795727,0.2452107279693486,0.1755067145701,0.1028264376602714,0.2837837837837837,0.5,1.1579416835530074,0.1672278566599053,18706.0,1479.0,0.1000676132521974,24.708
online_retail_ii,random,0,2011-02-01,0.1,dirichlet@1.0,hgb,ok,0.7278819014356204,0.2277537913605759,0.05,0.0703031485923734,0.0858661621526105,0.2567567567567567,0.5,1.057531003010545,0.1925050709939148,18706.0,1479.0,0.1000676132521974,3.172
online_retail_ii,random,0,2011-02-01,0.1,dirichlet@1.0,xgb,ok,0.7149217211200681,0.2246047314856245,0.2484076433121019,0.1598056892600843,0.1096677761623645,0.2229729729729729,0.5,1.0059748865074936,0.1883569979716024,18706.0,1479.0,0.1000676132521974,2.077
online_retail_ii,random,0,2011-02-01,0.1,dirichlet@1.0,lgbm,ok,0.7272371921132251,0.2357649059284841,0.1851851851851851,0.1419557409154503,0.0926760731407543,0.277027027027027,0.5,1.0993131468664368,0.1711494252873563,18706.0,1479.0,0.1000676132521974,2.643
online_retail_ii,random,0,2011-02-01,0.1,easy_ensemble,lr,ok,0.703794139744553,0.1968147711848067,0.2602409638554216,0.1796828170374737,0.2203440981079107,0.2094594594594594,0.5,0.8220962217749589,0.21026369168357,10393.0,1479.0,0.1000676132521974,0.259
online_retail_ii,random,0,2011-02-01,0.1,easy_ensemble,rf,ok,0.7312323593315329,0.2271115003027438,0.284931506849315,0.2110487337162515,0.2142828299460487,0.25,0.5,1.1168559360152888,0.1935057471264368,10393.0,1479.0,0.1000676132521974,26.87
online_retail_ii,random,0,2011-02-01,0.1,easy_ensemble,hgb,ok,0.7201047779560177,0.2099198761570579,0.2738255033557047,0.1940673926271613,0.2181861350312715,0.2635135135135135,0.5,0.9643248078576564,0.1797734956051386,10393.0,1479.0,0.1000676132521974,15.704
online_retail_ii,random,0,2011-02-01,0.1,easy_ensemble,xgb,ok,0.7243689970962699,0.2213002264659022,0.282225237449118,0.207390338074453,0.216262377100189,0.277027027027027,0.5,1.0340781058164643,0.1851926977687626,10393.0,1479.0,0.1000676132521974,8.126
online_retail_ii,random,0,2011-02-01,0.1,easy_ensemble,lgbm,ok,0.7196682031392775,0.2237404082878396,0.2693877551020408,0.1854060648611334,0.2233844443582486,0.277027027027027,0.5,1.0977864486627746,0.1744962812711291,10393.0,1479.0,0.1000676132521974,7.579
online_retail_ii,temporal,1,2011-03-01,0.1,none,lr,ok,0.758924394544604,0.2334581340120887,0.0125786163522012,0.0476366471828986,0.0833774683788932,0.2484076433121019,0.5,1.315662943396404,0.2234265734265734,11860.0,1573.0,0.0998092816274634,0.099
online_retail_ii,temporal,1,2011-03-01,0.1,none,rf,ok,0.7034348123358163,0.1929657432231737,0.024390243902439,0.0414659377057619,0.0877409239842552,0.2101910828025477,0.5,0.7903363618116245,0.1968181818181818,11860.0,1573.0,0.0998092816274634,14.798
online_retail_ii,temporal,1,2011-03-01,0.1,none,hgb,ok,0.7267938752743892,0.2135589986576524,0.0248447204968944,0.0674113159904362,0.088599452025965,0.1910828025477707,0.5,1.0633875617822806,0.2228607755880483,11860.0,1573.0,0.0998092816274634,2.305
online_retail_ii,temporal,1,2011-03-01,0.1,none,xgb,ok,0.7302439814315017,0.2179395155172567,0.025,0.0826669433945531,0.0868551824235957,0.2420382165605095,0.5,1.0605204774980543,0.2221074380165288,11860.0,1573.0,0.0998092816274634,1.521
online_retail_ii,temporal,1,2011-03-01,0.1,none,lgbm,ok,0.7280128827953507,0.2188291382345678,0.036144578313253,0.0590992224813379,0.0883541208193365,0.2356687898089172,0.5,1.0245720321255565,0.2069071837253656,11860.0,1573.0,0.0998092816274634,1.736
online_retail_ii,temporal,1,2011-03-01,0.1,class_weight,lr,ok,0.7589378890928066,0.232712930946022,0.3124087591240876,0.2438807858972758,0.1759791172874213,0.267515923566879,0.5,1.2922232280781791,0.227396694214876,11860.0,1573.0,0.0998092816274634,0.132
online_retail_ii,temporal,1,2011-03-01,0.1,class_weight,rf,ok,0.7229771672244413,0.2021604288949869,0.0648648648648648,0.0514136137928735,0.0886804767376603,0.2484076433121019,0.5,1.0668489287116716,0.2002447552447552,11860.0,1573.0,0.0998092816274634,13.753
online_retail_ii,temporal,1,2011-03-01,0.1,class_weight,hgb,ok,0.7308534851919825,0.220474697856126,0.2622950819672131,0.1695799671504004,0.1148506455005092,0.1910828025477707,0.5,1.2338990447856495,0.1894532739987285,11860.0,1573.0,0.0998092816274634,2.367
online_retail_ii,temporal,1,2011-03-01,0.1,class_weight,xgb,ok,0.7375355356436,0.216267518861868,0.2384823848238482,0.1418582493893222,0.1170900459247837,0.2229299363057325,0.5,1.1354867315406243,0.2305880483153209,11860.0,1573.0,0.0998092816274634,1.53
online_retail_ii,temporal,1,2011-03-01,0.1,class_weight,lgbm,ok,0.7301315268631474,0.2155791963052136,0.2634730538922156,0.1767383326865934,0.1094963630361913,0.2420382165605095,0.5,1.124936296600025,0.2132803560076287,11860.0,1573.0,0.0998092816274634,1.777
online_retail_ii,temporal,1,2011-03-01,0.1,threshold,lr,ok,0.758924394544604,0.2334581340120887,0.3203661327231121,0.2331686281466611,0.0833774683788932,0.2484076433121019,0.1627763087700573,1.315662943396404,0.2234265734265734,11860.0,1573.0,0.0998092816274634,0.432
online_retail_ii,temporal,1,2011-03-01,0.1,threshold,rf,ok,0.7050901435819927,0.1987634663176636,0.2549019607843137,0.1560698920704458,0.0873651357462213,0.2229299363057325,0.1839563813868963,0.8065770639899662,0.1920724729815638,11860.0,1573.0,0.0998092816274634,27.087
online_retail_ii,temporal,1,2011-03-01,0.1,threshold,hgb,ok,0.7267938752743892,0.2135589986576524,0.2417582417582417,0.1464292705855956,0.088599452025965,0.1910828025477707,0.1420540822892492,1.0633875617822806,0.2228607755880483,11860.0,1573.0,0.0998092816274634,4.759
online_retail_ii,temporal,1,2011-03-01,0.1,threshold,xgb,ok,0.7311526143438051,0.22095476210935,0.2682926829268293,0.1717360586708576,0.0866378997398533,0.2356687898089172,0.1309492306411266,1.055788942332273,0.2108963763509218,11860.0,1573.0,0.0998092816274634,3.051
online_retail_ii,temporal,1,2011-03-01,0.1,threshold,lgbm,ok,0.7235191982439095,0.2079165390942826,0.2777777777777778,0.1840207730845137,0.088856834829376,0.2165605095541401,0.1227857116008089,1.04443773683873,0.1932294977749523,11860.0,1573.0,0.0998092816274634,3.607
online_retail_ii,temporal,1,2011-03-01,0.1,ros@1.0,lr,ok,0.7601793875274389,0.2291092742417004,0.3124087591240876,0.2438807858972758,0.1754977445689582,0.267515923566879,0.5,1.2921221256147235,0.2305848696757787,21346.0,1573.0,0.0998092816274634,0.147
online_retail_ii,temporal,1,2011-03-01,0.1,ros@1.0,rf,ok,0.6997980315952356,0.1829846679758669,0.1073170731707317,0.0765639259067609,0.0951745641966183,0.2165605095541401,0.5,0.8324338531303367,0.1905244755244755,21346.0,1573.0,0.0998092816274634,20.224
online_retail_ii,temporal,1,2011-03-01,0.1,ros@1.0,hgb,ok,0.7346297095973225,0.2177259523137864,0.2577030812324929,0.1657704140910977,0.1135411444069795,0.2101910828025477,0.5,1.1748160123450375,0.1917641449459631,21346.0,1573.0,0.0998092816274634,2.899
online_retail_ii,temporal,1,2011-03-01,0.1,ros@1.0,xgb,ok,0.7390469250422829,0.222580586463351,0.2473118279569892,0.1515201839848395,0.1177216446503328,0.2165605095541401,0.5,1.1262686227652223,0.2370311506675143,21346.0,1573.0,0.0998092816274634,1.993
online_retail_ii,temporal,1,2011-03-01,0.1,ros@1.0,lgbm,ok,0.7370587282737775,0.2182674888808951,0.228395061728395,0.1399823467907357,0.1094591172838393,0.2229299363057325,0.5,1.1051768646902556,0.2317164653528289,21346.0,1573.0,0.0998092816274634,2.373
online_retail_ii,temporal,1,2011-03-01,0.1,rus@1.0,lr,ok,0.7591987836913887,0.228430585048018,0.3153526970954357,0.2541278016936592,0.1837978773026101,0.2484076433121019,0.5,1.2917452600894734,0.230219326128417,2374.0,1573.0,0.0998092816274634,0.087
online_retail_ii,temporal,1,2011-03-01,0.1,rus@1.0,rf,ok,0.7240927165425167,0.2080656602463917,0.2803149606299213,0.1904072063749885,0.1806302343207361,0.2356687898089172,0.5,0.9455472691820286,0.2107247298156389,2374.0,1573.0,0.0998092816274634,3.528
online_retail_ii,temporal,1,2011-03-01,0.1,rus@1.0,hgb,ok,0.7324211018748427,0.2330217235286739,0.2892857142857143,0.1981141934142863,0.1687591175363341,0.2611464968152866,0.5,1.0630550502432283,0.1984011443102352,2374.0,1573.0,0.0998092816274634,1.76
online_retail_ii,temporal,1,2011-03-01,0.1,rus@1.0,xgb,ok,0.7069164057720679,0.185627245774899,0.283609576427256,0.1896231158532004,0.1647580513993705,0.1783439490445859,0.5,0.8852432645259952,0.1950540368722187,2374.0,1573.0,0.0998092816274634,0.906
online_retail_ii,temporal,1,2011-03-01,0.1,rus@1.0,lgbm,ok,0.7045773507502969,0.1771967776749237,0.2661870503597122,0.1665901166886932,0.1797710885350033,0.1910828025477707,0.5,0.8871637578903795,0.217190082644628,2374.0,1573.0,0.0998092816274634,1.096
online_retail_ii,temporal,1,2011-03-01,0.1,smote@1.0,lr,ok,0.7580697398251106,0.2324645196840379,0.3126843657817109,0.2433375802659705,0.1719703265402272,0.2356687898089172,0.5,1.327963917288775,0.2166179275270184,21346.0,1573.0,0.0998092816274634,0.184
online_retail_ii,temporal,1,2011-03-01,0.1,smote@1.0,rf,ok,0.6968652164525533,0.1743534770014586,0.1863799283154122,0.1096085329386883,0.1122599363706451,0.2101910828025477,0.5,0.7988859530442517,0.1966528925619834,21346.0,1573.0,0.0998092816274634,31.346
online_retail_ii,temporal,1,2011-03-01,0.1,smote@1.0,hgb,ok,0.7304508978372737,0.1950890363488457,0.1924398625429553,0.1111160683963659,0.1038214537679752,0.197452229299363,0.5,1.025396213636121,0.2252161474888747,21346.0,1573.0,0.0998092816274634,3.193
online_retail_ii,temporal,1,2011-03-01,0.1,smote@1.0,xgb,ok,0.7334466875382346,0.2061872088704314,0.2158730158730158,0.1286264712787303,0.1079719618832174,0.2165605095541401,0.5,1.1090412425871117,0.203928798474253,21346.0,1573.0,0.0998092816274634,1.979
online_retail_ii,temporal,1,2011-03-01,0.1,smote@1.0,lgbm,ok,0.7237261146496816,0.2056978027312769,0.1150442477876106,0.0633088665615031,0.0954108791813661,0.2101910828025477,0.5,0.96947936842546,0.2049554990464081,21346.0,1573.0,0.0998092816274634,2.753
online_retail_ii,temporal,1,2011-03-01,0.1,smote@0.5,lr,ok,0.7579977689013638,0.2385384625240917,0.2826086956521739,0.1925489650284278,0.113486180502881,0.2611464968152866,0.5,1.319703781567076,0.2161824539097266,16009.0,1573.0,0.0998092816274634,0.163
online_retail_ii,temporal,1,2011-03-01,0.1,smote@0.5,rf,ok,0.7009405700097161,0.184548035599506,0.1531914893617021,0.0997958479159285,0.1016574070372529,0.2229299363057325,0.5,0.8065610747195382,0.1855022250476795,16009.0,1573.0,0.0998092816274634,20.813
online_retail_ii,temporal,1,2011-03-01,0.1,smote@0.5,hgb,ok,0.7298908740868688,0.1996857988446119,0.1295546558704453,0.0640792037588111,0.0973276826135637,0.1910828025477707,0.5,1.1742124915059549,0.2154322949777495,16009.0,1573.0,0.0998092816274634,2.877
online_retail_ii,temporal,1,2011-03-01,0.1,smote@0.5,xgb,ok,0.7347556587138796,0.226899366369193,0.1481481481481481,0.0878471225401168,0.0951860318381091,0.2038216560509554,0.5,1.138856942409147,0.2029752066115702,16009.0,1573.0,0.0998092816274634,1.835
online_retail_ii,temporal,1,2011-03-01,0.1,smote@0.5,lgbm,ok,0.7263845406455791,0.2029637172098183,0.064516129032258,0.04896214866499,0.0922365325020788,0.1910828025477707,0.5,1.0242056134513822,0.2118181818181818,16009.0,1573.0,0.0998092816274634,2.527
online_retail_ii,temporal,1,2011-03-01,0.1,adasyn@1.0,lr,ok,0.758078736190579,0.2418240334937373,0.3144827586206896,0.2530508550744355,0.1838941707285131,0.2738853503184713,0.5,1.3225068539352465,0.2301080737444374,21624.0,1573.0,0.0998092816274634,0.382
online_retail_ii,temporal,1,2011-03-01,0.1,adasyn@1.0,rf,ok,0.6990310914390587,0.1721868743213471,0.16,0.0823061128286897,0.1129006321486699,0.197452229299363,0.5,0.7807967718933942,0.1923776223776223,21624.0,1573.0,0.0998092816274634,34.228
online_retail_ii,temporal,1,2011-03-01,0.1,adasyn@1.0,hgb,ok,0.7306803051567168,0.2047944552626242,0.1920529801324503,0.1065110479474996,0.104448716811551,0.1910828025477707,0.5,1.1219248880953203,0.2164685314685314,21624.0,1573.0,0.0998092816274634,3.415
online_retail_ii,temporal,1,2011-03-01,0.1,adasyn@1.0,xgb,ok,0.7331408111123107,0.2232054734155736,0.1880877742946708,0.0965109483372394,0.1076743316161709,0.1783439490445859,0.5,1.0502774995521225,0.2073680864589955,21624.0,1573.0,0.0998092816274634,2.143
online_retail_ii,temporal,1,2011-03-01,0.1,adasyn@1.0,lgbm,ok,0.7277969700241103,0.1975610198844611,0.1071428571428571,0.0557980551762241,0.0956533088505253,0.2101910828025477,0.5,1.0025394760454356,0.2140686586141131,21624.0,1573.0,0.0998092816274634,2.914
online_retail_ii,temporal,1,2011-03-01,0.1,smote_enn@1.0,lr,ok,0.7552403828853143,0.2339842808157064,0.2935560859188544,0.2355536543143396,0.2347727002338818,0.2292993630573248,0.5,1.3052136133592986,0.2202479338842975,16268.0,1573.0,0.0998092816274634,5.232
online_retail_ii,temporal,1,2011-03-01,0.1,smote_enn@1.0,rf,ok,0.7238498146748713,0.1894340863049417,0.2857142857142857,0.1936275454029822,0.1413328056928856,0.2292993630573248,0.5,1.0136320675322268,0.2168531468531468,16298.0,1573.0,0.0998092816274634,29.354
online_retail_ii,temporal,1,2011-03-01,0.1,smote_enn@1.0,hgb,ok,0.723888049228112,0.1954216412692675,0.2512562814070351,0.1527764564411084,0.1363476096594097,0.2229299363057325,0.5,1.077560841810263,0.2238842975206611,16352.0,1573.0,0.0998092816274634,7.981
online_retail_ii,temporal,1,2011-03-01,0.1,smote_enn@1.0,xgb,ok,0.7284896901651733,0.1988909407733276,0.263681592039801,0.1669634832800213,0.1348692820013092,0.2101910828025477,0.5,1.1105993388415265,0.225162110616656,16254.0,1573.0,0.0998092816274634,6.88
online_retail_ii,temporal,1,2011-03-01,0.1,smote_enn@1.0,lgbm,ok,0.7292768721436539,0.2028524107742146,0.2430939226519337,0.1482917853877266,0.1260299750372431,0.2165605095541401,0.5,1.1457291464354409,0.2328194532739987,16179.0,1573.0,0.0998092816274634,7.376
online_retail_ii,temporal,1,2011-03-01,0.1,dirichlet@1.0,lr,ok,0.7559645903055165,0.2247881168741086,0.3085880640465793,0.2382706452196094,0.1739202211417863,0.2547770700636942,0.5,1.291223731882856,0.2171010807374443,21346.0,1573.0,0.0998092816274634,0.184
online_retail_ii,temporal,1,2011-03-01,0.1,dirichlet@1.0,rf,ok,0.694730828745187,0.1842051076009598,0.1908713692946058,0.1378762353417865,0.1017226749803061,0.2420382165605095,0.5,0.7777704033366806,0.1747393515575333,21346.0,1573.0,0.0998092816274634,29.339
online_retail_ii,temporal,1,2011-03-01,0.1,dirichlet@1.0,hgb,ok,0.7293106085141602,0.2060399593546531,0.0124223602484472,0.0252993223236545,0.0877971549596967,0.197452229299363,0.5,1.098932276061357,0.2048378893833438,21346.0,1573.0,0.0998092816274634,3.34
online_retail_ii,temporal,1,2011-03-01,0.1,dirichlet@1.0,xgb,ok,0.7361590917269423,0.2090899880586921,0.1764705882352941,0.1020213227066622,0.1013275494582092,0.2165605095541401,0.5,1.122896964942936,0.2105181182453909,21346.0,1573.0,0.0998092816274634,2.081
online_retail_ii,temporal,1,2011-03-01,0.1,dirichlet@1.0,lgbm,ok,0.735353917017525,0.2025153153694753,0.1094527363184079,0.0849988323680591,0.0929016287018478,0.2165605095541401,0.5,1.141718880816514,0.23606166560712,21346.0,1573.0,0.0998092816274634,2.695
online_retail_ii,temporal,1,2011-03-01,0.1,easy_ensemble,lr,ok,0.7618617078700206,0.2377315445971299,0.3168316831683168,0.2539811271680481,0.1790063995040075,0.286624203821656,0.5,1.352488544519378,0.2246185632549269,11860.0,1573.0,0.0998092816274634,0.271
online_retail_ii,temporal,1,2011-03-01,0.1,easy_ensemble,rf,ok,0.7395957033358523,0.2058710580911753,0.3085106382978723,0.2245997507646161,0.1680596492154121,0.2292993630573248,0.5,1.134039272935683,0.232431659249841,11860.0,1573.0,0.0998092816274634,35.111
online_retail_ii,temporal,1,2011-03-01,0.1,easy_ensemble,hgb,ok,0.7385656194897261,0.2187440816705203,0.3220973782771535,0.2403278817550097,0.1541192512876077,0.2165605095541401,0.5,1.1995656299264403,0.215645263827082,11860.0,1573.0,0.0998092816274634,16.399
online_retail_ii,temporal,1,2011-03-01,0.1,easy_ensemble,xgb,ok,0.7391683759761055,0.2320184523101005,0.3110307414104882,0.2271097320169852,0.1578843927711036,0.2292993630573248,0.5,1.1288699949294676,0.2191163382072473,11860.0,1573.0,0.0998092816274634,8.47
online_retail_ii,temporal,1,2011-03-01,0.1,easy_ensemble,lgbm,ok,0.7364649681528662,0.2310329261870919,0.3157894736842105,0.2333642153442073,0.1605866102155927,0.2292993630573248,0.5,1.1190999940047677,0.211729179910998,11860.0,1573.0,0.0998092816274634,10.039
online_retail_ii,random,1,2011-03-01,0.1,none,lr,ok,0.7392313505343842,0.2007823628655521,0.0,0.0,0.0841892171995042,0.2292993630573248,0.5,1.0771663121698036,0.2230673871582962,11860.0,1573.0,0.0998092816274634,0.137
online_retail_ii,random,1,2011-03-01,0.1,none,rf,ok,0.7570891359890604,0.2545058776018465,0.0701754385964912,0.1039369666223114,0.0831827685764104,0.286624203821656,0.5,1.3296741488924115,0.1887190082644627,11860.0,1573.0,0.0998092816274634,15.27
online_retail_ii,random,1,2011-03-01,0.1,none,hgb,ok,0.7545903954802261,0.2388904545139653,0.0484848484848484,0.095455752166573,0.0840090934667394,0.2484076433121019,0.5,1.2150473354266296,0.2403305785123967,11860.0,1573.0,0.0998092816274634,2.281
online_retail_ii,random,1,2011-03-01,0.1,none,xgb,ok,0.7498470617870381,0.2340905508908386,0.0484848484848484,0.095455752166573,0.0841565487584237,0.267515923566879,0.5,1.0947417357348792,0.2081945327399872,11860.0,1573.0,0.0998092816274634,1.456
online_retail_ii,random,1,2011-03-01,0.1,none,lgbm,ok,0.7589468854582748,0.241011007913382,0.0705882352941176,0.1101641252934063,0.084842384217758,0.2420382165605095,0.5,1.2559462129773622,0.2199682136045772,11860.0,1573.0,0.0998092816274634,1.724
online_retail_ii,random,1,2011-03-01,0.1,class_weight,lr,ok,0.7378279175213214,0.1980418560317897,0.2836538461538461,0.2169473204550473,0.2085276873367618,0.2229299363057325,0.5,1.1009304343855266,0.2321010807374443,11860.0,1573.0,0.0998092816274634,0.154
online_retail_ii,random,1,2011-03-01,0.1,class_weight,rf,ok,0.7628648026197417,0.2636222494295523,0.1443298969072164,0.1442399157148572,0.0854956467416271,0.3312101910828025,0.5,1.3694872730697705,0.1709313413858868,11860.0,1573.0,0.0998092816274634,14.309
online_retail_ii,random,1,2011-03-01,0.1,class_weight,hgb,ok,0.7536817625679226,0.2335064328194684,0.3048327137546468,0.2176854633327793,0.1446866700126544,0.2484076433121019,0.5,1.1937857723680696,0.229459631277813,11860.0,1573.0,0.0998092816274634,2.405
online_retail_ii,random,1,2011-03-01,0.1,class_weight,xgb,ok,0.7564638885890099,0.2520739253003908,0.3047619047619048,0.2167796858310901,0.1443938627581603,0.2929936305732484,0.5,1.2017777570936925,0.2040336935791481,11860.0,1573.0,0.0998092816274634,1.578
online_retail_ii,random,1,2011-03-01,0.1,class_weight,lgbm,ok,0.752950807873619,0.2370932927779235,0.2993197278911564,0.2076226123196902,0.1278551086405313,0.2547770700636942,0.5,1.1536897591960134,0.2076255562619199,11860.0,1573.0,0.0998092816274634,1.832
online_retail_ii,random,1,2011-03-01,0.1,threshold,lr,ok,0.7392313505343842,0.2007823628655521,0.2698795180722891,0.1732560905005081,0.0841892171995042,0.2292993630573248,0.187535976056802,1.0771663121698036,0.2230673871582962,11860.0,1573.0,0.0998092816274634,0.489
online_retail_ii,random,1,2011-03-01,0.1,threshold,rf,ok,0.7637936773543488,0.2627438392487958,0.331511839708561,0.2543521431350685,0.0825128341723689,0.3184713375796178,0.1373204054969747,1.4406236601675488,0.1806993006993007,11860.0,1573.0,0.0998092816274634,27.759
online_retail_ii,random,1,2011-03-01,0.1,threshold,hgb,ok,0.7545903954802261,0.2388904545139653,0.2484076433121019,0.1650743099787685,0.0840090934667394,0.2484076433121019,0.2159128135415476,1.2150473354266296,0.2403305785123967,11860.0,1573.0,0.0998092816274634,4.831
online_retail_ii,random,1,2011-03-01,0.1,threshold,xgb,ok,0.7460236064629889,0.2413999080509919,0.2909090909090909,0.1975836761748987,0.0838306760579204,0.2611464968152866,0.1453715068101883,1.0575403750487251,0.2101239669421487,11860.0,1573.0,0.0998092816274634,3.094
online_retail_ii,random,1,2011-03-01,0.1,threshold,lgbm,ok,0.7563019540105798,0.2408787828722718,0.3148558758314856,0.2266296036705178,0.0847195761215197,0.2738853503184713,0.142173874463212,1.2245498720506391,0.2098092816274634,11860.0,1573.0,0.0998092816274634,3.818
online_retail_ii,random,1,2011-03-01,0.1,ros@1.0,lr,ok,0.7387500449818273,0.1981211747823396,0.2863961813842482,0.2227122493709537,0.2091705398934235,0.2165605095541401,0.5,1.113266383269243,0.2305022250476796,21346.0,1573.0,0.0998092816274634,0.212
online_retail_ii,random,1,2011-03-01,0.1,ros@1.0,rf,ok,0.7638544028212602,0.2526356040988406,0.2008733624454148,0.1604815248351752,0.0904201336218035,0.3312101910828025,0.5,1.409788965778836,0.2039192625556261,21346.0,1573.0,0.0998092816274634,20.454
online_retail_ii,random,1,2011-03-01,0.1,ros@1.0,hgb,ok,0.7586387599409838,0.2453492070970095,0.2903885480572597,0.1967936187390099,0.1366337444849723,0.2993630573248407,0.5,1.3267287993397787,0.2077495232040686,21346.0,1573.0,0.0998092816274634,3.001
online_retail_ii,random,1,2011-03-01,0.1,ros@1.0,xgb,ok,0.7654737486055634,0.2670702275601203,0.3131115459882583,0.2268483219688912,0.1409726946956351,0.286624203821656,0.5,1.2847698827590304,0.2067387158296249,21346.0,1573.0,0.0998092816274634,1.99
online_retail_ii,random,1,2011-03-01,0.1,ros@1.0,lgbm,ok,0.7522625859152902,0.2480492185111818,0.2980769230769231,0.2067286892848571,0.1235481157258491,0.286624203821656,0.5,1.163128595287746,0.2101017164653528,21346.0,1573.0,0.0998092816274634,2.32
online_retail_ii,random,1,2011-03-01,0.1,rus@1.0,lr,ok,0.7350885242362086,0.1948719185178637,0.286401925391095,0.2217010406490527,0.2079857984514291,0.2101910828025477,0.5,1.0308620884879094,0.2384297520661156,2374.0,1573.0,0.0998092816274634,0.091
online_retail_ii,random,1,2011-03-01,0.1,rus@1.0,rf,ok,0.7534905898017201,0.2327249502043162,0.3028649386084583,0.235571210244081,0.2078576564378937,0.2611464968152866,0.5,1.169379755324704,0.2097202797202797,2374.0,1573.0,0.0998092816274634,3.609
online_retail_ii,random,1,2011-03-01,0.1,rus@1.0,hgb,ok,0.7128000287883693,0.1993194672510365,0.2588555858310626,0.1646333891804211,0.2202977594955095,0.2420382165605095,0.5,0.7754878096083346,0.1948219961856325,2374.0,1573.0,0.0998092816274634,1.762
online_retail_ii,random,1,2011-03-01,0.1,rus@1.0,xgb,ok,0.7430368131274966,0.2096674406743433,0.2952127659574468,0.2257264647737571,0.2116698289588409,0.2292993630573248,0.5,1.0244010145307434,0.2347107438016529,2374.0,1573.0,0.0998092816274634,0.913
online_retail_ii,random,1,2011-03-01,0.1,rus@1.0,lgbm,ok,0.727765482744971,0.2085541130677677,0.2931937172774869,0.2240065264937581,0.2268734703041388,0.2165605095541401,0.5,0.966602340003084,0.2333248569612206,2374.0,1573.0,0.0998092816274634,1.071
online_retail_ii,random,1,2011-03-01,0.1,smote@1.0,lr,ok,0.7429198603764078,0.2028611812256155,0.2850182704019488,0.2178298334877665,0.2063734734004711,0.2356687898089172,0.5,1.1641209023596186,0.2275365543547361,21346.0,1573.0,0.0998092816274634,0.25
online_retail_ii,random,1,2011-03-01,0.1,smote@1.0,rf,ok,0.7606292058008565,0.2341342945641196,0.2962962962962963,0.2157160265643614,0.1077357743726656,0.286624203821656,0.5,1.278572930686163,0.1930292434837889,21346.0,1573.0,0.0998092816274634,31.444
online_retail_ii,random,1,2011-03-01,0.1,smote@1.0,hgb,ok,0.7505037964662276,0.2422965570260557,0.25,0.1519805838568287,0.1178228203732218,0.2547770700636942,0.5,1.1523571611402046,0.2447266369993642,21346.0,1573.0,0.0998092816274634,3.21
online_retail_ii,random,1,2011-03-01,0.1,smote@1.0,xgb,ok,0.7513314620893159,0.2457292470233265,0.2985781990521327,0.2071162922229199,0.1232917546123315,0.2929936305732484,0.5,1.1729604156213318,0.2066179275270183,21346.0,1573.0,0.0998092816274634,1.979
online_retail_ii,random,1,2011-03-01,0.1,smote@1.0,lgbm,ok,0.7533016661268848,0.2432618864428721,0.2509505703422053,0.1896789231490816,0.098283077822929,0.2802547770700637,0.5,1.1553009284575528,0.2160394151303242,21346.0,1573.0,0.0998092816274634,2.8
online_retail_ii,random,1,2011-03-01,0.1,smote@0.5,lr,ok,0.7452139335708374,0.2084235851327383,0.2570093457943925,0.15698751704803,0.130369172072733,0.2292993630573248,0.5,1.1976616313831518,0.2217546090273362,16009.0,1573.0,0.0998092816274634,0.169
online_retail_ii,random,1,2011-03-01,0.1,smote@0.5,rf,ok,0.7655119831588039,0.2485134552420385,0.2823529411764706,0.2300642917060907,0.0944034837721259,0.3184713375796178,0.5,1.3415203494911805,0.1770025429116337,16009.0,1573.0,0.0998092816274634,21.472
online_retail_ii,random,1,2011-03-01,0.1,smote@0.5,hgb,ok,0.7434911295836482,0.2526202900188528,0.2569444444444444,0.1836456516780605,0.1022963044254785,0.2547770700636942,0.5,1.0692507987596576,0.208467895740623,16009.0,1573.0,0.0998092816274634,2.88
online_retail_ii,random,1,2011-03-01,0.1,smote@0.5,xgb,ok,0.7482906905610135,0.248305851143839,0.26,0.182426300572377,0.1009706973119296,0.267515923566879,0.5,1.1085685649031825,0.1982104259376986,16009.0,1573.0,0.0998092816274634,1.85
online_retail_ii,random,1,2011-03-01,0.1,smote@0.5,lgbm,ok,0.7479083450286084,0.2458186250712469,0.17,0.1652918338541794,0.0903190945544629,0.2611464968152866,0.5,1.081911952424542,0.2247171010807374,16009.0,1573.0,0.0998092816274634,2.361
online_retail_ii,random,1,2011-03-01,0.1,adasyn@1.0,lr,ok,0.7433921695634963,0.20475434262094,0.2863741339491917,0.2269166318133463,0.2143027649361924,0.2292993630573248,0.5,1.157781979984879,0.2282040686586141,21684.0,1573.0,0.0998092816274634,0.382
online_retail_ii,random,1,2011-03-01,0.1,adasyn@1.0,rf,ok,0.754693853683112,0.24170345323552,0.3413173652694611,0.2639874977665767,0.1084302002532101,0.3248407643312102,0.5,1.3195581708423996,0.1674761602034329,21684.0,1573.0,0.0998092816274634,34.116
online_retail_ii,random,1,2011-03-01,0.1,adasyn@1.0,hgb,ok,0.7447866062110908,0.241769743843776,0.2769230769230769,0.1835622870177688,0.1162977969170459,0.2738853503184713,0.5,1.075104057087516,0.1996058486967577,21684.0,1573.0,0.0998092816274634,3.494
online_retail_ii,random,1,2011-03-01,0.1,adasyn@1.0,xgb,ok,0.7431312749649142,0.2431288645302332,0.2902494331065759,0.1965947423491053,0.1264470920782319,0.267515923566879,0.5,1.059319172497314,0.208006993006993,21684.0,1573.0,0.0998092816274634,2.167
online_retail_ii,random,1,2011-03-01,0.1,adasyn@1.0,lgbm,ok,0.7524672532296952,0.2605210195343337,0.2153846153846154,0.151923508782611,0.0975764163130523,0.2547770700636942,0.5,1.1755277669691375,0.2265066751430388,21684.0,1573.0,0.0998092816274634,2.92
online_retail_ii,random,1,2011-03-01,0.1,smote_enn@1.0,lr,ok,0.7428928712800028,0.2038398403175393,0.2710843373493976,0.217919939137972,0.2826704165714337,0.2611464968152866,0.5,1.2139074335554376,0.2196058486967577,16334.0,1573.0,0.0998092816274634,5.233
online_retail_ii,random,1,2011-03-01,0.1,smote_enn@1.0,rf,ok,0.7489091906869625,0.2534178341815239,0.3071161048689138,0.2204545356471291,0.1665166717635523,0.286624203821656,0.5,1.177937554213332,0.1918944691671964,16194.0,1573.0,0.0998092816274634,28.858
online_retail_ii,random,1,2011-03-01,0.1,smote_enn@1.0,hgb,ok,0.7436957968980533,0.2381627415987037,0.2756183745583039,0.1797608832129591,0.1753272280422917,0.267515923566879,0.5,1.0700791504525742,0.2024920534011443,16276.0,1573.0,0.0998092816274634,8.029
online_retail_ii,random,1,2011-03-01,0.1,smote_enn@1.0,xgb,ok,0.7466848393249127,0.2614741767883367,0.2818791946308724,0.1900022217587679,0.1833579553591474,0.2484076433121019,0.5,1.114444053969787,0.2115575333757151,16223.0,1573.0,0.0998092816274634,6.839
online_retail_ii,random,1,2011-03-01,0.1,smote_enn@1.0,lgbm,ok,0.7468287811724065,0.2465206088117893,0.2722117202268431,0.1740476007141181,0.1607381397222242,0.2802547770700637,0.5,1.1284885170661123,0.201958041958042,16179.0,1573.0,0.0998092816274634,7.32
online_retail_ii,random,1,2011-03-01,0.1,dirichlet@1.0,lr,ok,0.7461405592140774,0.216921422759408,0.2975609756097561,0.239778253427045,0.2037929624902729,0.2165605095541401,0.5,1.2051748654532664,0.2225333757151938,21346.0,1573.0,0.0998092816274634,0.187
online_retail_ii,random,1,2011-03-01,0.1,dirichlet@1.0,rf,ok,0.7505780164813416,0.2377622835520793,0.2695035460992908,0.2001492616646384,0.0989491331825533,0.2993630573248407,0.5,1.2401546398899987,0.1837285441830896,21346.0,1573.0,0.0998092816274634,28.429
online_retail_ii,random,1,2011-03-01,0.1,dirichlet@1.0,hgb,ok,0.7525707114325813,0.2604128172705751,0.0697674418604651,0.0982667137876327,0.083621451440107,0.267515923566879,0.5,1.2225274997718527,0.2098664971392244,21346.0,1573.0,0.0998092816274634,3.316
online_retail_ii,random,1,2011-03-01,0.1,dirichlet@1.0,xgb,ok,0.7466623484112418,0.2445826896899081,0.2695924764890282,0.187223964633811,0.1042841600444197,0.267515923566879,0.5,1.0950991922078124,0.208375715193897,21346.0,1573.0,0.0998092816274634,2.154
online_retail_ii,random,1,2011-03-01,0.1,dirichlet@1.0,lgbm,ok,0.7491678361941776,0.255290812891579,0.2434782608695652,0.2088346486412165,0.0902635806529559,0.267515923566879,0.5,1.1120912725390266,0.187984742530197,21346.0,1573.0,0.0998092816274634,2.877
online_retail_ii,random,1,2011-03-01,0.1,easy_ensemble,lr,ok,0.7367438554823852,0.1978062721398936,0.2843373493975903,0.2178835909515799,0.2088488062212419,0.2229299363057325,0.5,0.9980306795238064,0.2275683407501589,11860.0,1573.0,0.0998092816274634,0.337
online_retail_ii,random,1,2011-03-01,0.1,easy_ensemble,rf,ok,0.7569451941415668,0.2540184041460648,0.3070761014686248,0.24477325987967,0.2003182990335131,0.2547770700636942,0.5,1.2848050897476369,0.2084202161474888,11860.0,1573.0,0.0998092816274634,29.097
online_retail_ii,random,1,2011-03-01,0.1,easy_ensemble,hgb,ok,0.7447506207492174,0.2245959219486546,0.2894393741851369,0.2181466459773998,0.2032229306960424,0.2611464968152866,0.5,1.10500577653231,0.2059122695486331,11860.0,1573.0,0.0998092816274634,16.99
online_retail_ii,random,1,2011-03-01,0.1,easy_ensemble,xgb,ok,0.7499550181726582,0.2401052344661585,0.288,0.2136206533908967,0.2027137544802776,0.2611464968152866,0.5,1.176959633456832,0.2177717736808646,11860.0,1573.0,0.0998092816274634,9.3
online_retail_ii,random,1,2011-03-01,0.1,easy_ensemble,lgbm,ok,0.7477464104501781,0.2231639791804226,0.2864651773981603,0.2124375809327325,0.2067364637258801,0.2611464968152866,0.5,1.176915979609795,0.2039383343928798,11860.0,1573.0,0.0998092816274634,6.95
online_retail_ii,temporal,2,2011-04-01,0.1,none,lr,ok,0.7838620536248995,0.2331628929607093,0.0,-0.0082936768755754,0.0822797038304832,0.2484472049689441,0.5,1.5437213174953035,0.2392591444513329,13289.0,1613.0,0.0998140111593304,0.127
online_retail_ii,temporal,2,2011-04-01,0.1,none,rf,ok,0.7339009804424824,0.2048638060475492,0.0348837209302325,0.047800397772889,0.0868493467621104,0.2484472049689441,0.5,1.0047109310515732,0.2216057036577805,13289.0,1613.0,0.0998140111593304,16.879
online_retail_ii,temporal,2,2011-04-01,0.1,none,hgb,ok,0.7768359769347911,0.2344196446398046,0.023391812865497,0.0263984452157919,0.0846368766227526,0.2732919254658385,0.5,1.4127847661248425,0.2354463732176069,13289.0,1613.0,0.0998140111593304,2.469
online_retail_ii,temporal,2,2011-04-01,0.1,none,xgb,ok,0.7708835959824102,0.2267903977416177,0.0231213872832369,0.0193086424779744,0.0849673512416343,0.2608695652173913,0.5,1.3303867740535102,0.2493056416615003,13289.0,1613.0,0.0998140111593304,1.521
online_retail_ii,temporal,2,2011-04-01,0.1,none,lgbm,ok,0.7648349674041375,0.2208526445819824,0.0342857142857142,0.0357335407497433,0.0870498210630684,0.2670807453416149,0.5,1.3080793439499812,0.244494730316181,13289.0,1613.0,0.0998140111593304,1.935
online_retail_ii,temporal,2,2011-04-01,0.1,class_weight,lr,ok,0.7876606265934329,0.2417758505410374,0.3169267707082833,0.2723770598246048,0.1977975817720507,0.2857142857142857,0.5,1.5325837635674555,0.2314228146311221,13289.0,1613.0,0.0998140111593304,0.185
online_retail_ii,temporal,2,2011-04-01,0.1,class_weight,rf,ok,0.753345139708776,0.2223379965307627,0.1062801932367149,0.0796314925727573,0.0890042526711882,0.2422360248447205,0.5,1.3699726779842771,0.2483880967141971,13289.0,1613.0,0.0998140111593304,15.901
online_retail_ii,temporal,2,2011-04-01,0.1,class_weight,hgb,ok,0.7760446075663467,0.2326147976144104,0.3232758620689655,0.2369931892458512,0.1246705306255471,0.2546583850931677,0.5,1.4000682363916377,0.2409206447613143,13289.0,1613.0,0.0998140111593304,2.578
online_retail_ii,temporal,2,2011-04-01,0.1,class_weight,xgb,ok,0.7673972930889926,0.2257721119631713,0.3153347732181425,0.2272200473946427,0.1287899812654345,0.2546583850931677,0.5,1.3324337537341011,0.2416522008679479,13289.0,1613.0,0.0998140111593304,1.781
online_retail_ii,temporal,2,2011-04-01,0.1,class_weight,lgbm,ok,0.7669780812073302,0.2253309437744974,0.292803970223325,0.2018144671396839,0.118464098805252,0.2422360248447205,0.5,1.3126591666237075,0.2381928084314941,13289.0,1613.0,0.0998140111593304,1.992
online_retail_ii,temporal,2,2011-04-01,0.1,threshold,lr,ok,0.7838620536248995,0.2331628929607093,0.3313131313131313,0.2483822994503627,0.0822797038304832,0.2484472049689441,0.1651506930587989,1.5437213174953035,0.2392591444513329,13289.0,1613.0,0.0998140111593304,0.486
online_retail_ii,temporal,2,2011-04-01,0.1,threshold,rf,ok,0.7363884468627551,0.2062660009143003,0.2661122661122661,0.1662726570728941,0.0867550317915598,0.2422360248447205,0.1976480952380953,0.9910888954660744,0.2098140111593304,13289.0,1613.0,0.0998140111593304,30.506
online_retail_ii,temporal,2,2011-04-01,0.1,threshold,hgb,ok,0.7768359769347911,0.2344196446398046,0.3364140480591497,0.2586541210128308,0.0846368766227526,0.2732919254658385,0.1101415905042954,1.4127847661248425,0.2354463732176069,13289.0,1613.0,0.0998140111593304,5.099
online_retail_ii,temporal,2,2011-04-01,0.1,threshold,xgb,ok,0.7703531646219393,0.2288330060001453,0.3123732251521298,0.2243780930931506,0.0845417207057987,0.2484472049689441,0.1475528743863106,1.2757879910760332,0.2423589584624922,13289.0,1613.0,0.0998140111593304,3.291
online_retail_ii,temporal,2,2011-04-01,0.1,threshold,lgbm,ok,0.7695147408586144,0.227203342797047,0.3100436681222707,0.2206797501748934,0.0867123055577737,0.2608695652173913,0.1354785100826283,1.306932690466425,0.2470520768753875,13289.0,1613.0,0.0998140111593304,3.842
online_retail_ii,temporal,2,2011-04-01,0.1,ros@1.0,lr,ok,0.7844095956744177,0.2384286942395621,0.3140495867768595,0.2699489424027341,0.201652188997945,0.2857142857142857,0.5,1.5369120171651032,0.2394544327340359,23918.0,1613.0,0.0998140111593304,0.245
online_retail_ii,temporal,2,2011-04-01,0.1,ros@1.0,rf,ok,0.7479488561504373,0.2116824998976411,0.1551020408163265,0.0988189476697149,0.0963521725199821,0.2360248447204969,0.5,1.1360961543047374,0.232160570365778,23918.0,1613.0,0.0998140111593304,23.133
online_retail_ii,temporal,2,2011-04-01,0.1,ros@1.0,hgb,ok,0.761528326745718,0.2203925590807593,0.2630272952853598,0.1670638148315643,0.1185736837285244,0.2422360248447205,0.5,1.2502715124377657,0.2479169249845009,23918.0,1613.0,0.0998140111593304,3.054
online_retail_ii,temporal,2,2011-04-01,0.1,ros@1.0,xgb,ok,0.7672604075766131,0.2211410487302099,0.2949308755760368,0.2027080051877848,0.1241373493000604,0.2236024844720497,0.5,1.3313958819701417,0.2531339119652821,23918.0,1613.0,0.0998140111593304,2.136
online_retail_ii,temporal,2,2011-04-01,0.1,ros@1.0,lgbm,ok,0.7673801823999451,0.2246165205342213,0.2638522427440633,0.170842474433696,0.1123510257155253,0.217391304347826,0.5,1.313708255309113,0.2303626782393056,23918.0,1613.0,0.0998140111593304,2.49
online_retail_ii,temporal,2,2011-04-01,0.1,rus@1.0,lr,ok,0.7744468969765411,0.2073814866268977,0.3342036553524804,0.2888399835525456,0.1825791780658056,0.2049689440993788,0.5,1.485162599678283,0.2609237445753255,2660.0,1613.0,0.0998140111593304,0.093
online_retail_ii,temporal,2,2011-04-01,0.1,rus@1.0,rf,ok,0.7680474992727957,0.2196144606466328,0.3348837209302325,0.2693829990486744,0.1829367163828493,0.2236024844720497,0.5,1.4112309605798865,0.2388127712337259,2660.0,1613.0,0.0998140111593304,3.827
online_retail_ii,temporal,2,2011-04-01,0.1,rus@1.0,hgb,ok,0.7236195951610971,0.1798686258455011,0.2818991097922849,0.1944964662021067,0.1925280066469993,0.1925465838509316,0.5,0.8744639847288062,0.2376813391196528,2660.0,1613.0,0.0998140111593304,1.845
online_retail_ii,temporal,2,2011-04-01,0.1,rus@1.0,xgb,ok,0.7587221737419366,0.2359317634568009,0.3179190751445087,0.2508664814329351,0.1936841826626954,0.2857142857142857,0.5,1.241822466151402,0.218347799132052,2660.0,1613.0,0.0998140111593304,0.931
online_retail_ii,temporal,2,2011-04-01,0.1,rus@1.0,lgbm,ok,0.7336721249764728,0.2066922015476216,0.2857142857142857,0.2012734202695376,0.2009646365048934,0.2236024844720497,0.5,0.9984449989120604,0.2347613143211407,2660.0,1613.0,0.0998140111593304,1.166
online_retail_ii,temporal,2,2011-04-01,0.1,smote@1.0,lr,ok,0.7884177745837825,0.2393673967924623,0.3175,0.2673343613300527,0.1884226997074552,0.2732919254658385,0.5,1.5513562391101494,0.2438964662120272,23918.0,1613.0,0.0998140111593304,0.198
online_retail_ii,temporal,2,2011-04-01,0.1,smote@1.0,rf,ok,0.7498010882398235,0.2187045319905339,0.219435736677116,0.1337961151790082,0.1104241791688998,0.2236024844720497,0.5,1.1270658590661182,0.2469962802231866,23918.0,1613.0,0.0998140111593304,36.835
online_retail_ii,temporal,2,2011-04-01,0.1,smote@1.0,hgb,ok,0.7706804065499717,0.2240250829896149,0.264367816091954,0.1765928585619089,0.1053954124750965,0.2422360248447205,0.5,1.399465261268038,0.2412802231866088,23918.0,1613.0,0.0998140111593304,3.448
online_retail_ii,temporal,2,2011-04-01,0.1,smote@1.0,xgb,ok,0.774643669900587,0.2363366074923451,0.2594594594594595,0.167137234374519,0.10857416851619,0.2422360248447205,0.5,1.443011630135406,0.2523186608803471,23918.0,1613.0,0.0998140111593304,2.112
online_retail_ii,temporal,2,2011-04-01,0.1,smote@1.0,lgbm,ok,0.7737239703642865,0.2356461811803838,0.1968503937007874,0.1394609796930159,0.0915636418121983,0.2732919254658385,0.5,1.4158797608511202,0.2470458772473651,23918.0,1613.0,0.0998140111593304,2.95
online_retail_ii,temporal,2,2011-04-01,0.1,smote@0.5,lr,ok,0.7830664065841931,0.2346629726503619,0.289532293986637,0.195787362093757,0.1208383774765502,0.2732919254658385,0.5,1.5064181620377328,0.2389832610043397,17938.0,1613.0,0.0998140111593304,0.173
online_retail_ii,temporal,2,2011-04-01,0.1,smote@0.5,rf,ok,0.753345139708776,0.2200137188169782,0.1818181818181818,0.1160535571673173,0.099915372001309,0.2546583850931677,0.5,1.2447438402240047,0.245740855548667,17938.0,1613.0,0.0998140111593304,24.365
online_retail_ii,temporal,2,2011-04-01,0.1,smote@0.5,hgb,ok,0.7666871994935237,0.2256146020626387,0.2078853046594982,0.1367913896691371,0.0955926256979184,0.2236024844720497,0.5,1.3248825063901768,0.2287476751394916,17938.0,1613.0,0.0998140111593304,3.052
online_retail_ii,temporal,2,2011-04-01,0.1,smote@0.5,xgb,ok,0.7793234433550641,0.2369067621529473,0.2281879194630872,0.1507910201917853,0.0947251381777494,0.2298136645962732,0.5,1.531867246651164,0.2513391196528208,17938.0,1613.0,0.0998140111593304,1.903
online_retail_ii,temporal,2,2011-04-01,0.1,smote@0.5,lgbm,ok,0.7828568006433619,0.2438162927377928,0.1363636363636363,0.1003809690781216,0.0873520379978768,0.2795031055900621,0.5,1.6143207392153909,0.2421295722256665,17938.0,1613.0,0.0998140111593304,2.595
online_retail_ii,temporal,2,2011-04-01,0.1,adasyn@1.0,lr,ok,0.7883407764830689,0.2404800431955781,0.3140495867768595,0.2699489424027341,0.1975411883282684,0.2919254658385093,0.5,1.5822958309844586,0.2347024178549287,24253.0,1613.0,0.0998140111593304,0.421
online_retail_ii,temporal,2,2011-04-01,0.1,adasyn@1.0,rf,ok,0.74448608045446,0.2118893812560195,0.2101910828025477,0.1251373341793157,0.1124791135379821,0.2111801242236025,0.5,1.068128078521323,0.2359392436453812,24253.0,1613.0,0.0998140111593304,39.545
online_retail_ii,temporal,2,2011-04-01,0.1,adasyn@1.0,hgb,ok,0.7731635952979827,0.237858323637753,0.2464985994397759,0.154690392806697,0.1055205589346223,0.2298136645962732,0.5,1.4444655292534732,0.2299504029758214,24253.0,1613.0,0.0998140111593304,3.619
online_retail_ii,temporal,2,2011-04-01,0.1,adasyn@1.0,xgb,ok,0.76971151378266,0.2340669643866652,0.2722513089005235,0.1800902370477625,0.109292262873228,0.2546583850931677,0.5,1.4473464151609796,0.2275263484190948,24253.0,1613.0,0.0998140111593304,2.302
online_retail_ii,temporal,2,2011-04-01,0.1,adasyn@1.0,lgbm,ok,0.7763932378556884,0.2442446773905652,0.2164179104477611,0.1522498467803816,0.0914714196262561,0.2484472049689441,0.5,1.512932983479859,0.2269249845009299,24253.0,1613.0,0.0998140111593304,3.161
online_retail_ii,temporal,2,2011-04-01,0.1,smote_enn@1.0,lr,ok,0.7882338346765225,0.2366622757888626,0.3067092651757188,0.2746068175666443,0.2568154664507531,0.2732919254658385,0.5,1.574057053902867,0.239262244265344,18342.0,1613.0,0.0998140111593304,6.531
online_retail_ii,temporal,2,2011-04-01,0.1,smote_enn@1.0,rf,ok,0.7569597727700496,0.2106525029077358,0.316,0.2292645059040314,0.1535530626687102,0.2111801242236025,0.5,1.3259922586906598,0.2466800991940483,18272.0,1613.0,0.0998140111593304,32.911
online_retail_ii,temporal,2,2011-04-01,0.1,smote_enn@1.0,hgb,ok,0.7560186848724398,0.207735906052271,0.3096774193548387,0.2203001064350274,0.1448440737817667,0.217391304347826,0.5,1.3720692683451032,0.2220799752014879,18269.0,1613.0,0.0998140111593304,9.629
online_retail_ii,temporal,2,2011-04-01,0.1,smote_enn@1.0,xgb,ok,0.7714268603596668,0.225880371904059,0.3257731958762886,0.2408719982013575,0.1441902459384946,0.2546583850931677,0.5,1.4013630597729554,0.2405548667079974,18381.0,1613.0,0.0998140111593304,8.33
online_retail_ii,temporal,2,2011-04-01,0.1,smote_enn@1.0,lgbm,ok,0.7763333504440224,0.2317446149190654,0.3376068376068376,0.2547754517273593,0.1356287428523531,0.2484472049689441,0.5,1.469507828557464,0.2395567265964042,18298.0,1613.0,0.0998140111593304,8.815
online_retail_ii,temporal,2,2011-04-01,0.1,dirichlet@1.0,lr,ok,0.7803543623701726,0.2285595756863997,0.3236074270557029,0.2694272366052603,0.1804582550619585,0.2484472049689441,0.5,1.6092997127515776,0.2496218226906385,23918.0,1613.0,0.0998140111593304,0.182
online_retail_ii,temporal,2,2011-04-01,0.1,dirichlet@1.0,rf,ok,0.7337405677326626,0.2129722628300494,0.1627906976744186,0.0984631925401128,0.1027773248221017,0.2298136645962732,0.5,0.972673890835211,0.2351394916305022,23918.0,1613.0,0.0998140111593304,33.019
online_retail_ii,temporal,2,2011-04-01,0.1,dirichlet@1.0,hgb,ok,0.7667342538884041,0.2228647013165466,0.0449438202247191,0.0466467797507675,0.0863734468568979,0.2546583850931677,0.5,1.3027279830111878,0.2323930564166149,23918.0,1613.0,0.0998140111593304,3.475
online_retail_ii,temporal,2,2011-04-01,0.1,dirichlet@1.0,xgb,ok,0.7710718135619321,0.2427920756744017,0.2300319488817891,0.1474498803419081,0.1003016298713632,0.2360248447204969,0.5,1.4454900375407935,0.2248419094854308,23918.0,1613.0,0.0998140111593304,2.198
online_retail_ii,temporal,2,2011-04-01,0.1,dirichlet@1.0,lgbm,ok,0.7698099002446828,0.2225077786032973,0.1589958158995816,0.1081226848405744,0.0920991041790333,0.2422360248447205,0.5,1.355835679491593,0.2369342839429634,23918.0,1613.0,0.0998140111593304,2.899
online_retail_ii,temporal,2,2011-04-01,0.1,easy_ensemble,lr,ok,0.7889182622384203,0.2409167845904492,0.3167082294264339,0.2663477237294805,0.1890286424954232,0.2732919254658385,0.5,1.5165736370220575,0.2373868567885927,13289.0,1613.0,0.0998140111593304,0.301
online_retail_ii,temporal,2,2011-04-01,0.1,easy_ensemble,rf,ok,0.769155416388618,0.2318100557054226,0.3261455525606469,0.2714602914525771,0.1930002885500394,0.2360248447204969,0.5,1.3522250463388006,0.2488964662120273,13289.0,1613.0,0.0998140111593304,38.156
online_retail_ii,temporal,2,2011-04-01,0.1,easy_ensemble,hgb,ok,0.7643173690604521,0.2114286729045644,0.3112947658402203,0.2454079868546736,0.1884176033486809,0.2360248447204969,0.5,1.2036119722227276,0.2485740855548667,13289.0,1613.0,0.0998140111593304,17.242
online_retail_ii,temporal,2,2011-04-01,0.1,easy_ensemble,xgb,ok,0.7642745923378335,0.2277380666290686,0.3183673469387755,0.2579276423927689,0.1962870378018295,0.2422360248447205,0.5,1.2307232568285509,0.2527557346559206,13289.0,1613.0,0.0998140111593304,9.538
online_retail_ii,temporal,2,2011-04-01,0.1,easy_ensemble,lgbm,ok,0.7634703899526035,0.2197375235618775,0.311614730878187,0.2431306374816212,0.1905810520073322,0.2546583850931677,0.5,1.2188476255527223,0.2386732796032238,13289.0,1613.0,0.0998140111593304,10.343
online_retail_ii,random,2,2011-04-01,0.1,none,lr,ok,0.7497861163869068,0.2225564673566696,0.0,0.0,0.0836085539286372,0.2546583850931677,0.5,1.3357684169992206,0.2105920644761313,13289.0,1613.0,0.0998140111593304,0.093
online_retail_ii,random,2,2011-04-01,0.1,none,rf,ok,0.770984121280564,0.3082831315744806,0.0681818181818181,0.0970254757569005,0.0799527732925051,0.3416149068322981,0.5,1.5239938565523554,0.1803843769373837,13289.0,1613.0,0.0998140111593304,17.294
online_retail_ii,random,2,2011-04-01,0.1,none,hgb,ok,0.7816868572797427,0.3396868580914951,0.1046511627906976,0.1985866590655946,0.0785078426186691,0.3416149068322981,0.5,1.716615389266745,0.1914321140731555,13289.0,1613.0,0.0998140111593304,2.542
online_retail_ii,random,2,2011-04-01,0.1,none,xgb,ok,0.7659214961586504,0.3129406761076495,0.0828402366863905,0.1825792886740519,0.0799134717519508,0.3291925465838509,0.5,1.5748746432688647,0.19393056416615,13289.0,1613.0,0.0998140111593304,1.697
online_retail_ii,random,2,2011-04-01,0.1,none,lgbm,ok,0.7650445733449687,0.3308233211919329,0.1136363636363636,0.1832169076147447,0.0791100656223948,0.3416149068322981,0.5,1.564918879606597,0.1766274023558586,13289.0,1613.0,0.0998140111593304,1.874
online_retail_ii,random,2,2011-04-01,0.1,class_weight,lr,ok,0.7484300942798967,0.2143254064446308,0.2668161434977578,0.1912680031511959,0.2177167264019064,0.2236024844720497,0.5,1.3432023754708644,0.2155548667079975,13289.0,1613.0,0.0998140111593304,0.131
online_retail_ii,random,2,2011-04-01,0.1,class_weight,rf,ok,0.7699681741183718,0.3113821113841969,0.2392344497607655,0.2459821519956011,0.0838052986902969,0.3540372670807453,0.5,1.522468628601614,0.1802076875387477,13289.0,1613.0,0.0998140111593304,16.161
online_retail_ii,random,2,2011-04-01,0.1,class_weight,hgb,ok,0.7616352685522645,0.3137889847033693,0.3507109004739336,0.290430446673645,0.1534187622449154,0.3105590062111801,0.5,1.6011630614980137,0.2041692498450093,13289.0,1613.0,0.0998140111593304,2.502
online_retail_ii,random,2,2011-04-01,0.1,class_weight,xgb,ok,0.7635773317591499,0.3043824889962622,0.3467094703049759,0.283120535591723,0.1556868630150374,0.3291925465838509,0.5,1.60560962417878,0.1980130192188468,13289.0,1613.0,0.0998140111593304,1.636
online_retail_ii,random,2,2011-04-01,0.1,class_weight,lgbm,ok,0.7634661122803416,0.315922468819295,0.3710575139146567,0.3040463028807006,0.1374129137892076,0.3167701863354037,0.5,1.6535283886693963,0.2023093614383136,13289.0,1613.0,0.0998140111593304,1.958
online_retail_ii,random,2,2011-04-01,0.1,threshold,lr,ok,0.7497861163869068,0.2225564673566696,0.3320158102766798,0.2499981247637689,0.0836085539286372,0.2546583850931677,0.1797757687357361,1.3357684169992206,0.2105920644761313,13289.0,1613.0,0.0998140111593304,0.455
online_retail_ii,random,2,2011-04-01,0.1,threshold,rf,ok,0.7689115890696918,0.315707965747336,0.3484162895927601,0.2669350612931426,0.0797950438080277,0.3478260869565217,0.1944620122230762,1.519417113946468,0.1803564786112833,13289.0,1613.0,0.0998140111593304,30.852
online_retail_ii,random,2,2011-04-01,0.1,threshold,hgb,ok,0.7816868572797427,0.3396868580914951,0.3380281690140845,0.2730634804085788,0.0785078426186691,0.3416149068322981,0.1303170346227986,1.716615389266745,0.1914321140731555,13289.0,1613.0,0.0998140111593304,4.961
online_retail_ii,random,2,2011-04-01,0.1,threshold,xgb,ok,0.7696858477490889,0.3287271967898802,0.3466666666666667,0.2796635696628747,0.0794042501029777,0.3229813664596273,0.1438844363391399,1.5879529874903509,0.2032548047117173,13289.0,1613.0,0.0998140111593304,3.188
online_retail_ii,random,2,2011-04-01,0.1,threshold,lgbm,ok,0.7693308009513542,0.3139635273387888,0.3543788187372709,0.2771755519452974,0.0798488755573152,0.3229813664596273,0.1622437061234049,1.5483773966985257,0.1992157470551767,13289.0,1613.0,0.0998140111593304,4.056
online_retail_ii,random,2,2011-04-01,0.1,ros@1.0,lr,ok,0.7474761733655014,0.2156249254678292,0.26578073089701,0.1906334947809723,0.218119759366429,0.2236024844720497,0.5,1.3415992608727072,0.2073310601363918,23918.0,1613.0,0.0998140111593304,0.167
online_retail_ii,random,2,2011-04-01,0.1,ros@1.0,rf,ok,0.7642425097958695,0.3130800001025701,0.3095238095238095,0.2681804105421724,0.0894756391162063,0.3540372670807453,0.5,1.51032665675015,0.1631680099194048,23918.0,1613.0,0.0998140111593304,23.237
online_retail_ii,random,2,2011-04-01,0.1,ros@1.0,hgb,ok,0.7566624745478501,0.2709281523137574,0.3240589198036006,0.2494068410707084,0.151872002270741,0.2795031055900621,0.5,1.4298621512036838,0.2265034097954122,23918.0,1613.0,0.0998140111593304,3.177
online_retail_ii,random,2,2011-04-01,0.1,ros@1.0,xgb,ok,0.7601551939496605,0.2914203507674637,0.3312101910828025,0.2616976424110408,0.1573331829320956,0.2732919254658385,0.5,1.547546021717032,0.1806013639181649,23918.0,1613.0,0.0998140111593304,2.127
online_retail_ii,random,2,2011-04-01,0.1,ros@1.0,lgbm,ok,0.7639665999349794,0.3100608503773572,0.3587786259541984,0.2860971160857234,0.1339548124263549,0.2919254658385093,0.5,1.6013853138124945,0.202160570365778,23918.0,1613.0,0.0998140111593304,2.516
online_retail_ii,random,2,2011-04-01,0.1,rus@1.0,lr,ok,0.7466249165853909,0.2150334137478909,0.2685904550499445,0.1956513724259533,0.218736726959986,0.2422360248447205,0.5,1.3188733235936871,0.2140390576565406,2660.0,1613.0,0.0998140111593304,0.091
online_retail_ii,random,2,2011-04-01,0.1,rus@1.0,rf,ok,0.7546134695344181,0.2562145057082343,0.2950819672131147,0.228441596902767,0.2141629093139207,0.3043478260869565,0.5,1.3466550111319204,0.1907067575945443,2660.0,1613.0,0.0998140111593304,3.934
online_retail_ii,random,2,2011-04-01,0.1,rus@1.0,hgb,ok,0.7349939257053882,0.2361652082561752,0.2860548271752086,0.2192481004079112,0.233698933409423,0.2546583850931677,0.5,1.110603540084112,0.1971326720396776,2660.0,1613.0,0.0998140111593304,1.737
online_retail_ii,random,2,2011-04-01,0.1,rus@1.0,xgb,ok,0.733141693616002,0.2208164271475388,0.281134401972873,0.2071259677547009,0.2240415357627385,0.217391304347826,0.5,1.2700482903348376,0.2183601983880967,2660.0,1613.0,0.0998140111593304,0.959
online_retail_ii,random,2,2011-04-01,0.1,rus@1.0,lgbm,ok,0.7215705901476652,0.2094302300963197,0.2879177377892031,0.2145475363759282,0.2305676679149169,0.2422360248447205,0.5,0.94730842976844,0.2021636701797892,2660.0,1613.0,0.0998140111593304,1.118
online_retail_ii,random,2,2011-04-01,0.1,smote@1.0,lr,ok,0.7542691169173383,0.223044781680715,0.27313769751693,0.2022134987521087,0.2158806156156142,0.2546583850931677,0.5,1.363579510452864,0.2108741475511469,23918.0,1613.0,0.0998140111593304,0.27
online_retail_ii,random,2,2011-04-01,0.1,smote@1.0,rf,ok,0.7557449138476806,0.2614040173880947,0.3232876712328767,0.2404260514656521,0.110292830642015,0.2919254658385093,0.5,1.3941028142658356,0.1899101053936763,23918.0,1613.0,0.0998140111593304,36.117
online_retail_ii,random,2,2011-04-01,0.1,smote@1.0,hgb,ok,0.7577575586468867,0.271011498556259,0.3275109170305676,0.2420245429690711,0.1219147591941047,0.2484472049689441,0.5,1.4696701831783394,0.195759454432734,23918.0,1613.0,0.0998140111593304,3.394
online_retail_ii,random,2,2011-04-01,0.1,smote@1.0,xgb,ok,0.7601295279160891,0.2948025222371792,0.348,0.2698754929480906,0.1298871767810383,0.3105590062111801,0.5,1.4688273233451798,0.1894606323620583,23918.0,1613.0,0.0998140111593304,2.133
online_retail_ii,random,2,2011-04-01,0.1,smote@1.0,lgbm,ok,0.7575800352480195,0.2862071544777781,0.2929936305732484,0.2168985861168619,0.1003270877730267,0.2981366459627329,0.5,1.2983016717906102,0.1946404215747055,23918.0,1613.0,0.0998140111593304,2.938
online_retail_ii,random,2,2011-04-01,0.1,smote@0.5,lr,ok,0.7496321201854799,0.2286074944858892,0.321285140562249,0.2358665471899469,0.1360907695666179,0.2795031055900621,0.5,1.273358785340559,0.2103874767513949,17938.0,1613.0,0.0998140111593304,0.176
online_retail_ii,random,2,2011-04-01,0.1,smote@0.5,rf,ok,0.7667941413000702,0.2887315650804644,0.3066202090592334,0.2421871052029683,0.0947622972284056,0.3478260869565217,0.5,1.5460054158871177,0.1850650960942343,17938.0,1613.0,0.0998140111593304,27.134
online_retail_ii,random,2,2011-04-01,0.1,smote@0.5,hgb,ok,0.760535906780966,0.2696739659602456,0.2517006802721088,0.17839506694422,0.099098997049956,0.2546583850931677,0.5,1.489063159392171,0.2205579665220086,17938.0,1613.0,0.0998140111593304,2.978
online_retail_ii,random,2,2011-04-01,0.1,smote@0.5,xgb,ok,0.7654423968653217,0.2928277538754652,0.3014492753623188,0.2188237624370078,0.1025583383823048,0.2919254658385093,0.5,1.529840409566391,0.2154773713577185,17938.0,1613.0,0.0998140111593304,1.894
online_retail_ii,random,2,2011-04-01,0.1,smote@0.5,lgbm,ok,0.7574260390465923,0.28737543753661,0.2834008097165992,0.2431847580437914,0.0908061927811353,0.3105590062111801,0.5,1.4412656362887597,0.196032238065716,17938.0,1613.0,0.0998140111593304,2.435
online_retail_ii,random,2,2011-04-01,0.1,adasyn@1.0,lr,ok,0.7518565097616481,0.2225108404764914,0.2670940170940171,0.1972308130687715,0.2234489071142507,0.2732919254658385,0.5,1.3317137264843328,0.2021574705517669,24253.0,1613.0,0.0998140111593304,0.417
online_retail_ii,random,2,2011-04-01,0.1,adasyn@1.0,rf,ok,0.7606278767345961,0.2585019328703347,0.3155080213903743,0.2305588377580798,0.1114398884232236,0.3105590062111801,0.5,1.401519258157888,0.2031742095474271,24253.0,1613.0,0.0998140111593304,39.731
online_retail_ii,random,2,2011-04-01,0.1,adasyn@1.0,hgb,ok,0.7596440121143677,0.2786515657170281,0.3275109170305676,0.2420245429690711,0.1209179665032781,0.2919254658385093,0.5,1.4736832047794697,0.2116584004959703,24253.0,1613.0,0.0998140111593304,3.62
online_retail_ii,random,2,2011-04-01,0.1,adasyn@1.0,xgb,ok,0.7584099036668206,0.2822505761180916,0.3302063789868668,0.2497672915732906,0.1338777538619744,0.2857142857142857,0.5,1.367875357702946,0.1987352758834469,24253.0,1613.0,0.0998140111593304,2.403
online_retail_ii,random,2,2011-04-01,0.1,adasyn@1.0,lgbm,ok,0.7557791352257754,0.2666765281957979,0.270096463022508,0.1924786682397561,0.100940214293493,0.2608695652173913,0.5,1.4419916730905666,0.212783632982021,24253.0,1613.0,0.0998140111593304,3.154
online_retail_ii,random,2,2011-04-01,0.1,smote_enn@1.0,lr,ok,0.751484352274866,0.2217076645707028,0.263653483992467,0.2085414045025552,0.2959477899539258,0.2546583850931677,0.5,1.290706160874615,0.206810291382517,18358.0,1613.0,0.0998140111593304,6.486
online_retail_ii,random,2,2011-04-01,0.1,smote_enn@1.0,rf,ok,0.7485990623342402,0.229956977410915,0.321311475409836,0.2454231063619148,0.181020573214403,0.2546583850931677,0.5,1.2613166128938382,0.2086732796032237,18329.0,1613.0,0.0998140111593304,34.635
online_retail_ii,random,2,2011-04-01,0.1,smote_enn@1.0,hgb,ok,0.7546883287990007,0.25023154929786,0.3093093093093093,0.2345622556870743,0.1867662809822646,0.2608695652173913,0.5,1.3506561210841967,0.1913422194668319,18383.0,1613.0,0.0998140111593304,9.509
online_retail_ii,random,2,2011-04-01,0.1,smote_enn@1.0,xgb,ok,0.7515570727033178,0.2642507998161486,0.3094890510948905,0.2371440682765694,0.198465246957404,0.2795031055900621,0.5,1.4650524042450286,0.2021140731556107,18439.0,1613.0,0.0998140111593304,8.178
online_retail_ii,random,2,2011-04-01,0.1,smote_enn@1.0,lgbm,ok,0.7472665674246701,0.2528053870148633,0.3226890756302521,0.2456903216448922,0.1693534819990326,0.2546583850931677,0.5,1.2612081715573595,0.2007811531308121,18362.0,1613.0,0.0998140111593304,8.805
online_retail_ii,random,2,2011-04-01,0.1,dirichlet@1.0,lr,ok,0.7524168848279521,0.2341852609157982,0.2764976958525346,0.2060478337712025,0.2128120657101924,0.2608695652173913,0.5,1.3406455947925071,0.1968257904525728,23918.0,1613.0,0.0998140111593304,0.278
online_retail_ii,random,2,2011-04-01,0.1,dirichlet@1.0,rf,ok,0.7589510292079462,0.2460396563093836,0.2885245901639344,0.2148970555057691,0.1014313097879516,0.2919254658385093,0.5,1.3672985218099742,0.2144327340359578,23918.0,1613.0,0.0998140111593304,32.849
online_retail_ii,random,2,2011-04-01,0.1,dirichlet@1.0,hgb,ok,0.7704130520336054,0.3008777682202993,0.1142857142857142,0.1918137761870167,0.081345534793785,0.3167701863354037,0.5,1.5731338705675164,0.1894296342219467,23918.0,1613.0,0.0998140111593304,3.444
online_retail_ii,random,2,2011-04-01,0.1,dirichlet@1.0,xgb,ok,0.7645740293961637,0.2464185776212084,0.3101604278074866,0.2244496383411895,0.1068854400997036,0.2608695652173913,0.5,1.4603656216576053,0.2126255424674519,23918.0,1613.0,0.0998140111593304,2.198
online_retail_ii,random,2,2011-04-01,0.1,dirichlet@1.0,lgbm,ok,0.7631795082387969,0.2707764956653384,0.2388059701492537,0.1771817252429964,0.0910306187159571,0.2857142857142857,0.5,1.4314182983970716,0.2229541227526349,23918.0,1613.0,0.0998140111593304,2.901
online_retail_ii,random,2,2011-04-01,0.1,easy_ensemble,lr,ok,0.7476943346508563,0.2153205617462196,0.265625,0.1895227911627293,0.2188868884501785,0.2236024844720497,0.5,1.3488857082062142,0.2112988220706757,13289.0,1613.0,0.0998140111593304,0.274
online_retail_ii,random,2,2011-04-01,0.1,easy_ensemble,rf,ok,0.7710418698560991,0.2981643261874386,0.3034825870646766,0.2442428064510617,0.2088615687447967,0.3229813664596273,0.5,1.5611750787761465,0.1972628642281463,13289.0,1613.0,0.0998140111593304,32.195
online_retail_ii,random,2,2011-04-01,0.1,easy_ensemble,hgb,ok,0.7555695292849443,0.282882239182083,0.297820823244552,0.2379146803052631,0.2129431101540183,0.2919254658385093,0.5,1.3808242183106094,0.1978518288902665,13289.0,1613.0,0.0998140111593304,17.083
online_retail_ii,random,2,2011-04-01,0.1,easy_ensemble,xgb,ok,0.7556850264360147,0.2742700750965852,0.2929171668667467,0.2304244799482548,0.2164484068002421,0.2857142857142857,0.5,1.3588075373629953,0.1885461872287662,13289.0,1613.0,0.0998140111593304,9.303
online_retail_ii,random,2,2011-04-01,0.1,easy_ensemble,lgbm,ok,0.7521645021645021,0.287564841327612,0.2898903775883069,0.2234602465819516,0.2208343741565492,0.2732919254658385,0.5,1.374034018384822,0.1781246125232486,13289.0,1613.0,0.0998140111593304,7.118
online_retail_ii,temporal,3,2011-05-01,0.1,none,lr,ok,0.7579790605115725,0.2342812990418641,0.0,0.0,0.0832575383475316,0.2777777777777778,0.5,1.2660210432727197,0.2277079482439925,13289.0,1623.0,0.099815157116451,0.113
online_retail_ii,temporal,3,2011-05-01,0.1,none,rf,ok,0.7300259419812238,0.2086286336354965,0.0459770114942528,0.0672356251944593,0.0871193108787354,0.228395061728395,0.5,1.095906594787906,0.1815372766481823,13289.0,1623.0,0.099815157116451,16.871
online_retail_ii,temporal,3,2011-05-01,0.1,none,hgb,ok,0.7337144354027766,0.2058018229453242,0.0459770114942528,0.0672356251944593,0.0876274347663522,0.2469135802469135,0.5,1.0385919595788715,0.2262261244608749,13289.0,1623.0,0.099815157116451,2.577
online_retail_ii,temporal,3,2011-05-01,0.1,none,xgb,ok,0.7380197902671095,0.2160035542666165,0.0693641618497109,0.1228098774245906,0.0860943967253336,0.2160493827160493,0.5,1.1195039931049968,0.2204651879235982,13289.0,1623.0,0.099815157116451,1.648
online_retail_ii,temporal,3,2011-05-01,0.1,none,lgbm,ok,0.736000202803762,0.2181241045462938,0.064516129032258,0.0613823340148214,0.0893550666449887,0.2160493827160493,0.5,1.1355030462746063,0.2231762168823166,13289.0,1623.0,0.099815157116451,2.044
online_retail_ii,temporal,3,2011-05-01,0.1,class_weight,lr,ok,0.7605774837123229,0.2389484010523529,0.3031847133757961,0.2401353481222264,0.1973093158372807,0.2592592592592592,0.5,1.2549202102583394,0.2204898336414047,13289.0,1623.0,0.099815157116451,0.184
online_retail_ii,temporal,3,2011-05-01,0.1,class_weight,rf,ok,0.7426420260095824,0.2083725905985631,0.0497512437810945,0.0148612578590996,0.0895228705819838,0.2469135802469135,0.5,1.1286873852603798,0.215988909426987,13289.0,1623.0,0.099815157116451,15.73
online_retail_ii,temporal,3,2011-05-01,0.1,class_weight,hgb,ok,0.7414949172307146,0.2172228398876012,0.2968036529680365,0.2049090675944842,0.1247127469271917,0.2222222222222222,0.5,1.1021637758629546,0.2226524953789279,13289.0,1623.0,0.099815157116451,2.523
online_retail_ii,temporal,3,2011-05-01,0.1,class_weight,xgb,ok,0.7279472034206236,0.1969406808958034,0.2850779510022271,0.1904665053436632,0.129390834237309,0.2222222222222222,0.5,1.0197451567482572,0.2182316697473813,13289.0,1623.0,0.099815157116451,1.73
online_retail_ii,temporal,3,2011-05-01,0.1,class_weight,lgbm,ok,0.7376606586052171,0.2053536844065774,0.2850356294536817,0.1916648667584728,0.1241808990373622,0.228395061728395,0.5,1.0539019781979286,0.2218361059765865,13289.0,1623.0,0.099815157116451,1.972
online_retail_ii,temporal,3,2011-05-01,0.1,threshold,lr,ok,0.7579790605115725,0.2342812990418641,0.3055555555555556,0.2160394396445528,0.0832575383475316,0.2777777777777778,0.1551305567764818,1.2660210432727197,0.2277079482439925,13289.0,1623.0,0.099815157116451,0.485
online_retail_ii,temporal,3,2011-05-01,0.1,threshold,rf,ok,0.7380514783549235,0.2136560713206771,0.3014861995753715,0.2102429793373853,0.0864920403702964,0.2345679012345679,0.2057634559884559,1.0966396267375282,0.1951109057301294,13289.0,1623.0,0.099815157116451,30.423
online_retail_ii,temporal,3,2011-05-01,0.1,threshold,hgb,ok,0.7337144354027766,0.2058018229453242,0.2577565632458234,0.1596095334090566,0.0876274347663522,0.2469135802469135,0.1614984970086471,1.0385919595788715,0.2262261244608749,13289.0,1623.0,0.099815157116451,5.002
online_retail_ii,temporal,3,2011-05-01,0.1,threshold,xgb,ok,0.7474248147303133,0.2237772919412879,0.2811791383219955,0.1860565043220334,0.0853064902795237,0.2345679012345679,0.1612647786736488,1.1827425902739763,0.2317529266789895,13289.0,1623.0,0.099815157116451,3.162
online_retail_ii,temporal,3,2011-05-01,0.1,threshold,lgbm,ok,0.7403647087653477,0.2129812432859085,0.2791666666666667,0.1825931034892932,0.0885891651668286,0.2037037037037037,0.1322070190975768,1.119927198095739,0.2348243992606284,13289.0,1623.0,0.099815157116451,3.745
online_retail_ii,temporal,3,2011-05-01,0.1,ros@1.0,lr,ok,0.7615027758764925,0.2368681771140231,0.2938271604938272,0.2279838490968055,0.2032861763589659,0.2469135802469135,0.5,1.2214233732763855,0.2263801601971657,23918.0,1623.0,0.099815157116451,0.243
online_retail_ii,temporal,3,2011-05-01,0.1,ros@1.0,rf,ok,0.7345573385386299,0.201428773581368,0.0944206008583691,0.039326424670552,0.0972800307663033,0.2345679012345679,0.5,1.1146982625577655,0.213589032655576,23918.0,1623.0,0.099815157116451,22.423
online_retail_ii,temporal,3,2011-05-01,0.1,ros@1.0,hgb,ok,0.726973322855139,0.2138137852474615,0.2745098039215686,0.1802434492998949,0.1203813203559284,0.2222222222222222,0.5,0.9987942002411148,0.2078219346888477,23918.0,1623.0,0.099815157116451,3.092
online_retail_ii,temporal,3,2011-05-01,0.1,ros@1.0,xgb,ok,0.7212969300580526,0.1957241956506381,0.2656641604010025,0.1708034290361673,0.1225846901837746,0.2160493827160493,0.5,1.0784346053190312,0.1833240911891558,23918.0,1623.0,0.099815157116451,2.189
online_retail_ii,temporal,3,2011-05-01,0.1,ros@1.0,lgbm,ok,0.7236587488697915,0.2021290315514145,0.259946949602122,0.1669841315633412,0.1182589626973588,0.2098765432098765,0.5,0.9630122781003676,0.2012446087492298,23918.0,1623.0,0.099815157116451,2.456
online_retail_ii,temporal,3,2011-05-01,0.1,rus@1.0,lr,ok,0.7585790216408514,0.2373446035189398,0.3081009296148738,0.2435272604571463,0.1857856652998142,0.2716049382716049,0.5,1.2603216108611122,0.2231854590264942,2660.0,1623.0,0.099815157116451,0.089
online_retail_ii,temporal,3,2011-05-01,0.1,rus@1.0,rf,ok,0.753327249220473,0.2037593860067952,0.3210227272727273,0.2567083953800138,0.1914484964164355,0.1975308641975308,0.5,1.3303756647290723,0.2249815157116451,2660.0,1623.0,0.099815157116451,3.877
online_retail_ii,temporal,3,2011-05-01,0.1,rus@1.0,hgb,ok,0.7123820146863724,0.1819796614625817,0.2630208333333333,0.1721563152142626,0.2283415995072101,0.2098765432098765,0.5,0.7361485597857085,0.2228342575477511,2660.0,1623.0,0.099815157116451,1.713
online_retail_ii,temporal,3,2011-05-01,0.1,rus@1.0,xgb,ok,0.7427518780473379,0.2170387274252486,0.2777036048064085,0.1942558733708415,0.2023244463722603,0.2407407407407407,0.5,1.0577627543370485,0.2078989525569931,2660.0,1623.0,0.099815157116451,0.909
online_retail_ii,temporal,3,2011-05-01,0.1,rus@1.0,lgbm,ok,0.7217701388360755,0.2012198583687126,0.2641509433962264,0.1762257561360656,0.2386179845552965,0.2407407407407407,0.5,0.875504438366323,0.2067252002464571,2660.0,1623.0,0.099815157116451,1.051
online_retail_ii,temporal,3,2011-05-01,0.1,smote@1.0,lr,ok,0.7602859533044338,0.2375905675747854,0.3125,0.2528970536404799,0.1851565628612742,0.2777777777777778,0.5,1.3092960073403677,0.2154651879235982,23918.0,1623.0,0.099815157116451,0.186
online_retail_ii,temporal,3,2011-05-01,0.1,smote@1.0,rf,ok,0.7353241902637293,0.2041245977421875,0.1858974358974359,0.0995580059112035,0.1122199179863181,0.1975308641975308,0.5,1.136149782244841,0.2044577942082563,23918.0,1623.0,0.099815157116451,35.278
online_retail_ii,temporal,3,2011-05-01,0.1,smote@1.0,hgb,ok,0.7276725733262353,0.2074536524274434,0.2162162162162162,0.1267482721261442,0.1081608132098654,0.2037037037037037,0.5,1.0540248153880505,0.2283302526186074,23918.0,1623.0,0.099815157116451,3.418
online_retail_ii,temporal,3,2011-05-01,0.1,smote@1.0,xgb,ok,0.7318385006041861,0.203407568487277,0.2388888888888889,0.1459380162565234,0.1114980179164517,0.1975308641975308,0.5,1.1423852268308137,0.1978065311152187,23918.0,1623.0,0.099815157116451,2.148
online_retail_ii,temporal,3,2011-05-01,0.1,smote@1.0,lgbm,ok,0.7284711131391488,0.2011476562894943,0.1300813008130081,0.0706605319467469,0.0964909427745428,0.2037037037037037,0.5,1.118262714297087,0.2128496611213801,23918.0,1623.0,0.099815157116451,3.052
online_retail_ii,temporal,3,2011-05-01,0.1,smote@0.5,lr,ok,0.7599732975046687,0.2329696919580595,0.2990196078431372,0.2089031324856589,0.1190998347771929,0.2592592592592592,0.5,1.2896276927427677,0.2321534195933456,17938.0,1623.0,0.099815157116451,0.177
online_retail_ii,temporal,3,2011-05-01,0.1,smote@0.5,rf,ok,0.7435461927818761,0.2083961048894335,0.1777777777777777,0.1090304867938607,0.1013880339183522,0.228395061728395,0.5,1.0517047822516383,0.2138971041281577,17938.0,1623.0,0.099815157116451,26.578
online_retail_ii,temporal,3,2011-05-01,0.1,smote@0.5,hgb,ok,0.7392028122121665,0.2037918022530815,0.1555555555555555,0.0842882496481063,0.0976702867185565,0.2222222222222222,0.5,1.1281140631252768,0.2214818237831177,17938.0,1623.0,0.099815157116451,2.944
online_retail_ii,temporal,3,2011-05-01,0.1,smote@0.5,xgb,ok,0.7442602310272856,0.2089508655653889,0.218978102189781,0.152626691003739,0.0970729938677602,0.2098765432098765,0.5,1.291498530522507,0.207532347504621,17938.0,1623.0,0.099815157116451,1.9
online_retail_ii,temporal,3,2011-05-01,0.1,smote@0.5,lgbm,ok,0.7359833024902611,0.2061832423618516,0.1004566210045662,0.0592981246636947,0.092236006674116,0.2530864197530864,0.5,1.0686401456682362,0.2105391250770178,17938.0,1623.0,0.099815157116451,2.489
online_retail_ii,temporal,3,2011-05-01,0.1,adasyn@1.0,lr,ok,0.7622125890435267,0.2412529318907652,0.3029556650246305,0.2438088784829002,0.1984035338629309,0.2592592592592592,0.5,1.3025370955348703,0.2210751694393099,24253.0,1623.0,0.099815157116451,0.387
online_retail_ii,temporal,3,2011-05-01,0.1,adasyn@1.0,rf,ok,0.7349840714545255,0.1930492580751721,0.1968253968253968,0.1106401562314411,0.1133713119716412,0.2037037037037037,0.5,1.0193922005179714,0.2161706715958102,24253.0,1623.0,0.099815157116451,39.034
online_retail_ii,temporal,3,2011-05-01,0.1,adasyn@1.0,hgb,ok,0.7112623689169434,0.1919368775979266,0.2155688622754491,0.1257562696022836,0.1117489188069234,0.2037037037037037,0.5,0.7803201235277933,0.2013986444855206,24253.0,1623.0,0.099815157116451,3.587
online_retail_ii,temporal,3,2011-05-01,0.1,adasyn@1.0,xgb,ok,0.7301907200378566,0.2015814637675542,0.2430939226519337,0.1503135571460399,0.1119083197378552,0.191358024691358,0.5,1.0877334786721982,0.2040295748613678,24253.0,1623.0,0.099815157116451,2.347
online_retail_ii,temporal,3,2011-05-01,0.1,adasyn@1.0,lgbm,ok,0.7387676291395205,0.2180907633743967,0.1387755102040816,0.0813244116372809,0.0954194220811525,0.2160493827160493,0.5,1.184701324753479,0.2076278496611213,24253.0,1623.0,0.099815157116451,3.233
online_retail_ii,temporal,3,2011-05-01,0.1,smote_enn@1.0,lr,ok,0.7602437025206817,0.2373640708572555,0.2844638949671772,0.2264637380226726,0.2491667628521145,0.2839506172839506,0.5,1.2936035957689984,0.2171903881700554,18291.0,1623.0,0.099815157116451,6.438
online_retail_ii,temporal,3,2011-05-01,0.1,smote_enn@1.0,rf,ok,0.7471691974886134,0.2045875329155462,0.2839248434237996,0.1885132061688041,0.149328936023928,0.2407407407407407,0.5,1.1542870523893582,0.2369100431300061,18231.0,1623.0,0.099815157116451,33.627
online_retail_ii,temporal,3,2011-05-01,0.1,smote_enn@1.0,hgb,ok,0.7243284237922614,0.1913973875122911,0.2683982683982684,0.1697451099585105,0.1462460386260614,0.2160493827160493,0.5,1.012027106936485,0.2155668515095502,18320.0,1623.0,0.099815157116451,9.426
online_retail_ii,temporal,3,2011-05-01,0.1,smote_enn@1.0,xgb,ok,0.7400351526520816,0.2063701493373249,0.3052208835341365,0.2154162865015423,0.1535453104694497,0.2098765432098765,0.5,1.1501734161511932,0.2145871842267406,18303.0,1623.0,0.099815157116451,8.328
online_retail_ii,temporal,3,2011-05-01,0.1,smote_enn@1.0,lgbm,ok,0.726983885551077,0.1910804519591543,0.2768496420047732,0.1821313794117429,0.1356497834222595,0.2222222222222222,0.5,1.0466659329438923,0.2055237215033887,18397.0,1623.0,0.099815157116451,8.933
online_retail_ii,temporal,3,2011-05-01,0.1,dirichlet@1.0,lr,ok,0.7519878993755335,0.2298329512520607,0.3154848046309696,0.2464441888571353,0.1709017183993482,0.2407407407407407,0.5,1.296724541576217,0.2259149722735674,23918.0,1623.0,0.099815157116451,0.292
online_retail_ii,temporal,3,2011-05-01,0.1,dirichlet@1.0,rf,ok,0.7330912363424342,0.199042267268889,0.1647058823529411,0.1036268272582781,0.102535466194389,0.2160493827160493,0.5,1.0031457164932844,0.2054436229205175,23918.0,1623.0,0.099815157116451,33.655
online_retail_ii,temporal,3,2011-05-01,0.1,dirichlet@1.0,hgb,ok,0.7270092360213283,0.2015703848665736,0.0462427745664739,0.0727041883697614,0.0886266017958359,0.228395061728395,0.5,1.0021686208903815,0.1988447319778188,23918.0,1623.0,0.099815157116451,3.529
online_retail_ii,temporal,3,2011-05-01,0.1,dirichlet@1.0,xgb,ok,0.7414378786726493,0.1983555702016124,0.1914191419141914,0.1089300021827511,0.1038330755022338,0.2160493827160493,0.5,1.073263888370052,0.228573629081947,23918.0,1623.0,0.099815157116451,2.199
online_retail_ii,temporal,3,2011-05-01,0.1,dirichlet@1.0,lgbm,ok,0.7402971075113443,0.1923681190887333,0.1052631578947368,0.0563239932554621,0.0956727277743405,0.2037037037037037,0.5,1.0340180245939046,0.2416204559457794,23918.0,1623.0,0.099815157116451,2.932
online_retail_ii,temporal,3,2011-05-01,0.1,easy_ensemble,lr,ok,0.7605479081636964,0.2395208004794832,0.3117569352708058,0.2500071612208479,0.1872891624849084,0.2716049382716049,0.5,1.2908597680192562,0.2127202711028959,13289.0,1623.0,0.099815157116451,0.317
online_retail_ii,temporal,3,2011-05-01,0.1,easy_ensemble,rf,ok,0.754569422262783,0.2073258115923351,0.3138888888888889,0.2479833024103614,0.1877989826921842,0.2530864197530864,0.5,1.2229954092215027,0.2227603203943314,13289.0,1623.0,0.099815157116451,38.114
online_retail_ii,temporal,3,2011-05-01,0.1,easy_ensemble,hgb,ok,0.7520639507862871,0.2219190635790799,0.2966887417218543,0.2254254372994172,0.1974008517312754,0.2407407407407407,0.5,1.157933236379921,0.2211182994454714,13289.0,1623.0,0.099815157116451,16.984
online_retail_ii,temporal,3,2011-05-01,0.1,easy_ensemble,xgb,ok,0.750673900000845,0.220584865594067,0.3058510638297872,0.2397688223005723,0.1928114319348696,0.2469135802469135,0.5,1.1616107158462332,0.2209642637091804,13289.0,1623.0,0.099815157116451,9.256
online_retail_ii,temporal,3,2011-05-01,0.1,easy_ensemble,lgbm,ok,0.7471882103413018,0.2144487769061726,0.3006711409395973,0.2305312992347586,0.1984780916331333,0.228395061728395,0.5,1.2330802049234826,0.2183364140480591,13289.0,1623.0,0.099815157116451,10.104
online_retail_ii,random,3,2011-05-01,0.1,none,lr,ok,0.7292569777169366,0.222436249306423,0.0,0.0,0.08440297228103,0.2654320987654321,0.5,1.0768917940106435,0.197483056069008,13289.0,1623.0,0.099815157116451,0.134
online_retail_ii,random,3,2011-05-01,0.1,none,rf,ok,0.7420040391749267,0.2839447050584706,0.1028571428571428,0.1776141352675109,0.0827373958214127,0.3148148148148148,0.5,1.2319538029925532,0.164796672828096,13289.0,1623.0,0.099815157116451,17.59
online_retail_ii,random,3,2011-05-01,0.1,none,hgb,ok,0.7370121090746233,0.2628710032150737,0.1098901098901098,0.1491230497046131,0.083607841938091,0.2716049382716049,0.5,1.2153511316078007,0.1936660505237214,13289.0,1623.0,0.099815157116451,2.408
online_retail_ii,random,3,2011-05-01,0.1,none,xgb,ok,0.7422871194260654,0.286337718986002,0.1235955056179775,0.1956286452512127,0.0819417645141752,0.3024691358024691,0.5,1.2659745785233163,0.1615988909426987,13289.0,1623.0,0.099815157116451,1.588
online_retail_ii,random,3,2011-05-01,0.1,none,lgbm,ok,0.7411928241268876,0.2696312561993417,0.1304347826086956,0.174275022912707,0.0833302163806397,0.2901234567901234,0.5,1.2505695848446243,0.1796241528034504,13289.0,1623.0,0.099815157116451,1.827
online_retail_ii,random,3,2011-05-01,0.1,class_weight,lr,ok,0.7308582824211389,0.2292444992091997,0.2737556561085973,0.2024001382687662,0.2179226705518654,0.2469135802469135,0.5,1.0625011241433782,0.1960474430067775,13289.0,1623.0,0.099815157116451,0.163
online_retail_ii,random,3,2011-05-01,0.1,class_weight,rf,ok,0.7432673376091126,0.281653505079573,0.2149532710280373,0.2078742015693645,0.0868816603476653,0.3024691358024691,0.5,1.3387605786832808,0.1726863832409118,13289.0,1623.0,0.099815157116451,15.958
online_retail_ii,random,3,2011-05-01,0.1,class_weight,hgb,ok,0.7268000946417557,0.241239651743181,0.3087478559176672,0.2250003134941982,0.1578849006984158,0.2777777777777778,0.5,1.1146722115666174,0.1794300677757239,13289.0,1623.0,0.099815157116451,2.466
online_retail_ii,random,3,2011-05-01,0.1,class_weight,xgb,ok,0.7395070178551812,0.2744258747633701,0.3152709359605911,0.2364257457721015,0.156973085140795,0.2901234567901234,0.5,1.2483302744572016,0.1730714725816389,13289.0,1623.0,0.099815157116451,1.618
online_retail_ii,random,3,2011-05-01,0.1,class_weight,lgbm,ok,0.7359748523335108,0.2603270934164317,0.3098591549295774,0.2212394683997773,0.1377158527192074,0.2592592592592592,0.5,1.2129531430814535,0.1898213185459026,13289.0,1623.0,0.099815157116451,1.888
online_retail_ii,random,3,2011-05-01,0.1,threshold,lr,ok,0.7292569777169366,0.222436249306423,0.2889983579638752,0.1996155210184625,0.08440297228103,0.2654320987654321,0.1572765750116513,1.0768917940106435,0.197483056069008,13289.0,1623.0,0.099815157116451,0.474
online_retail_ii,random,3,2011-05-01,0.1,threshold,rf,ok,0.7435356300859381,0.2876211051996834,0.3085106382978723,0.2232029368589684,0.0823914771276674,0.3024691358024691,0.1523921367521367,1.292988384699085,0.1633672211953173,13289.0,1623.0,0.099815157116451,31.21
online_retail_ii,random,3,2011-05-01,0.1,threshold,hgb,ok,0.7370121090746233,0.2628710032150737,0.3107221006564551,0.2214849492517738,0.083607841938091,0.2716049382716049,0.1783988679333193,1.2153511316078007,0.1936660505237214,13289.0,1623.0,0.099815157116451,5.039
online_retail_ii,random,3,2011-05-01,0.1,threshold,xgb,ok,0.749452852350411,0.2764898583211612,0.3210332103321033,0.238191756292525,0.0821027827195612,0.2962962962962963,0.1501691353321075,1.3593276676057031,0.1931392483056069,13289.0,1623.0,0.099815157116451,3.589
online_retail_ii,random,3,2011-05-01,0.1,threshold,lgbm,ok,0.73678606738155,0.2609402781860654,0.3066666666666666,0.2165707566551748,0.0840465492389335,0.2592592592592592,0.170683843360527,1.2308863677316388,0.1920055452865064,13289.0,1623.0,0.099815157116451,3.778
online_retail_ii,random,3,2011-05-01,0.1,ros@1.0,lr,ok,0.7302329708216088,0.2262489880057765,0.2765714285714286,0.2063844427609236,0.2176479634616637,0.2469135802469135,0.5,1.044185591515234,0.1935582255083179,23918.0,1623.0,0.099815157116451,0.211
online_retail_ii,random,3,2011-05-01,0.1,ros@1.0,rf,ok,0.741699833531912,0.2644943716246309,0.2814814814814815,0.224494260140715,0.0938697708624041,0.3209876543209876,0.5,1.3107794806194002,0.1715865680837954,23918.0,1623.0,0.099815157116451,23.037
online_retail_ii,random,3,2011-05-01,0.1,ros@1.0,hgb,ok,0.7245608031028975,0.2466335046347396,0.3093145869947276,0.2246587062584617,0.15300941142167,0.2901234567901234,0.5,1.1214016073323805,0.1665742452248921,23918.0,1623.0,0.099815157116451,3.136
online_retail_ii,random,3,2011-05-01,0.1,ros@1.0,xgb,ok,0.7384127225560034,0.2789178804582379,0.3139931740614334,0.2324399386037957,0.1574935435977654,0.2654320987654321,0.5,1.2600574556080173,0.1790973505853357,23918.0,1623.0,0.099815157116451,2.038
online_retail_ii,random,3,2011-05-01,0.1,ros@1.0,lgbm,ok,0.7325229633009692,0.2616111344080852,0.3147410358565737,0.2276154513235246,0.1366095805316087,0.2839506172839506,0.5,1.1574112073094915,0.1802772643253234,23918.0,1623.0,0.099815157116451,2.525
online_retail_ii,random,3,2011-05-01,0.1,rus@1.0,lr,ok,0.7291048748954293,0.2210234039032491,0.2733333333333333,0.2036590288544651,0.2185656089943655,0.2407407407407407,0.5,1.074057398859404,0.1946888478126925,2660.0,1623.0,0.099815157116451,0.098
online_retail_ii,random,3,2011-05-01,0.1,rus@1.0,rf,ok,0.7284795632958991,0.2377606823086042,0.2835633626097867,0.2089798224808271,0.2161583043750377,0.2654320987654321,0.5,1.0011801423934938,0.1835859519408502,2660.0,1623.0,0.099815157116451,3.816
online_retail_ii,random,3,2011-05-01,0.1,rus@1.0,hgb,ok,0.7320117288175696,0.2413700411552295,0.2756952841596131,0.1990482449969849,0.227750065356376,0.2716049382716049,0.5,1.1321641446797497,0.1662939001848428,2660.0,1623.0,0.099815157116451,1.774
online_retail_ii,random,3,2011-05-01,0.1,rus@1.0,xgb,ok,0.729780887435462,0.2548926628557604,0.2910915934755332,0.2216153047997326,0.2182443327668294,0.2530864197530864,0.5,1.1413660209383452,0.1968207024029574,2660.0,1623.0,0.099815157116451,0.937
online_retail_ii,random,3,2011-05-01,0.1,rus@1.0,lgbm,ok,0.7177943400850086,0.2314346938496253,0.2671854734111543,0.1792049772270757,0.2222317844854973,0.2407407407407407,0.5,0.9757296361488552,0.1699691928527418,2660.0,1623.0,0.099815157116451,1.065
online_retail_ii,random,3,2011-05-01,0.1,smote@1.0,lr,ok,0.7323962109497132,0.2272003450963072,0.2754759238521836,0.2067139262550444,0.2164832030866764,0.2530864197530864,0.5,1.112157646270136,0.1925693160813309,23918.0,1623.0,0.099815157116451,0.232
online_retail_ii,random,3,2011-05-01,0.1,smote@1.0,rf,ok,0.7386028510828876,0.2456361661679413,0.3119777158774373,0.2287099686557304,0.1123551201802762,0.3209876543209876,0.5,1.2547343634066326,0.1771041281577326,23918.0,1623.0,0.099815157116451,38.373
online_retail_ii,random,3,2011-05-01,0.1,smote@1.0,hgb,ok,0.7240960444816251,0.2527226554289909,0.2797202797202797,0.1849003965243762,0.1227566038683117,0.2407407407407407,0.5,1.066755282949774,0.180486752926679,23918.0,1623.0,0.099815157116451,3.525
online_retail_ii,random,3,2011-05-01,0.1,smote@1.0,xgb,ok,0.7307040670604439,0.2462886890325886,0.2869565217391304,0.1924813869045728,0.1314239007010375,0.2222222222222222,0.5,1.1815848126337156,0.1852988293284042,23918.0,1623.0,0.099815157116451,2.153
online_retail_ii,random,3,2011-05-01,0.1,smote@1.0,lgbm,ok,0.7308920830481405,0.2472966119618299,0.2593856655290102,0.1880777081272096,0.1017681712061566,0.2839506172839506,0.5,1.1690831451680537,0.1658163894023413,23918.0,1623.0,0.099815157116451,2.959
online_retail_ii,random,3,2011-05-01,0.1,smote@0.5,lr,ok,0.7300259419812238,0.2238751398824219,0.2987551867219917,0.206961915131134,0.1367975467936389,0.2592592592592592,0.5,1.078479000319758,0.2012353666050523,17938.0,1623.0,0.099815157116451,0.192
online_retail_ii,random,3,2011-05-01,0.1,smote@0.5,rf,ok,0.7421730423099349,0.2719074517557427,0.3092783505154639,0.2441143270149255,0.0980227471807888,0.3086419753086419,0.5,1.3000365865880612,0.1644331484904497,17938.0,1623.0,0.099815157116451,24.845
online_retail_ii,random,3,2011-05-01,0.1,smote@0.5,hgb,ok,0.7300681927649757,0.2347279707023407,0.2557377049180327,0.1793075143217719,0.1033920026716331,0.2654320987654321,0.5,1.1131934788050717,0.2101478743068391,17938.0,1623.0,0.099815157116451,3.025
online_retail_ii,random,3,2011-05-01,0.1,smote@0.5,xgb,ok,0.741577306259031,0.2796340453691205,0.2446483180428134,0.1600465471281,0.1030928691626276,0.2469135802469135,0.5,1.244164954207016,0.1859673444239063,17938.0,1623.0,0.099815157116451,1.95
online_retail_ii,random,3,2011-05-01,0.1,smote@0.5,lgbm,ok,0.7409181940324993,0.2718251437742989,0.2276422764227642,0.1820023216065238,0.0922138438047992,0.2839506172839506,0.5,1.2647543849535152,0.1974830560690079,17938.0,1623.0,0.099815157116451,2.404
online_retail_ii,random,3,2011-05-01,0.1,adasyn@1.0,lr,ok,0.7319525777203166,0.2305050742573235,0.2693965517241379,0.1998688452835823,0.2242026887573559,0.2654320987654321,0.5,1.0779740649162388,0.1964879852125693,24281.0,1623.0,0.099815157116451,0.429
online_retail_ii,random,3,2011-05-01,0.1,adasyn@1.0,rf,ok,0.7421540294572465,0.2427380154049506,0.332425068119891,0.2508314729334913,0.1122671897491486,0.2962962962962963,0.5,1.3210811368611808,0.1869439309919902,24281.0,1623.0,0.099815157116451,40.073
online_retail_ii,random,3,2011-05-01,0.1,adasyn@1.0,hgb,ok,0.727945090881436,0.2550666400983326,0.2843601895734597,0.1908067188727548,0.1212047326177734,0.2716049382716049,0.5,1.2438724255187776,0.1941682070240295,24281.0,1623.0,0.099815157116451,3.702
online_retail_ii,random,3,2011-05-01,0.1,adasyn@1.0,xgb,ok,0.7370860479461894,0.2655989843682803,0.3017241379310345,0.2105100337609362,0.1305918843501619,0.2654320987654321,0.5,1.276569675592368,0.1986229205175601,24281.0,1623.0,0.099815157116451,2.354
online_retail_ii,random,3,2011-05-01,0.1,adasyn@1.0,lgbm,ok,0.7402971075113443,0.3010699181674708,0.26578073089701,0.1919019447180907,0.1003001830536025,0.2901234567901234,0.5,1.2519704910477216,0.1667313616759088,24281.0,1623.0,0.099815157116451,3.249
online_retail_ii,random,3,2011-05-01,0.1,smote_enn@1.0,lr,ok,0.7280908560853805,0.219592932162995,0.2558795860771402,0.1905419199159215,0.2997056908833417,0.2716049382716049,0.5,1.063202742608169,0.1843869377695626,18244.0,1623.0,0.099815157116451,6.448
online_retail_ii,random,3,2011-05-01,0.1,smote_enn@1.0,rf,ok,0.732911670511488,0.2355912518088752,0.2921739130434783,0.2018700161396568,0.1767279860582469,0.2777777777777778,0.5,1.233576048584657,0.1862815773259395,18287.0,1623.0,0.099815157116451,33.712
online_retail_ii,random,3,2011-05-01,0.1,smote_enn@1.0,hgb,ok,0.7283485858662678,0.2199672927453206,0.3004846526655896,0.2165531901977226,0.1817099171375338,0.2654320987654321,0.5,1.0809114571598646,0.1880468268638324,18291.0,1623.0,0.099815157116451,9.439
online_retail_ii,random,3,2011-05-01,0.1,smote_enn@1.0,xgb,ok,0.7346988786641993,0.2230243346076226,0.2947368421052631,0.2124256592398082,0.193369156711642,0.2592592592592592,0.5,1.1152531270332249,0.1919254467036352,18276.0,1623.0,0.099815157116451,8.253
online_retail_ii,random,3,2011-05-01,0.1,smote_enn@1.0,lgbm,ok,0.7319145520149399,0.2218400328727498,0.3079646017699115,0.2225422848833941,0.1673748098908049,0.2716049382716049,0.5,1.129407856524268,0.1831792975970425,18230.0,1623.0,0.099815157116451,8.735
online_retail_ii,random,3,2011-05-01,0.1,dirichlet@1.0,lr,ok,0.7299203150218436,0.2312925718671594,0.277027027027027,0.2089087991198704,0.2148372327016795,0.2345679012345679,0.5,1.058050056805104,0.2,23918.0,1623.0,0.099815157116451,0.183
online_retail_ii,random,3,2011-05-01,0.1,dirichlet@1.0,rf,ok,0.7323856482537752,0.2212808047011109,0.2666666666666666,0.1932667080326508,0.1025995216234992,0.2716049382716049,0.5,1.2772757101012775,0.1851109057301293,23918.0,1623.0,0.099815157116451,31.293
online_retail_ii,random,3,2011-05-01,0.1,dirichlet@1.0,hgb,ok,0.7391499987324764,0.2767148548430277,0.1022727272727272,0.168987783290001,0.0835560627428078,0.2530864197530864,0.5,1.18438210853598,0.1788817005545286,23918.0,1623.0,0.099815157116451,3.534
online_retail_ii,random,3,2011-05-01,0.1,dirichlet@1.0,xgb,ok,0.7375761570377132,0.2368345370622127,0.2762430939226519,0.1878341513090702,0.1059345246907284,0.2654320987654321,0.5,1.2944578809988707,0.2072211953173136,23918.0,1623.0,0.099815157116451,2.382
online_retail_ii,random,3,2011-05-01,0.1,dirichlet@1.0,lgbm,ok,0.7396717959118142,0.2736667793465337,0.2390438247011952,0.1906554177026863,0.0908143944572392,0.2592592592592592,0.5,1.241134377654186,0.1840973505853357,23918.0,1623.0,0.099815157116451,3.069
online_retail_ii,random,3,2011-05-01,0.1,easy_ensemble,lr,ok,0.7300808680001013,0.2205437135068181,0.27313769751693,0.2015195970914415,0.2189636529280846,0.2469135802469135,0.5,1.0738243249531758,0.1913370301910043,13289.0,1623.0,0.099815157116451,0.323
online_retail_ii,random,3,2011-05-01,0.1,easy_ensemble,rf,ok,0.7427223024987114,0.2609227808544342,0.2812121212121212,0.2083384759167292,0.2114596627594498,0.3086419753086419,0.5,1.291439584051666,0.1590542205791743,13289.0,1623.0,0.099815157116451,33.164
online_retail_ii,random,3,2011-05-01,0.1,easy_ensemble,hgb,ok,0.740145004689837,0.2656172477713761,0.2783251231527093,0.2018597631760754,0.2121646970373244,0.3086419753086419,0.5,1.3137460428471437,0.1797566235366604,13289.0,1623.0,0.099815157116451,16.967
online_retail_ii,random,3,2011-05-01,0.1,easy_ensemble,xgb,ok,0.7393042140931714,0.2509387042017223,0.2797546012269938,0.2046432716581597,0.2112033276693407,0.2839506172839506,0.5,1.2045527602948043,0.1728866296980899,13289.0,1623.0,0.099815157116451,8.624
online_retail_ii,random,3,2011-05-01,0.1,easy_ensemble,lgbm,ok,0.7371240736515663,0.2496494077878857,0.282147315855181,0.2070679573998089,0.2173972846407905,0.2777777777777778,0.5,1.1663670084590905,0.1779051139864448,13289.0,1623.0,0.099815157116451,8.087
online_retail_ii,temporal,4,2011-06-01,0.1,none,lr,ok,0.7497309480780555,0.2605322877416468,0.0,0.0,0.0836376427170122,0.2702702702702703,0.5,1.2354915705216578,0.1802603110209601,16341.0,1479.0,0.1000676132521974,0.188
online_retail_ii,temporal,4,2011-06-01,0.1,none,rf,ok,0.7138658192377201,0.228666745497709,0.073170731707317,0.095810260090307,0.0861406793822944,0.2567567567567567,0.5,1.0541849247608384,0.1803617308992563,16341.0,1479.0,0.1000676132521974,21.011
online_retail_ii,temporal,4,2011-06-01,0.1,none,hgb,ok,0.7103046886104737,0.2213461532834195,0.0617283950617283,0.0837440095630907,0.086934638530683,0.2567567567567567,0.5,1.0149244656822545,0.1777924273157538,16341.0,1479.0,0.1000676132521974,2.536
online_retail_ii,temporal,4,2011-06-01,0.1,none,xgb,ok,0.7183940138485594,0.2230844699835773,0.0617283950617283,0.0837440095630907,0.0866100130355981,0.2837837837837837,0.5,1.061068859769999,0.1730121703853955,16341.0,1479.0,0.1000676132521974,1.771
online_retail_ii,temporal,4,2011-06-01,0.1,none,lgbm,ok,0.7211352975815787,0.2187125170404566,0.0718562874251497,0.0820054692807602,0.0879943790885789,0.2837837837837837,0.5,1.0464536467164318,0.1751521298174441,16341.0,1479.0,0.1000676132521974,2.077
online_retail_ii,temporal,4,2011-06-01,0.1,class_weight,lr,ok,0.7472891749751255,0.2511674212092158,0.303125,0.2284192552796639,0.1817838225952537,0.277027027027027,0.5,1.2624469876236657,0.1845368492224476,16341.0,1479.0,0.1000676132521974,0.215
online_retail_ii,temporal,4,2011-06-01,0.1,class_weight,rf,ok,0.7175614758259387,0.2204618116360246,0.1325966850828729,0.1326829227271097,0.0885912108475063,0.2432432432432432,0.5,1.0896947575333908,0.1771534820824881,16341.0,1479.0,0.1000676132521974,19.707
online_retail_ii,temporal,4,2011-06-01,0.1,class_weight,hgb,ok,0.7246710459520378,0.2348581372551949,0.3004694835680751,0.2086591317207303,0.1306837471052171,0.2567567567567567,0.5,1.0775433348736612,0.1628262339418526,16341.0,1479.0,0.1000676132521974,2.652
online_retail_ii,temporal,4,2011-06-01,0.1,class_weight,xgb,ok,0.7242623916177635,0.2513398905235355,0.3157894736842105,0.2273602435600925,0.130585036834002,0.2972972972972973,0.5,1.203416827384351,0.1625388776200135,16341.0,1479.0,0.1000676132521974,1.857
online_retail_ii,temporal,4,2011-06-01,0.1,class_weight,lgbm,ok,0.7166477145815988,0.2215636510603001,0.2879581151832461,0.1949958055405232,0.1225555858331216,0.2432432432432432,0.5,1.009399515201011,0.1680662609871535,16341.0,1479.0,0.1000676132521974,2.091
online_retail_ii,temporal,4,2011-06-01,0.1,threshold,lr,ok,0.7497309480780555,0.2605322877416468,0.321608040201005,0.2343574035671455,0.0836376427170122,0.2702702702702703,0.1599218924207207,1.2354915705216578,0.1802603110209601,16341.0,1479.0,0.1000676132521974,0.564
online_retail_ii,temporal,4,2011-06-01,0.1,threshold,rf,ok,0.7057105001319877,0.2178467306228028,0.2676056338028169,0.1682897194262035,0.0869379909305156,0.2567567567567567,0.1911675742775743,0.9510607836354512,0.1640804597701149,16341.0,1479.0,0.1000676132521974,37.54
online_retail_ii,temporal,4,2011-06-01,0.1,threshold,hgb,ok,0.7103046886104737,0.2213461532834195,0.2772861356932153,0.1873599696462742,0.086934638530683,0.2567567567567567,0.181657641911644,1.0149244656822545,0.1777924273157538,16341.0,1479.0,0.1000676132521974,5.235
online_retail_ii,temporal,4,2011-06-01,0.1,threshold,xgb,ok,0.7242319329096188,0.2435428344062424,0.2810304449648712,0.1847588715004433,0.0850216916495036,0.3175675675675675,0.1449950557947159,1.1967223809805907,0.1404022988505747,16341.0,1479.0,0.1000676132521974,3.559
online_retail_ii,temporal,4,2011-06-01,0.1,threshold,lgbm,ok,0.7268869169695615,0.2283597844704326,0.3026315789473684,0.2118463685506645,0.0869498718153204,0.3108108108108108,0.1234820868571267,1.1502549840780336,0.1548951994590939,16341.0,1479.0,0.1000676132521974,4.162
online_retail_ii,temporal,4,2011-06-01,0.1,ros@1.0,lr,ok,0.7444057506040977,0.243791241872024,0.3076923076923077,0.2349985652656462,0.1824329880234492,0.277027027027027,0.5,1.236238145090662,0.192001352265044,29412.0,1479.0,0.1000676132521974,0.251
online_retail_ii,temporal,4,2011-06-01,0.1,ros@1.0,rf,ok,0.7056876561008792,0.2129702754320513,0.200956937799043,0.1687762340458709,0.095306300601439,0.2364864864864864,0.5,0.962661792086652,0.1801656524678836,29412.0,1479.0,0.1000676132521974,28.561
online_retail_ii,temporal,4,2011-06-01,0.1,ros@1.0,hgb,ok,0.7195057566958393,0.2181361278533817,0.2602409638554216,0.159814696004157,0.1308367193596849,0.2702702702702703,0.5,1.05320384393838,0.1806457065584854,29412.0,1479.0,0.1000676132521974,3.266
online_retail_ii,temporal,4,2011-06-01,0.1,ros@1.0,xgb,ok,0.7233486303734237,0.2326137259276318,0.3014354066985646,0.2098628036482715,0.1325744718993483,0.2702702702702703,0.5,1.1024812877998982,0.1812711291413117,29412.0,1479.0,0.1000676132521974,2.383
online_retail_ii,temporal,4,2011-06-01,0.1,ros@1.0,lgbm,ok,0.7233943184356407,0.2333410261868118,0.267379679144385,0.1714852728647066,0.1191097080251703,0.2567567567567567,0.5,1.118754717214276,0.1797802569303583,29412.0,1479.0,0.1000676132521974,2.734
online_retail_ii,temporal,4,2011-06-01,0.1,rus@1.0,lr,ok,0.7534316811176316,0.257931778250919,0.3132137030995106,0.2400667989872324,0.1737831043925829,0.277027027027027,0.5,1.2788939920566729,0.1847937795807978,3270.0,1479.0,0.1000676132521974,0.105
online_retail_ii,temporal,4,2011-06-01,0.1,rus@1.0,rf,ok,0.7308592401567608,0.2200412971349264,0.3034482758620689,0.2218338632368716,0.1791090777058647,0.277027027027027,0.5,1.1267340820685874,0.187471264367816,3270.0,1479.0,0.1000676132521974,4.579
online_retail_ii,temporal,4,2011-06-01,0.1,rus@1.0,hgb,ok,0.7054845980465815,0.2266564746546068,0.2612752721617418,0.1645681246029805,0.202551025447985,0.2364864864864864,0.5,0.8864703097715456,0.1534279918864097,3270.0,1479.0,0.1000676132521974,1.767
online_retail_ii,temporal,4,2011-06-01,0.1,rus@1.0,xgb,ok,0.717632546144943,0.2135804120375243,0.2918739635157545,0.2073323450940225,0.1846037373914351,0.2567567567567567,0.5,1.031068902520758,0.1935361730899256,3270.0,1479.0,0.1000676132521974,0.985
online_retail_ii,temporal,4,2011-06-01,0.1,rus@1.0,lgbm,ok,0.698661847422178,0.2093596778513073,0.2833333333333333,0.1945106172486915,0.1890648611131511,0.2162162162162162,0.5,0.9697607334764332,0.1730797836375929,3270.0,1479.0,0.1000676132521974,1.109
online_retail_ii,temporal,4,2011-06-01,0.1,smote@1.0,lr,ok,0.7472587162669808,0.2575487259795054,0.3,0.2212204696286118,0.1770511614080237,0.2837837837837837,0.5,1.2539907242069248,0.1874577417173765,29412.0,1479.0,0.1000676132521974,0.296
online_retail_ii,temporal,4,2011-06-01,0.1,smote@1.0,rf,ok,0.7328872824740593,0.2224770733327637,0.2490566037735849,0.1777399615268472,0.104893378836259,0.2905405405405405,0.5,1.2112243743477982,0.1758350236646382,29412.0,1479.0,0.1000676132521974,47.479
online_retail_ii,temporal,4,2011-06-01,0.1,smote@1.0,hgb,ok,0.7194600686336223,0.2345686772141781,0.28125,0.1953031969092731,0.107975562794087,0.277027027027027,0.5,1.0997065485673574,0.1576707234617985,29412.0,1479.0,0.1000676132521974,3.863
online_retail_ii,temporal,4,2011-06-01,0.1,smote@1.0,xgb,ok,0.7287499746177433,0.2264708049785047,0.2721518987341772,0.1859538882162488,0.1095276208969388,0.2635135135135135,0.5,1.111515134961824,0.1747295469912102,29412.0,1479.0,0.1000676132521974,2.436
online_retail_ii,temporal,4,2011-06-01,0.1,smote@1.0,lgbm,ok,0.7283793936686499,0.2505490791762748,0.253393665158371,0.2152588307080369,0.0928372306187543,0.3175675675675675,0.5,1.2874525235009582,0.1544861392832995,29412.0,1479.0,0.1000676132521974,3.389
online_retail_ii,temporal,4,2011-06-01,0.1,smote@0.5,lr,ok,0.7476191443133593,0.2620873328755748,0.2840236686390532,0.1951868698350652,0.1155290595812504,0.277027027027027,0.5,1.2360030441724548,0.1869438810006761,22059.0,1479.0,0.1000676132521974,0.257
online_retail_ii,temporal,4,2011-06-01,0.1,smote@0.5,rf,ok,0.7229602818445793,0.2202829394094088,0.2327586206896551,0.1810097021708361,0.0979201082028708,0.2905405405405405,0.5,1.0592538878011757,0.1588066260987153,22059.0,1479.0,0.1000676132521974,30.408
online_retail_ii,temporal,4,2011-06-01,0.1,smote@0.5,hgb,ok,0.7254172843015818,0.2447668718149227,0.2616033755274262,0.2093244164818616,0.0950736276759332,0.2972972972972973,0.5,1.0737201448498588,0.1578127112914131,22059.0,1479.0,0.1000676132521974,3.212
online_retail_ii,temporal,4,2011-06-01,0.1,smote@0.5,xgb,ok,0.7348467926980324,0.2422983992251715,0.225,0.1659909271932464,0.0943373230971785,0.277027027027027,0.5,1.1764838772940434,0.1662677484787018,22059.0,1479.0,0.1000676132521974,2.092
online_retail_ii,temporal,4,2011-06-01,0.1,smote@0.5,lgbm,ok,0.7279631246573395,0.2419209931356201,0.1675392670157068,0.1568609243713324,0.0891829633046962,0.2905405405405405,0.5,1.1848241730359264,0.1560175794455713,22059.0,1479.0,0.1000676132521974,2.684
online_retail_ii,temporal,4,2011-06-01,0.1,adasyn@1.0,lr,ok,0.7466140069445855,0.2517763517620175,0.2852983988355167,0.2062858914326095,0.1907022097396191,0.277027027027027,0.5,1.197370946819405,0.1881676808654496,29837.0,1479.0,0.1000676132521974,0.57
online_retail_ii,temporal,4,2011-06-01,0.1,adasyn@1.0,rf,ok,0.7153608341624871,0.2079820031344919,0.2352941176470588,0.1592714952819756,0.1080239011043245,0.277027027027027,0.5,1.0937385752647637,0.1520622041920215,29837.0,1479.0,0.1000676132521974,47.572
online_retail_ii,temporal,4,2011-06-01,0.1,adasyn@1.0,hgb,ok,0.71444199646679,0.2122601925203401,0.272108843537415,0.1917881121441925,0.1081276043104194,0.2702702702702703,0.5,1.0244741713433012,0.1527383367139959,29837.0,1479.0,0.1000676132521974,4.173
online_retail_ii,temporal,4,2011-06-01,0.1,adasyn@1.0,xgb,ok,0.7285824517229477,0.2215133980597802,0.2625,0.1742184920579034,0.1083656291946785,0.25,0.5,1.1007071908358224,0.164655172413793,29837.0,1479.0,0.1000676132521974,2.747
online_retail_ii,temporal,4,2011-06-01,0.1,adasyn@1.0,lgbm,ok,0.7262625134525961,0.2571906391990158,0.2792792792792792,0.2438451859293204,0.0926926878099316,0.2972972972972973,0.5,1.1401202605802356,0.1272278566599053,29837.0,1479.0,0.1000676132521974,3.622
online_retail_ii,temporal,4,2011-06-01,0.1,smote_enn@1.0,lr,ok,0.7508883789875526,0.2575205634172867,0.2738693467336683,0.2005172933937737,0.2392111109501367,0.2702702702702703,0.5,1.2438206634801297,0.1786206896551724,22595.0,1479.0,0.1000676132521974,9.767
online_retail_ii,temporal,4,2011-06-01,0.1,smote_enn@1.0,rf,ok,0.7248436452981908,0.2204480539483069,0.3126550868486352,0.2235728358940078,0.1400840812937836,0.277027027027027,0.5,1.1698087040967584,0.1716531440162271,22681.0,1479.0,0.1000676132521974,43.515
online_retail_ii,temporal,4,2011-06-01,0.1,smote_enn@1.0,hgb,ok,0.7359534590939549,0.2374341211020118,0.3091334894613583,0.2193135466331134,0.1422747121914149,0.25,0.5,1.1474280437772804,0.1855747126436781,22696.0,1479.0,0.1000676132521974,13.551
online_retail_ii,temporal,4,2011-06-01,0.1,smote_enn@1.0,xgb,ok,0.7441925396470852,0.2564632666182095,0.3160270880361174,0.2282456522110038,0.1440883923382301,0.3175675675675675,0.5,1.2554043730180988,0.1535801217038539,22603.0,1479.0,0.1000676132521974,12.209
online_retail_ii,temporal,4,2011-06-01,0.1,smote_enn@1.0,lgbm,ok,0.7259680792738643,0.2272450306461759,0.2935323383084577,0.2006229574555584,0.1311058330817402,0.2702702702702703,0.5,1.118671247485235,0.1629783637592968,22688.0,1479.0,0.1000676132521974,12.361
online_retail_ii,temporal,4,2011-06-01,0.1,dirichlet@1.0,lr,ok,0.7443651389932382,0.2627979923164265,0.294770206022187,0.2146026950198707,0.1771265619114966,0.2837837837837837,0.5,1.2095187925521338,0.1809364435429344,29412.0,1479.0,0.1000676132521974,0.348
online_retail_ii,temporal,4,2011-06-01,0.1,dirichlet@1.0,rf,ok,0.722772453144354,0.217395917123418,0.2203389830508474,0.1637651825562137,0.0965322995626337,0.3108108108108108,0.5,1.194291244433938,0.1694320486815415,29412.0,1479.0,0.1000676132521974,43.694
online_retail_ii,temporal,4,2011-06-01,0.1,dirichlet@1.0,hgb,ok,0.7253208317257904,0.2396760686021895,0.0952380952380952,0.1170197063426861,0.0856815078042472,0.2905405405405405,0.5,1.1645721902762758,0.1626369168356998,29412.0,1479.0,0.1000676132521974,3.845
online_retail_ii,temporal,4,2011-06-01,0.1,dirichlet@1.0,xgb,ok,0.7319176802647877,0.235314170749957,0.2868217054263566,0.2232026361411271,0.095749879356015,0.277027027027027,0.5,1.0910680594673563,0.1613590263691683,29412.0,1479.0,0.1000676132521974,2.556
online_retail_ii,temporal,4,2011-06-01,0.1,dirichlet@1.0,lgbm,ok,0.7180031270940362,0.2354433152977008,0.1886792452830188,0.1505500084411493,0.0909664607654347,0.2702702702702703,0.5,1.098512279512601,0.1565449628127112,29412.0,1479.0,0.1000676132521974,3.326
online_retail_ii,temporal,4,2011-06-01,0.1,easy_ensemble,lr,ok,0.7554927203687535,0.2622611261203111,0.3150912106135987,0.2415059388143055,0.1714404399276765,0.277027027027027,0.5,1.2558626062336198,0.1905679513184583,16341.0,1479.0,0.1000676132521974,0.367
online_retail_ii,temporal,4,2011-06-01,0.1,easy_ensemble,rf,ok,0.7384916847726765,0.2352906652973255,0.2995169082125604,0.2206128983258753,0.1813684446230111,0.277027027027027,0.5,1.2823735796179527,0.1842697768762677,16341.0,1479.0,0.1000676132521974,46.017
online_retail_ii,temporal,4,2011-06-01,0.1,easy_ensemble,hgb,ok,0.7233587832761386,0.2285416721474114,0.2962962962962963,0.2189326229638322,0.1891452635235241,0.2702702702702703,0.5,1.082692611551196,0.1744692359702501,16341.0,1479.0,0.1000676132521974,16.911
online_retail_ii,temporal,4,2011-06-01,0.1,easy_ensemble,xgb,ok,0.7270595163157146,0.2317092146089839,0.3025477707006369,0.2260178772930148,0.1768580534241219,0.277027027027027,0.5,1.0844165185043808,0.1933198106828938,16341.0,1479.0,0.1000676132521974,9.452
online_retail_ii,temporal,4,2011-06-01,0.1,easy_ensemble,lgbm,ok,0.7213383556358763,0.2339845671305426,0.2961783439490446,0.2163934494367888,0.1882345120675519,0.25,0.5,1.0801687314511217,0.1720655848546315,16341.0,1479.0,0.1000676132521974,10.386
online_retail_ii,random,4,2011-06-01,0.1,none,lr,ok,0.7361463642455378,0.2035293169041099,0.0,-0.0086737043127116,0.084795717759235,0.25,0.5,1.2193069973518067,0.2043948613928329,16341.0,1479.0,0.1000676132521974,0.144
online_retail_ii,random,4,2011-06-01,0.1,none,rf,ok,0.7464261782443601,0.2825256481938161,0.1097560975609756,0.1611515026388303,0.0825252142128074,0.3378378378378378,0.5,1.3322348541449498,0.1555949966193374,16341.0,1479.0,0.1000676132521974,21.233
online_retail_ii,random,4,2011-06-01,0.1,none,hgb,ok,0.7579751050825431,0.2933965251948103,0.075,0.1205342388185185,0.081482341459449,0.3175675675675675,0.5,1.378160902425782,0.1637897227856659,16341.0,1479.0,0.1000676132521974,2.706
online_retail_ii,random,4,2011-06-01,0.1,none,xgb,ok,0.75202550409162,0.2738217083526448,0.0987654320987654,0.1535490387630594,0.0821317042187712,0.2837837837837837,0.5,1.3585960937794122,0.1744793779580797,16341.0,1479.0,0.1000676132521974,1.884
online_retail_ii,random,4,2011-06-01,0.1,none,lgbm,ok,0.7527920482465936,0.2793026509309456,0.1204819277108433,0.1684753308647529,0.0824612642107954,0.277027027027027,0.5,1.2640056051697846,0.1818323191345503,16341.0,1479.0,0.1000676132521974,2.016
online_retail_ii,random,4,2011-06-01,0.1,class_weight,lr,ok,0.7343442240136455,0.2003280774483075,0.2644230769230769,0.1877789569973399,0.2238667389658421,0.2432432432432432,0.5,1.198961814979225,0.2137795807978363,16341.0,1479.0,0.1000676132521974,0.173
online_retail_ii,random,4,2011-06-01,0.1,class_weight,rf,ok,0.7526194489004407,0.2813849700977631,0.2094240837696335,0.2105019202430551,0.086397655255465,0.2905405405405405,0.5,1.3939526692382769,0.1800473292765382,16341.0,1479.0,0.1000676132521974,19.951
online_retail_ii,random,4,2011-06-01,0.1,class_weight,hgb,ok,0.752954494690032,0.2737124422624788,0.313588850174216,0.2356913587040481,0.1610930226352564,0.3175675675675675,0.5,1.271293666239797,0.1767275185936443,16341.0,1479.0,0.1000676132521974,2.636
online_retail_ii,random,4,2011-06-01,0.1,class_weight,xgb,ok,0.7486648932929925,0.2642796952775574,0.313458262350937,0.2370698647611809,0.1667596283286827,0.304054054054054,0.5,1.4144116442782706,0.1607707910750507,16341.0,1479.0,0.1000676132521974,1.804
online_retail_ii,random,4,2011-06-01,0.1,class_weight,lgbm,ok,0.7520762686051943,0.2698349686767063,0.3184466019417475,0.2361691167439116,0.1465106137000072,0.277027027027027,0.5,1.292989704997752,0.1789046653144015,16341.0,1479.0,0.1000676132521974,2.145
online_retail_ii,random,4,2011-06-01,0.1,threshold,lr,ok,0.7361463642455378,0.2035293169041099,0.3207207207207207,0.2435304746431318,0.084795717759235,0.25,0.163270853422927,1.2193069973518067,0.2043948613928329,16341.0,1479.0,0.1000676132521974,0.526
online_retail_ii,random,4,2011-06-01,0.1,threshold,rf,ok,0.7408903080390683,0.2890611052340168,0.2891156462585034,0.2019216062691853,0.0823571229820108,0.3378378378378378,0.1358248677248677,1.3904606269134872,0.1421602434077079,16341.0,1479.0,0.1000676132521974,37.798
online_retail_ii,random,4,2011-06-01,0.1,threshold,hgb,ok,0.7579751050825431,0.2933965251948103,0.3260437375745527,0.2451769703565732,0.081482341459449,0.3175675675675675,0.1508755588475392,1.378160902425782,0.1637897227856659,16341.0,1479.0,0.1000676132521974,5.252
online_retail_ii,random,4,2011-06-01,0.1,threshold,xgb,ok,0.7547160233110647,0.277821406246929,0.2971246006389776,0.2175930871130329,0.0819208530761913,0.304054054054054,0.1243527528643609,1.2873802474179563,0.1757944557133198,16341.0,1479.0,0.1000676132521974,3.671
online_retail_ii,random,4,2011-06-01,0.1,threshold,lgbm,ok,0.759097000832538,0.28244930507221,0.2982954545454545,0.2296182332656114,0.0818417923973306,0.3108108108108108,0.0910859324478875,1.426427993156106,0.1693069641649763,16341.0,1479.0,0.1000676132521974,4.316
online_retail_ii,random,4,2011-06-01,0.1,ros@1.0,lr,ok,0.7355016549231425,0.2015520393272117,0.2641056422569027,0.1873078132802964,0.2235054329310677,0.2229729729729729,0.5,1.2179617535345364,0.2048512508451656,29412.0,1479.0,0.1000676132521974,0.224
online_retail_ii,random,4,2011-06-01,0.1,ros@1.0,rf,ok,0.7462155055130262,0.2810222274057207,0.2831858407079646,0.2438948504180638,0.093482844219353,0.3108108108108108,0.5,1.2534668871484862,0.1539959432048681,29412.0,1479.0,0.1000676132521974,28.928
online_retail_ii,random,4,2011-06-01,0.1,ros@1.0,hgb,ok,0.7399156293784392,0.2701012363571177,0.2943262411347517,0.2073195094944855,0.1605373292009183,0.2837837837837837,0.5,1.1422017917827008,0.1694320486815415,29412.0,1479.0,0.1000676132521974,3.243
online_retail_ii,random,4,2011-06-01,0.1,ros@1.0,xgb,ok,0.744055475460434,0.2585162216137016,0.3058823529411765,0.2270137086034238,0.1686039863244772,0.3108108108108108,0.5,1.197161401127839,0.1606457065584854,29412.0,1479.0,0.1000676132521974,2.312
online_retail_ii,random,4,2011-06-01,0.1,ros@1.0,lgbm,ok,0.7519595102239731,0.2886202320777163,0.3098591549295774,0.2232723580544031,0.1435559610627129,0.3310810810810811,0.5,1.348420701748748,0.156920216362407,29412.0,1479.0,0.1000676132521974,2.715
online_retail_ii,random,4,2011-06-01,0.1,rus@1.0,lr,ok,0.7293896074887811,0.1997693576836773,0.2657004830917874,0.189667995496632,0.2250907126094959,0.1891891891891892,0.5,1.1132313682326338,0.2180865449628127,3270.0,1479.0,0.1000676132521974,0.092
online_retail_ii,random,4,2011-06-01,0.1,rus@1.0,rf,ok,0.7416517757426847,0.2402271333422276,0.2792553191489361,0.2042503472234807,0.2196333486219356,0.277027027027027,0.5,1.3339413865625007,0.1882724814063556,3270.0,1479.0,0.1000676132521974,4.506
online_retail_ii,random,4,2011-06-01,0.1,rus@1.0,hgb,ok,0.7259376205657199,0.2523549589665493,0.2646310432569974,0.1826836699086685,0.2353789708608886,0.2905405405405405,0.5,1.0773503816821088,0.1615855307640297,3270.0,1479.0,0.1000676132521974,1.724
online_retail_ii,random,4,2011-06-01,0.1,rus@1.0,xgb,ok,0.7185361544865677,0.2239159643012838,0.2760416666666667,0.2007218147445967,0.2348715967775985,0.2364864864864864,0.5,0.9448058603797508,0.186893171061528,3270.0,1479.0,0.1000676132521974,0.967
online_retail_ii,random,4,2011-06-01,0.1,rus@1.0,lgbm,ok,0.7051800109651349,0.1926670582646076,0.2626788036410923,0.177394203381093,0.2449703045845342,0.2027027027027027,0.5,0.741198437442785,0.1782792427315754,3270.0,1479.0,0.1000676132521974,1.115
online_retail_ii,random,4,2011-06-01,0.1,smote@1.0,lr,ok,0.734476211748939,0.2052219513027605,0.2604540023894862,0.1809108760380078,0.2230166219337135,0.25,0.5,1.1619751233942954,0.2186646382691007,29412.0,1479.0,0.1000676132521974,0.212
online_retail_ii,random,4,2011-06-01,0.1,smote@1.0,rf,ok,0.7483323857290799,0.2619215362490352,0.2805970149253731,0.1917734978142563,0.1137251070010635,0.2567567567567567,0.5,1.1433799898735644,0.1909601081812035,29412.0,1479.0,0.1000676132521974,47.646
online_retail_ii,random,4,2011-06-01,0.1,smote@1.0,hgb,ok,0.7380043454423619,0.2425019251268804,0.3136363636363636,0.2251640684000521,0.1301623428717706,0.2702702702702703,0.5,1.1311737380490945,0.1995131845841785,29412.0,1479.0,0.1000676132521974,3.781
online_retail_ii,random,4,2011-06-01,0.1,smote@1.0,xgb,ok,0.7410349869027554,0.2443280245245245,0.2974137931034483,0.205465220436276,0.1355004244746122,0.2635135135135135,0.5,1.1390838844722262,0.2148647734956051,29412.0,1479.0,0.1000676132521974,2.439
online_retail_ii,random,4,2011-06-01,0.1,smote@1.0,lgbm,ok,0.7282067943224968,0.2221820602463754,0.2,0.1259779288275864,0.1049112274332162,0.2094594594594594,0.5,1.0161618967914567,0.2162745098039215,29412.0,1479.0,0.1000676132521974,3.391
online_retail_ii,random,4,2011-06-01,0.1,smote@0.5,lr,ok,0.7359686884480272,0.2055304839250272,0.3150984682713348,0.2276654444216358,0.1406342917297913,0.2567567567567567,0.5,1.1737018434909825,0.210473292765382,22059.0,1479.0,0.1000676132521974,0.278
online_retail_ii,random,4,2011-06-01,0.1,smote@0.5,rf,ok,0.7467383800028426,0.260207013670719,0.2790697674418604,0.2146154629534798,0.1005793709641637,0.2837837837837837,0.5,1.1907364261752778,0.175,22059.0,1479.0,0.1000676132521974,31.61
online_retail_ii,random,4,2011-06-01,0.1,smote@0.5,hgb,ok,0.7373342538631795,0.2472763302931049,0.2779661016949152,0.1979835467569146,0.1058626145956368,0.277027027027027,0.5,1.0969205768949062,0.1948478701825557,22059.0,1479.0,0.1000676132521974,3.393
online_retail_ii,random,4,2011-06-01,0.1,smote@0.5,xgb,ok,0.7429488090645116,0.2562539948273981,0.2724252491694352,0.1900592827442051,0.1073804386237888,0.277027027027027,0.5,1.1893524181860085,0.1798647734956051,22059.0,1479.0,0.1000676132521974,2.214
online_retail_ii,random,4,2011-06-01,0.1,smote@0.5,lgbm,ok,0.7337655085588971,0.2387541977426003,0.1560975609756097,0.120513515842171,0.094894123050074,0.2229729729729729,0.5,1.1214829651068314,0.2274374577417174,22059.0,1479.0,0.1000676132521974,2.766
online_retail_ii,random,4,2011-06-01,0.1,adasyn@1.0,lr,ok,0.7363341929457632,0.206834886986498,0.2599771949828962,0.1850012083337598,0.2305384586730373,0.2567567567567567,0.5,1.190294166881388,0.2085091277890466,29855.0,1479.0,0.1000676132521974,0.507
online_retail_ii,random,4,2011-06-01,0.1,adasyn@1.0,rf,ok,0.7389079537839868,0.2490515825404512,0.3008849557522124,0.2142340533031383,0.1154331726926223,0.2635135135135135,0.5,1.0984994539956383,0.1750270453008789,29855.0,1479.0,0.1000676132521974,48.025
online_retail_ii,random,4,2011-06-01,0.1,adasyn@1.0,hgb,ok,0.7346843462545942,0.240987693327282,0.28125,0.1847896617200524,0.1336194280469007,0.2432432432432432,0.5,1.1542418369574734,0.192576064908722,29855.0,1479.0,0.1000676132521974,4.14
online_retail_ii,random,4,2011-06-01,0.1,adasyn@1.0,xgb,ok,0.7331055698824294,0.2198490284372071,0.2876106194690265,0.1928015802634406,0.1353832329841945,0.25,0.5,1.0785052941375577,0.2145368492224476,29855.0,1479.0,0.1000676132521974,2.856
online_retail_ii,random,4,2011-06-01,0.1,adasyn@1.0,lgbm,ok,0.7296738887647979,0.2152001307707543,0.2156133828996282,0.1388615895763408,0.1066587121158598,0.2297297297297297,0.5,1.0061836868322618,0.2026470588235294,29855.0,1479.0,0.1000676132521974,3.769
online_retail_ii,random,4,2011-06-01,0.1,smote_enn@1.0,lr,ok,0.7322425731516641,0.2068604346466675,0.2535496957403651,0.1870668400355185,0.3083397207802048,0.2702702702702703,0.5,1.095647480349525,0.2004969574036511,22687.0,1479.0,0.1000676132521974,9.748
online_retail_ii,random,4,2011-06-01,0.1,smote_enn@1.0,rf,ok,0.7312577415883201,0.2174604827540069,0.296028880866426,0.2088803997657927,0.1825071756853608,0.2635135135135135,0.5,1.0399584080690338,0.1896517917511831,22622.0,1479.0,0.1000676132521974,42.848
online_retail_ii,random,4,2011-06-01,0.1,smote_enn@1.0,hgb,ok,0.7231049607082666,0.2199869021918008,0.2903752039151713,0.2060963822533904,0.2013744981085871,0.2297297297297297,0.5,0.994251455773468,0.2011291413116971,22742.0,1479.0,0.1000676132521974,13.518
online_retail_ii,random,4,2011-06-01,0.1,smote_enn@1.0,xgb,ok,0.7304252035656994,0.2245425401470767,0.2830482115085536,0.1979911823951702,0.2080111381999246,0.2432432432432432,0.5,1.0798780834726105,0.1972515212981744,22687.0,1479.0,0.1000676132521974,12.188
online_retail_ii,random,4,2011-06-01,0.1,smote_enn@1.0,lgbm,ok,0.7228409852376794,0.2168224626886222,0.287292817679558,0.1959270759137279,0.1752774394284186,0.2297297297297297,0.5,0.9701072994350564,0.1854935767410412,22655.0,1479.0,0.1000676132521974,12.54
online_retail_ii,random,4,2011-06-01,0.1,dirichlet@1.0,lr,ok,0.7370702783925924,0.2181220182544856,0.2654028436018957,0.191181719245304,0.2211101641774988,0.2702702702702703,0.5,1.2397118417718829,0.1972143340094658,29412.0,1479.0,0.1000676132521974,0.278
online_retail_ii,random,4,2011-06-01,0.1,dirichlet@1.0,rf,ok,0.74352752451926,0.252474440626612,0.2624113475177305,0.1851739923336161,0.102205058619656,0.277027027027027,0.5,1.2625782929023432,0.174104124408384,29412.0,1479.0,0.1000676132521974,42.701
online_retail_ii,random,4,2011-06-01,0.1,dirichlet@1.0,hgb,ok,0.7604752573760837,0.272487028394788,0.1162790697674418,0.1354977316511752,0.0841185753444045,0.304054054054054,0.5,1.429254661837272,0.174841108857336,29412.0,1479.0,0.1000676132521974,3.845
online_retail_ii,random,4,2011-06-01,0.1,dirichlet@1.0,xgb,ok,0.7429132739050095,0.2371921837788789,0.2797619047619047,0.1906599815094954,0.1107039260764487,0.2837837837837837,0.5,1.3095085192908862,0.2173698444895199,29412.0,1479.0,0.1000676132521974,2.547
online_retail_ii,random,4,2011-06-01,0.1,dirichlet@1.0,lgbm,ok,0.7436290535464088,0.249645282179908,0.2016806722689075,0.1413158743442031,0.0936826906019786,0.2702702702702703,0.5,1.259360472328512,0.1795841784989857,29412.0,1479.0,0.1000676132521974,3.371
online_retail_ii,random,4,2011-06-01,0.1,easy_ensemble,lr,ok,0.7348569456007473,0.2037018535084581,0.2631578947368421,0.1858970146255733,0.2249605395894438,0.2364864864864864,0.5,1.2027379035182089,0.2191345503718729,16341.0,1479.0,0.1000676132521974,0.364
online_retail_ii,random,4,2011-06-01,0.1,easy_ensemble,rf,ok,0.7457966982760371,0.2477766767994314,0.2765685019206146,0.2033540139805722,0.218104436189587,0.3108108108108108,0.5,1.3481679044751993,0.176156186612576,16341.0,1479.0,0.1000676132521974,39.93
online_retail_ii,random,4,2011-06-01,0.1,easy_ensemble,hgb,ok,0.7451722947590717,0.2582548007947858,0.2743142144638404,0.2021326641443351,0.2209943828604043,0.277027027027027,0.5,1.2918615313718411,0.1853515889114266,16341.0,1479.0,0.1000676132521974,17.307
online_retail_ii,random,4,2011-06-01,0.1,easy_ensemble,xgb,ok,0.7480354133246696,0.2493154447686931,0.2810126582278481,0.2125498960859869,0.220554946474125,0.3108108108108108,0.5,1.2615763167323115,0.1675828262339418,16341.0,1479.0,0.1000676132521974,9.498
online_retail_ii,random,4,2011-06-01,0.1,easy_ensemble,lgbm,ok,0.7470861169208277,0.2521030755498292,0.2780612244897959,0.2064192737641132,0.2230124544552242,0.2702702702702703,0.5,1.2526738872287069,0.1750709939148073,16341.0,1479.0,0.1000676132521974,7.434
online_retail_ii,temporal,5,2011-07-01,0.1,none,lr,ok,0.7687025626884496,0.2612509068363431,0.0,0.0,0.0831310045156439,0.2802547770700637,0.5,1.3519537156603938,0.2339719029374201,17954.0,1566.0,0.1002554278416347,0.197
online_retail_ii,temporal,5,2011-07-01,0.1,none,rf,ok,0.7634994326734867,0.2483050221709609,0.08,0.1036296154161038,0.0834429462140374,0.2738853503184713,0.5,1.4079412774292914,0.2147222222222222,17954.0,1566.0,0.1002554278416347,23.291
online_retail_ii,temporal,5,2011-07-01,0.1,none,hgb,ok,0.7765908875156524,0.2611712306937497,0.0242424242424242,0.0357271843666431,0.0833459042525621,0.3057324840764331,0.5,1.6046496423869896,0.222088122605364,17954.0,1566.0,0.1002554278416347,2.719
online_retail_ii,temporal,5,2011-07-01,0.1,none,xgb,ok,0.777386500793353,0.2559252565092904,0.0239520958083832,0.026623853229036,0.0836197219317967,0.3121019108280254,0.5,1.498772914516174,0.2170434227330779,17954.0,1566.0,0.1002554278416347,1.84
online_retail_ii,temporal,5,2011-07-01,0.1,none,lgbm,ok,0.7753115775293495,0.2673939819550435,0.0571428571428571,0.0637367988621169,0.0834977217673668,0.3375796178343949,0.5,1.5601684512400664,0.1994476372924649,17954.0,1566.0,0.1002554278416347,2.265
online_retail_ii,temporal,5,2011-07-01,0.1,class_weight,lr,ok,0.7674955811819377,0.2582460518362288,0.3262839879154078,0.2609609600981882,0.1700131739368826,0.286624203821656,0.5,1.3799045368158434,0.2335376756066411,17954.0,1566.0,0.1002554278416347,0.182
online_retail_ii,temporal,5,2011-07-01,0.1,class_weight,rf,ok,0.7689534521027245,0.2616187370469862,0.1157894736842105,0.1138605911302649,0.0841653733887837,0.3057324840764331,0.5,1.3461734461903896,0.2163888888888888,17954.0,1566.0,0.1002554278416347,21.514
online_retail_ii,temporal,5,2011-07-01,0.1,class_weight,hgb,ok,0.7717222767197227,0.257509105073483,0.3427230046948357,0.2594737640701063,0.1192549423749664,0.2993630573248407,0.5,1.4706331722376231,0.2046232439335887,17954.0,1566.0,0.1002554278416347,2.813
online_retail_ii,temporal,5,2011-07-01,0.1,class_weight,xgb,ok,0.7640147730919973,0.2573220749503502,0.348993288590604,0.2677941911402758,0.1238245282957307,0.2929936305732484,0.5,1.4196155247848936,0.1959163473818646,17954.0,1566.0,0.1002554278416347,2.03
online_retail_ii,temporal,5,2011-07-01,0.1,class_weight,lgbm,ok,0.7676990050313499,0.2613867585494617,0.3227383863080684,0.2357018235613165,0.1144063901033388,0.2929936305732484,0.5,1.4193335096180173,0.2109514687100894,17954.0,1566.0,0.1002554278416347,2.421
online_retail_ii,temporal,5,2011-07-01,0.1,threshold,lr,ok,0.7687025626884496,0.2612509068363431,0.3179723502304147,0.2297341137595755,0.0831310045156439,0.2802547770700637,0.1528420277317307,1.3519537156603938,0.2339719029374201,17954.0,1566.0,0.1002554278416347,0.626
online_retail_ii,temporal,5,2011-07-01,0.1,threshold,rf,ok,0.7674955811819377,0.2517006912239398,0.3022670025188917,0.2121150008728997,0.08307012720575,0.2929936305732484,0.2042653719855097,1.3890767217260134,0.2220881226053639,17954.0,1566.0,0.1002554278416347,41.918
online_retail_ii,temporal,5,2011-07-01,0.1,threshold,hgb,ok,0.7765908875156524,0.2611712306937497,0.2923976608187134,0.2071869022699868,0.0833459042525621,0.3057324840764331,0.1804235108709971,1.6046496423869896,0.222088122605364,17954.0,1566.0,0.1002554278416347,5.453
online_retail_ii,temporal,5,2011-07-01,0.1,threshold,xgb,ok,0.7798818333461415,0.2518811870628522,0.3440860215053763,0.2627488704179337,0.0838879555799272,0.2802547770700637,0.1300216615200042,1.500298531429152,0.218639846743295,17954.0,1566.0,0.1002554278416347,3.817
online_retail_ii,temporal,5,2011-07-01,0.1,threshold,lgbm,ok,0.7819386744901973,0.2698734996807014,0.335632183908046,0.2511086826492379,0.0833113640929558,0.3184713375796178,0.131117623211828,1.606506681013666,0.2200127713920817,17954.0,1566.0,0.1002554278416347,4.368
online_retail_ii,temporal,5,2011-07-01,0.1,ros@1.0,lr,ok,0.769235985226908,0.2634706610616128,0.3201219512195122,0.2508417189996505,0.1672582333695156,0.2929936305732484,0.5,1.3434128533380374,0.225581098339719,32316.0,1566.0,0.1002554278416347,0.265
online_retail_ii,temporal,5,2011-07-01,0.1,ros@1.0,rf,ok,0.7609973193257177,0.2535714660670919,0.2009132420091324,0.1721029213385488,0.0894793548334914,0.2738853503184713,0.5,1.356658990954968,0.2139974457215837,32316.0,1566.0,0.1002554278416347,31.916
online_retail_ii,temporal,5,2011-07-01,0.1,ros@1.0,hgb,ok,0.7665620917396355,0.2722922700361281,0.3565217391304348,0.2778454983823512,0.1250679107774423,0.3439490445859872,0.5,1.5649076532013693,0.1825383141762452,32316.0,1566.0,0.1002554278416347,3.597
online_retail_ii,temporal,5,2011-07-01,0.1,ros@1.0,xgb,ok,0.7740774728429162,0.2570235972455274,0.3480176211453744,0.2669657318933329,0.1235483138644062,0.2802547770700637,0.5,1.4895975340980852,0.2113888888888888,32316.0,1566.0,0.1002554278416347,2.775
online_retail_ii,temporal,5,2011-07-01,0.1,ros@1.0,lgbm,ok,0.7670344871232704,0.2552845860011513,0.3230769230769231,0.2368276265629602,0.1137786616894104,0.286624203821656,0.5,1.4998398746169412,0.1996232439335888,32316.0,1566.0,0.1002554278416347,3.075
online_retail_ii,temporal,5,2011-07-01,0.1,rus@1.0,lr,ok,0.7621794379173015,0.2582065403628437,0.3312883435582822,0.2669348665476128,0.1679648002220484,0.2547770700636942,0.5,1.378186662440701,0.225654533844189,3592.0,1566.0,0.1002554278416347,0.104
online_retail_ii,temporal,5,2011-07-01,0.1,rus@1.0,rf,ok,0.7682346878348019,0.2477047419604693,0.334855403348554,0.2730540807620141,0.1766376686386426,0.2038216560509554,0.5,1.4851422683291529,0.2340166028097062,3592.0,1566.0,0.1002554278416347,5.08
online_retail_ii,temporal,5,2011-07-01,0.1,rus@1.0,hgb,ok,0.7658003824368369,0.2426549762413578,0.3265993265993266,0.2521247568185224,0.167032516018074,0.2356687898089172,0.5,1.3175614922544587,0.2429565772669221,3592.0,1566.0,0.1002554278416347,1.811
online_retail_ii,temporal,5,2011-07-01,0.1,rus@1.0,xgb,ok,0.7745837722014529,0.2395300530308479,0.3265306122448979,0.257683761826748,0.1671831710958095,0.286624203821656,0.5,1.5224632311279829,0.2461238825031928,3592.0,1566.0,0.1002554278416347,1.045
online_retail_ii,temporal,5,2011-07-01,0.1,rus@1.0,lgbm,ok,0.755597546256323,0.2300591732351452,0.3120805369127516,0.2318893207683159,0.1734340092840528,0.2547770700636942,0.5,1.205707082085691,0.2173978288633461,3592.0,1566.0,0.1002554278416347,1.192
online_retail_ii,temporal,5,2011-07-01,0.1,smote@1.0,lr,ok,0.7706373495228581,0.2567872865674415,0.3273809523809524,0.2641555000615457,0.1688588221438512,0.2929936305732484,0.5,1.4126963020505243,0.2368997445721583,32316.0,1566.0,0.1002554278416347,0.339
online_retail_ii,temporal,5,2011-07-01,0.1,smote@1.0,rf,ok,0.749277845334587,0.2305065031501253,0.2466666666666666,0.1672793933197348,0.1049393026727724,0.2738853503184713,0.5,1.1604150295490303,0.2156641123882503,32316.0,1566.0,0.1002554278416347,50.561
online_retail_ii,temporal,5,2011-07-01,0.1,smote@1.0,hgb,ok,0.7560744621699449,0.2397659891313923,0.2732558139534883,0.1852406552421156,0.1046582025788936,0.2547770700636942,0.5,1.4436727148715551,0.2264750957854406,32316.0,1566.0,0.1002554278416347,4.082
online_retail_ii,temporal,5,2011-07-01,0.1,smote@1.0,xgb,ok,0.761447112059418,0.2375809210635412,0.2889518413597733,0.2014349273532893,0.1081786404733446,0.2738853503184713,0.5,1.3977879684349557,0.2143103448275862,32316.0,1566.0,0.1002554278416347,2.571
online_retail_ii,temporal,5,2011-07-01,0.1,smote@1.0,lgbm,ok,0.756867815182652,0.2486530167690346,0.2412451361867704,0.1823938458181234,0.0926317879696813,0.267515923566879,0.5,1.3540998642861717,0.2065070242656449,32316.0,1566.0,0.1002554278416347,3.599
online_retail_ii,temporal,5,2011-07-01,0.1,smote@0.5,lr,ok,0.769516258086098,0.2560333753131236,0.3059490084985836,0.2207110362200704,0.1121071050220006,0.2993630573248407,0.5,1.3812013718609166,0.2287260536398467,24237.0,1566.0,0.1002554278416347,0.278
online_retail_ii,temporal,5,2011-07-01,0.1,smote@0.5,rf,ok,0.7484234651670562,0.2246266975173221,0.1897233201581027,0.1274132147349064,0.0972011605500895,0.2547770700636942,0.5,1.1789237792704084,0.244051724137931,24237.0,1566.0,0.1002554278416347,33.66
online_retail_ii,temporal,5,2011-07-01,0.1,smote@0.5,hgb,ok,0.7660987374159747,0.2552509924637389,0.2625482625482625,0.2048410952267512,0.0918083652376036,0.2929936305732484,0.5,1.4509458231360517,0.2269699872286079,24237.0,1566.0,0.1002554278416347,3.507
online_retail_ii,temporal,5,2011-07-01,0.1,smote@0.5,xgb,ok,0.7647923042497502,0.242485080250475,0.2472727272727272,0.1785764114695993,0.0935466497694383,0.2802547770700637,0.5,1.4861617398241969,0.2128192848020433,24237.0,1566.0,0.1002554278416347,2.347
online_retail_ii,temporal,5,2011-07-01,0.1,smote@0.5,lgbm,ok,0.7612120445000973,0.2490086229138002,0.1568627450980392,0.1406615579393398,0.0877121455333663,0.2611464968152866,0.5,1.4390425871021462,0.2061366538952745,24237.0,1566.0,0.1002554278416347,3.152
online_retail_ii,temporal,5,2011-07-01,0.1,adasyn@1.0,lr,ok,0.7711572104713555,0.2609895382174532,0.3271162123385939,0.2677735014945916,0.1765793933973772,0.2929936305732484,0.5,1.4264272498888166,0.2334099616858237,32770.0,1566.0,0.1002554278416347,0.7
online_retail_ii,temporal,5,2011-07-01,0.1,adasyn@1.0,rf,ok,0.7412448635478024,0.2322227132457669,0.2465753424657534,0.1701829924831665,0.1058198304895271,0.2611464968152866,0.5,1.0626972898492872,0.211500638569604,32770.0,1566.0,0.1002554278416347,59.897
online_retail_ii,temporal,5,2011-07-01,0.1,adasyn@1.0,hgb,ok,0.758558493397766,0.2487068525166184,0.2439024390243902,0.1558144096870531,0.1023648416379786,0.2484076433121019,0.5,1.4247196282731458,0.2269061302681992,32770.0,1566.0,0.1002554278416347,4.349
online_retail_ii,temporal,5,2011-07-01,0.1,adasyn@1.0,xgb,ok,0.7563841184740498,0.2420307518628868,0.2794520547945205,0.1888631049130207,0.1083049812601951,0.267515923566879,0.5,1.336866404346676,0.2209259259259259,32770.0,1566.0,0.1002554278416347,2.992
online_retail_ii,temporal,5,2011-07-01,0.1,adasyn@1.0,lgbm,ok,0.7543589210399027,0.2399979831378054,0.1924686192468619,0.1410617350118239,0.0924654260772485,0.2547770700636942,0.5,1.3106417197938516,0.2181417624521072,32770.0,1566.0,0.1002554278416347,4.101
online_retail_ii,temporal,5,2011-07-01,0.1,smote_enn@1.0,lr,ok,0.7709628276819174,0.25504253134317,0.3069306930693069,0.2533803175407427,0.2234138249162218,0.2993630573248407,0.5,1.4079213777354962,0.2224521072796935,24889.0,1566.0,0.1002554278416347,11.729
online_retail_ii,temporal,5,2011-07-01,0.1,smote_enn@1.0,rf,ok,0.7550731647778385,0.2411705999164018,0.2943925233644859,0.2013831623122476,0.1373164545669555,0.267515923566879,0.5,1.3215331751513455,0.2340229885057471,24901.0,1566.0,0.1002554278416347,50.544
online_retail_ii,temporal,5,2011-07-01,0.1,smote_enn@1.0,hgb,ok,0.756375077414076,0.2514391091194908,0.3221757322175732,0.236048795987642,0.1405861070579228,0.2547770700636942,0.5,1.3722607988281452,0.217691570881226,24849.0,1566.0,0.1002554278416347,15.093
online_retail_ii,temporal,5,2011-07-01,0.1,smote_enn@1.0,xgb,ok,0.7573108271213717,0.2405864691518233,0.3245436105476673,0.2398712423987287,0.144100400293247,0.2547770700636942,0.5,1.3612759498784677,0.2273659003831417,24908.0,1566.0,0.1002554278416347,13.913
online_retail_ii,temporal,5,2011-07-01,0.1,smote_enn@1.0,lgbm,ok,0.7529937209838481,0.2502430792391609,0.3087885985748218,0.2188300311630342,0.1300754411300056,0.2611464968152866,0.5,1.3207059372658323,0.2173659003831416,24923.0,1566.0,0.1002554278416347,14.603
online_retail_ii,temporal,5,2011-07-01,0.1,dirichlet@1.0,lr,ok,0.7708317323122962,0.2563241909342507,0.3323170731707317,0.2690938654075148,0.1650293796852578,0.2802547770700637,0.5,1.492074636492982,0.2374233716475095,32316.0,1566.0,0.1002554278416347,0.229
online_retail_ii,temporal,5,2011-07-01,0.1,dirichlet@1.0,rf,ok,0.7519924235917419,0.2469346611016115,0.1841004184100418,0.1315170289528663,0.0933462613709041,0.286624203821656,0.5,1.2115546009041664,0.2138058748403575,32316.0,1566.0,0.1002554278416347,44.971
online_retail_ii,temporal,5,2011-07-01,0.1,dirichlet@1.0,hgb,ok,0.7793484108076831,0.2471269032058598,0.0552486187845303,0.0448938435327412,0.0841779976408197,0.2738853503184713,0.5,1.6188068304169962,0.2324297573435504,32316.0,1566.0,0.1002554278416347,3.982
online_retail_ii,temporal,5,2011-07-01,0.1,dirichlet@1.0,xgb,ok,0.7663157228553477,0.2437099908233229,0.254416961130742,0.1826577242274563,0.0965076699518326,0.2611464968152866,0.5,1.464352464973266,0.2184865900383141,32316.0,1566.0,0.1002554278416347,2.759
online_retail_ii,temporal,5,2011-07-01,0.1,dirichlet@1.0,lgbm,ok,0.7683137971095731,0.2553668441079774,0.2105263157894736,0.172527002767943,0.0880642565711311,0.2738853503184713,0.5,1.4996696958068685,0.2204469987228607,32316.0,1566.0,0.1002554278416347,3.595
online_retail_ii,temporal,5,2011-07-01,0.1,easy_ensemble,lr,ok,0.7671701030228784,0.2585810649069825,0.3197586726998491,0.251277515488311,0.1691823450247638,0.267515923566879,0.5,1.3499772169815891,0.2308556832694763,17954.0,1566.0,0.1002554278416347,0.386
online_retail_ii,temporal,5,2011-07-01,0.1,easy_ensemble,rf,ok,0.7839864745742791,0.2806273947490236,0.337984496124031,0.2757804411620586,0.1739289487969022,0.2929936305732484,0.5,1.604986607682466,0.2232183908045976,17954.0,1566.0,0.1002554278416347,50.743
online_retail_ii,temporal,5,2011-07-01,0.1,easy_ensemble,hgb,ok,0.7811611433324445,0.2685238193386067,0.3441558441558441,0.2801771523664758,0.161822439900072,0.2993630573248407,0.5,1.530619978865669,0.2233684546615581,17954.0,1566.0,0.1002554278416347,17.654
online_retail_ii,temporal,5,2011-07-01,0.1,easy_ensemble,xgb,ok,0.7861111236681388,0.2754281183506237,0.3448275862068966,0.2800506089202321,0.1610252775554849,0.286624203821656,0.5,1.6053523022361669,0.2297286079182631,17954.0,1566.0,0.1002554278416347,9.811
online_retail_ii,temporal,5,2011-07-01,0.1,easy_ensemble,lgbm,ok,0.785121127601,0.2656120764117308,0.3483870967741935,0.2869195342768542,0.1622659349475753,0.2993630573248407,0.5,1.5766515454951184,0.2369220945083014,17954.0,1566.0,0.1002554278416347,10.987
online_retail_ii,random,5,2011-07-01,0.1,none,lr,ok,0.7571119238019466,0.2398898773558127,0.0,-0.0119368834396005,0.0836245008722624,0.2929936305732484,0.5,1.4701375088388977,0.2097892720306512,17954.0,1566.0,0.1002554278416347,0.161
online_retail_ii,random,5,2011-07-01,0.1,none,rf,ok,0.7646273049052272,0.2928091406639436,0.0924855491329479,0.1352269188380403,0.08109160567529,0.3503184713375796,0.5,1.46425263203341,0.1661526181353767,17954.0,1566.0,0.1002554278416347,23.868
online_retail_ii,random,5,2011-07-01,0.1,none,hgb,ok,0.7805689539041556,0.2816877615610962,0.0359281437125748,0.0533158853395804,0.0812455718198917,0.3312101910828025,0.5,1.6384523418856447,0.2059482758620689,17954.0,1566.0,0.1002554278416347,2.687
online_retail_ii,random,5,2011-07-01,0.1,none,xgb,ok,0.7685217414889722,0.2819968865187255,0.0363636363636363,0.0655506229157705,0.0815261358652193,0.2929936305732484,0.5,1.4453006068143357,0.2107088122605364,17954.0,1566.0,0.1002554278416347,1.911
online_retail_ii,random,5,2011-07-01,0.1,none,lgbm,ok,0.774642539091283,0.2948172517736522,0.072289156626506,0.143382201902794,0.080790348216887,0.3312101910828025,0.5,1.6005834192828094,0.2197318007662835,17954.0,1566.0,0.1002554278416347,2.199
online_retail_ii,random,5,2011-07-01,0.1,class_weight,lr,ok,0.7568497330627042,0.2363676015350316,0.2880755608028335,0.2262242227504388,0.2116694702072276,0.2993630573248407,0.5,1.5115462812141556,0.207640485312899,17954.0,1566.0,0.1002554278416347,0.188
online_retail_ii,random,5,2011-07-01,0.1,class_weight,rf,ok,0.7662705175554781,0.2752496697287045,0.1913875598086124,0.1754662557110773,0.0849704328643991,0.3375796178343949,0.5,1.5361650896472856,0.1791283524904215,17954.0,1566.0,0.1002554278416347,22.113
online_retail_ii,random,5,2011-07-01,0.1,class_weight,hgb,ok,0.7660716142360531,0.2620563167257201,0.3300970873786408,0.2602260943502794,0.1588938096795605,0.3121019108280254,0.5,1.478161380195296,0.2046934865900383,17954.0,1566.0,0.1002554278416347,2.755
online_retail_ii,random,5,2011-07-01,0.1,class_weight,xgb,ok,0.7729382992862083,0.2875987729764153,0.337620578778135,0.2716686410516711,0.157436453226126,0.3375796178343949,0.5,1.559286573847224,0.2025798212005108,17954.0,1566.0,0.1002554278416347,1.975
online_retail_ii,random,5,2011-07-01,0.1,class_weight,lgbm,ok,0.7664061334550862,0.2706719485771678,0.3320610687022901,0.2520006521222808,0.1422612355326958,0.286624203821656,0.5,1.5385059102120164,0.2384355044699872,17954.0,1566.0,0.1002554278416347,2.319
online_retail_ii,random,5,2011-07-01,0.1,threshold,lr,ok,0.7571119238019466,0.2398898773558127,0.3396226415094339,0.2689488069345424,0.0836245008722624,0.2929936305732484,0.1573872508274868,1.4701375088388977,0.2097892720306512,17954.0,1566.0,0.1002554278416347,0.549
online_retail_ii,random,5,2011-07-01,0.1,threshold,rf,ok,0.7655246301076339,0.2906077429815061,0.3529411764705882,0.2746096825345869,0.0812218296725183,0.3184713375796178,0.1717540069567164,1.5048305424805284,0.1806162196679438,17954.0,1566.0,0.1002554278416347,42.205
online_retail_ii,random,5,2011-07-01,0.1,threshold,hgb,ok,0.7805689539041556,0.2816877615610962,0.3431221020092735,0.2837241807779602,0.0812455718198917,0.3312101910828025,0.1226076504803892,1.6384523418856447,0.2059482758620689,17954.0,1566.0,0.1002554278416347,5.653
online_retail_ii,random,5,2011-07-01,0.1,threshold,xgb,ok,0.7754991795238073,0.282295305468212,0.3372681281618887,0.2670082459952197,0.0810575593621957,0.2993630573248407,0.1339711010456085,1.5524772046763815,0.226190932311622,17954.0,1566.0,0.1002554278416347,3.823
online_retail_ii,random,5,2011-07-01,0.1,threshold,lgbm,ok,0.7738424052835954,0.2965447692784048,0.3241590214067278,0.2565945403148434,0.0808997150157149,0.3312101910828025,0.1044693254841176,1.5000963093813209,0.1916283524904214,17954.0,1566.0,0.1002554278416347,4.544
online_retail_ii,random,5,2011-07-01,0.1,ros@1.0,lr,ok,0.7570893211520118,0.239457306428274,0.2884160756501182,0.226688647813766,0.2118873489121783,0.3057324840764331,0.5,1.4780526107481309,0.2074584929757343,32316.0,1566.0,0.1002554278416347,0.284
online_retail_ii,random,5,2011-07-01,0.1,ros@1.0,rf,ok,0.7663970923951124,0.2900478227526624,0.2741935483870967,0.226080693278845,0.0900793619951713,0.3694267515923566,0.5,1.520344292686134,0.1546647509578544,32316.0,1566.0,0.1002554278416347,32.382
online_retail_ii,random,5,2011-07-01,0.1,ros@1.0,hgb,ok,0.7731914489654766,0.2656480895382032,0.3445945945945945,0.2771664854892237,0.1510540751837603,0.2993630573248407,0.5,1.5877129426376135,0.2146966794380587,32316.0,1566.0,0.1002554278416347,3.667
online_retail_ii,random,5,2011-07-01,0.1,ros@1.0,xgb,ok,0.7661575043058049,0.2740004140250888,0.3262642740619902,0.2540449493073691,0.1597362241716448,0.3248407643312102,0.5,1.4377105648519586,0.1822924648786718,32316.0,1566.0,0.1002554278416347,2.588
online_retail_ii,random,5,2011-07-01,0.1,ros@1.0,lgbm,ok,0.7684335911542269,0.2956721977260618,0.3414634146341463,0.2653251992773245,0.1409894965111019,0.3184713375796178,0.5,1.5706140439076892,0.192183908045977,32316.0,1566.0,0.1002554278416347,2.992
online_retail_ii,random,5,2011-07-01,0.1,rus@1.0,lr,ok,0.7556201489062578,0.2362137314021803,0.2891278375149343,0.2266028593334429,0.214348584108808,0.2738853503184713,0.5,1.477367668749827,0.2108780332056193,3592.0,1566.0,0.1002554278416347,0.121
online_retail_ii,random,5,2011-07-01,0.1,rus@1.0,rf,ok,0.7669847612934141,0.257188275760593,0.3014804845222072,0.2339627972995767,0.2033913800359313,0.3184713375796178,0.5,1.4205426111782808,0.18735312899106,3592.0,1566.0,0.1002554278416347,5.126
online_retail_ii,random,5,2011-07-01,0.1,rus@1.0,hgb,ok,0.7456071749851952,0.2311669479580123,0.2940397350993377,0.2233935092911244,0.2117460385508278,0.2611464968152866,0.5,1.1472025563748722,0.2141826309067688,3592.0,1566.0,0.1002554278416347,1.829
online_retail_ii,random,5,2011-07-01,0.1,rus@1.0,xgb,ok,0.7431525272022892,0.2270532275374383,0.2927429274292742,0.2293982956693321,0.2190989696705149,0.2038216560509554,0.5,1.1431353952368457,0.2342816091954023,3592.0,1566.0,0.1002554278416347,1.041
online_retail_ii,random,5,2011-07-01,0.1,rus@1.0,lgbm,ok,0.7605023212921482,0.2477563107708589,0.3153745072273324,0.259657596491919,0.2193783538819789,0.2993630573248407,0.5,1.3413335165076845,0.2406481481481481,3592.0,1566.0,0.1002554278416347,1.183
online_retail_ii,random,5,2011-07-01,0.1,smote@1.0,lr,ok,0.7574238403710452,0.2370425766419151,0.2921083627797409,0.2338595768987116,0.2115232609603055,0.2738853503184713,0.5,1.4330904561354247,0.2159546615581098,32316.0,1566.0,0.1002554278416347,0.302
online_retail_ii,random,5,2011-07-01,0.1,smote@1.0,rf,ok,0.7554348071767933,0.2479728459036202,0.3011363636363636,0.2154016428111357,0.1107245335632788,0.3057324840764331,0.5,1.270943357778421,0.2009610472541507,32316.0,1566.0,0.1002554278416347,49.657
online_retail_ii,random,5,2011-07-01,0.1,smote@1.0,hgb,ok,0.7442826596990231,0.2435640769908975,0.3038548752834467,0.2125952777541279,0.1242669606929784,0.2611464968152866,0.5,1.1619472969064606,0.2067816091954023,32316.0,1566.0,0.1002554278416347,4.111
online_retail_ii,random,5,2011-07-01,0.1,smote@1.0,xgb,ok,0.751002427524603,0.2507931313792689,0.3083333333333333,0.2186883079603818,0.1299735687520701,0.2993630573248407,0.5,1.2084355049625333,0.1850478927203065,32316.0,1566.0,0.1002554278416347,3.025
online_retail_ii,random,5,2011-07-01,0.1,smote@1.0,lgbm,ok,0.7442351941341603,0.2391441282188758,0.2474226804123711,0.1715191972740508,0.10367883257367,0.2292993630573248,0.5,1.2091155799512407,0.2052203065134099,32316.0,1566.0,0.1002554278416347,3.745
online_retail_ii,random,5,2011-07-01,0.1,smote@0.5,lr,ok,0.7564926111937362,0.2329430397291148,0.3368869936034115,0.2540174747249566,0.13341082213166,0.2611464968152866,0.5,1.414541040985667,0.2165357598978288,24237.0,1566.0,0.1002554278416347,0.27
online_retail_ii,random,5,2011-07-01,0.1,smote@0.5,rf,ok,0.7634949121434997,0.2690099662182134,0.2985074626865671,0.2392021152336609,0.0955075869499432,0.3375796178343949,0.5,1.345362677517972,0.178588761174968,24237.0,1566.0,0.1002554278416347,37.423
online_retail_ii,random,5,2011-07-01,0.1,smote@0.5,hgb,ok,0.7580860980141312,0.2639812912387397,0.2885245901639344,0.2119520866427865,0.1008204864262165,0.2802547770700637,0.5,1.2571789548832657,0.1939367816091954,24237.0,1566.0,0.1002554278416347,3.411
online_retail_ii,random,5,2011-07-01,0.1,smote@0.5,xgb,ok,0.753843580621392,0.2559021297530718,0.3,0.2204206520319027,0.1039768515210639,0.2929936305732484,0.5,1.2503607449487495,0.1823435504469986,24237.0,1566.0,0.1002554278416347,2.287
online_retail_ii,random,5,2011-07-01,0.1,smote@0.5,lgbm,ok,0.7622495061320989,0.2779511774345083,0.1853658536585365,0.1750020496373889,0.0893206655197775,0.3312101910828025,0.5,1.4028448147047192,0.1627362707535121,24237.0,1566.0,0.1002554278416347,2.911
online_retail_ii,random,5,2011-07-01,0.1,adasyn@1.0,lr,ok,0.7592908192556495,0.2372189641210165,0.2795941375422773,0.2165714967716195,0.2186163981955716,0.286624203821656,0.5,1.4602719062614522,0.2117017879948914,32776.0,1566.0,0.1002554278416347,0.655
online_retail_ii,random,5,2011-07-01,0.1,adasyn@1.0,rf,ok,0.7535271435223065,0.2452868626756602,0.3229461756373937,0.2399871450868516,0.1116832652023311,0.3057324840764331,0.5,1.2453938728225653,0.1851372924648786,32776.0,1566.0,0.1002554278416347,55.871
online_retail_ii,random,5,2011-07-01,0.1,adasyn@1.0,hgb,ok,0.7463621034930136,0.2293855915361547,0.2993492407809111,0.2070774163415682,0.128455476780953,0.2611464968152866,0.5,1.162912043793935,0.2025287356321839,32776.0,1566.0,0.1002554278416347,4.469
online_retail_ii,random,5,2011-07-01,0.1,adasyn@1.0,xgb,ok,0.7491670923499071,0.2361233572250212,0.2976939203354298,0.205213474835501,0.1310062929081096,0.2802547770700637,0.5,1.205044596528143,0.2027043422733077,32776.0,1566.0,0.1002554278416347,2.99
online_retail_ii,random,5,2011-07-01,0.1,adasyn@1.0,lgbm,ok,0.7447595756126448,0.2357204785040348,0.2365591397849462,0.1647536776252657,0.1020682731996708,0.2420382165605095,0.5,1.2208764387472808,0.1991283524904214,32776.0,1566.0,0.1002554278416347,4.082
online_retail_ii,random,5,2011-07-01,0.1,smote_enn@1.0,lr,ok,0.7554935740666235,0.2363124683559283,0.2637795275590551,0.2045689031616821,0.2934364265521224,0.2929936305732484,0.5,1.386317929379706,0.2093742017879948,24776.0,1566.0,0.1002554278416347,11.734
online_retail_ii,random,5,2011-07-01,0.1,smote_enn@1.0,rf,ok,0.7426710907586805,0.2228119081662346,0.3028169014084507,0.2164732605351616,0.1748157155709949,0.2165605095541401,0.5,1.133363215541787,0.2088920817369093,24854.0,1566.0,0.1002554278416347,49.802
online_retail_ii,random,5,2011-07-01,0.1,smote_enn@1.0,hgb,ok,0.7415793827668355,0.2397328113038148,0.2952380952380952,0.211063101837158,0.1883310234062649,0.2802547770700637,0.5,1.131949361151013,0.1847126436781609,24752.0,1566.0,0.1002554278416347,15.348
online_retail_ii,random,5,2011-07-01,0.1,smote_enn@1.0,xgb,ok,0.7531112547635085,0.2477754372892864,0.3046757164404223,0.2285460074554821,0.1929561206856274,0.2929936305732484,0.5,1.3515794113262165,0.1842656449553001,24885.0,1566.0,0.1002554278416347,13.771
online_retail_ii,random,5,2011-07-01,0.1,smote_enn@1.0,lgbm,ok,0.7462355286533794,0.2344385057750892,0.3068783068783068,0.2219645210457877,0.1692480160488481,0.2611464968152866,0.5,1.1319745017307623,0.2112515964240101,24876.0,1566.0,0.1002554278416347,14.589
online_retail_ii,random,5,2011-07-01,0.1,dirichlet@1.0,lr,ok,0.7584726033280141,0.2382256878617418,0.2950423216444982,0.2356157247379065,0.2084815905823234,0.267515923566879,0.5,1.4499799073516637,0.2191315453384418,32316.0,1566.0,0.1002554278416347,0.265
online_retail_ii,random,5,2011-07-01,0.1,dirichlet@1.0,rf,ok,0.7666050367745114,0.2568825826490645,0.2472727272727272,0.1785764114695993,0.0977562135060406,0.2738853503184713,0.5,1.4788772333275892,0.2253512132822478,32316.0,1566.0,0.1002554278416347,44.833
online_retail_ii,random,5,2011-07-01,0.1,dirichlet@1.0,hgb,ok,0.7737180907089547,0.273819459498823,0.0481927710843373,0.087128530806771,0.0822241401723087,0.2802547770700637,0.5,1.5800074254094472,0.2193965517241379,32316.0,1566.0,0.1002554278416347,4.173
online_retail_ii,random,5,2011-07-01,0.1,dirichlet@1.0,xgb,ok,0.7497864049581173,0.2378788826225008,0.2865497076023391,0.2005996585596061,0.1059587548722603,0.2611464968152866,0.5,1.328680621547203,0.2025351213282247,32316.0,1566.0,0.1002554278416347,2.964
online_retail_ii,random,5,2011-07-01,0.1,dirichlet@1.0,lgbm,ok,0.7609543742908418,0.2594683157751116,0.208,0.1500174778669001,0.0913311919460051,0.286624203821656,0.5,1.492202452737204,0.2050734355044699,32316.0,1566.0,0.1002554278416347,3.763
online_retail_ii,random,5,2011-07-01,0.1,easy_ensemble,lr,ok,0.7556337104962186,0.2325023721532307,0.2860492379835873,0.2234485482291269,0.2128688183605086,0.286624203821656,0.5,1.4176660126465306,0.2151213282247765,17954.0,1566.0,0.1002554278416347,0.451
online_retail_ii,random,5,2011-07-01,0.1,easy_ensemble,rf,ok,0.7739780211832036,0.2821742348937351,0.3164721141374838,0.2632273363566435,0.2025642053013373,0.3184713375796178,0.5,1.5509894669081583,0.1962835249042146,17954.0,1566.0,0.1002554278416347,43.76
online_retail_ii,random,5,2011-07-01,0.1,easy_ensemble,hgb,ok,0.7696292713357714,0.2728751353347567,0.3053435114503817,0.2469469770698275,0.2042579560212932,0.286624203821656,0.5,1.4120623494128288,0.2083524904214559,17954.0,1566.0,0.1002554278416347,17.794
online_retail_ii,random,5,2011-07-01,0.1,easy_ensemble,xgb,ok,0.7736299403742095,0.2660480473441783,0.314070351758794,0.2636183588031167,0.2041865723505516,0.2993630573248407,0.5,1.458449305268769,0.2280140485312898,17954.0,1566.0,0.1002554278416347,9.733
online_retail_ii,random,5,2011-07-01,0.1,easy_ensemble,lgbm,ok,0.7686618779185671,0.2729084289614981,0.3071161048689138,0.2524961952885153,0.2081322040018612,0.2993630573248407,0.5,1.3387540685481616,0.2129757343550447,17954.0,1566.0,0.1002554278416347,7.624
online_retail_ii,temporal,6,2011-08-01,0.1,none,lr,ok,0.7677650666706755,0.2662856862098902,0.0115606936416184,0.0723551342475833,0.0823487009630902,0.313953488372093,0.5,1.3545885350317004,0.1954421175101803,19577.0,1719.0,0.1000581733566026,0.203
online_retail_ii,temporal,6,2011-08-01,0.1,none,rf,ok,0.7188481832804678,0.2066059478043918,0.0432432432432432,0.0604014564313937,0.0873809995035768,0.25,0.5,0.9781327456806856,0.1745113438045375,19577.0,1719.0,0.1000581733566026,26.044
online_retail_ii,temporal,6,2011-08-01,0.1,none,hgb,ok,0.7467153229807127,0.2440704148806467,0.0621761658031088,0.0688044540050105,0.0848497710069095,0.3081395348837209,0.5,1.2010230379612723,0.1692466550319953,19577.0,1719.0,0.1000581733566026,2.919
online_retail_ii,temporal,6,2011-08-01,0.1,none,xgb,ok,0.7409389516092661,0.2351842741620013,0.053763440860215,0.0776326705750578,0.0847327637176078,0.2674418604651162,0.5,1.1892952075178571,0.1960587550901686,19577.0,1719.0,0.1000581733566026,1.968
online_retail_ii,temporal,6,2011-08-01,0.1,none,lgbm,ok,0.7492784233550308,0.2369135985253086,0.0418848167539267,0.0389184815482382,0.0853673772661404,0.2965116279069767,0.5,1.283374073149683,0.1826148923792902,19577.0,1719.0,0.1000581733566026,2.456
online_retail_ii,temporal,6,2011-08-01,0.1,class_weight,lr,ok,0.765089219945581,0.2615279459263009,0.3078880407124681,0.2409833734650843,0.1850431597943644,0.3023255813953488,0.5,1.3583099340721696,0.1980104712041884,19577.0,1719.0,0.1000581733566026,0.209
online_retail_ii,temporal,6,2011-08-01,0.1,class_weight,rf,ok,0.7264360126877226,0.2177389501568607,0.1320754716981132,0.1285612491126474,0.0893196625049128,0.2441860465116279,0.5,1.0428705944898295,0.1959191390343222,19577.0,1719.0,0.1000581733566026,24.131
online_retail_ii,temporal,6,2011-08-01,0.1,class_weight,hgb,ok,0.752337607672765,0.2513271602005719,0.3132530120481928,0.2279820326308085,0.1422266117407514,0.2906976744186046,0.5,1.2493297895470077,0.1740139616055846,19577.0,1719.0,0.1000581733566026,3.021
online_retail_ii,temporal,6,2011-08-01,0.1,class_weight,xgb,ok,0.739531501330407,0.2388136080918093,0.294017094017094,0.2027187480958325,0.1475523636306529,0.2906976744186046,0.5,1.2122566980809564,0.1670535194880744,19577.0,1719.0,0.1000581733566026,2.168
online_retail_ii,temporal,6,2011-08-01,0.1,class_weight,lgbm,ok,0.7413598713188316,0.2425676540614014,0.3013698630136986,0.2098967014594902,0.1331392867195485,0.3023255813953488,0.5,1.1874812342300565,0.1685485747527632,19577.0,1719.0,0.1000581733566026,2.551
online_retail_ii,temporal,6,2011-08-01,0.1,threshold,lr,ok,0.7677650666706755,0.2662856862098902,0.328922495274102,0.2450672896595536,0.0823487009630902,0.313953488372093,0.1508664917307817,1.3545885350317004,0.1954421175101803,19577.0,1719.0,0.1000581733566026,0.67
online_retail_ii,temporal,6,2011-08-01,0.1,threshold,rf,ok,0.723421926910299,0.2162115010383175,0.2910602910602911,0.1973125695179295,0.0866637752977093,0.2383720930232558,0.2042479371875016,1.0228415617428543,0.1773560209424083,19577.0,1719.0,0.1000581733566026,46.747
online_retail_ii,temporal,6,2011-08-01,0.1,threshold,hgb,ok,0.7467153229807127,0.2440704148806467,0.3033419023136247,0.2176524146877342,0.0848497710069095,0.3081395348837209,0.1999781142604943,1.2010230379612723,0.1692466550319953,19577.0,1719.0,0.1000581733566026,5.768
online_retail_ii,temporal,6,2011-08-01,0.1,threshold,xgb,ok,0.7428819470543137,0.2367103999938593,0.3023622047244094,0.2170711694124237,0.0847080672637661,0.2848837209302325,0.1327772632241249,1.1286837608702387,0.1808231529959278,19577.0,1719.0,0.1000581733566026,3.949
online_retail_ii,temporal,6,2011-08-01,0.1,threshold,lgbm,ok,0.7497406833932141,0.2422438928521106,0.3085714285714285,0.219217288146141,0.0852754250404337,0.2848837209302325,0.1360273525141185,1.236710849013358,0.2041710296684118,19577.0,1719.0,0.1000581733566026,4.552
online_retail_ii,temporal,6,2011-08-01,0.1,ros@1.0,lr,ok,0.7647848047984847,0.2613951985210382,0.3116219667943806,0.2465129598952384,0.1832983446536682,0.2965116279069767,0.5,1.3351671275932355,0.1954275741710296,35238.0,1719.0,0.1000581733566026,0.267
online_retail_ii,temporal,6,2011-08-01,0.1,ros@1.0,rf,ok,0.7206821905864315,0.2101261328264723,0.1781376518218623,0.1375695329642022,0.0967474743651412,0.2267441860465116,0.5,1.0065389070907298,0.2048022105875509,35238.0,1719.0,0.1000581733566026,35.795
online_retail_ii,temporal,6,2011-08-01,0.1,ros@1.0,hgb,ok,0.741882262744096,0.2291584389858552,0.2795698924731182,0.1829390446425323,0.1412731492827766,0.2906976744186046,0.5,1.1169369244854022,0.1997702152414193,35238.0,1719.0,0.1000581733566026,3.773
online_retail_ii,temporal,6,2011-08-01,0.1,ros@1.0,xgb,ok,0.7376768238601343,0.232156384872175,0.302158273381295,0.2121349809277727,0.1434761904014466,0.2732558139534883,0.5,1.1535915008405295,0.1625916230366492,35238.0,1719.0,0.1000581733566026,2.872
online_retail_ii,temporal,6,2011-08-01,0.1,ros@1.0,lgbm,ok,0.7304460245636715,0.2347063856726916,0.2996108949416342,0.2077439172477084,0.1353309881693306,0.3081395348837209,0.5,1.1140989344229697,0.1565852239674229,35238.0,1719.0,0.1000581733566026,3.299
online_retail_ii,temporal,6,2011-08-01,0.1,rus@1.0,lr,ok,0.7654875903849911,0.2613846982505619,0.3112313937753721,0.240254484369683,0.1762977865637396,0.3081395348837209,0.5,1.3664926429990034,0.1997294938917975,3916.0,1719.0,0.1000581733566026,0.13
online_retail_ii,temporal,6,2011-08-01,0.1,rus@1.0,rf,ok,0.7497782655101397,0.2242776984819258,0.3034134007585335,0.2344939868450054,0.1951952028447694,0.2732558139534883,0.5,1.2117874748746802,0.2036969168121,3916.0,1719.0,0.1000581733566026,5.531
online_retail_ii,temporal,6,2011-08-01,0.1,rus@1.0,hgb,ok,0.7248162234482343,0.2147078807181496,0.2846347607052896,0.2047963692797621,0.2020870969466284,0.2674418604651162,0.5,1.0206877915661186,0.1920535194880745,3916.0,1719.0,0.1000581733566026,1.887
online_retail_ii,temporal,6,2011-08-01,0.1,rus@1.0,xgb,ok,0.7208475519009034,0.2027822146001926,0.2826347305389221,0.2057520663104899,0.2132093048954707,0.2209302325581395,0.5,0.9664998016235656,0.2012972658522396,3916.0,1719.0,0.1000581733566026,1.113
online_retail_ii,temporal,6,2011-08-01,0.1,rus@1.0,lgbm,ok,0.7511763202597677,0.23328224264287,0.3111668757841907,0.2477057653237406,0.2042689585505575,0.2674418604651162,0.5,1.2864543806842306,0.2274461896451425,3916.0,1719.0,0.1000581733566026,1.333
online_retail_ii,temporal,6,2011-08-01,0.1,smote@1.0,lr,ok,0.7691480885735331,0.2744091040703323,0.2976629766297663,0.2279584323169104,0.1852646159285444,0.3081395348837209,0.5,1.404800853486439,0.1920767888307155,35238.0,1719.0,0.1000581733566026,0.392
online_retail_ii,temporal,6,2011-08-01,0.1,smote@1.0,rf,ok,0.7133517986801161,0.2004759097422764,0.2228739002932551,0.1373211237359125,0.113331677953404,0.2209302325581395,0.5,0.9299095847098476,0.1836271087841768,35238.0,1719.0,0.1000581733566026,55.615
online_retail_ii,temporal,6,2011-08-01,0.1,smote@1.0,hgb,ok,0.7425850483306025,0.2343553995808193,0.2717948717948718,0.181687870577917,0.112433668696959,0.2558139534883721,0.5,1.159680108583235,0.1928592204770215,35238.0,1719.0,0.1000581733566026,4.32
online_retail_ii,temporal,6,2011-08-01,0.1,smote@1.0,xgb,ok,0.7469257828354955,0.2573683814983689,0.2945368171021377,0.204273705905639,0.1146451392237047,0.2965116279069767,0.5,1.2230537615841452,0.1925189063408958,35238.0,1719.0,0.1000581733566026,2.817
online_retail_ii,temporal,6,2011-08-01,0.1,smote@1.0,lgbm,ok,0.744219870416861,0.243468152520809,0.2320819112627986,0.1659166336751015,0.0975458834483041,0.2558139534883721,0.5,1.1826300825108793,0.1754479348458406,35238.0,1719.0,0.1000581733566026,3.92
online_retail_ii,temporal,6,2011-08-01,0.1,smote@0.5,lr,ok,0.7633416515085462,0.2673748022931437,0.303030303030303,0.2164508016445406,0.1173213985149151,0.313953488372093,0.5,1.328467941752789,0.1944909831297266,26428.0,1719.0,0.1000581733566026,0.298
online_retail_ii,temporal,6,2011-08-01,0.1,smote@0.5,rf,ok,0.7220670915951354,0.217530127744888,0.2175438596491228,0.1540549965914902,0.1009730041707526,0.25,0.5,1.0428546913724348,0.1838859802210587,26428.0,1719.0,0.1000581733566026,36.666
online_retail_ii,temporal,6,2011-08-01,0.1,smote@0.5,hgb,ok,0.7414463101877603,0.2464618240286649,0.2458471760797342,0.1772780100386211,0.0981004631939205,0.2558139534883721,0.5,1.1131499826536224,0.1965154159394997,26428.0,1719.0,0.1000581733566026,3.657
online_retail_ii,temporal,6,2011-08-01,0.1,smote@0.5,xgb,ok,0.7461027344748274,0.2389440889242383,0.2442244224422442,0.1745681462117783,0.0985186704596257,0.2674418604651162,0.5,1.1538966490611,0.2086503781268179,26428.0,1719.0,0.1000581733566026,2.487
online_retail_ii,temporal,6,2011-08-01,0.1,smote@0.5,lgbm,ok,0.7293636595962176,0.2324974945098207,0.1583333333333333,0.121299076230706,0.0922331444882958,0.2616279069767442,0.5,1.0940625579598633,0.1895898778359511,26428.0,1719.0,0.1000581733566026,3.401
online_retail_ii,temporal,6,2011-08-01,0.1,adasyn@1.0,lr,ok,0.7684415447753341,0.2661726445080976,0.3040935672514619,0.2442764905661828,0.194303321773359,0.313953488372093,0.5,1.398132844465752,0.1938598022105875,35735.0,1719.0,0.1000581733566026,0.749
online_retail_ii,temporal,6,2011-08-01,0.1,adasyn@1.0,rf,ok,0.7123765427458999,0.2017382893120248,0.2312138728323699,0.1451916071876368,0.1148682170956907,0.2325581395348837,0.5,0.9420981952935352,0.1714979639325189,35735.0,1719.0,0.1000581733566026,61.699
online_retail_ii,temporal,6,2011-08-01,0.1,adasyn@1.0,hgb,ok,0.7349107800544189,0.2289640205145824,0.2827763496143959,0.1943037711725485,0.1135985021613976,0.2790697674418604,0.5,1.1116876857535387,0.1939906922629435,35735.0,1719.0,0.1000581733566026,4.797
online_retail_ii,temporal,6,2011-08-01,0.1,adasyn@1.0,xgb,ok,0.7395145893777905,0.2330903392306614,0.2877030162412993,0.1955537240610233,0.1164878485661522,0.2732558139534883,0.5,1.150061471371833,0.1914630599185572,35735.0,1719.0,0.1000581733566026,3.217
online_retail_ii,temporal,6,2011-08-01,0.1,adasyn@1.0,lgbm,ok,0.740833721681875,0.2355364200293649,0.2466666666666666,0.1786521048848885,0.0983218872121325,0.2616279069767442,0.5,1.1818789734156874,0.1818353694008144,35735.0,1719.0,0.1000581733566026,4.294
online_retail_ii,temporal,6,2011-08-01,0.1,smote_enn@1.0,lr,ok,0.7689225958719803,0.2692267322245731,0.2886597938144329,0.2338280984691514,0.2475506787803521,0.3081395348837209,0.5,1.3873206017433353,0.1903635834787667,27177.0,1719.0,0.1000581733566026,13.959
online_retail_ii,temporal,6,2011-08-01,0.1,smote_enn@1.0,rf,ok,0.731237128124953,0.2108095066731118,0.3001949317738791,0.2084592277239799,0.1524761248984676,0.2383720930232558,0.5,1.0360514869652604,0.2000988947062245,27133.0,1719.0,0.1000581733566026,54.326
online_retail_ii,temporal,6,2011-08-01,0.1,smote_enn@1.0,hgb,ok,0.7404804497827754,0.2429354163748544,0.3256637168141593,0.2431759545945999,0.1555827719555378,0.2558139534883721,0.5,1.1839689310822394,0.1890750436300174,27186.0,1719.0,0.1000581733566026,18.182
online_retail_ii,temporal,6,2011-08-01,0.1,smote_enn@1.0,xgb,ok,0.7449113813682897,0.2392089061409565,0.3195876288659793,0.2364334083165944,0.1600789737549444,0.2616279069767442,0.5,1.1970570434670005,0.19086969168121,27110.0,1719.0,0.1000581733566026,16.889
online_retail_ii,temporal,6,2011-08-01,0.1,smote_enn@1.0,lgbm,ok,0.7485380556515987,0.2459568172951603,0.3333333333333333,0.2499292959900154,0.1430795328015931,0.2441860465116279,0.5,1.295331154163778,0.195695171611402,27272.0,1719.0,0.1000581733566026,16.899
online_retail_ii,temporal,6,2011-08-01,0.1,dirichlet@1.0,lr,ok,0.7699222801821981,0.2772423136082109,0.3040791100123609,0.2378846223886739,0.1825209479135253,0.3488372093023256,0.5,1.4602824738381883,0.1809220477021524,35238.0,1719.0,0.1000581733566026,0.345
online_retail_ii,temporal,6,2011-08-01,0.1,dirichlet@1.0,rf,ok,0.7178447407585575,0.1984149342363095,0.1672727272727272,0.1036873985453567,0.10035430142381,0.25,0.5,0.919996953571234,0.1885282140779523,35238.0,1719.0,0.1000581733566026,53.1
online_retail_ii,temporal,6,2011-08-01,0.1,dirichlet@1.0,hgb,ok,0.7468750469776462,0.2457280191861311,0.053763440860215,0.0776326705750578,0.0846634906053019,0.3023255813953488,0.5,1.2404852754490718,0.1724869109947643,35238.0,1719.0,0.1000581733566026,4.407
online_retail_ii,temporal,6,2011-08-01,0.1,dirichlet@1.0,xgb,ok,0.7467754543677937,0.248123060132704,0.2706270627062706,0.20379389122291,0.0972468382700378,0.2732558139534883,0.5,1.2099056929139025,0.1939819662594532,35238.0,1719.0,0.1000581733566026,2.918
online_retail_ii,temporal,6,2011-08-01,0.1,dirichlet@1.0,lgbm,ok,0.7402850227747628,0.2340304004758402,0.1735537190082644,0.1372804973869184,0.0907238697091077,0.2790697674418604,0.5,1.0651563791089322,0.188653286794648,35238.0,1719.0,0.1000581733566026,3.81
online_retail_ii,temporal,6,2011-08-01,0.1,easy_ensemble,lr,ok,0.7679379444085326,0.2631834235834033,0.3130659767141009,0.2474436166802615,0.1816132983081318,0.313953488372093,0.5,1.362448258356225,0.1991623036649214,19577.0,1719.0,0.1000581733566026,0.432
online_retail_ii,temporal,6,2011-08-01,0.1,easy_ensemble,rf,ok,0.7575502472903294,0.2352811519401513,0.3063291139240506,0.2390212352314491,0.1895151200091882,0.2674418604651162,0.5,1.243778133447878,0.2113525305410122,19577.0,1719.0,0.1000581733566026,55.608
online_retail_ii,temporal,6,2011-08-01,0.1,easy_ensemble,hgb,ok,0.7523150584026096,0.2376420934337559,0.2997542997542997,0.2314932117292825,0.1919683627765083,0.2732558139534883,0.5,1.261015212773423,0.1998865619546248,19577.0,1719.0,0.1000581733566026,17.944
online_retail_ii,temporal,6,2011-08-01,0.1,easy_ensemble,xgb,ok,0.7526645720900167,0.2442750300156227,0.2893081761006289,0.2123875437679056,0.1910096093337241,0.2732558139534883,0.5,1.2855230444482866,0.1975858057009889,19577.0,1719.0,0.1000581733566026,9.995
online_retail_ii,temporal,6,2011-08-01,0.1,easy_ensemble,lgbm,ok,0.7461891733437561,0.2395311247860297,0.2878048780487804,0.2126610970114565,0.2029838609082492,0.3023255813953488,0.5,1.24809669929855,0.1592582897033158,19577.0,1719.0,0.1000581733566026,11.404
online_retail_ii,random,6,2011-08-01,0.1,none,lr,ok,0.7249289697990108,0.2028013007513855,0.0,-0.0080446561671521,0.0852198896411863,0.2151162790697674,0.5,0.9440657864939604,0.1970040721349621,19577.0,1719.0,0.1000581733566026,0.167
online_retail_ii,random,6,2011-08-01,0.1,none,rf,ok,0.7240269989927992,0.2432865021854112,0.0855614973262032,0.1354693733870726,0.0850948603725794,0.2965116279069767,0.5,1.0354978712407994,0.1528970331588132,19577.0,1719.0,0.1000581733566026,25.614
online_retail_ii,random,6,2011-08-01,0.1,none,hgb,ok,0.7286157754694007,0.2473062598687935,0.0552486187845303,0.1101223780588213,0.0841691483817684,0.3081395348837209,0.5,1.178192436344446,0.1488307155322862,19577.0,1719.0,0.1000581733566026,2.779
online_retail_ii,random,6,2011-08-01,0.1,none,xgb,ok,0.7262932006434057,0.2397713765239298,0.034090909090909,0.1046017418379218,0.0846324822671456,0.2441860465116279,0.5,1.0546129170794878,0.1723676556137289,19577.0,1719.0,0.1000581733566026,1.982
online_retail_ii,random,6,2011-08-01,0.1,none,lgbm,ok,0.7286984561266366,0.2583276809363908,0.0978260869565217,0.1815995823989359,0.0843407305354391,0.2616279069767442,0.5,1.027628401354982,0.1802123327515997,19577.0,1719.0,0.1000581733566026,2.25
online_retail_ii,random,6,2011-08-01,0.1,class_weight,lr,ok,0.7244930172426752,0.2001483518092582,0.2613277133825079,0.1801720153635429,0.2194707655614319,0.2209302325581395,0.5,0.9300680762509356,0.2048283885980221,19577.0,1719.0,0.1000581733566026,0.199
online_retail_ii,random,6,2011-08-01,0.1,class_weight,rf,ok,0.7350084935584251,0.2300432493140663,0.171945701357466,0.1642258530444002,0.0902289204004818,0.2848837209302325,0.5,1.0708055802047336,0.1863612565445025,19577.0,1719.0,0.1000581733566026,24.687
online_retail_ii,random,6,2011-08-01,0.1,class_weight,hgb,ok,0.7296342508380812,0.228664704460051,0.2964028776978417,0.2134997282495573,0.1707091949127072,0.2558139534883721,0.5,1.0277790211617517,0.1973647469458987,19577.0,1719.0,0.1000581733566026,2.986
online_retail_ii,random,6,2011-08-01,0.1,class_weight,xgb,ok,0.7190266983358639,0.2230287579965546,0.2685314685314685,0.1737680265600726,0.1768729610617537,0.2965116279069767,0.5,1.0413585558333571,0.1507882489819662,19577.0,1719.0,0.1000581733566026,2.035
online_retail_ii,random,6,2011-08-01,0.1,class_weight,lgbm,ok,0.7256730957141353,0.2347379261711943,0.284329563812601,0.1912476841324542,0.1579309920719641,0.2558139534883721,0.5,0.9626022034840532,0.1933798720186155,19577.0,1719.0,0.1000581733566026,2.358
online_retail_ii,random,6,2011-08-01,0.1,threshold,lr,ok,0.7249289697990108,0.2028013007513855,0.2907662082514735,0.1966940629881493,0.0852198896411863,0.2151162790697674,0.1841077822291602,0.9440657864939604,0.1970040721349621,19577.0,1719.0,0.1000581733566026,0.554
online_retail_ii,random,6,2011-08-01,0.1,threshold,rf,ok,0.7250022549270154,0.2367949675090277,0.2629674306393245,0.1725940972730533,0.0852579081192024,0.2906976744186046,0.1039379648990985,1.0013592650569922,0.1485776614310645,19577.0,1719.0,0.1000581733566026,46.095
online_retail_ii,random,6,2011-08-01,0.1,threshold,hgb,ok,0.7286157754694007,0.2473062598687935,0.2907915993537964,0.2000866035555786,0.0841691483817684,0.3081395348837209,0.1479768529338944,1.178192436344446,0.1488307155322862,19577.0,1719.0,0.1000581733566026,5.732
online_retail_ii,random,6,2011-08-01,0.1,threshold,xgb,ok,0.7241979976248102,0.2287568329259417,0.2808022922636103,0.1908606709134918,0.0851465836460005,0.2616279069767442,0.1311806663870812,0.99990988099319,0.1658464223385689,19577.0,1719.0,0.1000581733566026,3.914
online_retail_ii,random,6,2011-08-01,0.1,threshold,lgbm,ok,0.7282587453586085,0.2498004059453656,0.2964601769911504,0.2046634391364466,0.0843085182207476,0.3023255813953488,0.1905600081340656,1.093175030373812,0.1552879581151832,19577.0,1719.0,0.1000581733566026,4.943
online_retail_ii,random,6,2011-08-01,0.1,ros@1.0,lr,ok,0.722057696065904,0.1970439624141955,0.2613277133825079,0.1801720153635429,0.2197117881717731,0.2209302325581395,0.5,0.905086281261633,0.2063525305410122,35238.0,1719.0,0.1000581733566026,0.281
online_retail_ii,random,6,2011-08-01,0.1,ros@1.0,rf,ok,0.7232509282782881,0.2217593006249041,0.2340425531914893,0.1742161741976259,0.0986096137877445,0.2906976744186046,0.5,1.0084259931426252,0.1627428737638162,35238.0,1719.0,0.1000581733566026,35.249
online_retail_ii,random,6,2011-08-01,0.1,ros@1.0,hgb,ok,0.7345650245787043,0.2324373234828063,0.2955523672883787,0.2124287680967995,0.1680676577260393,0.2674418604651162,0.5,1.0721484600034294,0.1872018615474112,35238.0,1719.0,0.1000581733566026,3.816
online_retail_ii,random,6,2011-08-01,0.1,ros@1.0,xgb,ok,0.7227642398641031,0.2343539379961566,0.2619718309859155,0.16375312540218,0.1745894956313445,0.2848837209302325,0.5,1.007463902977263,0.1671873182082606,35238.0,1719.0,0.1000581733566026,2.771
online_retail_ii,random,6,2011-08-01,0.1,ros@1.0,lgbm,ok,0.7225387471625503,0.2282424393935518,0.3016949152542373,0.2131856208698711,0.1547303519859595,0.25,0.5,1.022153753948533,0.1801919720767888,35238.0,1719.0,0.1000581733566026,3.361
online_retail_ii,random,6,2011-08-01,0.1,rus@1.0,lr,ok,0.7285781933524752,0.2065909593085259,0.2643080124869927,0.1869463453004183,0.2211268610564039,0.2558139534883721,0.5,0.9945685605356132,0.199456079115765,3916.0,1719.0,0.1000581733566026,0.123
online_retail_ii,random,6,2011-08-01,0.1,rus@1.0,rf,ok,0.7126508921994558,0.190858590234173,0.2735849056603773,0.1919302135199763,0.2228681317549858,0.2441860465116279,0.5,0.8608792767158817,0.1846131471785921,3916.0,1719.0,0.1000581733566026,5.728
online_retail_ii,random,6,2011-08-01,0.1,rus@1.0,hgb,ok,0.6982719742637664,0.2267603399118527,0.2595419847328244,0.1739184760152672,0.2357140511678942,0.2093023255813953,0.5,0.7473920973041163,0.1700232693426411,3916.0,1719.0,0.1000581733566026,1.896
online_retail_ii,random,6,2011-08-01,0.1,rus@1.0,xgb,ok,0.71044482193593,0.2014852345431085,0.2541806020066889,0.1627461815666737,0.2309859593880782,0.2674418604651162,0.5,0.9336380411144868,0.1697963932518906,3916.0,1719.0,0.1000581733566026,1.438
online_retail_ii,random,6,2011-08-01,0.1,rus@1.0,lgbm,ok,0.6836638054148314,0.1756238172093136,0.2456546929316338,0.1457417284577988,0.2386563898551764,0.1744186046511628,0.5,0.61994500542172,0.1654595695171611,3916.0,1719.0,0.1000581733566026,1.271
online_retail_ii,random,6,2011-08-01,0.1,smote@1.0,lr,ok,0.7270035026532975,0.2045501926045609,0.2707240293809024,0.1980019729795024,0.2190830101123932,0.2267441860465116,0.5,0.9713425967400514,0.2115561372891216,35238.0,1719.0,0.1000581733566026,0.302
online_retail_ii,random,6,2011-08-01,0.1,smote@1.0,rf,ok,0.7174820733302265,0.1924176609371322,0.2287234042553191,0.1354021079273191,0.1186460949427388,0.2267441860465116,0.5,0.8255304655277951,0.203740546829552,35238.0,1719.0,0.1000581733566026,53.946
online_retail_ii,random,6,2011-08-01,0.1,smote@1.0,hgb,ok,0.7052472151651359,0.1939245503690694,0.249496981891348,0.1459610636512905,0.1352020812353509,0.2209302325581395,0.5,0.8315353623353277,0.1816492146596858,35238.0,1719.0,0.1000581733566026,4.235
online_retail_ii,random,6,2011-08-01,0.1,smote@1.0,xgb,ok,0.7096593556921875,0.2267759368281307,0.2425373134328358,0.1356096279578355,0.1410916686003648,0.25,0.5,0.9105051107368684,0.1638190808609657,35238.0,1719.0,0.1000581733566026,2.807
online_retail_ii,random,6,2011-08-01,0.1,smote@1.0,lgbm,ok,0.7044504742863156,0.2187260972250218,0.1923076923076923,0.1133470643934102,0.1072796841177881,0.2209302325581395,0.5,0.8129358764131652,0.1863990692262943,35238.0,1719.0,0.1000581733566026,3.84
online_retail_ii,random,6,2011-08-01,0.1,smote@0.5,lr,ok,0.7264961440748036,0.207050183155845,0.2798507462686567,0.1830607140122494,0.1391650855579929,0.2383720930232558,0.5,0.9555932562930498,0.2047498545666084,26428.0,1719.0,0.1000581733566026,0.252
online_retail_ii,random,6,2011-08-01,0.1,smote@0.5,rf,ok,0.7204078411328754,0.1980671862944619,0.2236842105263158,0.1513889027240249,0.1053393887713776,0.2267441860465116,0.5,0.8835481711340017,0.195,26428.0,1719.0,0.1000581733566026,42.425
online_retail_ii,random,6,2011-08-01,0.1,smote@0.5,hgb,ok,0.7139831782444641,0.2237456185469561,0.2176470588235294,0.1318096344876337,0.1095650848954914,0.2209302325581395,0.5,0.8505520709344914,0.1935980221058754,26428.0,1719.0,0.1000581733566026,3.614
online_retail_ii,random,6,2011-08-01,0.1,smote@0.5,xgb,ok,0.7158378557147368,0.226473638463688,0.2567164179104477,0.176613906268451,0.1093018410107421,0.25,0.5,0.9433305256019656,0.1854246655031995,26428.0,1719.0,0.1000581733566026,2.462
online_retail_ii,random,6,2011-08-01,0.1,smote@0.5,lgbm,ok,0.7156161212248764,0.2290438614658781,0.1841004184100418,0.1532162594430219,0.0965030200223452,0.2383720930232558,0.5,0.91258189783427,0.1873472949389179,26428.0,1719.0,0.1000581733566026,3.137
online_retail_ii,random,6,2011-08-01,0.1,adasyn@1.0,lr,ok,0.7270035026532974,0.2058288990556179,0.272452068617558,0.2059244744095232,0.2256815884664439,0.2383720930232558,0.5,0.9622569097791924,0.2047818499127399,35635.0,1719.0,0.1000581733566026,0.705
online_retail_ii,random,6,2011-08-01,0.1,adasyn@1.0,rf,ok,0.7183896814539767,0.1921345241528235,0.2487046632124352,0.1561240087881628,0.1187481621100279,0.2383720930232558,0.5,0.869997399007776,0.2115037812681791,35635.0,1719.0,0.1000581733566026,57.938
online_retail_ii,random,6,2011-08-01,0.1,adasyn@1.0,hgb,ok,0.7016412110461359,0.2001139102934684,0.271047227926078,0.1727889735493552,0.1332280062055011,0.2383720930232558,0.5,0.7615268366074694,0.1639877835951134,35635.0,1719.0,0.1000581733566026,4.726
online_retail_ii,random,6,2011-08-01,0.1,adasyn@1.0,xgb,ok,0.7090354925512246,0.2090052454868416,0.2584070796460177,0.155465358991916,0.1439072637214183,0.2383720930232558,0.5,0.8737920789946171,0.1932955206515415,35635.0,1719.0,0.1000581733566026,3.253
online_retail_ii,random,6,2011-08-01,0.1,adasyn@1.0,lgbm,ok,0.7055253228303844,0.2152119913686887,0.2385321100917431,0.1589949995845353,0.1100465314375024,0.2383720930232558,0.5,0.7922317584332796,0.1798574752763234,35635.0,1719.0,0.1000581733566026,4.356
online_retail_ii,random,6,2011-08-01,0.1,smote_enn@1.0,lr,ok,0.7220501796425188,0.1974456444775872,0.2627865961199294,0.2059701996251431,0.3006018573128559,0.1976744186046511,0.5,0.9209606655501744,0.2094473531122745,27330.0,1719.0,0.1000581733566026,13.849
online_retail_ii,random,6,2011-08-01,0.1,smote_enn@1.0,rf,ok,0.7118560304264818,0.1938249514386733,0.2714508580343214,0.1744109929391333,0.1829374311613314,0.2325581395348837,0.5,0.81317346473456,0.1855817335660267,27261.0,1719.0,0.1000581733566026,59.747
online_retail_ii,random,6,2011-08-01,0.1,smote_enn@1.0,hgb,ok,0.7084867936441125,0.1929753637029853,0.2770083102493075,0.1868880416895413,0.203931339942534,0.2209302325581395,0.5,0.8224960111625137,0.1946102385107621,27434.0,1719.0,0.1000581733566026,17.546
online_retail_ii,random,6,2011-08-01,0.1,smote_enn@1.0,xgb,ok,0.7189646878429369,0.2118522135607403,0.2818057455540356,0.1947836746454321,0.2069198277656618,0.2616279069767442,0.5,0.9426312943330104,0.1763408958696916,27307.0,1719.0,0.1000581733566026,16.295
online_retail_ii,random,6,2011-08-01,0.1,smote_enn@1.0,lgbm,ok,0.7082951248477926,0.210563142272292,0.2662440570522979,0.1668381571206696,0.1785213302332323,0.2616279069767442,0.5,0.8792992759566138,0.1597818499127399,27283.0,1719.0,0.1000581733566026,16.889
online_retail_ii,random,6,2011-08-01,0.1,dirichlet@1.0,lr,ok,0.7236098374949265,0.208595171263001,0.2669537136706135,0.1884438660075316,0.2172666927721497,0.25,0.5,0.9430938191490292,0.203871436881908,35238.0,1719.0,0.1000581733566026,0.252
online_retail_ii,random,6,2011-08-01,0.1,dirichlet@1.0,rf,ok,0.718472362111213,0.1879457875632967,0.1987179487179487,0.1204348637274325,0.1088369156549865,0.2209302325581395,0.5,0.8412174366910706,0.2050174520069807,35238.0,1719.0,0.1000581733566026,50.043
online_retail_ii,random,6,2011-08-01,0.1,dirichlet@1.0,hgb,ok,0.7228863817441108,0.2406127714422533,0.0879120879120879,0.1784257009558634,0.0862720101644054,0.2267441860465116,0.5,0.9861862986225012,0.1873996509598603,35238.0,1719.0,0.1000581733566026,4.301
online_retail_ii,random,6,2011-08-01,0.1,dirichlet@1.0,xgb,ok,0.7089133506712166,0.2094630628258302,0.2222222222222222,0.1259241682701689,0.1165125600745718,0.2151162790697674,0.5,0.8793693817980501,0.1873007562536358,35238.0,1719.0,0.1000581733566026,2.929
online_retail_ii,random,6,2011-08-01,0.1,dirichlet@1.0,lgbm,ok,0.7052885554937538,0.1876747827696634,0.2015503875968992,0.1546851201028198,0.099140241577321,0.2151162790697674,0.5,0.8601647696157677,0.1982955206515415,35238.0,1719.0,0.1000581733566026,3.749
online_retail_ii,random,6,2011-08-01,0.1,easy_ensemble,lr,ok,0.724895145893778,0.2004977424025586,0.2631578947368421,0.1836569007245283,0.2191527631958539,0.2267441860465116,0.5,0.9315149724492338,0.2063030831878999,19577.0,1719.0,0.1000581733566026,0.383
online_retail_ii,random,6,2011-08-01,0.1,easy_ensemble,rf,ok,0.7264322544760302,0.2289024265964191,0.2783964365256124,0.2054966142114943,0.2193219571078462,0.2558139534883721,0.5,0.9619272682212664,0.1821000581733565,19577.0,1719.0,0.1000581733566026,47.834
online_retail_ii,random,6,2011-08-01,0.1,easy_ensemble,hgb,ok,0.7255904150568995,0.2425846835215426,0.2648008611410118,0.1845387762487923,0.2221444545248903,0.2558139534883721,0.5,1.0255787849583422,0.17956660849331,19577.0,1719.0,0.1000581733566026,18.133
online_retail_ii,random,6,2011-08-01,0.1,easy_ensemble,xgb,ok,0.7274281805745555,0.2458853103310009,0.2668112798264642,0.1874650354307525,0.2208702759233279,0.2732558139534883,0.5,1.0916395108302626,0.1650756253635834,19577.0,1719.0,0.1000581733566026,10.247
online_retail_ii,random,6,2011-08-01,0.1,easy_ensemble,lgbm,ok,0.7152327836322364,0.2446662580454534,0.2586399108138238,0.1705973500372799,0.2239544781379757,0.2616279069767442,0.5,0.9309014434024389,0.1503025014543339,19577.0,1719.0,0.1000581733566026,11.362
online_retail_ii,temporal,7,2011-09-01,0.1,none,lr,ok,0.7495051172308173,0.2510181895216464,0.0210526315789473,0.0757172583741356,0.08302028236119,0.3155080213903743,0.5,1.2674533083279744,0.1691310160427807,21056.0,1870.0,0.1,0.196
online_retail_ii,temporal,7,2011-09-01,0.1,none,rf,ok,0.7468662720314183,0.2537593874710195,0.0669856459330143,0.0793519600858154,0.0845715922923578,0.2941176470588235,0.5,1.2253512913596192,0.1807139037433155,21056.0,1870.0,0.1,28.425
online_retail_ii,temporal,7,2011-09-01,0.1,none,hgb,ok,0.7346014406410758,0.235699289506866,0.0392156862745098,0.0431960873727185,0.0850180311781777,0.3048128342245989,0.5,1.1448155800189086,0.1573850267379679,21056.0,1870.0,0.1,2.883
online_retail_ii,temporal,7,2011-09-01,0.1,none,xgb,ok,0.7449042167507092,0.2398528752789814,0.0490196078431372,0.0619769949260745,0.0843984064880056,0.2834224598930481,0.5,1.2250095034220192,0.1938663101604278,21056.0,1870.0,0.1,2.365
online_retail_ii,temporal,7,2011-09-01,0.1,none,lgbm,ok,0.7475796022508826,0.2417676794787085,0.0837209302325581,0.0910010924931385,0.0846314496079332,0.2887700534759358,0.5,1.2466540842038316,0.1907486631016042,21056.0,1870.0,0.1,2.41
online_retail_ii,temporal,7,2011-09-01,0.1,class_weight,lr,ok,0.7516498740153978,0.2537990182278373,0.2916213275299238,0.2220524927957634,0.1987424082226115,0.3155080213903743,0.5,1.297790560070374,0.1637647058823529,21056.0,1870.0,0.1,0.212
online_retail_ii,temporal,7,2011-09-01,0.1,class_weight,rf,ok,0.7438524915719003,0.2439544136282528,0.1833333333333333,0.1793823949303462,0.0878835329020988,0.2941176470588235,0.5,1.1816698484668704,0.1875695187165775,21056.0,1870.0,0.1,26.651
online_retail_ii,temporal,7,2011-09-01,0.1,class_weight,hgb,ok,0.729951290190359,0.2438886127508198,0.2921348314606741,0.1998201435607168,0.1472293384800829,0.2941176470588235,0.5,1.0975208260621825,0.1545294117647059,21056.0,1870.0,0.1,3.025
online_retail_ii,temporal,7,2011-09-01,0.1,class_weight,xgb,ok,0.7294047743874733,0.2510357847938272,0.2916666666666667,0.1992397886341658,0.1488001449948082,0.2994652406417112,0.5,1.1381887865899312,0.1639438502673797,21056.0,1870.0,0.1,2.136
online_retail_ii,temporal,7,2011-09-01,0.1,class_weight,lgbm,ok,0.7362012703315001,0.2531592481626219,0.3028169014084507,0.2119846536947587,0.1363823718938175,0.2780748663101604,0.5,1.16913490102863,0.1633903743315508,21056.0,1870.0,0.1,2.53
online_retail_ii,temporal,7,2011-09-01,0.1,threshold,lr,ok,0.7495051172308173,0.2510181895216464,0.3214285714285714,0.2378378498607503,0.08302028236119,0.3155080213903743,0.157813081332663,1.2674533083279744,0.1691310160427807,21056.0,1870.0,0.1,0.575
online_retail_ii,temporal,7,2011-09-01,0.1,threshold,rf,ok,0.7413947591676437,0.2438085261552101,0.3035143769968051,0.2149055188218005,0.0851462460153786,0.2941176470588235,0.1879407004569505,1.1830289465281778,0.1795802139037433,21056.0,1870.0,0.1,50.569
online_retail_ii,temporal,7,2011-09-01,0.1,threshold,hgb,ok,0.7346014406410758,0.235699289506866,0.3068783068783068,0.2170650450910616,0.0850180311781777,0.3048128342245989,0.1396619367073164,1.1448155800189086,0.1573850267379679,21056.0,1870.0,0.1,5.891
online_retail_ii,temporal,7,2011-09-01,0.1,threshold,xgb,ok,0.7406274128513827,0.2397367871879407,0.3106060606060606,0.2211226989053314,0.0844470039197132,0.2887700534759358,0.1660550755262375,1.1948295998286451,0.1933475935828876,21056.0,1870.0,0.1,4.224
online_retail_ii,temporal,7,2011-09-01,0.1,threshold,lgbm,ok,0.7398108165645128,0.2341888433729372,0.3018867924528302,0.2159317607265632,0.0854832398069482,0.2941176470588235,0.1949085583323947,1.1613866488567914,0.1934304812834224,21056.0,1870.0,0.1,4.799
online_retail_ii,temporal,7,2011-09-01,0.1,ros@1.0,lr,ok,0.749295407678547,0.2529704267979405,0.2869565217391304,0.2143308206656733,0.198882336660356,0.3048128342245989,0.5,1.2884898127933757,0.1676764705882353,37900.0,1870.0,0.1,0.301
online_retail_ii,temporal,7,2011-09-01,0.1,ros@1.0,rf,ok,0.7396122279733478,0.2367663637179355,0.2222222222222222,0.1796699499793742,0.0955608472689823,0.267379679144385,0.5,1.1676367968462562,0.1938155080213904,37900.0,1870.0,0.1,38.339
online_retail_ii,temporal,7,2011-09-01,0.1,ros@1.0,hgb,ok,0.7194658125768537,0.2292905644272715,0.2720247295208655,0.1738359372703129,0.1543663313412809,0.2727272727272727,0.5,1.00361939038232,0.1476042780748663,37900.0,1870.0,0.1,3.88
online_retail_ii,temporal,7,2011-09-01,0.1,ros@1.0,xgb,ok,0.7300116611220732,0.2399771219745448,0.2961832061068702,0.2065786947637554,0.1532085002546066,0.2727272727272727,0.5,1.1096188022853726,0.1503021390374331,37900.0,1870.0,0.1,2.895
online_retail_ii,temporal,7,2011-09-01,0.1,ros@1.0,lgbm,ok,0.7312953377753629,0.2436584472412641,0.3052064631956912,0.2147699376684878,0.1356161475831254,0.2780748663101604,0.5,1.1223615096690307,0.1782513368983957,37900.0,1870.0,0.1,3.375
online_retail_ii,temporal,7,2011-09-01,0.1,rus@1.0,lr,ok,0.7486694564391954,0.2513435064427348,0.286652078774617,0.2131851647188595,0.1985729887428571,0.3048128342245989,0.5,1.2648279483927924,0.1728128342245989,4212.0,1870.0,0.1,0.129
online_retail_ii,temporal,7,2011-09-01,0.1,rus@1.0,rf,ok,0.7391340266458228,0.2203761264499851,0.2922374429223744,0.2183894559557941,0.2100164908981551,0.2566844919786096,0.5,1.1233784479796842,0.1926604278074866,4212.0,1870.0,0.1,6.05
online_retail_ii,temporal,7,2011-09-01,0.1,rus@1.0,hgb,ok,0.7218329885835391,0.210139590485672,0.2887828162291169,0.2091694266989435,0.2021551918889493,0.2352941176470588,0.5,1.0226686084471384,0.1977112299465241,4212.0,1870.0,0.1,1.932
online_retail_ii,temporal,7,2011-09-01,0.1,rus@1.0,xgb,ok,0.7351940289971117,0.2258514246837463,0.2922374429223744,0.2183894559557941,0.2026989431385027,0.2352941176470588,0.5,1.0349599579988726,0.2057647058823529,4212.0,1870.0,0.1,1.141
online_retail_ii,temporal,7,2011-09-01,0.1,rus@1.0,lgbm,ok,0.7121228008299415,0.1963963114899764,0.2676579925650557,0.1741749625024332,0.199712050666264,0.2352941176470588,0.5,0.8448655491267902,0.1767700534759358,4212.0,1870.0,0.1,1.234
online_retail_ii,temporal,7,2011-09-01,0.1,smote@1.0,lr,ok,0.7483326501885798,0.2507845688429634,0.2884822389666308,0.2178830403484717,0.1996263868779306,0.3101604278074866,0.5,1.2390821966685348,0.1724732620320855,37900.0,1870.0,0.1,0.301
online_retail_ii,temporal,7,2011-09-01,0.1,smote@1.0,rf,ok,0.7301721207037344,0.2244989122608302,0.288,0.2086553325764915,0.1131817445116017,0.2887700534759358,0.5,1.06386970318319,0.1836149732620321,37900.0,1870.0,0.1,62.688
online_retail_ii,temporal,7,2011-09-01,0.1,smote@1.0,hgb,ok,0.7173210557922731,0.2238138699337017,0.3034482758620689,0.216533300650666,0.1136075032222533,0.2727272727272727,0.5,1.0510835277246595,0.1498636363636363,37900.0,1870.0,0.1,4.41
online_retail_ii,temporal,7,2011-09-01,0.1,smote@1.0,xgb,ok,0.7134763806673212,0.2305413346744573,0.2821052631578947,0.1886438384668647,0.1210756406962701,0.2620320855614973,0.5,0.96747323290953,0.1539625668449198,37900.0,1870.0,0.1,2.968
online_retail_ii,temporal,7,2011-09-01,0.1,smote@1.0,lgbm,ok,0.7188652806771711,0.2318979141089991,0.2429906542056074,0.1769259152789404,0.1000482645382579,0.2513368983957219,0.5,0.9723812149229956,0.1632967914438503,37900.0,1870.0,0.1,4.122
online_retail_ii,temporal,7,2011-09-01,0.1,smote@0.5,lr,ok,0.7459495870946012,0.250040920363917,0.3012048192771084,0.2101551385076285,0.1256882593560028,0.320855614973262,0.5,1.2245374831710094,0.1668582887700535,28425.0,1870.0,0.1,0.252
online_retail_ii,temporal,7,2011-09-01,0.1,smote@0.5,rf,ok,0.7391753330727852,0.2303379050335231,0.2171052631578947,0.1567741518079791,0.1010581244361012,0.2727272727272727,0.5,1.1707652082711064,0.1967032085561497,28425.0,1870.0,0.1,40.821
online_retail_ii,temporal,7,2011-09-01,0.1,smote@0.5,hgb,ok,0.7216201016138103,0.2229208082036669,0.2424242424242424,0.1723842886585996,0.1007643658550412,0.2620320855614973,0.5,1.0433979375274691,0.178807486631016,28425.0,1870.0,0.1,3.695
online_retail_ii,temporal,7,2011-09-01,0.1,smote@0.5,xgb,ok,0.7313811280467462,0.2445434197685649,0.2584615384615384,0.1922712574360881,0.0988925450853753,0.2780748663101604,0.5,1.0663089887259594,0.1703582887700535,28425.0,1870.0,0.1,2.606
online_retail_ii,temporal,7,2011-09-01,0.1,smote@0.5,lgbm,ok,0.7252709542737854,0.2247513906438931,0.2153846153846154,0.1905081773968961,0.0928437217198901,0.2887700534759358,0.5,1.072392706266681,0.1596657754010695,28425.0,1870.0,0.1,3.218
online_retail_ii,temporal,7,2011-09-01,0.1,adasyn@1.0,lr,ok,0.7501024717130411,0.2508253386197582,0.2842639593908629,0.2169583644164389,0.208239420114918,0.3101604278074866,0.5,1.2401850103635763,0.176072192513369,38390.0,1870.0,0.1,0.836
online_retail_ii,temporal,7,2011-09-01,0.1,adasyn@1.0,rf,ok,0.7277811140661093,0.2111416275793751,0.2539682539682539,0.1701118455747183,0.1157798915960152,0.2513368983957219,0.5,1.0142219655925624,0.1950267379679144,38390.0,1870.0,0.1,66.704
online_retail_ii,temporal,7,2011-09-01,0.1,adasyn@1.0,hgb,ok,0.7187540710661188,0.2399135185939933,0.2870159453302961,0.1973245023024253,0.1127015968428376,0.2887700534759358,0.5,1.0604509824668251,0.1437727272727272,38390.0,1870.0,0.1,4.977
online_retail_ii,temporal,7,2011-09-01,0.1,adasyn@1.0,xgb,ok,0.7182901681171577,0.2458222019985038,0.2892561983471074,0.1965355893766291,0.1211376701936347,0.2566844919786096,0.5,0.9895853727860948,0.154614973262032,38390.0,1870.0,0.1,3.437
online_retail_ii,temporal,7,2011-09-01,0.1,adasyn@1.0,lgbm,ok,0.7196818769640412,0.2244656997491263,0.2446483180428134,0.1761022982567967,0.1008669389541993,0.2727272727272727,0.5,0.9739933140151152,0.1602326203208556,38390.0,1870.0,0.1,4.688
online_retail_ii,temporal,7,2011-09-01,0.1,smote_enn@1.0,lr,ok,0.7503534876922735,0.244690532592596,0.2720848056537102,0.2121333451196846,0.2724031056850567,0.3048128342245989,0.5,1.2704199633012727,0.1726791443850267,29293.0,1870.0,0.1,16.144
online_retail_ii,temporal,7,2011-09-01,0.1,smote_enn@1.0,rf,ok,0.7263147359089479,0.2129172988326182,0.2900505902192243,0.196291296253214,0.1609550648084767,0.2566844919786096,0.5,1.0049786973639885,0.2022245989304812,29235.0,1870.0,0.1,58.716
online_retail_ii,temporal,7,2011-09-01,0.1,smote_enn@1.0,hgb,ok,0.7246608901217269,0.23191476408199,0.2958199356913183,0.2046208596430654,0.1662810978533085,0.2834224598930481,0.5,1.0634615641688097,0.1702326203208556,29351.0,1870.0,0.1,20.731
online_retail_ii,temporal,7,2011-09-01,0.1,smote_enn@1.0,xgb,ok,0.7274951464948319,0.238439848680651,0.2980030721966206,0.2088226542111777,0.1734902351658632,0.2727272727272727,0.5,1.0771728224922228,0.1670614973262032,29270.0,1870.0,0.1,18.457
online_retail_ii,temporal,7,2011-09-01,0.1,smote_enn@1.0,lgbm,ok,0.7187508936486603,0.2154477558487325,0.2896551724137931,0.1955688786288348,0.1548428187477619,0.2513368983957219,0.5,0.9862530958573564,0.1628930481283422,29256.0,1870.0,0.1,19.542
online_retail_ii,temporal,7,2011-09-01,0.1,dirichlet@1.0,lr,ok,0.7434553143895704,0.2588751725254858,0.282051282051282,0.2077165680160362,0.2002790261084659,0.3048128342245989,0.5,1.2040427559379143,0.1732379679144384,37900.0,1870.0,0.1,0.302
online_retail_ii,temporal,7,2011-09-01,0.1,dirichlet@1.0,rf,ok,0.7358898834205534,0.2143468466319494,0.1914191419141914,0.1285831925261931,0.1009292647204761,0.267379679144385,0.5,1.1097118480755406,0.2005775401069519,37900.0,1870.0,0.1,52.948
online_retail_ii,temporal,7,2011-09-01,0.1,dirichlet@1.0,hgb,ok,0.7361996816227706,0.2287799871548649,0.0947867298578199,0.1203568654010037,0.0865461805419667,0.2566844919786096,0.5,1.1175195441897203,0.2009919786096256,37900.0,1870.0,0.1,4.54
online_retail_ii,temporal,7,2011-09-01,0.1,dirichlet@1.0,xgb,ok,0.7307964832343568,0.225755292830496,0.2528089887640449,0.174698652866991,0.1024403026483812,0.2727272727272727,0.5,1.08103332384049,0.1810775401069518,37900.0,1870.0,0.1,3.306
online_retail_ii,temporal,7,2011-09-01,0.1,dirichlet@1.0,lgbm,ok,0.7274665497377043,0.2226588322248186,0.1890909090909091,0.1447811447811448,0.0931819626796433,0.2620320855614973,0.5,0.9664305064064492,0.1820374331550802,37900.0,1870.0,0.1,4.225
online_retail_ii,temporal,7,2011-09-01,0.1,easy_ensemble,lr,ok,0.7496195042593282,0.251527752099579,0.2878953107960741,0.2155841864091095,0.1990601544479099,0.3101604278074866,0.5,1.2845222955446791,0.1671764705882352,21056.0,1870.0,0.1,0.429
online_retail_ii,temporal,7,2011-09-01,0.1,easy_ensemble,rf,ok,0.7543792756123678,0.2459236689451677,0.2986725663716814,0.2320642404953654,0.2009716411527475,0.2887700534759358,0.5,1.245346817014606,0.2007647058823529,21056.0,1870.0,0.1,60.38
online_retail_ii,temporal,7,2011-09-01,0.1,easy_ensemble,hgb,ok,0.7406178805990067,0.2349745299713239,0.2965440356744704,0.2277258154059843,0.1979720210411318,0.2620320855614973,0.5,1.285220298069896,0.2128529411764706,21056.0,1870.0,0.1,18.565
online_retail_ii,temporal,7,2011-09-01,0.1,easy_ensemble,xgb,ok,0.7442877977637335,0.2368521849964886,0.2890052356020942,0.2217475142422013,0.2124075630268222,0.2780748663101604,0.5,1.17086626705176,0.1932459893048128,21056.0,1870.0,0.1,10.195
online_retail_ii,temporal,7,2011-09-01,0.1,easy_ensemble,lgbm,ok,0.7388035752301244,0.2224999976985786,0.2857142857142857,0.2112047595186937,0.2093799215682253,0.2620320855614973,0.5,1.0968538565931394,0.2035802139037433,21056.0,1870.0,0.1,11.637
online_retail_ii,random,7,2011-09-01,0.1,none,lr,ok,0.748408908207587,0.2207424426447152,0.0,-0.0109069998500614,0.0840496948584193,0.2299465240641711,0.5,1.279255393541489,0.2255,21056.0,1870.0,0.1,0.177
online_retail_ii,random,7,2011-09-01,0.1,none,rf,ok,0.7847188462161724,0.3071278570766422,0.0891089108910891,0.1498726623325451,0.0796844194218287,0.3422459893048128,0.5,1.58967417292286,0.2027245989304812,21056.0,1870.0,0.1,28.228
online_retail_ii,random,7,2011-09-01,0.1,none,hgb,ok,0.7638972296097177,0.2824188303195673,0.0612244897959183,0.1313573807530327,0.0815427864027227,0.320855614973262,0.5,1.385669613474735,0.1973449197860962,21056.0,1870.0,0.1,2.865
online_retail_ii,random,7,2011-09-01,0.1,none,xgb,ok,0.7643531890150324,0.2772454000306346,0.0510204081632653,0.1056010315857714,0.0816134592652489,0.2941176470588235,0.5,1.3133439622648075,0.1966764705882352,21056.0,1870.0,0.1,2.03
online_retail_ii,random,7,2011-09-01,0.1,none,lgbm,ok,0.7736248931593381,0.2995942658534382,0.0909090909090909,0.1841491841491841,0.0807811919374748,0.3262032085561497,0.5,1.3975572263636733,0.2074705882352941,21056.0,1870.0,0.1,2.4
online_retail_ii,random,7,2011-09-01,0.1,class_weight,lr,ok,0.7487616015454959,0.2204991564022312,0.2925311203319502,0.2289611854155286,0.2038122916502766,0.2352941176470588,0.5,1.2640242635070376,0.2211524064171123,21056.0,1870.0,0.1,0.193
online_retail_ii,random,7,2011-09-01,0.1,class_weight,rf,ok,0.7796937605053366,0.2940048065867064,0.1746724890829694,0.1900741650171396,0.0825440299436805,0.3315508021390374,0.5,1.683714475753603,0.2122860962566845,21056.0,1870.0,0.1,26.783
online_retail_ii,random,7,2011-09-01,0.1,class_weight,hgb,ok,0.7644246809078519,0.277419592195592,0.3381924198250728,0.2663858821977567,0.1525383323165651,0.3155080213903743,0.5,1.4318688623647744,0.2048636363636364,21056.0,1870.0,0.1,3.028
online_retail_ii,random,7,2011-09-01,0.1,class_weight,xgb,ok,0.7612615618277776,0.2747135432913288,0.3089887640449438,0.2280897641297762,0.157312004387639,0.2994652406417112,0.5,1.341008232271397,0.2179893048128342,21056.0,1870.0,0.1,2.144
online_retail_ii,random,7,2011-09-01,0.1,class_weight,lgbm,ok,0.7594822080509404,0.269847088899791,0.3180327868852459,0.233056715916882,0.1407557143935837,0.2994652406417112,0.5,1.3393407382842206,0.1989090909090909,21056.0,1870.0,0.1,2.512
online_retail_ii,random,7,2011-09-01,0.1,threshold,lr,ok,0.748408908207587,0.2207424426447152,0.3138461538461538,0.2300363119812281,0.0840496948584193,0.2299465240641711,0.1545788487488036,1.279255393541489,0.2255,21056.0,1870.0,0.1,0.575
online_retail_ii,random,7,2011-09-01,0.1,threshold,rf,ok,0.7839594434435581,0.3136888324056083,0.340080971659919,0.2564822279525103,0.0794471123074036,0.3315508021390374,0.1880190195575505,1.639977007644846,0.2023716577540106,21056.0,1870.0,0.1,51.432
online_retail_ii,random,7,2011-09-01,0.1,threshold,hgb,ok,0.7638972296097177,0.2824188303195673,0.3191153238546603,0.2359040653946715,0.0815427864027227,0.320855614973262,0.1410711380178958,1.385669613474735,0.1973449197860962,21056.0,1870.0,0.1,5.875
online_retail_ii,random,7,2011-09-01,0.1,threshold,xgb,ok,0.7657385430269985,0.285730342448683,0.3382899628252788,0.2551867424409249,0.081298190824132,0.3155080213903743,0.1638520330190658,1.401406353809774,0.1890187165775401,21056.0,1870.0,0.1,4.193
online_retail_ii,random,7,2011-09-01,0.1,threshold,lgbm,ok,0.7723316842536724,0.2895269043713626,0.3262135922330097,0.2399769876852146,0.0811857055488747,0.3155080213903743,0.1641401879780565,1.463295145028939,0.2178155080213903,21056.0,1870.0,0.1,4.818
online_retail_ii,random,7,2011-09-01,0.1,ros@1.0,lr,ok,0.7487393596232854,0.2223924979544342,0.2940563086548488,0.2309880985143685,0.2041960775997385,0.2245989304812834,0.5,1.292165043839471,0.2242032085561497,37900.0,1870.0,0.1,0.357
online_retail_ii,random,7,2011-09-01,0.1,ros@1.0,rf,ok,0.7786213821130461,0.3047189366058057,0.2758620689655172,0.2320589417908655,0.0871203845386026,0.3048128342245989,0.5,1.618523085183996,0.1961951871657754,37900.0,1870.0,0.1,37.946
online_retail_ii,random,7,2011-09-01,0.1,ros@1.0,hgb,ok,0.7559457424194763,0.245028964758132,0.3303571428571428,0.2541926604662285,0.1515771931634708,0.2727272727272727,0.5,1.3164969610779818,0.2096737967914438,37900.0,1870.0,0.1,4.049
online_retail_ii,random,7,2011-09-01,0.1,ros@1.0,xgb,ok,0.7642737535785665,0.2825542680605701,0.3168604651162791,0.2370682823401493,0.1542315831149334,0.3315508021390374,0.5,1.3897294091814223,0.1965427807486631,37900.0,1870.0,0.1,3.225
online_retail_ii,random,7,2011-09-01,0.1,ros@1.0,lgbm,ok,0.7617477066989493,0.2617502936783447,0.3122923588039867,0.2252073206327719,0.1402903259121982,0.2834224598930481,0.5,1.2868112159158318,0.2118368983957219,37900.0,1870.0,0.1,3.379
online_retail_ii,random,7,2011-09-01,0.1,rus@1.0,lr,ok,0.7442210719971022,0.2174214609518613,0.2952182952182952,0.2333890891447186,0.2090202986480998,0.2406417112299465,0.5,1.1417658601341474,0.2288449197860962,4212.0,1870.0,0.1,0.126
online_retail_ii,random,7,2011-09-01,0.1,rus@1.0,rf,ok,0.7621718919296774,0.2418963590758151,0.3106145251396648,0.2506359862733442,0.2028402252967876,0.2566844919786096,0.5,1.3419116900461177,0.2325989304812834,4212.0,1870.0,0.1,5.991
online_retail_ii,random,7,2011-09-01,0.1,rus@1.0,hgb,ok,0.7393278491107997,0.2326188457683475,0.2831257078142695,0.2042912857441249,0.2046487530855519,0.2406417112299465,0.5,1.1023626975969665,0.2102433155080213,4212.0,1870.0,0.1,1.931
online_retail_ii,random,7,2011-09-01,0.1,rus@1.0,xgb,ok,0.7408244127338182,0.2402833498222654,0.2950058072009291,0.2212735313613191,0.2000458197633348,0.2620320855614973,0.5,1.0969895231274944,0.1940695187165775,4212.0,1870.0,0.1,1.122
online_retail_ii,random,7,2011-09-01,0.1,rus@1.0,lgbm,ok,0.7363124799425522,0.2190766987060238,0.2910360884749709,0.2147304024920268,0.2126416592420167,0.2459893048128342,0.5,1.009215516984031,0.2021069518716577,4212.0,1870.0,0.1,1.234
online_retail_ii,random,7,2011-09-01,0.1,smote@1.0,lr,ok,0.7503058264303939,0.2286475443342565,0.2940563086548488,0.2309880985143685,0.2023061039034072,0.2727272727272727,0.5,1.2746034030605735,0.2047566844919786,37900.0,1870.0,0.1,0.338
online_retail_ii,random,7,2011-09-01,0.1,smote@1.0,rf,ok,0.7764686817848189,0.2741810714931668,0.3116883116883117,0.2328917298382975,0.1020258451157313,0.3101604278074866,0.5,1.6532547614506417,0.2251657754010695,37900.0,1870.0,0.1,58.779
online_retail_ii,random,7,2011-09-01,0.1,smote@1.0,hgb,ok,0.7527937443005075,0.2372196615055929,0.3092783505154639,0.2201317961522823,0.1179328623242421,0.2727272727272727,0.5,1.2648403325829514,0.2142192513368984,37900.0,1870.0,0.1,4.419
online_retail_ii,random,7,2011-09-01,0.1,smote@1.0,xgb,ok,0.7521328414691106,0.2585950713151725,0.2894736842105263,0.1953094270302856,0.1249768901341742,0.2727272727272727,0.5,1.2426819510494551,0.2012245989304812,37900.0,1870.0,0.1,2.975
online_retail_ii,random,7,2011-09-01,0.1,smote@1.0,lgbm,ok,0.760819900801027,0.259465324669545,0.2576687116564417,0.1909541631034446,0.0964788556644303,0.3048128342245989,0.5,1.385391663391214,0.2022112299465241,37900.0,1870.0,0.1,4.148
online_retail_ii,random,7,2011-09-01,0.1,smote@0.5,lr,ok,0.7496703429386663,0.2287549819964286,0.318007662835249,0.2300950896995746,0.1285327264774781,0.2620320855614973,0.5,1.2496541750244703,0.1942673796791444,28425.0,1870.0,0.1,0.32
online_retail_ii,random,7,2011-09-01,0.1,smote@0.5,rf,ok,0.779183785003225,0.2904984876759047,0.2948717948717949,0.2390951849822445,0.0905552581937848,0.3262032085561497,0.5,1.6559750443304142,0.1920828877005347,28425.0,1870.0,0.1,43.655
online_retail_ii,random,7,2011-09-01,0.1,smote@0.5,hgb,ok,0.7549639204247572,0.2543247327636867,0.2573099415204678,0.1842577204677211,0.0991152948438287,0.2834224598930481,0.5,1.2635439447146353,0.2091657754010695,28425.0,1870.0,0.1,3.847
online_retail_ii,random,7,2011-09-01,0.1,smote@0.5,xgb,ok,0.7554055814515079,0.2485420953493474,0.2485549132947976,0.1731906607897914,0.1004247964719762,0.2620320855614973,0.5,1.2613270291906609,0.20875935828877,28425.0,1870.0,0.1,2.472
online_retail_ii,random,7,2011-09-01,0.1,smote@0.5,lgbm,ok,0.7654525754557211,0.2684472216596234,0.1847389558232931,0.1672603376590249,0.0881629999686911,0.3048128342245989,0.5,1.3968834576533322,0.2112058823529412,28425.0,1870.0,0.1,3.266
online_retail_ii,random,7,2011-09-01,0.1,adasyn@1.0,lr,ok,0.7502645200034315,0.2275053280220143,0.2908726178535606,0.2302307229291293,0.2107747119459362,0.2566844919786096,0.5,1.3005667422827627,0.205235294117647,38398.0,1870.0,0.1,0.83
online_retail_ii,random,7,2011-09-01,0.1,adasyn@1.0,rf,ok,0.7697150809764839,0.2647083959311738,0.330749354005168,0.2537804647421937,0.1031588075744962,0.3262032085561497,0.5,1.606800368284985,0.2090320855614973,38398.0,1870.0,0.1,67.966
online_retail_ii,random,7,2011-09-01,0.1,adasyn@1.0,hgb,ok,0.7515895030836837,0.2470172631446403,0.2929936305732484,0.2016480457020371,0.1155885448064178,0.2620320855614973,0.5,1.230363845867292,0.1916764705882353,38398.0,1870.0,0.1,5.031
online_retail_ii,random,7,2011-09-01,0.1,adasyn@1.0,xgb,ok,0.749689407443418,0.2569228635877075,0.2983425414364641,0.2061325907033799,0.1252206605485771,0.2566844919786096,0.5,1.2547908047623766,0.2021149732620321,38398.0,1870.0,0.1,3.457
online_retail_ii,random,7,2011-09-01,0.1,adasyn@1.0,lgbm,ok,0.7514973579773832,0.2559156746195142,0.2710843373493976,0.2032825190545608,0.0973062677041362,0.2780748663101604,0.5,1.2779660222600986,0.1997085561497326,38398.0,1870.0,0.1,4.612
online_retail_ii,random,7,2011-09-01,0.1,smote_enn@1.0,lr,ok,0.743696798116427,0.2174227866042486,0.2785898538263112,0.2298110697809697,0.2790495373098393,0.2513368983957219,0.5,1.1863258653797215,0.2091684491978609,29236.0,1870.0,0.1,16.009
online_retail_ii,random,7,2011-09-01,0.1,smote_enn@1.0,rf,ok,0.7464532077617954,0.2325207105550512,0.3152709359605911,0.2294143155319146,0.1608444570616967,0.267379679144385,0.5,1.241646720482003,0.2111470588235294,29270.0,1870.0,0.1,59.922
online_retail_ii,random,7,2011-09-01,0.1,smote_enn@1.0,hgb,ok,0.7415234445747186,0.2188240146385118,0.3092485549132948,0.226837670335091,0.1741717906627862,0.2513368983957219,0.5,1.194777291679322,0.2026818181818181,29252.0,1870.0,0.1,19.607
online_retail_ii,random,7,2011-09-01,0.1,smote_enn@1.0,xgb,ok,0.748847391816879,0.2246198534856588,0.310984308131241,0.2299798701560071,0.1805018284092338,0.2459893048128342,0.5,1.194112227552354,0.2211390374331551,29241.0,1870.0,0.1,18.563
online_retail_ii,random,7,2011-09-01,0.1,smote_enn@1.0,lgbm,ok,0.7457748291343761,0.2328901521938795,0.3127035830618892,0.2263387177741391,0.1549022458808968,0.2513368983957219,0.5,1.186203194842675,0.2161684491978609,29314.0,1870.0,0.1,19.18
online_retail_ii,random,7,2011-09-01,0.1,dirichlet@1.0,lr,ok,0.7483326501885796,0.2317688474602164,0.2909090909090909,0.2226808857075616,0.1999188163481951,0.2887700534759358,0.5,1.2936361479441092,0.1852513368983957,37900.0,1870.0,0.1,0.381
online_retail_ii,random,7,2011-09-01,0.1,dirichlet@1.0,rf,ok,0.7749482875308606,0.2594504903147719,0.2407407407407407,0.1730771365731081,0.0943868777072785,0.2834224598930481,0.5,1.5729577740632996,0.2250775401069519,37900.0,1870.0,0.1,53.593
online_retail_ii,random,7,2011-09-01,0.1,dirichlet@1.0,hgb,ok,0.7666742924685674,0.2657976774622519,0.0693069306930693,0.1099066190438664,0.082170036193721,0.2941176470588235,0.5,1.389086965838584,0.2000454545454545,37900.0,1870.0,0.1,4.521
online_retail_ii,random,7,2011-09-01,0.1,dirichlet@1.0,xgb,ok,0.7568036451333086,0.248937077549708,0.2798982188295165,0.1958515065800038,0.1046451140440088,0.2459893048128342,0.5,1.2543930887472396,0.2326604278074866,37900.0,1870.0,0.1,3.279
online_retail_ii,random,7,2011-09-01,0.1,dirichlet@1.0,lgbm,ok,0.7534959535588663,0.234468110354606,0.2222222222222222,0.1666666666666666,0.0921850093044739,0.2887700534759358,0.5,1.2759714486896805,0.2126443850267379,37900.0,1870.0,0.1,4.287
online_retail_ii,random,7,2011-09-01,0.1,easy_ensemble,lr,ok,0.7482818115092416,0.2204208622862866,0.2925311203319502,0.2289611854155286,0.2045880589665268,0.2406417112299465,0.5,1.217871206243831,0.2201737967914438,21056.0,1870.0,0.1,0.48
online_retail_ii,random,7,2011-09-01,0.1,easy_ensemble,rf,ok,0.7722744907394169,0.2590497420462999,0.325,0.2720140798955848,0.1962218417857746,0.2887700534759358,0.5,1.5093906591493829,0.234379679144385,21056.0,1870.0,0.1,49.724
online_retail_ii,random,7,2011-09-01,0.1,easy_ensemble,hgb,ok,0.764645511421227,0.275956736061706,0.3082191780821918,0.2442562273887985,0.1957478951701366,0.3101604278074866,0.5,1.365871504352982,0.1958101604278075,21056.0,1870.0,0.1,18.668
online_retail_ii,random,7,2011-09-01,0.1,easy_ensemble,xgb,ok,0.7691955732219966,0.2831378501290491,0.3096045197740113,0.2476603607419572,0.194695599103831,0.2994652406417112,0.5,1.3730985556694912,0.2122486631016042,21056.0,1870.0,0.1,10.201
online_retail_ii,random,7,2011-09-01,0.1,easy_ensemble,lgbm,ok,0.7664947683821544,0.2789808954978737,0.3101851851851852,0.2459108650297212,0.196678483572072,0.2887700534759358,0.5,1.3694896091225872,0.1980320855614973,21056.0,1870.0,0.1,11.065
online_retail_ii,temporal,0,2011-02-01,0.2,none,lr,ok,0.7615421582363731,0.4128647445593557,0.0059880239520958,0.0490253594286246,0.1425689006490691,0.463855421686747,0.5,5.611456894997136,0.4865895432692308,11691.0,1664.0,0.2001201923076923,0.136
online_retail_ii,temporal,0,2011-02-01,0.2,none,rf,ok,0.7379614776308989,0.3798352993069143,0.1809290953545232,0.1567778159594268,0.1450892334546454,0.4457831325301205,0.5,5.40669735417041,0.521024639423077,11691.0,1664.0,0.2001201923076923,13.223
online_retail_ii,temporal,0,2011-02-01,0.2,none,hgb,ok,0.7484753724423145,0.3865331518041123,0.1347150259067357,0.1316732365456359,0.149104991566256,0.4397590361445783,0.5,5.531962102128861,0.4868389423076924,11691.0,1664.0,0.2001201923076923,2.105
online_retail_ii,temporal,0,2011-02-01,0.2,none,xgb,ok,0.7531851912017201,0.4016741583677348,0.1398963730569948,0.1402269849591411,0.1469629813082544,0.4578313253012048,0.5,5.58405681753577,0.4887650240384614,11691.0,1664.0,0.2001201923076923,2.041
online_retail_ii,temporal,0,2011-02-01,0.2,none,lgbm,ok,0.7539974234189111,0.3961609974687798,0.1704260651629072,0.1600219265088557,0.1494168783131042,0.4457831325301205,0.5,5.6046057038079375,0.4665324519230768,11691.0,1664.0,0.2001201923076923,1.574
online_retail_ii,temporal,0,2011-02-01,0.2,class_weight,lr,ok,0.7611698851368273,0.413219440781117,0.4578884934756821,0.2962804091449518,0.164929088851363,0.4457831325301205,0.5,5.572961029658529,0.4851171875,11691.0,1664.0,0.2001201923076923,0.092
online_retail_ii,temporal,0,2011-02-01,0.2,class_weight,rf,ok,0.7532190342107697,0.3926748843995747,0.2610619469026549,0.2051023397849259,0.1425998792703375,0.4457831325301205,0.5,5.581717470787506,0.5069621394230769,11691.0,1664.0,0.2001201923076923,12.733
online_retail_ii,temporal,0,2011-02-01,0.2,class_weight,hgb,ok,0.7475469458940532,0.3971143779429311,0.400593471810089,0.2484248191610357,0.1567457028960636,0.4518072289156626,0.5,5.411183453696453,0.4899399038461539,11691.0,1664.0,0.2001201923076923,2.104
online_retail_ii,temporal,0,2011-02-01,0.2,class_weight,xgb,ok,0.7570207322273438,0.4047233803841137,0.4149765990639625,0.2760005555858119,0.1525591218885933,0.4578313253012048,0.5,5.593093182998248,0.4919771634615385,11691.0,1664.0,0.2001201923076923,1.781
online_retail_ii,temporal,0,2011-02-01,0.2,class_weight,lgbm,ok,0.7496767992635761,0.3987575318551083,0.4180967238689547,0.2798681148246605,0.1539115122660822,0.4759036144578313,0.5,5.423299947050709,0.488719951923077,11691.0,1664.0,0.2001201923076923,1.594
online_retail_ii,temporal,0,2011-02-01,0.2,threshold,lr,ok,0.7615421582363731,0.4128647445593557,0.457293035479632,0.3036061198954817,0.1425689006490691,0.463855421686747,0.2324841841183866,5.611456894997136,0.4865895432692308,11691.0,1664.0,0.2001201923076923,0.409
online_retail_ii,temporal,0,2011-02-01,0.2,threshold,rf,ok,0.7437452478774792,0.3846865447016938,0.4231311706629055,0.2684908266812918,0.144166831789251,0.463855421686747,0.2672010195222107,5.5340035318762055,0.5224338942307692,11691.0,1664.0,0.2001201923076923,24.519
online_retail_ii,temporal,0,2011-02-01,0.2,threshold,hgb,ok,0.7484753724423145,0.3865331518041123,0.3905511811023622,0.2477190093707991,0.149104991566256,0.4397590361445783,0.2783786322395833,5.531962102128861,0.4868389423076924,11691.0,1664.0,0.2001201923076923,4.174
online_retail_ii,temporal,0,2011-02-01,0.2,threshold,xgb,ok,0.7535664891036792,0.3976218769564269,0.4088888888888889,0.2585628143996651,0.1466039978432061,0.4939759036144578,0.243085972070694,5.496766973228014,0.4818479567307692,11691.0,1664.0,0.2001201923076923,2.801
online_retail_ii,temporal,0,2011-02-01,0.2,threshold,lgbm,ok,0.7594732222831397,0.3928608099973353,0.4485190409026798,0.300815402380525,0.1487360510178022,0.4518072289156626,0.2105675672269618,5.640763219431235,0.4728215144230769,11691.0,1664.0,0.2001201923076923,3.079
online_retail_ii,temporal,0,2011-02-01,0.2,ros@1.0,lr,ok,0.7594890156873627,0.4088785170243157,0.4591346153846153,0.2987707523865789,0.1647336118790242,0.463855421686747,0.5,5.600539692728846,0.4940174278846154,18706.0,1664.0,0.2001201923076923,0.093
online_retail_ii,temporal,0,2011-02-01,0.2,ros@1.0,rf,ok,0.7392170532666401,0.3822138537753456,0.3002028397565923,0.2138989536430877,0.1473753126864248,0.4457831325301205,0.5,5.433543407550746,0.5300330528846154,18706.0,1664.0,0.2001201923076923,17.772
online_retail_ii,temporal,0,2011-02-01,0.2,ros@1.0,hgb,ok,0.7521101116142439,0.3958721631849778,0.4079754601226993,0.2639071118399391,0.1536005121133667,0.4698795180722891,0.5,5.485387253260572,0.4883263221153846,18706.0,1664.0,0.2001201923076923,2.327
online_retail_ii,temporal,0,2011-02-01,0.2,ros@1.0,xgb,ok,0.7541079772484732,0.3985300654385351,0.4122137404580153,0.268290037003204,0.1533239521399149,0.4759036144578313,0.5,5.575806505106312,0.4943359375,18706.0,1664.0,0.2001201923076923,1.665
online_retail_ii,temporal,0,2011-02-01,0.2,ros@1.0,lgbm,ok,0.7558745823208632,0.4046541747974168,0.3980582524271844,0.2630002051458563,0.150846054412512,0.4939759036144578,0.5,5.508712851371236,0.4911328125,18706.0,1664.0,0.2001201923076923,1.876
online_retail_ii,temporal,0,2011-02-01,0.2,rus@1.0,lr,ok,0.76063290939324,0.4139293944670897,0.4585365853658537,0.2989076217938644,0.1640464389931525,0.4698795180722891,0.5,5.570248911509864,0.4805258413461538,4676.0,1664.0,0.2001201923076923,0.081
online_retail_ii,temporal,0,2011-02-01,0.2,rus@1.0,rf,ok,0.7490428068940466,0.3871593441776852,0.4408468244084682,0.2767409917385511,0.175040592686614,0.4698795180722891,0.5,5.48730630017034,0.5133924278846155,4676.0,1664.0,0.2001201923076923,5.457
online_retail_ii,temporal,0,2011-02-01,0.2,rus@1.0,hgb,ok,0.740788496986844,0.3763755623651704,0.4444444444444444,0.2838743393254424,0.1722286924023685,0.4337349397590361,0.5,5.431338113936567,0.4901442307692308,4676.0,1664.0,0.2001201923076923,1.59
online_retail_ii,temporal,0,2011-02-01,0.2,rus@1.0,xgb,ok,0.751447916737173,0.3864619854901548,0.4390243902439024,0.2772169042408576,0.16863704559421,0.4337349397590361,0.5,5.563035937037693,0.5122686298076923,4676.0,1664.0,0.2001201923076923,1.22
online_retail_ii,temporal,0,2011-02-01,0.2,rus@1.0,lgbm,ok,0.7401217897085667,0.3750360758896803,0.4337349397590361,0.2750041442391933,0.1721851678583738,0.4578313253012048,0.5,5.336228541741746,0.4716105769230769,4676.0,1664.0,0.2001201923076923,1.05
online_retail_ii,temporal,0,2011-02-01,0.2,smote@1.0,lr,ok,0.7625190930976056,0.4132699461563272,0.465005931198102,0.3060544790254159,0.1657534426703507,0.4698795180722891,0.5,5.643502038362367,0.5029116586538462,18706.0,1664.0,0.2001201923076923,0.176
online_retail_ii,temporal,0,2011-02-01,0.2,smote@1.0,rf,ok,0.7513779745184704,0.3779980545113146,0.3795379537953795,0.2448489418798166,0.1523135553358911,0.4216867469879518,0.5,5.537808362947856,0.4801382211538461,18706.0,1664.0,0.2001201923076923,24.233
online_retail_ii,temporal,0,2011-02-01,0.2,smote@1.0,hgb,ok,0.7575825261775675,0.3917618867003138,0.398042414355628,0.264860714387479,0.1509364154034938,0.4397590361445783,0.5,5.679140506764924,0.5133383413461537,18706.0,1664.0,0.2001201923076923,2.624
online_retail_ii,temporal,0,2011-02-01,0.2,smote@1.0,xgb,ok,0.7577630222258321,0.4068419170511073,0.4188311688311688,0.2893254263024396,0.1488481348648941,0.4518072289156626,0.5,5.5033236845906375,0.4886778846153847,18706.0,1664.0,0.2001201923076923,1.744
online_retail_ii,temporal,0,2011-02-01,0.2,smote@1.0,lgbm,ok,0.7556828052695821,0.4066779950992762,0.3616236162361623,0.2546124814932907,0.1461178585641451,0.4578313253012048,0.5,5.542537880163602,0.487100360576923,18706.0,1664.0,0.2001201923076923,2.259
online_retail_ii,temporal,0,2011-02-01,0.2,smote@0.5,lr,ok,0.7628078867748289,0.4139160214969966,0.3223300970873786,0.2241632340780115,0.1400581756940355,0.4578313253012048,0.5,5.63855173140426,0.49703125,14029.0,1664.0,0.2001201923076923,0.151
online_retail_ii,temporal,0,2011-02-01,0.2,smote@0.5,rf,ok,0.7481301737500083,0.3767145054515415,0.2704918032786885,0.180787552336243,0.1455457162497208,0.4397590361445783,0.5,5.566911876690853,0.4966045673076923,14029.0,1664.0,0.2001201923076923,18.41
online_retail_ii,temporal,0,2011-02-01,0.2,smote@0.5,hgb,ok,0.7541587417620476,0.3949531700392172,0.2920892494929006,0.203708623281713,0.1462204724755556,0.4457831325301205,0.5,5.6367862707902425,0.5249579326923076,14029.0,1664.0,0.2001201923076923,2.287
online_retail_ii,temporal,0,2011-02-01,0.2,smote@0.5,xgb,ok,0.7588617919196431,0.4179647386694219,0.3273453093812375,0.2412047619586671,0.1432386850736204,0.4879518072289157,0.5,5.583976335661694,0.4670042067307692,14029.0,1664.0,0.2001201923076923,1.797
online_retail_ii,temporal,0,2011-02-01,0.2,smote@0.5,lgbm,ok,0.7539500432062416,0.3909808357109171,0.267515923566879,0.1927192490528523,0.146760248396416,0.4518072289156626,0.5,5.530854689026197,0.4875210336538462,14029.0,1664.0,0.2001201923076923,1.809
online_retail_ii,temporal,0,2011-02-01,0.2,adasyn@1.0,lr,ok,0.7619437619437619,0.4110993373532055,0.4730195177956372,0.3157849679509358,0.1687474512571432,0.4518072289156626,0.5,5.649214208634471,0.4945522836538462,18649.0,1664.0,0.2001201923076923,0.436
online_retail_ii,temporal,0,2011-02-01,0.2,adasyn@1.0,rf,ok,0.7549788706813501,0.3811113486696774,0.3874172185430463,0.2553385019545295,0.1518524423011619,0.4337349397590361,0.5,5.6186098475704505,0.5054747596153846,18649.0,1664.0,0.2001201923076923,25.869
online_retail_ii,temporal,0,2011-02-01,0.2,adasyn@1.0,hgb,ok,0.7484155831263269,0.4082908591054638,0.3901639344262295,0.2563266575502955,0.1513514914602994,0.4518072289156626,0.5,5.442437426345082,0.5183623798076923,18649.0,1664.0,0.2001201923076923,2.871
online_retail_ii,temporal,0,2011-02-01,0.2,adasyn@1.0,xgb,ok,0.7530701249709513,0.4051928081713727,0.4258675078864353,0.2917443789668738,0.149682939495564,0.4759036144578313,0.5,5.494159564965024,0.4709885817307693,18649.0,1664.0,0.2001201923076923,2.014
online_retail_ii,temporal,0,2011-02-01,0.2,adasyn@1.0,lgbm,ok,0.7532438524174062,0.3968849599935925,0.3508137432188065,0.2349126377712228,0.1476951619603236,0.4457831325301205,0.5,5.512802045636484,0.4787590144230769,18649.0,1664.0,0.2001201923076923,2.449
online_retail_ii,temporal,0,2011-02-01,0.2,smote_enn@1.0,lr,ok,0.7601252642574957,0.4077691171719639,0.470703125,0.3131041592218468,0.2132976154084586,0.4578313253012048,0.5,5.607409327355128,0.4998287259615385,11906.0,1664.0,0.2001201923076923,3.612
online_retail_ii,temporal,0,2011-02-01,0.2,smote_enn@1.0,rf,ok,0.7622314275206837,0.3982981059480565,0.4545454545454545,0.301861062663971,0.1742327901655199,0.4698795180722891,0.5,5.683731798036884,0.4922806490384615,11840.0,1664.0,0.2001201923076923,18.561
online_retail_ii,temporal,0,2011-02-01,0.2,smote_enn@1.0,hgb,ok,0.757443769840464,0.4024658153825252,0.4456981664315937,0.2972237828583881,0.1805453517122595,0.5,0.5,5.469742738143409,0.4708413461538462,11943.0,1664.0,0.2001201923076923,5.806
online_retail_ii,temporal,0,2011-02-01,0.2,smote_enn@1.0,xgb,ok,0.7568988973947652,0.4051239134947902,0.4553072625698324,0.3081417294057753,0.1764000768115867,0.5060240963855421,0.5,5.529790991614545,0.4440354567307692,11888.0,1664.0,0.2001201923076923,4.948
online_retail_ii,temporal,0,2011-02-01,0.2,smote_enn@1.0,lgbm,ok,0.7559986733540452,0.3992746531846933,0.4514285714285714,0.3063254071586095,0.180294289155531,0.4698795180722891,0.5,5.486340717242374,0.4920612980769231,11861.0,1664.0,0.2001201923076923,5.225
online_retail_ii,temporal,0,2011-02-01,0.2,dirichlet@1.0,lr,ok,0.7626702585380271,0.4121877856487719,0.4649021864211737,0.3045217641201911,0.1673899927259215,0.4578313253012048,0.5,5.672141234241186,0.4950300480769231,18706.0,1664.0,0.2001201923076923,0.181
online_retail_ii,temporal,0,2011-02-01,0.2,dirichlet@1.0,rf,ok,0.7499892830471343,0.3784961502293253,0.3473491773308958,0.2341034126177933,0.1490257678052539,0.4216867469879518,0.5,5.514547432451775,0.4947596153846153,18706.0,1664.0,0.2001201923076923,23.746
online_retail_ii,temporal,0,2011-02-01,0.2,dirichlet@1.0,hgb,ok,0.7580495597024522,0.4007190693352815,0.1568627450980392,0.1230178601590736,0.1451361653158301,0.4518072289156626,0.5,5.603336771699466,0.4525150240384616,18706.0,1664.0,0.2001201923076923,2.701
online_retail_ii,temporal,0,2011-02-01,0.2,dirichlet@1.0,xgb,ok,0.7547893498306721,0.4020700496839601,0.3666061705989111,0.255413227363985,0.1481818008654675,0.4518072289156626,0.5,5.465176287972962,0.4839152644230769,18706.0,1664.0,0.2001201923076923,1.721
online_retail_ii,temporal,0,2011-02-01,0.2,dirichlet@1.0,lgbm,ok,0.7495730140358239,0.3853182628318517,0.2907662082514735,0.1893996886152799,0.1498467159935798,0.4397590361445783,0.5,5.422206402709439,0.4864092548076924,18706.0,1664.0,0.2001201923076923,2.198
online_retail_ii,temporal,0,2011-02-01,0.2,easy_ensemble,lr,ok,0.7610593313072652,0.4139290869914755,0.4637336504161712,0.3044347890121569,0.1650183361156374,0.4698795180722891,0.5,5.572112889800748,0.4875420673076923,11691.0,1664.0,0.2001201923076923,0.27
online_retail_ii,temporal,0,2011-02-01,0.2,easy_ensemble,rf,ok,0.755784334296731,0.3914161007627019,0.4657534246575342,0.3101059883515254,0.1708378311730941,0.4698795180722891,0.5,5.668420262971418,0.5091466346153846,11691.0,1664.0,0.2001201923076923,54.458
online_retail_ii,temporal,0,2011-02-01,0.2,easy_ensemble,hgb,ok,0.7558881195244832,0.4036437918130421,0.453227931488801,0.2985661182943848,0.1613259685837967,0.4879518072289157,0.5,5.533753027265695,0.4731159855769231,11691.0,1664.0,0.2001201923076923,16.562
online_retail_ii,temporal,0,2011-02-01,0.2,easy_ensemble,xgb,ok,0.7573185507069805,0.404263620389191,0.4595300261096606,0.30588193442172,0.1624718266869709,0.4819277108433735,0.5,5.543065289885103,0.4882421875,11691.0,1664.0,0.2001201923076923,9.683
online_retail_ii,temporal,0,2011-02-01,0.2,easy_ensemble,lgbm,ok,0.749485022212295,0.3961080016139612,0.4453125,0.2869660328896041,0.1670782521254213,0.463855421686747,0.5,5.4941107124619135,0.4851893028846153,11691.0,1664.0,0.2001201923076923,10.811
online_retail_ii,random,0,2011-02-01,0.2,none,lr,ok,0.7174447174447174,0.3636293549605004,0.0,0.0,0.1455669064738954,0.4096385542168674,0.5,5.06204415907404,0.520829326923077,11691.0,1664.0,0.2001201923076923,0.113
online_retail_ii,random,0,2011-02-01,0.2,none,rf,ok,0.7651825379098106,0.4368922622043409,0.2774049217002237,0.2330011907018678,0.1368346574800305,0.5120481927710844,0.5,5.677408095862121,0.4546484375,11691.0,1664.0,0.2001201923076923,13.439
online_retail_ii,random,0,2011-02-01,0.2,none,hgb,ok,0.7587929778012423,0.430113300498768,0.2422802850356294,0.2240947333550626,0.1383210756137999,0.5240963855421686,0.5,5.591210079971805,0.454149639423077,11691.0,1664.0,0.2001201923076923,2.077
online_retail_ii,random,0,2011-02-01,0.2,none,xgb,ok,0.7514749911444127,0.4181202571621615,0.2206235011990407,0.2002657379830391,0.1398178992907197,0.5,0.5,5.380042508499104,0.47859375,11691.0,1664.0,0.2001201923076923,1.454
online_retail_ii,random,0,2011-02-01,0.2,none,lgbm,ok,0.7562333182167893,0.4167776060379053,0.2844444444444444,0.2384403068133649,0.1400801538129889,0.5060240963855421,0.5,5.600581509112967,0.4725450721153846,11691.0,1664.0,0.2001201923076923,1.561
online_retail_ii,random,0,2011-02-01,0.2,class_weight,lr,ok,0.7173431884175686,0.357823175841293,0.4278169014084507,0.2474007758241281,0.2175466132526926,0.3975903614457831,0.5,5.053255350085287,0.521415264423077,11691.0,1664.0,0.2001201923076923,0.135
online_retail_ii,random,0,2011-02-01,0.2,class_weight,rf,ok,0.7646816613758762,0.4353099399015356,0.375,0.2698268153970317,0.140526210385985,0.4819277108433735,0.5,5.676575502745309,0.466905048076923,11691.0,1664.0,0.2001201923076923,12.954
online_retail_ii,random,0,2011-02-01,0.2,class_weight,hgb,ok,0.7467945029928502,0.4098305134064273,0.4637362637362637,0.3014964669027341,0.1835876229217725,0.4939759036144578,0.5,5.4343120519037935,0.4793990384615384,11691.0,1664.0,0.2001201923076923,1.937
online_retail_ii,random,0,2011-02-01,0.2,class_weight,xgb,ok,0.749690336467196,0.4146172454250949,0.4654226125137212,0.3038976138979543,0.1841087245325254,0.5240963855421686,0.5,5.588657689148013,0.47328125,11691.0,1664.0,0.2001201923076923,1.447
online_retail_ii,random,0,2011-02-01,0.2,class_weight,lgbm,ok,0.7534536790735138,0.4046501720935812,0.4705882352941176,0.3125444029240445,0.1751049327524594,0.4759036144578313,0.5,5.509057523257765,0.4674549278846154,11691.0,1664.0,0.2001201923076923,1.595
online_retail_ii,random,0,2011-02-01,0.2,threshold,lr,ok,0.7174447174447174,0.3636293549605004,0.4296028880866426,0.2496495947672002,0.1455669064738954,0.4096385542168674,0.2090902718172393,5.06204415907404,0.520829326923077,11691.0,1664.0,0.2001201923076923,0.44
online_retail_ii,random,0,2011-02-01,0.2,threshold,rf,ok,0.7695009058645422,0.4467591338148864,0.4900938477580813,0.3402208867374119,0.1357381168277827,0.5240963855421686,0.2231247755363417,5.801199576374545,0.4484104567307693,11691.0,1664.0,0.2001201923076923,24.81
online_retail_ii,random,0,2011-02-01,0.2,threshold,hgb,ok,0.7587929778012423,0.430113300498768,0.4628501827040195,0.3046665726578653,0.1383210756137999,0.5240963855421686,0.2744985838822094,5.591210079971805,0.454149639423077,11691.0,1664.0,0.2001201923076923,4.064
online_retail_ii,random,0,2011-02-01,0.2,threshold,xgb,ok,0.7517096360071567,0.4093010618914892,0.4674250258531541,0.3065892129168491,0.1402049776829295,0.4939759036144578,0.2069922062754631,5.441790862876211,0.4851923076923076,11691.0,1664.0,0.2001201923076923,2.851
online_retail_ii,random,0,2011-02-01,0.2,threshold,lgbm,ok,0.7570681124400133,0.4189079259607521,0.466403162055336,0.3059870380614314,0.1399371371221847,0.5301204819277109,0.1817808978548121,5.619404485312405,0.5057451923076922,11691.0,1664.0,0.2001201923076923,3.114
online_retail_ii,random,0,2011-02-01,0.2,ros@1.0,lr,ok,0.7177267425201308,0.3604090770777247,0.4240282685512367,0.2408323119099051,0.2172916351868153,0.4096385542168674,0.5,5.083042909580323,0.5208503605769232,18706.0,1664.0,0.2001201923076923,0.156
online_retail_ii,random,0,2011-02-01,0.2,ros@1.0,rf,ok,0.7683220410493138,0.4364225232650719,0.45016077170418,0.3257843097602712,0.1453332196647486,0.4939759036144578,0.5,5.76898613655625,0.4474879807692308,18706.0,1664.0,0.2001201923076923,17.964
online_retail_ii,random,0,2011-02-01,0.2,ros@1.0,hgb,ok,0.7462067627356884,0.4131713849010904,0.4560622914349277,0.2908395859016671,0.1805185789827112,0.4879518072289157,0.5,5.452947860589405,0.4701742788461538,18706.0,1664.0,0.2001201923076923,2.325
online_retail_ii,random,0,2011-02-01,0.2,ros@1.0,xgb,ok,0.7503717090493949,0.4071703927789175,0.4815229563269876,0.3272027609403696,0.1808802745119432,0.4759036144578313,0.5,5.576576370477438,0.4473076923076924,18706.0,1664.0,0.2001201923076923,1.669
online_retail_ii,random,0,2011-02-01,0.2,ros@1.0,lgbm,ok,0.7572869638985341,0.431433658618649,0.4759615384615384,0.3217178087295033,0.1704441893394769,0.4819277108433735,0.5,5.757367201663394,0.4369471153846154,18706.0,1664.0,0.2001201923076923,1.872
online_retail_ii,random,0,2011-02-01,0.2,rus@1.0,lr,ok,0.7175530150736762,0.3592612787711642,0.427304964539007,0.2462953473894512,0.2174301765807194,0.4096385542168674,0.5,5.055483515555395,0.5326772836538461,4676.0,1664.0,0.2001201923076923,0.088
online_retail_ii,random,0,2011-02-01,0.2,rus@1.0,rf,ok,0.7466106226436806,0.3811113666198414,0.4721377912867274,0.3140576320654476,0.2095429419493424,0.4096385542168674,0.5,5.487014239436824,0.4592247596153846,4676.0,1664.0,0.2001201923076923,5.562
online_retail_ii,random,0,2011-02-01,0.2,rus@1.0,hgb,ok,0.7327282203315262,0.3716152152133908,0.4518013631937682,0.2836636079028546,0.213659825612482,0.4337349397590361,0.5,5.254611933486578,0.4767037259615383,4676.0,1664.0,0.2001201923076923,1.592
online_retail_ii,random,0,2011-02-01,0.2,rus@1.0,xgb,ok,0.7343414037628914,0.3902447129962101,0.4603629417382999,0.2977577399392456,0.2139291646232979,0.4457831325301205,0.5,5.291431905494901,0.4650841346153846,4676.0,1664.0,0.2001201923076923,0.963
online_retail_ii,random,0,2011-02-01,0.2,rus@1.0,lgbm,ok,0.7336216757704361,0.3661241154255317,0.461839530332681,0.299209480053233,0.2197917663015711,0.4337349397590361,0.5,5.356054571548594,0.5138852163461538,4676.0,1664.0,0.2001201923076923,1.142
online_retail_ii,random,0,2011-02-01,0.2,smote@1.0,lr,ok,0.7180110237961477,0.36201195510856,0.4176211453744493,0.2299763967590613,0.2174462023746928,0.4277108433734939,0.5,5.092907073925652,0.5026201923076924,18706.0,1664.0,0.2001201923076923,0.238
online_retail_ii,random,0,2011-02-01,0.2,smote@1.0,rf,ok,0.7523255787718597,0.4149320630564967,0.4350282485875706,0.2838437436314463,0.1586663065918101,0.4819277108433735,0.5,5.574987931459724,0.4662800480769231,18706.0,1664.0,0.2001201923076923,25.418
online_retail_ii,random,0,2011-02-01,0.2,smote@1.0,hgb,ok,0.7323390257274556,0.3890642824551347,0.4337050805452292,0.2667136713971115,0.1717457964263807,0.4337349397590361,0.5,5.271530303487734,0.5172686298076923,18706.0,1664.0,0.2001201923076923,2.432
online_retail_ii,random,0,2011-02-01,0.2,smote@1.0,xgb,ok,0.7414743819702497,0.3983675648238424,0.4502487562189055,0.2892330317483279,0.1712508490458911,0.4397590361445783,0.5,5.319156811095422,0.471631610576923,18706.0,1664.0,0.2001201923076923,1.486
online_retail_ii,random,0,2011-02-01,0.2,smote@1.0,lgbm,ok,0.7490653689000797,0.4156575932301987,0.4506627393225331,0.3100094019893434,0.1524340672910763,0.5120481927710844,0.5,5.387448459911372,0.4910066105769231,18706.0,1664.0,0.2001201923076923,2.527
online_retail_ii,random,0,2011-02-01,0.2,smote@0.5,lr,ok,0.7183517100872473,0.3605618373775803,0.4005891016200295,0.2470884413835306,0.1621287690498726,0.4156626506024096,0.5,5.0395269714056,0.507487980769231,14029.0,1664.0,0.2001201923076923,0.216
online_retail_ii,random,0,2011-02-01,0.2,smote@0.5,rf,ok,0.7634362386428502,0.443551350750911,0.3844797178130511,0.2686335152719248,0.1427156179160312,0.5060240963855421,0.5,5.695846387097103,0.4557181490384615,14029.0,1664.0,0.2001201923076923,17.413
online_retail_ii,random,0,2011-02-01,0.2,smote@0.5,hgb,ok,0.7448756043797365,0.4102521780466107,0.4202453987730061,0.279170315006352,0.1502860408195524,0.463855421686747,0.5,5.457791096923916,0.4980288461538463,14029.0,1664.0,0.2001201923076923,2.448
online_retail_ii,random,0,2011-02-01,0.2,smote@0.5,xgb,ok,0.7501122459800146,0.4147859277508763,0.4077669902912621,0.2749609677073559,0.1480296143214965,0.5,0.5,5.451656249959456,0.4927313701923077,14029.0,1664.0,0.2001201923076923,1.618
online_retail_ii,random,0,2011-02-01,0.2,smote@0.5,lgbm,ok,0.7511027180448667,0.4135066823767749,0.3863247863247863,0.262173451455146,0.1456645057269048,0.5,0.5,5.542385205746346,0.480234375,14029.0,1664.0,0.2001201923076923,1.982
online_retail_ii,random,0,2011-02-01,0.2,adasyn@1.0,lr,ok,0.7173251388127421,0.3566047170751469,0.4227782571182053,0.2394376247045306,0.2192289341795262,0.4156626506024096,0.5,5.092723840681145,0.5052133413461538,18627.0,1664.0,0.2001201923076923,0.49
online_retail_ii,random,0,2011-02-01,0.2,adasyn@1.0,rf,ok,0.7592171435146642,0.4216519279940714,0.4512534818941504,0.3025930659054451,0.157453911089481,0.5,0.5,5.667291064917479,0.4529537259615385,18627.0,1664.0,0.2001201923076923,27.062
online_retail_ii,random,0,2011-02-01,0.2,adasyn@1.0,hgb,ok,0.7418218368631592,0.4203996462333506,0.4544349939246658,0.2930978370684956,0.1676950799369566,0.5060240963855421,0.5,5.315132071323751,0.4718209134615383,18627.0,1664.0,0.2001201923076923,2.886
online_retail_ii,random,0,2011-02-01,0.2,adasyn@1.0,xgb,ok,0.744753769547158,0.4149580207835647,0.4565217391304347,0.2955205206319863,0.1697278687060251,0.4939759036144578,0.5,5.420016921722187,0.4962650240384615,18627.0,1664.0,0.2001201923076923,2.037
online_retail_ii,random,0,2011-02-01,0.2,adasyn@1.0,lgbm,ok,0.7492007409362781,0.4178691722494813,0.4387464387464387,0.2898199286671257,0.1545265687761929,0.5240963855421686,0.5,5.550945142270295,0.5142998798076924,18627.0,1664.0,0.2001201923076923,2.489
online_retail_ii,random,0,2011-02-01,0.2,smote_enn@1.0,lr,ok,0.7160797160797161,0.3644372852195844,0.4258841234010534,0.2564173724774978,0.303424937998403,0.4216867469879518,0.5,5.018091058829869,0.5126171875,11954.0,1664.0,0.2001201923076923,3.588
online_retail_ii,random,0,2011-02-01,0.2,smote_enn@1.0,rf,ok,0.7396716776882066,0.3756775048485371,0.4475524475524475,0.2767622284937814,0.2328432330884158,0.4518072289156626,0.5,5.416804760242849,0.5151171875,12000.0,1664.0,0.2001201923076923,17.742
online_retail_ii,random,0,2011-02-01,0.2,smote_enn@1.0,hgb,ok,0.7236300913986864,0.3756509927262197,0.4426877470355731,0.2693120128448269,0.2481270353570036,0.4337349397590361,0.5,5.032691503500518,0.5145733173076923,11930.0,1664.0,0.2001201923076923,5.98
online_retail_ii,random,0,2011-02-01,0.2,smote_enn@1.0,xgb,ok,0.7419515683978494,0.4001635353737353,0.4578790882061447,0.2927435773799934,0.2407339380337639,0.4879518072289157,0.5,5.384318434915533,0.4910697115384614,11990.0,1664.0,0.2001201923076923,4.952
online_retail_ii,random,0,2011-02-01,0.2,smote_enn@1.0,lgbm,ok,0.7345670238232223,0.3878399123263071,0.4538860103626943,0.286350779805988,0.2347194641422606,0.4457831325301205,0.5,5.266185061439803,0.5221844951923077,11999.0,1664.0,0.2001201923076923,5.192
online_retail_ii,random,0,2011-02-01,0.2,dirichlet@1.0,lr,ok,0.7169167665035434,0.3623123382071015,0.4219858156028369,0.2372740296443056,0.2178996825376248,0.4277108433734939,0.5,5.067951779920516,0.504813701923077,18706.0,1664.0,0.2001201923076923,0.246
online_retail_ii,random,0,2011-02-01,0.2,dirichlet@1.0,rf,ok,0.7592148873140608,0.4241495933169507,0.4351851851851852,0.2989266768813152,0.1497664090623821,0.4939759036144578,0.5,5.645973794618843,0.43640625,18706.0,1664.0,0.2001201923076923,24.517
online_retail_ii,random,0,2011-02-01,0.2,dirichlet@1.0,hgb,ok,0.7540030639204193,0.4218070651409005,0.272108843537415,0.2340506726788662,0.1394489369926743,0.5060240963855421,0.5,5.4521115161334,0.4777313701923077,18706.0,1664.0,0.2001201923076923,2.665
online_retail_ii,random,0,2011-02-01,0.2,dirichlet@1.0,xgb,ok,0.7425833045667756,0.4249278919186779,0.4179523141654979,0.2610471296635237,0.1599619352867295,0.4879518072289157,0.5,5.416635187740467,0.5071003605769231,18706.0,1664.0,0.2001201923076923,1.729
online_retail_ii,random,0,2011-02-01,0.2,dirichlet@1.0,lgbm,ok,0.7466918458653996,0.4150041910794114,0.4069400630914827,0.2683310993314411,0.1496421836839854,0.5301204819277109,0.5,5.366295969089913,0.4923858173076923,18706.0,1664.0,0.2001201923076923,2.273
online_retail_ii,random,0,2011-02-01,0.2,easy_ensemble,lr,ok,0.717250684192833,0.3602519089266314,0.426431718061674,0.2450068253543338,0.2177184053404666,0.3975903614457831,0.5,5.082420200813792,0.5300390625000001,11691.0,1664.0,0.2001201923076923,0.395
online_retail_ii,random,0,2011-02-01,0.2,easy_ensemble,rf,ok,0.7546336719890439,0.4189634744061792,0.4640776699029126,0.3029747591572865,0.2047275902361773,0.4819277108433735,0.5,5.58174669059864,0.4825931490384615,11691.0,1664.0,0.2001201923076923,43.302
online_retail_ii,random,0,2011-02-01,0.2,easy_ensemble,hgb,ok,0.7515336523600986,0.411603189478931,0.4672364672364672,0.3089736796005675,0.2060006803839335,0.4819277108433735,0.5,5.504267625899542,0.461024639423077,11691.0,1664.0,0.2001201923076923,15.487
online_retail_ii,random,0,2011-02-01,0.2,easy_ensemble,xgb,ok,0.7514862721474291,0.4021278430433302,0.4624277456647399,0.3006779853696399,0.2057501647263308,0.4879518072289157,0.5,5.477705207435495,0.4795793269230769,11691.0,1664.0,0.2001201923076923,9.224
online_retail_ii,random,0,2011-02-01,0.2,easy_ensemble,lgbm,ok,0.7574516665425757,0.4090628421382802,0.473633748801534,0.3186214484706882,0.2052961956339789,0.4939759036144578,0.5,5.57730807972958,0.4739963942307692,11691.0,1664.0,0.2001201923076923,8.68
online_retail_ii,temporal,1,2011-03-01,0.2,none,lr,ok,0.7600565769734111,0.3898274312750832,0.011204481792717,0.0480716625334358,0.1407843735673069,0.4406779661016949,0.5,5.789326729189231,0.5007062146892656,13341.0,1770.0,0.2,0.119
online_retail_ii,temporal,1,2011-03-01,0.2,none,rf,ok,0.7225733346101056,0.3761452764476757,0.2202643171806167,0.1835282940871486,0.1447451017054162,0.4915254237288136,0.5,5.12357528020718,0.5457485875706216,13341.0,1770.0,0.2,15.75
online_retail_ii,temporal,1,2011-03-01,0.2,none,hgb,ok,0.7448959031568195,0.3848333369309649,0.145985401459854,0.1488116196649128,0.1455638308327982,0.4406779661016949,0.5,5.441346661771314,0.5400847457627118,13341.0,1770.0,0.2,2.334
online_retail_ii,temporal,1,2011-03-01,0.2,none,xgb,ok,0.7429159085831021,0.3935083736616325,0.1702127659574468,0.1620004723935929,0.1440407509048269,0.4519774011299435,0.5,5.436546409314997,0.5662316384180791,13341.0,1770.0,0.2,1.731
online_retail_ii,temporal,1,2011-03-01,0.2,none,lgbm,ok,0.7464988509049123,0.405927408594719,0.2110091743119266,0.1989017354332034,0.145821407486018,0.4519774011299435,0.5,5.551161179827656,0.5678531073446328,13341.0,1770.0,0.2,1.584
online_retail_ii,temporal,1,2011-03-01,0.2,class_weight,lr,ok,0.7570960611573941,0.3774922368807179,0.478515625,0.3232430854108762,0.1828855482459208,0.4350282485875706,0.5,5.756404043917136,0.5038785310734464,13341.0,1770.0,0.2,0.1
online_retail_ii,temporal,1,2011-03-01,0.2,class_weight,rf,ok,0.7307157505825272,0.3850895352318166,0.2857142857142857,0.2130032168075646,0.1451393800278098,0.4576271186440678,0.5,5.196439852871768,0.538135593220339,13341.0,1770.0,0.2,15.169
online_retail_ii,temporal,1,2011-03-01,0.2,class_weight,hgb,ok,0.7422855022503112,0.4034354191218737,0.4347826086956521,0.2824395152454411,0.1613974600967018,0.4858757062146893,0.5,5.410313455863413,0.5599067796610171,13341.0,1770.0,0.2,2.375
online_retail_ii,temporal,1,2011-03-01,0.2,class_weight,xgb,ok,0.7531839509719429,0.4126182954537064,0.4278350515463917,0.2704761623684272,0.161187635869663,0.4632768361581921,0.5,5.637475644185693,0.5526694915254238,13341.0,1770.0,0.2,1.487
online_retail_ii,temporal,1,2011-03-01,0.2,class_weight,lgbm,ok,0.7472669092534073,0.3994713398982574,0.4285714285714285,0.2779038281380183,0.1593896785203683,0.4745762711864407,0.5,5.480568752602765,0.547,13341.0,1770.0,0.2,1.726
online_retail_ii,temporal,1,2011-03-01,0.2,threshold,lr,ok,0.7600565769734111,0.3898274312750832,0.4537037037037037,0.2931551321880052,0.1407843735673069,0.4406779661016949,0.2501406039268926,5.789326729189231,0.5007062146892656,13341.0,1770.0,0.2,0.454
online_retail_ii,temporal,1,2011-03-01,0.2,threshold,rf,ok,0.7177754636279485,0.3692869753308574,0.4114528101802757,0.2284085642110015,0.1459060435159523,0.4406779661016949,0.241320634920635,5.017182563407957,0.560731638418079,13341.0,1770.0,0.2,28.429
online_retail_ii,temporal,1,2011-03-01,0.2,threshold,hgb,ok,0.7448959031568195,0.3848333369309649,0.4226415094339623,0.2605920214729914,0.1455638308327982,0.4406779661016949,0.2394752055464969,5.441346661771314,0.5400847457627118,13341.0,1770.0,0.2,4.408
online_retail_ii,temporal,1,2011-03-01,0.2,threshold,xgb,ok,0.7468699128602893,0.3962050140660702,0.42643391521197,0.2644293631112605,0.1438934109280617,0.4632768361581921,0.2355883055925369,5.472520263596818,0.5564265536723165,13341.0,1770.0,0.2,2.986
online_retail_ii,temporal,1,2011-03-01,0.2,threshold,lgbm,ok,0.7558332535350633,0.4042739076627725,0.4439197166469893,0.2816816909727475,0.1441838751892576,0.4632768361581921,0.2034549251609115,5.637174481849095,0.5648333333333333,13341.0,1770.0,0.2,3.357
online_retail_ii,temporal,1,2011-03-01,0.2,ros@1.0,lr,ok,0.7593304127166522,0.3862910385778271,0.4736842105263157,0.3157919095641571,0.179429489709204,0.4350282485875706,0.5,5.745361403546026,0.5003079096045198,21346.0,1770.0,0.2,0.128
online_retail_ii,temporal,1,2011-03-01,0.2,ros@1.0,rf,ok,0.7295796227137796,0.386699234793238,0.3351158645276292,0.2311857659069486,0.1498736667271948,0.4632768361581921,0.5,5.191049920761851,0.5200367231638419,21346.0,1770.0,0.2,20.673
online_retail_ii,temporal,1,2011-03-01,0.2,ros@1.0,hgb,ok,0.7534582575249769,0.4278614887923088,0.4354838709677419,0.2862512870383357,0.1562631312397107,0.4915254237288136,0.5,5.449109391666895,0.5242542372881357,21346.0,1770.0,0.2,2.493
online_retail_ii,temporal,1,2011-03-01,0.2,ros@1.0,xgb,ok,0.7520188962303297,0.4108129985132454,0.4406779661016949,0.2885285555044843,0.1589453580552483,0.4858757062146893,0.5,5.549494932358831,0.5470960451977401,21346.0,1770.0,0.2,1.809
online_retail_ii,temporal,1,2011-03-01,0.2,ros@1.0,lgbm,ok,0.7490404258035687,0.4156525160491801,0.4118476727785614,0.2645506759965064,0.1554781342421034,0.4858757062146893,0.5,5.441037085878382,0.5444858757062147,21346.0,1770.0,0.2,2.022
online_retail_ii,temporal,1,2011-03-01,0.2,rus@1.0,lr,ok,0.757834195154649,0.3758722995309514,0.4793070259865255,0.3247864307063817,0.1840226625308932,0.4067796610169492,0.5,5.7694625478068815,0.4978050847457628,5336.0,1770.0,0.2,0.095
online_retail_ii,temporal,1,2011-03-01,0.2,rus@1.0,rf,ok,0.7362208337323246,0.399051453765476,0.4330312185297079,0.256433501227374,0.1950905721696951,0.4689265536723164,0.5,5.343984029187186,0.564418079096045,5336.0,1770.0,0.2,6.263
online_retail_ii,temporal,1,2011-03-01,0.2,rus@1.0,hgb,ok,0.750750103737751,0.4015247237538882,0.4566596194503171,0.2921839310229431,0.1850352707115532,0.4350282485875706,0.5,5.524001911321222,0.5427853107344632,5336.0,1770.0,0.2,1.678
online_retail_ii,temporal,1,2011-03-01,0.2,rus@1.0,xgb,ok,0.7208985684190367,0.3681304262426549,0.4215784215784215,0.2393250448433501,0.1986589695744701,0.423728813559322,0.5,5.32660885724464,0.6040338983050847,5336.0,1770.0,0.2,1.005
online_retail_ii,temporal,1,2011-03-01,0.2,rus@1.0,lgbm,ok,0.7158802547160777,0.3735729918720416,0.4055390702274975,0.2151728915482698,0.2076215730099924,0.4011299435028249,0.5,5.2854261603756365,0.5941045197740112,5336.0,1770.0,0.2,1.106
online_retail_ii,temporal,1,2011-03-01,0.2,smote@1.0,lr,ok,0.7580975294455616,0.3838396682042566,0.4747378455672069,0.3181530268637928,0.1851635004560979,0.4124293785310734,0.5,5.766724746613035,0.5055903954802261,21346.0,1770.0,0.2,0.194
online_retail_ii,temporal,1,2011-03-01,0.2,smote@1.0,rf,ok,0.7257762376711673,0.3771310295269305,0.3870967741935484,0.2413729153678966,0.1610687454927104,0.4463276836158192,0.5,5.0730141353156615,0.5139209039548024,21346.0,1770.0,0.2,28.461
online_retail_ii,temporal,1,2011-03-01,0.2,smote@1.0,hgb,ok,0.7579838169108493,0.4084301424014903,0.4350364963503649,0.2999341741605187,0.1494612059606914,0.4632768361581921,0.5,5.640319428784969,0.5266581920903955,21346.0,1770.0,0.2,2.801
online_retail_ii,temporal,1,2011-03-01,0.2,smote@1.0,xgb,ok,0.7511251556066263,0.4114714735939253,0.4023323615160349,0.2590624963458037,0.1521113934055066,0.480225988700565,0.5,5.534519178780211,0.5432853107344632,21346.0,1770.0,0.2,1.84
online_retail_ii,temporal,1,2011-03-01,0.2,smote@1.0,lgbm,ok,0.7526054135146351,0.4019849465822414,0.3792544570502431,0.2557357100438852,0.1462127872245658,0.4915254237288136,0.5,5.573120379937581,0.5477966101694914,21346.0,1770.0,0.2,2.421
online_retail_ii,temporal,1,2011-03-01,0.2,smote@0.5,lr,ok,0.7608066807111621,0.389765323096317,0.348993288590604,0.2285837957628332,0.1451404432241899,0.4406779661016949,0.5,5.815351489702052,0.4965028248587571,16009.0,1770.0,0.2,0.198
online_retail_ii,temporal,1,2011-03-01,0.2,smote@0.5,rf,ok,0.7245872434485621,0.3732736973004016,0.3375224416517056,0.2367002673773229,0.1510053276762177,0.4689265536723164,0.5,5.010108671143642,0.5272909604519774,16009.0,1770.0,0.2,19.387
online_retail_ii,temporal,1,2011-03-01,0.2,smote@0.5,hgb,ok,0.7564706422164769,0.3892327082953262,0.3356890459363957,0.2288095229784037,0.1449667366932235,0.4519774011299435,0.5,5.691153055770758,0.5490819209039549,16009.0,1770.0,0.2,2.522
online_retail_ii,temporal,1,2011-03-01,0.2,smote@0.5,xgb,ok,0.7533435475118898,0.4158945761585284,0.3546099290780142,0.2533355022077969,0.1434836204618646,0.480225988700565,0.5,5.533198794855386,0.5424858757062146,16009.0,1770.0,0.2,2.049
online_retail_ii,temporal,1,2011-03-01,0.2,smote@0.5,lgbm,ok,0.7549574675221041,0.3954917391647308,0.2955854126679462,0.2106694207762183,0.1436759168613994,0.4632768361581921,0.5,5.55629586466193,0.5367457627118645,16009.0,1770.0,0.2,2.118
online_retail_ii,temporal,1,2011-03-01,0.2,adasyn@1.0,lr,ok,0.7595398831753327,0.3821888379786871,0.4755639097744361,0.3198754283506367,0.1874606879280315,0.4406779661016949,0.5,5.80614305205564,0.499454802259887,21278.0,1770.0,0.2,0.543
online_retail_ii,temporal,1,2011-03-01,0.2,adasyn@1.0,rf,ok,0.7316483928628428,0.3773048293220475,0.4094256259204712,0.2699579517529831,0.1595999435299548,0.4519774011299435,0.5,5.155814655655524,0.5177570621468928,21278.0,1770.0,0.2,31.836
online_retail_ii,temporal,1,2011-03-01,0.2,adasyn@1.0,hgb,ok,0.7515710284401035,0.3947258656736341,0.4005722460658083,0.2531520086556635,0.1531365516567993,0.480225988700565,0.5,5.534149559647055,0.5308870056497176,21278.0,1770.0,0.2,3.184
online_retail_ii,temporal,1,2011-03-01,0.2,adasyn@1.0,xgb,ok,0.7548497398576399,0.4085428421138495,0.4136947218259629,0.2689642860094137,0.1517561318338017,0.4689265536723164,0.5,5.588111169314654,0.5407259887005652,21278.0,1770.0,0.2,2.143
online_retail_ii,temporal,1,2011-03-01,0.2,adasyn@1.0,lgbm,ok,0.756250199495675,0.4058953700602742,0.3686786296900489,0.244573453812729,0.1449982205635148,0.4745762711864407,0.5,5.641331429097829,0.5429576271186441,21278.0,1770.0,0.2,2.701
online_retail_ii,temporal,1,2011-03-01,0.2,smote_enn@1.0,lr,ok,0.7518672795173801,0.3657144398061334,0.4656900539707016,0.3210291449744433,0.2583335743422086,0.4067796610169492,0.5,5.738137086426928,0.5120254237288137,13650.0,1770.0,0.2,4.586
online_retail_ii,temporal,1,2011-03-01,0.2,smote_enn@1.0,rf,ok,0.7433567940247057,0.3847528691514982,0.4411428571428571,0.275202828755642,0.19365462384811,0.4463276836158192,0.5,5.376184891205508,0.5389322033898305,13694.0,1770.0,0.2,20.41
online_retail_ii,temporal,1,2011-03-01,0.2,smote_enn@1.0,hgb,ok,0.7542133486546012,0.3972986459530621,0.4513064133016627,0.2920505687243347,0.1898042744789371,0.4576271186440678,0.5,5.537917340192852,0.5103926553672317,13576.0,1770.0,0.2,7.089
online_retail_ii,temporal,1,2011-03-01,0.2,smote_enn@1.0,xgb,ok,0.753030339302244,0.4040679286020528,0.4377182770663562,0.2721249169305022,0.191752291298192,0.4632768361581921,0.5,5.586440209637795,0.5498700564971754,13554.0,1770.0,0.2,6.144
online_retail_ii,temporal,1,2011-03-01,0.2,smote_enn@1.0,lgbm,ok,0.752551549682403,0.4015882082865677,0.4537607891491985,0.2988550041774595,0.1863015375196825,0.4745762711864407,0.5,5.481408334654048,0.5332288135593221,13614.0,1770.0,0.2,6.397
online_retail_ii,temporal,1,2011-03-01,0.2,dirichlet@1.0,lr,ok,0.7637033579112005,0.4022218100876685,0.4796978281397545,0.3260236383750051,0.1849778371032761,0.4463276836158192,0.5,5.822144188279946,0.5036694915254238,21346.0,1770.0,0.2,0.24
online_retail_ii,temporal,1,2011-03-01,0.2,dirichlet@1.0,rf,ok,0.7309232260844585,0.3788099860027801,0.3687707641196013,0.2498476179229336,0.1528041002821171,0.480225988700565,0.5,5.124711072129482,0.484909604519774,21346.0,1770.0,0.2,28.892
online_retail_ii,temporal,1,2011-03-01,0.2,dirichlet@1.0,hgb,ok,0.7480708768233905,0.4029270578184694,0.2105263157894736,0.1964222816869016,0.1429889026118702,0.4858757062146893,0.5,5.469187141995676,0.53095197740113,21346.0,1770.0,0.2,2.784
online_retail_ii,temporal,1,2011-03-01,0.2,dirichlet@1.0,xgb,ok,0.747306808388394,0.3978361832456405,0.3654485049833887,0.2457784384779347,0.149125786924176,0.4745762711864407,0.5,5.435469744328105,0.5545056497175141,21346.0,1770.0,0.2,1.853
online_retail_ii,temporal,1,2011-03-01,0.2,dirichlet@1.0,lgbm,ok,0.7562940885441602,0.4004572645094299,0.3232682060390763,0.2153428799176,0.1453774082334841,0.4745762711864407,0.5,5.670209882366136,0.5560367231638419,21346.0,1770.0,0.2,2.52
online_retail_ii,temporal,1,2011-03-01,0.2,easy_ensemble,lr,ok,0.7577085128794409,0.3775880024790912,0.4763779527559055,0.3199275851402299,0.1823435422799216,0.4350282485875706,0.5,5.745291587408149,0.5055677966101696,13341.0,1770.0,0.2,0.287
online_retail_ii,temporal,1,2011-03-01,0.2,easy_ensemble,rf,ok,0.7409528711417537,0.3975564595988105,0.4287245444801715,0.2534877272490203,0.1892936583491676,0.4745762711864407,0.5,5.449512021517902,0.5509830508474575,13341.0,1770.0,0.2,62.457
online_retail_ii,temporal,1,2011-03-01,0.2,easy_ensemble,hgb,ok,0.7506124517220467,0.4180614868032879,0.4348762109795479,0.2623864394815303,0.1777947238340815,0.4745762711864407,0.5,5.467687100992687,0.554957627118644,13341.0,1770.0,0.2,16.359
online_retail_ii,temporal,1,2011-03-01,0.2,easy_ensemble,xgb,ok,0.7448729611542022,0.4036371904677028,0.4460285132382892,0.2757236449684787,0.1863590632013286,0.4519774011299435,0.5,5.457689318724392,0.5589774011299434,13341.0,1770.0,0.2,10.274
online_retail_ii,temporal,1,2011-03-01,0.2,easy_ensemble,lgbm,ok,0.7397818315298925,0.4003372003294611,0.4220572640509014,0.2433960028075239,0.1847103237244687,0.4519774011299435,0.5,5.453366264538569,0.5575819209039548,13341.0,1770.0,0.2,10.828
online_retail_ii,random,1,2011-03-01,0.2,none,lr,ok,0.7609243831593732,0.4024550602346503,0.0112359550561797,0.0672672793996312,0.1390606482306045,0.4463276836158192,0.5,5.653941241993442,0.503274011299435,13341.0,1770.0,0.2,0.102
online_retail_ii,random,1,2011-03-01,0.2,none,rf,ok,0.7851212135720896,0.4731912128154997,0.2899159663865546,0.2486659656129917,0.1323493791363225,0.5254237288135594,0.5,5.883079801749684,0.442864406779661,13341.0,1770.0,0.2,15.579
online_retail_ii,random,1,2011-03-01,0.2,none,hgb,ok,0.7910133183312585,0.4657431791411227,0.2149532710280373,0.2201738916863581,0.1321362392317522,0.5141242937853108,0.5,6.12105396493247,0.4588333333333333,13341.0,1770.0,0.2,2.073
online_retail_ii,random,1,2011-03-01,0.2,none,xgb,ok,0.7884966803919691,0.4550442344476254,0.1839622641509433,0.1811784486413901,0.1332054630219767,0.5084745762711864,0.5,6.059859535405013,0.4415451977401129,13341.0,1770.0,0.2,1.463
online_retail_ii,random,1,2011-03-01,0.2,none,lgbm,ok,0.7921494462000063,0.4801655382647091,0.2692307692307692,0.2313041739789325,0.1319158644205897,0.559322033898305,0.5,6.096086806046543,0.4394463276836159,13341.0,1770.0,0.2,1.577
online_retail_ii,random,1,2011-03-01,0.2,class_weight,lr,ok,0.7597154393692744,0.3979661824397213,0.4573839662447257,0.2965978395757066,0.2052227524164919,0.4519774011299435,0.5,5.621853141200623,0.5055084745762712,13341.0,1770.0,0.2,0.105
online_retail_ii,random,1,2011-03-01,0.2,class_weight,rf,ok,0.7893624916211817,0.4687324755588818,0.3782837127845884,0.2781998758702291,0.1343461712686245,0.5084745762711864,0.5,6.113785130212826,0.4327881355932204,13341.0,1770.0,0.2,14.969
online_retail_ii,random,1,2011-03-01,0.2,class_weight,hgb,ok,0.7872358677263877,0.4681688634150824,0.505091649694501,0.3613337702798906,0.1700881298360498,0.480225988700565,0.5,6.143715865017631,0.4348333333333333,13341.0,1770.0,0.2,2.043
online_retail_ii,random,1,2011-03-01,0.2,class_weight,xgb,ok,0.7891829455137414,0.4586546339048772,0.5129265770423992,0.3722550760080801,0.1707465030764953,0.4971751412429379,0.5,6.008234794522302,0.4646694915254237,13341.0,1770.0,0.2,1.421
online_retail_ii,random,1,2011-03-01,0.2,class_weight,lgbm,ok,0.7842035334673945,0.4603965137344944,0.5011185682326622,0.3558349173522833,0.1649004103632463,0.5254237288135594,0.5,6.025429744651527,0.4377485875706214,13341.0,1770.0,0.2,1.584
online_retail_ii,random,1,2011-03-01,0.2,threshold,lr,ok,0.7609243831593732,0.4024550602346503,0.4782608695652174,0.3237933564237615,0.1390606482306045,0.4463276836158192,0.2424442292942134,5.653941241993442,0.503274011299435,13341.0,1770.0,0.2,0.403
online_retail_ii,random,1,2011-03-01,0.2,threshold,rf,ok,0.789674702352453,0.4786074266377011,0.4805555555555555,0.3480538590485567,0.1314968363873632,0.5084745762711864,0.3305582844846493,5.982988503356548,0.462358757062147,13341.0,1770.0,0.2,28.011
online_retail_ii,random,1,2011-03-01,0.2,threshold,hgb,ok,0.7910133183312585,0.4657431791411227,0.5119667013527576,0.3707437582547769,0.1321362392317522,0.5141242937853108,0.2354957346897939,6.12105396493247,0.4588333333333333,13341.0,1770.0,0.2,4.239
online_retail_ii,random,1,2011-03-01,0.2,threshold,xgb,ok,0.7888068961664911,0.4606915005879181,0.511727078891258,0.3700853966493944,0.1327916980054246,0.4915254237288136,0.240734196305275,6.029227841831344,0.467909604519774,13341.0,1770.0,0.2,2.902
online_retail_ii,random,1,2011-03-01,0.2,threshold,lgbm,ok,0.7946152127421877,0.4751263850147276,0.5267326732673268,0.3942170337106764,0.1312722640885757,0.519774011299435,0.203010335144494,6.166218111510417,0.4140875706214689,13341.0,1770.0,0.2,3.37
online_retail_ii,random,1,2011-03-01,0.2,ros@1.0,lr,ok,0.7609363528998692,0.4019030235247207,0.4588235294117647,0.2993292100419616,0.2053002908837894,0.4406779661016949,0.5,5.631787971224412,0.5065847457627121,21346.0,1770.0,0.2,0.154
online_retail_ii,random,1,2011-03-01,0.2,ros@1.0,rf,ok,0.7890881850681477,0.4839182465163717,0.4577572964669739,0.3386635217325829,0.1380086279198539,0.5875706214689266,0.5,5.96901577703902,0.4317090395480225,21346.0,1770.0,0.2,20.529
online_retail_ii,random,1,2011-03-01,0.2,ros@1.0,hgb,ok,0.7890462909764117,0.4733378450296934,0.5042553191489362,0.3595606588302878,0.1660981860517907,0.5084745762711864,0.5,6.060135438348056,0.462310734463277,21346.0,1770.0,0.2,2.43
online_retail_ii,random,1,2011-03-01,0.2,ros@1.0,xgb,ok,0.7879091656292891,0.4582077834390043,0.5078698845750262,0.364770203819222,0.1704230895223972,0.5028248587570622,0.5,5.9839487083589775,0.4404237288135594,21346.0,1770.0,0.2,1.709
online_retail_ii,random,1,2011-03-01,0.2,ros@1.0,lgbm,ok,0.7897874174087907,0.4625163477274006,0.5083612040133779,0.3656976245437687,0.1612348133046121,0.5084745762711864,0.5,6.120721151490032,0.4405169491525423,21346.0,1770.0,0.2,1.997
online_retail_ii,random,1,2011-03-01,0.2,rus@1.0,lr,ok,0.7591907657441987,0.3961626638188533,0.4575273338940286,0.2970846853280935,0.2057543226799763,0.4576271186440678,0.5,5.5963749509553065,0.5072966101694916,5336.0,1770.0,0.2,0.073
online_retail_ii,random,1,2011-03-01,0.2,rus@1.0,rf,ok,0.7676763142775065,0.426609979221752,0.4737344794651384,0.3165795531202405,0.1984416011953301,0.4689265536723164,0.5,5.720103088558142,0.4960790960451977,5336.0,1770.0,0.2,6.226
online_retail_ii,random,1,2011-03-01,0.2,rus@1.0,hgb,ok,0.7789737543490057,0.4130545311990762,0.488929889298893,0.3414356544236359,0.1957694622751915,0.4632768361581921,0.5,5.990734605480691,0.461180790960452,5336.0,1770.0,0.2,1.644
online_retail_ii,random,1,2011-03-01,0.2,rus@1.0,xgb,ok,0.7760940342813368,0.4309968682057896,0.497704315886134,0.3554248995865567,0.1977369620766003,0.5028248587570622,0.5,5.931047923177188,0.4658163841807909,5336.0,1770.0,0.2,0.991
online_retail_ii,random,1,2011-03-01,0.2,rus@1.0,lgbm,ok,0.7573633853618054,0.4009525718555061,0.4663507109004739,0.3055468528236319,0.2014398454513737,0.4350282485875706,0.5,5.679001787861557,0.5363785310734464,5336.0,1770.0,0.2,1.152
online_retail_ii,random,1,2011-03-01,0.2,smote@1.0,lr,ok,0.7607867311436689,0.4031414240138671,0.4577702702702703,0.2971846233122566,0.2043227090060399,0.4350282485875706,0.5,5.634839310785445,0.507584745762712,21346.0,1770.0,0.2,0.225
online_retail_ii,random,1,2011-03-01,0.2,smote@1.0,rf,ok,0.7790715072297232,0.4431723419444233,0.4502762430939226,0.3091470704970551,0.1494043273549219,0.5141242937853108,0.5,5.958885376079093,0.4728220338983053,21346.0,1770.0,0.2,29.122
online_retail_ii,random,1,2011-03-01,0.2,smote@1.0,hgb,ok,0.778168789300648,0.4427752916940781,0.4671361502347418,0.3122253535348505,0.1578497292209966,0.5141242937853108,0.5,5.896272965758378,0.4631412429378531,21346.0,1770.0,0.2,2.699
online_retail_ii,random,1,2011-03-01,0.2,smote@1.0,xgb,ok,0.7725739330971304,0.4310453118779639,0.4619047619047619,0.3063477672962379,0.1593364865108207,0.4576271186440678,0.5,5.835783411410151,0.4775197740112993,21346.0,1770.0,0.2,1.873
online_retail_ii,random,1,2011-03-01,0.2,smote@1.0,lgbm,ok,0.7806744549778161,0.4611395919736129,0.4595744680851064,0.3251905629942698,0.1432401922359578,0.5084745762711864,0.5,5.881236571166215,0.4897994350282487,21346.0,1770.0,0.2,2.345
online_retail_ii,random,1,2011-03-01,0.2,smote@0.5,lr,ok,0.7616904465511187,0.4047430603530562,0.4189383070301291,0.2765807326874092,0.1519871203069897,0.4519774011299435,0.5,5.645852632445219,0.49245197740113,16009.0,1770.0,0.2,0.176
online_retail_ii,random,1,2011-03-01,0.2,smote@0.5,rf,ok,0.784111765456925,0.4545824464806879,0.4060913705583756,0.3011142987341807,0.137327721866717,0.5028248587570622,0.5,6.023520231086561,0.4679265536723164,16009.0,1770.0,0.2,19.509
online_retail_ii,random,1,2011-03-01,0.2,smote@0.5,hgb,ok,0.7809717035334673,0.4501525125512853,0.423963133640553,0.2970865268770202,0.1399342813546518,0.4971751412429379,0.5,5.942273965163817,0.4810593220338983,16009.0,1770.0,0.2,2.382
online_retail_ii,random,1,2011-03-01,0.2,smote@0.5,xgb,ok,0.7867750327172907,0.4551712356873177,0.4274322169059011,0.3105047779901303,0.1379356903782514,0.5028248587570622,0.5,5.963838083752791,0.4640338983050847,16009.0,1770.0,0.2,1.573
online_retail_ii,random,1,2011-03-01,0.2,smote@0.5,lgbm,ok,0.790653228638003,0.4826913688798834,0.4165232358003442,0.3193492588252452,0.1334994660871614,0.5423728813559322,0.5,5.999746569816462,0.4529519774011299,16009.0,1770.0,0.2,1.938
online_retail_ii,random,1,2011-03-01,0.2,adasyn@1.0,lr,ok,0.7602401129943501,0.3994083813160933,0.4514003294892916,0.2882506256796371,0.2072250548009396,0.4406779661016949,0.5,5.67207695381221,0.5030197740112995,21333.0,1770.0,0.2,0.589
online_retail_ii,random,1,2011-03-01,0.2,adasyn@1.0,rf,ok,0.7766217003415367,0.4315590414826022,0.4596774193548387,0.3169210677924431,0.1511173442201219,0.5028248587570622,0.5,5.958407553964135,0.4541242937853107,21333.0,1770.0,0.2,32.422
online_retail_ii,random,1,2011-03-01,0.2,adasyn@1.0,hgb,ok,0.7779672986689649,0.4483213250727158,0.4820393974507532,0.3313966324674918,0.1573767027510128,0.4971751412429379,0.5,5.969433941466711,0.4958983050847458,21333.0,1770.0,0.2,3.169
online_retail_ii,random,1,2011-03-01,0.2,adasyn@1.0,xgb,ok,0.7750297248555651,0.4311487084125801,0.4776119402985074,0.3249008788913664,0.159527755183521,0.4689265536723164,0.5,5.855335469703337,0.4848361581920904,21333.0,1770.0,0.2,2.468
online_retail_ii,random,1,2011-03-01,0.2,adasyn@1.0,lgbm,ok,0.7799133789779439,0.4540528832222854,0.4434654919236417,0.3115349182850713,0.1425018747091293,0.5254237288135594,0.5,5.876626463743292,0.4745084745762712,21333.0,1770.0,0.2,2.718
online_retail_ii,random,1,2011-03-01,0.2,smote_enn@1.0,lr,ok,0.7614949407896837,0.4037158390153483,0.4403145103645461,0.2843466098889767,0.283540633410917,0.4745762711864407,0.5,5.660739927326392,0.5074774011299436,13605.0,1770.0,0.2,4.632
online_retail_ii,random,1,2011-03-01,0.2,smote_enn@1.0,rf,ok,0.7614520492195729,0.3980005520184581,0.478584729981378,0.3249058675236917,0.2238927115630604,0.423728813559322,0.5,5.733168987292518,0.5073672316384181,13636.0,1770.0,0.2,21.588
online_retail_ii,random,1,2011-03-01,0.2,smote_enn@1.0,hgb,ok,0.7649013294391777,0.3983902199566126,0.490566037735849,0.3426756812282886,0.2293842317276055,0.4576271186440678,0.5,5.77240250923995,0.4789096045197741,13558.0,1770.0,0.2,6.903
online_retail_ii,random,1,2011-03-01,0.2,smote_enn@1.0,xgb,ok,0.7670149861151011,0.3990683653096989,0.4850187265917603,0.3345531102396212,0.2269266532354872,0.4180790960451977,0.5,5.750445320989895,0.4835141242937852,13518.0,1770.0,0.2,6.157
online_retail_ii,random,1,2011-03-01,0.2,smote_enn@1.0,lgbm,ok,0.7684393852341281,0.4089425180295309,0.4823529411764706,0.3288724222454535,0.2169450881886978,0.4519774011299435,0.5,5.831073243609722,0.5072796610169492,13598.0,1770.0,0.2,6.422
online_retail_ii,random,1,2011-03-01,0.2,dirichlet@1.0,lr,ok,0.762081458073989,0.4105729283565597,0.4590717299578059,0.2994279716327267,0.2024305094563833,0.480225988700565,0.5,5.603290543807031,0.4807627118644068,21346.0,1770.0,0.2,0.272
online_retail_ii,random,1,2011-03-01,0.2,dirichlet@1.0,rf,ok,0.7819272878164002,0.436806582841461,0.4066767830045523,0.2730197953444381,0.1432611165662458,0.4971751412429379,0.5,6.144293353496068,0.4695367231638417,21346.0,1770.0,0.2,27.343
online_retail_ii,random,1,2011-03-01,0.2,dirichlet@1.0,hgb,ok,0.7820260381754923,0.4549936036510699,0.2445414847161572,0.2114114495416982,0.1338235605998707,0.519774011299435,0.5,5.963652247469468,0.4780847457627118,21346.0,1770.0,0.2,2.829
online_retail_ii,random,1,2011-03-01,0.2,dirichlet@1.0,xgb,ok,0.7743065530339303,0.4268071832355873,0.4420772303595206,0.2932428141913681,0.1488130267177654,0.4915254237288136,0.5,5.850127011035415,0.4762457627118644,21346.0,1770.0,0.2,1.953
online_retail_ii,random,1,2011-03-01,0.2,dirichlet@1.0,lgbm,ok,0.7875869801142712,0.47142020513694,0.4166666666666667,0.2985561965009867,0.1355815075156651,0.5310734463276836,0.5,6.054865674530365,0.4438107344632767,21346.0,1770.0,0.2,2.502
online_retail_ii,random,1,2011-03-01,0.2,easy_ensemble,lr,ok,0.7592745539276708,0.3966112808931865,0.4590717299578059,0.2994279716327267,0.205284519505158,0.4519774011299435,0.5,5.631024723441865,0.5086497175141244,13341.0,1770.0,0.2,0.298
online_retail_ii,random,1,2011-03-01,0.2,easy_ensemble,rf,ok,0.7823801429984999,0.4268897537739412,0.4931255728689276,0.3484092517996635,0.1948390124840779,0.480225988700565,0.5,5.996240022290119,0.4694463276836159,13341.0,1770.0,0.2,47.941
online_retail_ii,random,1,2011-03-01,0.2,easy_ensemble,hgb,ok,0.7884348367327396,0.4493904650140997,0.5040358744394619,0.3674666754225205,0.19264541050858,0.5028248587570622,0.5,6.123588318316567,0.4474237288135594,13341.0,1770.0,0.2,15.955
online_retail_ii,random,1,2011-03-01,0.2,easy_ensemble,xgb,ok,0.7877006926489835,0.4546214659622504,0.4937163375224416,0.3509761753515593,0.1929148585750195,0.5141242937853108,0.5,5.979821275499583,0.4513587570621469,13341.0,1770.0,0.2,9.541
online_retail_ii,random,1,2011-03-01,0.2,easy_ensemble,lgbm,ok,0.7854463915222317,0.4521035689089526,0.5096596136154554,0.3739178815623185,0.1926753848653769,0.5028248587570622,0.5,6.033729109472303,0.4363220338983051,13341.0,1770.0,0.2,9.233
online_retail_ii,temporal,2,2011-04-01,0.2,none,lr,ok,0.7614290918197756,0.3892454799364911,0.0,-0.0117395476510732,0.1395007238071123,0.445054945054945,0.5,5.73601038557332,0.4716501377410469,14948.0,1815.0,0.2,0.123
online_retail_ii,temporal,2,2011-04-01,0.2,none,rf,ok,0.7314732600232224,0.3550025557503352,0.1716738197424892,0.1154971442398316,0.1467789762873384,0.412087912087912,0.5,5.366587136640885,0.5052947658402205,14948.0,1815.0,0.2,17.52
online_retail_ii,temporal,2,2011-04-01,0.2,none,hgb,ok,0.7543380840713673,0.3759759354719121,0.1090047393364928,0.0869900879110511,0.1457554734160107,0.4175824175824176,0.5,5.675112871031433,0.4538016528925621,14948.0,1815.0,0.2,2.472
online_retail_ii,temporal,2,2011-04-01,0.2,none,xgb,ok,0.7476379118001958,0.3669974556675313,0.102803738317757,0.0667124384994991,0.1448436406481871,0.4065934065934066,0.5,5.673822434948304,0.4711707988980715,14948.0,1815.0,0.2,1.819
online_retail_ii,temporal,2,2011-04-01,0.2,none,lgbm,ok,0.7420922219945509,0.3625384826997455,0.1491228070175438,0.0962061159683514,0.1483985089822661,0.3736263736263736,0.5,5.616755849270528,0.4791267217630854,14948.0,1815.0,0.2,1.759
online_retail_ii,temporal,2,2011-04-01,0.2,class_weight,lr,ok,0.7603571401467721,0.3891578478156507,0.4776386404293381,0.3241690807320487,0.1888418413182196,0.4725274725274725,0.5,5.707913738440437,0.4788209366391186,14948.0,1815.0,0.2,0.112
online_retail_ii,temporal,2,2011-04-01,0.2,class_weight,rf,ok,0.7398515584090339,0.3666815270718332,0.24765478424015,0.151280368999744,0.1475240709492327,0.3846153846153846,0.5,5.450020285788295,0.5111267217630854,14948.0,1815.0,0.2,16.847
online_retail_ii,temporal,2,2011-04-01,0.2,class_weight,hgb,ok,0.7531646290098581,0.3779781435390969,0.4611708482676224,0.3079271175769559,0.1621275936368704,0.3956043956043956,0.5,5.663809057285384,0.4563085399449035,14948.0,1815.0,0.2,2.451
online_retail_ii,temporal,2,2011-04-01,0.2,class_weight,xgb,ok,0.7510283147022442,0.3842591752088287,0.4547619047619047,0.299164911589942,0.1648868509080276,0.4340659340659341,0.5,5.584553913319463,0.4731101928374656,14948.0,1815.0,0.2,1.551
online_retail_ii,temporal,2,2011-04-01,0.2,class_weight,lgbm,ok,0.746476788926075,0.3683559348221917,0.443361753958587,0.2866723300234045,0.1639362601316446,0.4065934065934066,0.5,5.576143141256138,0.4511404958677686,14948.0,1815.0,0.2,1.756
online_retail_ii,temporal,2,2011-04-01,0.2,threshold,lr,ok,0.7614290918197756,0.3892454799364911,0.4814814814814814,0.3273034366481553,0.1395007238071123,0.445054945054945,0.2454105709768745,5.73601038557332,0.4716501377410469,14948.0,1815.0,0.2,0.436
online_retail_ii,temporal,2,2011-04-01,0.2,threshold,rf,ok,0.7311621094491116,0.3560166623908307,0.4209245742092457,0.2573118873945664,0.1465290051409214,0.4175824175824176,0.2949311330298815,5.3471367668623815,0.529534435261708,14948.0,1815.0,0.2,31.671
online_retail_ii,temporal,2,2011-04-01,0.2,threshold,hgb,ok,0.7543380840713673,0.3759759354719121,0.4436090225563909,0.2904011597483873,0.1457554734160107,0.4175824175824176,0.2465054425149377,5.675112871031433,0.4538016528925621,14948.0,1815.0,0.2,4.398
online_retail_ii,temporal,2,2011-04-01,0.2,threshold,xgb,ok,0.7495161988024497,0.3769844033169146,0.4602991944764096,0.3034952312973193,0.1434772222564912,0.4340659340659341,0.2441732206940651,5.6035204174980855,0.4946749311294767,14948.0,1815.0,0.2,3.052
online_retail_ii,temporal,2,2011-04-01,0.2,threshold,lgbm,ok,0.7377512920337863,0.3602870597256933,0.4716417910447761,0.3128623577377324,0.1481781484701016,0.3791208791208791,0.1806624809084068,5.421342558400585,0.4797988980716253,14948.0,1815.0,0.2,3.445
online_retail_ii,temporal,2,2011-04-01,0.2,ros@1.0,lr,ok,0.7613835575894178,0.3906431437559868,0.4790739091718611,0.3266576583245528,0.1883872816943965,0.445054945054945,0.5,5.759877988123488,0.4813581267217631,23918.0,1815.0,0.2,0.131
online_retail_ii,temporal,2,2011-04-01,0.2,ros@1.0,rf,ok,0.7294128360995379,0.3577157257231027,0.3311475409836065,0.2072851568424797,0.1552355233066022,0.3901098901098901,0.5,5.261870386740586,0.5322258953168044,23918.0,1815.0,0.2,23.511
online_retail_ii,temporal,2,2011-04-01,0.2,ros@1.0,hgb,ok,0.7527823312008135,0.3860431895410151,0.4447144592952612,0.288159430754033,0.1612432406791774,0.4230769230769231,0.5,5.5974065623441245,0.4612837465564737,23918.0,1815.0,0.2,2.657
online_retail_ii,temporal,2,2011-04-01,0.2,ros@1.0,xgb,ok,0.745841206960666,0.3757645430193425,0.437726723095526,0.2784979027381562,0.1643660511808226,0.4065934065934066,0.5,5.519901351416904,0.49532782369146,23918.0,1815.0,0.2,1.927
online_retail_ii,temporal,2,2011-04-01,0.2,ros@1.0,lgbm,ok,0.7443973924064082,0.3709606743059853,0.4238578680203045,0.2667177973269093,0.1627355133862284,0.3736263736263736,0.5,5.586646635883153,0.4554104683195592,23918.0,1815.0,0.2,2.135
online_retail_ii,temporal,2,2011-04-01,0.2,rus@1.0,lr,ok,0.7576118055081242,0.379342634318637,0.4797843665768194,0.3272807297357087,0.1882589813754428,0.4340659340659341,0.5,5.726022052266985,0.4783911845730029,5978.0,1815.0,0.2,0.088
online_retail_ii,temporal,2,2011-04-01,0.2,rus@1.0,rf,ok,0.7388498053411654,0.3532541191918807,0.4477317554240631,0.2780022952325773,0.1943980409896494,0.3791208791208791,0.5,5.511935232784498,0.5027658402203857,5978.0,1815.0,0.2,6.892
online_retail_ii,temporal,2,2011-04-01,0.2,rus@1.0,hgb,ok,0.7355960051301901,0.3542273278429935,0.4558969276511397,0.2899859964949657,0.1973082269497162,0.4010989010989011,0.5,5.319489065612498,0.5071845730027549,5978.0,1815.0,0.2,1.672
online_retail_ii,temporal,2,2011-04-01,0.2,rus@1.0,xgb,ok,0.7378385659753053,0.3656922676322438,0.4480651731160896,0.279514386887952,0.1905455659210216,0.3846153846153846,0.5,5.327577550958733,0.5188016528925619,5978.0,1815.0,0.2,1.032
online_retail_ii,temporal,2,2011-04-01,0.2,rus@1.0,lgbm,ok,0.7404928321532379,0.3736453255025058,0.4579831932773109,0.2947846381122516,0.1871582370500567,0.4285714285714285,0.5,5.410135304272762,0.5107217630853994,5978.0,1815.0,0.2,1.193
online_retail_ii,temporal,2,2011-04-01,0.2,smote@1.0,lr,ok,0.7615182630208925,0.3854824949999483,0.4800708591674048,0.3285361550834886,0.1899493258550067,0.4340659340659341,0.5,5.780447546426757,0.47433608815427,23918.0,1815.0,0.2,0.238
online_retail_ii,temporal,2,2011-04-01,0.2,smote@1.0,rf,ok,0.73424041314725,0.3571636629940428,0.3681159420289855,0.2207727050327885,0.1618386882612595,0.3956043956043956,0.5,5.454271775221262,0.5248760330578511,23918.0,1815.0,0.2,32.076
online_retail_ii,temporal,2,2011-04-01,0.2,smote@1.0,hgb,ok,0.7474140351676037,0.3729509212354283,0.3948863636363636,0.2496590623578585,0.1531584473122748,0.4285714285714285,0.5,5.568284971947803,0.4623801652892562,23918.0,1815.0,0.2,3.038
online_retail_ii,temporal,2,2011-04-01,0.2,smote@1.0,xgb,ok,0.7557581828806472,0.3898011762584917,0.4248985115020298,0.2780154893782279,0.1527188398468986,0.4230769230769231,0.5,5.694487254122064,0.4391212121212122,23918.0,1815.0,0.2,1.984
online_retail_ii,temporal,2,2011-04-01,0.2,smote@1.0,lgbm,ok,0.7524493621413231,0.3846289557667028,0.3727272727272727,0.2368007174608954,0.1475600584814662,0.4615384615384615,0.5,5.618407579981184,0.4528953168044077,23918.0,1815.0,0.2,2.527
online_retail_ii,temporal,2,2011-04-01,0.2,smote@0.5,lr,ok,0.7624782763776004,0.3888487735872445,0.4133148404993065,0.2679228042443853,0.1470867154624101,0.4285714285714285,0.5,5.763339142574624,0.4731046831955923,17938.0,1815.0,0.2,0.215
online_retail_ii,temporal,2,2011-04-01,0.2,smote@0.5,rf,ok,0.7349262724920126,0.346837703413244,0.2895622895622896,0.1644900005945548,0.1535633385690713,0.3681318681318681,0.5,5.510925777425847,0.5292920110192838,17938.0,1815.0,0.2,24.194
online_retail_ii,temporal,2,2011-04-01,0.2,smote@0.5,hgb,ok,0.75069914016195,0.3682403639885958,0.3047945205479452,0.1887025318933427,0.1454771763561783,0.4230769230769231,0.5,5.632104361570942,0.4387520661157025,17938.0,1815.0,0.2,2.562
online_retail_ii,temporal,2,2011-04-01,0.2,smote@0.5,xgb,ok,0.7523298347866342,0.3780535227848064,0.3094841930116472,0.1852642131864496,0.1450809009249216,0.412087912087912,0.5,5.637224238040262,0.4591900826446282,17938.0,1815.0,0.2,1.698
online_retail_ii,temporal,2,2011-04-01,0.2,smote@0.5,lgbm,ok,0.7468695216629101,0.3720206531244783,0.2816399286987522,0.1740798987475779,0.1461892245634868,0.4010989010989011,0.5,5.553044571994694,0.4547217630853995,17938.0,1815.0,0.2,2.051
online_retail_ii,temporal,2,2011-04-01,0.2,adasyn@1.0,lr,ok,0.7612943863883006,0.3845949190232579,0.4771929824561403,0.3245856928060278,0.1916845059384944,0.4285714285714285,0.5,5.768345812445187,0.4752093663911846,23807.0,1815.0,0.2,0.668
online_retail_ii,temporal,2,2011-04-01,0.2,adasyn@1.0,rf,ok,0.7347194711958048,0.3510177042331444,0.3881856540084388,0.2393268537453125,0.1628730378276297,0.3791208791208791,0.5,5.3646866431518605,0.5239972451790634,23807.0,1815.0,0.2,35.589
online_retail_ii,temporal,2,2011-04-01,0.2,adasyn@1.0,hgb,ok,0.7497248973582558,0.3707731602417402,0.4175824175824176,0.2714792661876198,0.1530578333939336,0.3901098901098901,0.5,5.53777789934486,0.478581267217631,23807.0,1815.0,0.2,3.343
online_retail_ii,temporal,2,2011-04-01,0.2,adasyn@1.0,xgb,ok,0.7594976815487711,0.3859154053686157,0.4196185286103542,0.2725664191168616,0.1516915861242152,0.4175824175824176,0.5,5.790378900371772,0.4388732782369146,23807.0,1815.0,0.2,2.394
online_retail_ii,temporal,2,2011-04-01,0.2,adasyn@1.0,lgbm,ok,0.7537698548216957,0.3941906614392753,0.3625192012288786,0.2276990322884591,0.1454571839914546,0.4615384615384615,0.5,5.595590481034797,0.4354104683195591,23807.0,1815.0,0.2,3.07
online_retail_ii,temporal,2,2011-04-01,0.2,smote_enn@1.0,lr,ok,0.7587103188155029,0.3789618969491776,0.4671201814058957,0.3228547620346044,0.266287744649834,0.4065934065934066,0.5,5.7998649446964405,0.4780165289256199,15313.0,1815.0,0.2,5.751
online_retail_ii,temporal,2,2011-04-01,0.2,smote_enn@1.0,rf,ok,0.749808376780578,0.3659389565404713,0.4678714859437751,0.3075183553649269,0.2066612033881652,0.3956043956043956,0.5,5.588927242614336,0.4830110192837466,15250.0,1815.0,0.2,24.323
online_retail_ii,temporal,2,2011-04-01,0.2,smote_enn@1.0,hgb,ok,0.75465777231367,0.3706397377626279,0.4848484848484848,0.3323038562070793,0.2059285929558535,0.3901098901098901,0.5,5.706126833250424,0.4655454545454545,15292.0,1815.0,0.2,8.171
online_retail_ii,temporal,2,2011-04-01,0.2,smote_enn@1.0,xgb,ok,0.7548512927926903,0.3858107184356488,0.4808080808080808,0.3261642883058744,0.2078871214185949,0.3846153846153846,0.5,5.656778405409352,0.4606694214876033,15244.0,1815.0,0.2,7.144
online_retail_ii,temporal,2,2011-04-01,0.2,smote_enn@1.0,lgbm,ok,0.7554508268257328,0.3723316469203083,0.4773922187171398,0.3219929672731897,0.2014260402238567,0.3901098901098901,0.5,5.7319061264457165,0.4572920110192839,15348.0,1815.0,0.2,7.669
online_retail_ii,temporal,2,2011-04-01,0.2,dirichlet@1.0,lr,ok,0.7633396322351994,0.3910195583405429,0.4840425531914893,0.3347309635022892,0.1900609648198235,0.4395604395604395,0.5,5.841279948430547,0.4689118457300276,23918.0,1815.0,0.2,0.254
online_retail_ii,temporal,2,2011-04-01,0.2,dirichlet@1.0,rf,ok,0.7398714796348155,0.3580683427336948,0.3402225755166931,0.2095346047287553,0.1559197926123076,0.4065934065934066,0.5,5.53347609061861,0.512779614325069,23918.0,1815.0,0.2,31.045
online_retail_ii,temporal,2,2011-04-01,0.2,dirichlet@1.0,hgb,ok,0.7477944357170503,0.3601472425757038,0.1345291479820627,0.0883551395209295,0.1451419163051779,0.3901098901098901,0.5,5.736362163959647,0.4812396694214877,23918.0,1815.0,0.2,2.957
online_retail_ii,temporal,2,2011-04-01,0.2,dirichlet@1.0,xgb,ok,0.7512275269600589,0.3744308591166289,0.374251497005988,0.2357662247540424,0.1514451978121304,0.4065934065934066,0.5,5.575235134536066,0.4551432506887052,23918.0,1815.0,0.2,2.083
online_retail_ii,temporal,2,2011-04-01,0.2,dirichlet@1.0,lgbm,ok,0.7555134363924747,0.3774179756226719,0.2946273830155979,0.1802394722156938,0.1461275460438202,0.4010989010989011,0.5,5.641792970261982,0.4582396694214877,23918.0,1815.0,0.2,2.748
online_retail_ii,temporal,2,2011-04-01,0.2,easy_ensemble,lr,ok,0.7609604686990111,0.390343658945564,0.4777183600713012,0.3244840019924062,0.1888300086307113,0.467032967032967,0.5,5.71669846474939,0.4816639118457301,14948.0,1815.0,0.2,0.384
online_retail_ii,temporal,2,2011-04-01,0.2,easy_ensemble,rf,ok,0.7540885944341993,0.3699233809582593,0.4734299516908212,0.3154912973062788,0.1927270267336012,0.4010989010989011,0.5,5.7015115429945125,0.4890826446280992,14948.0,1815.0,0.2,70.404
online_retail_ii,temporal,2,2011-04-01,0.2,easy_ensemble,hgb,ok,0.7484214800142673,0.370269508176256,0.4736842105263157,0.3159752144305844,0.1833200386533727,0.3846153846153846,0.5,5.612552730970236,0.4757741046831956,14948.0,1815.0,0.2,16.769
online_retail_ii,temporal,2,2011-04-01,0.2,easy_ensemble,xgb,ok,0.7480610006906026,0.3724274526286005,0.4708171206225681,0.3116066832941063,0.1898064546005171,0.4175824175824176,0.5,5.601968257421047,0.4965234159779614,14948.0,1815.0,0.2,10.07
online_retail_ii,temporal,2,2011-04-01,0.2,easy_ensemble,lgbm,ok,0.7452606455236057,0.3675411487849316,0.4691358024691358,0.3098005790733876,0.1845101919864147,0.412087912087912,0.5,5.466361411773792,0.476694214876033,14948.0,1815.0,0.2,11.452
online_retail_ii,random,2,2011-04-01,0.2,none,lr,ok,0.7433406188101905,0.3813877193215865,0.0054945054945054,0.0469581906042929,0.1413314397827712,0.412087912087912,0.5,5.440393379056823,0.4581267217630854,14948.0,1815.0,0.2,0.113
online_retail_ii,random,2,2011-04-01,0.2,none,rf,ok,0.760622756490525,0.4363361684348012,0.2851239669421487,0.2473823065635663,0.1371956424493709,0.5,0.5,5.5704338463225005,0.45267217630854,14948.0,1815.0,0.2,17.709
online_retail_ii,random,2,2011-04-01,0.2,none,hgb,ok,0.7635549711995994,0.4224903609819603,0.1776765375854214,0.1636667198725815,0.1376708656841005,0.4835164835164835,0.5,5.653224122881467,0.4578595041322315,14948.0,1815.0,0.2,2.167
online_retail_ii,random,2,2011-04-01,0.2,none,xgb,ok,0.758228414877551,0.4319598500619552,0.2188183807439825,0.1939278759395513,0.1379080253543135,0.5,0.5,5.529687026709561,0.4484490358126722,14948.0,1815.0,0.2,1.468
online_retail_ii,random,2,2011-04-01,0.2,none,lgbm,ok,0.7658572957220591,0.4325675429789309,0.2468085106382978,0.2140352341132706,0.136965285457908,0.4945054945054945,0.5,5.720929780406202,0.453099173553719,14948.0,1815.0,0.2,1.66
online_retail_ii,random,2,2011-04-01,0.2,class_weight,lr,ok,0.7426500163164326,0.3788453051203218,0.4622792937399679,0.3069989510188655,0.2149975211812897,0.3901098901098901,0.5,5.465822501792827,0.4614848484848485,14948.0,1815.0,0.2,0.146
online_retail_ii,random,2,2011-04-01,0.2,class_weight,rf,ok,0.7617345506150917,0.4499104682819959,0.4039087947882736,0.2944700535975399,0.1405489291034185,0.532967032967033,0.5,5.532158148927199,0.455771349862259,14948.0,1815.0,0.2,17.262
online_retail_ii,random,2,2011-04-01,0.2,class_weight,hgb,ok,0.7537603685237044,0.413704942044768,0.473633748801534,0.3158716146017506,0.1879597699373785,0.4615384615384615,0.5,5.5088440926396505,0.4523856749311295,14948.0,1815.0,0.2,2.163
online_retail_ii,random,2,2011-04-01,0.2,class_weight,xgb,ok,0.758511106557688,0.4224456305786903,0.4723809523809524,0.3140958637259219,0.1881503136404877,0.456043956043956,0.5,5.608545581606888,0.4538347107438016,14948.0,1815.0,0.2,1.535
online_retail_ii,random,2,2011-04-01,0.2,class_weight,lgbm,ok,0.7578565519962966,0.4232016150186501,0.4763819095477387,0.3197747913137671,0.179185179209973,0.5,0.5,5.604812669847925,0.4507438016528924,14948.0,1815.0,0.2,1.714
online_retail_ii,random,2,2011-04-01,0.2,threshold,lr,ok,0.7433406188101905,0.3813877193215865,0.4669527896995708,0.3095368056445622,0.1413314397827712,0.412087912087912,0.22702883546576,5.440393379056823,0.4581267217630854,14948.0,1815.0,0.2,0.446
online_retail_ii,random,2,2011-04-01,0.2,threshold,rf,ok,0.7612725679029211,0.4412433471465249,0.479489516864175,0.3261258768503187,0.1368240734251427,0.5164835164835165,0.2059261764705882,5.530581944759839,0.4526859504132231,14948.0,1815.0,0.2,31.943
online_retail_ii,random,2,2011-04-01,0.2,threshold,hgb,ok,0.7635549711995994,0.4224903609819603,0.4859813084112149,0.33500023416272,0.1376708656841005,0.4835164835164835,0.2250002464202433,5.653224122881467,0.4578595041322315,14948.0,1815.0,0.2,4.438
online_retail_ii,random,2,2011-04-01,0.2,threshold,xgb,ok,0.759279496694974,0.4314597570360934,0.4806355511420059,0.3258855127408665,0.1378131873837507,0.4945054945054945,0.2503409779071808,5.594543124454231,0.4921515151515152,14948.0,1815.0,0.2,3.172
online_retail_ii,random,2,2011-04-01,0.2,threshold,lgbm,ok,0.7604197497135138,0.4277959796528296,0.4856046065259117,0.3336134623976269,0.1380169074897604,0.4615384615384615,0.2221613454400516,5.604101881502552,0.449542699724518,14948.0,1815.0,0.2,3.544
online_retail_ii,random,2,2011-04-01,0.2,ros@1.0,lr,ok,0.7414869961827136,0.3754043982011769,0.4594594594594595,0.3030590534789465,0.2156286939392316,0.3846153846153846,0.5,5.447875473807482,0.4580220385674931,23918.0,1815.0,0.2,0.183
online_retail_ii,random,2,2011-04-01,0.2,ros@1.0,rf,ok,0.7614774719395305,0.4382955452494018,0.4391691394658754,0.3136340338846886,0.1469239313893771,0.532967032967033,0.5,5.605478233268783,0.4348016528925619,23918.0,1815.0,0.2,23.788
online_retail_ii,random,2,2011-04-01,0.2,ros@1.0,hgb,ok,0.7558881451631264,0.4247994814924451,0.4755381604696673,0.3185100729743975,0.1837941301007966,0.4835164835164835,0.5,5.568829146357643,0.4757603305785123,23918.0,1815.0,0.2,2.562
online_retail_ii,random,2,2011-04-01,0.2,ros@1.0,xgb,ok,0.7617952629222351,0.4442967387694198,0.489402697495183,0.3391428441614815,0.1839697013400202,0.5,0.5,5.6009819522640045,0.4375454545454545,23918.0,1815.0,0.2,1.857
online_retail_ii,random,2,2011-04-01,0.2,ros@1.0,lgbm,ok,0.751181044099902,0.4279811705046369,0.487153134635149,0.3353354042517288,0.1774121677757982,0.4835164835164835,0.5,5.524861178774901,0.4380964187327824,23918.0,1815.0,0.2,2.181
online_retail_ii,random,2,2011-04-01,0.2,rus@1.0,lr,ok,0.7425798177112977,0.3735801939865174,0.4575059571088165,0.299748586293968,0.2141694691721449,0.412087912087912,0.5,5.429363077912587,0.4666446280991737,5978.0,1815.0,0.2,0.106
online_retail_ii,random,2,2011-04-01,0.2,rus@1.0,rf,ok,0.7547165873612154,0.4030286275683282,0.4696282864913871,0.311130721050486,0.2056205031243375,0.467032967032967,0.5,5.497553798748543,0.4731570247933885,5978.0,1815.0,0.2,6.837
online_retail_ii,random,2,2011-04-01,0.2,rus@1.0,hgb,ok,0.7472907132937185,0.4088709152145685,0.4767540152155536,0.326590501328926,0.2121368110345153,0.445054945054945,0.5,5.539408267966629,0.4746556473829201,5978.0,1815.0,0.2,1.727
online_retail_ii,random,2,2011-04-01,0.2,rus@1.0,xgb,ok,0.7490532674604802,0.4050772707404916,0.457728437233134,0.2948907981791529,0.2112817370216325,0.467032967032967,0.5,5.4320669734854645,0.4967134986225896,5978.0,1815.0,0.2,1.144
online_retail_ii,random,2,2011-04-01,0.2,rus@1.0,lgbm,ok,0.7338011975502583,0.3803444884056949,0.4573438874230431,0.2929947937411175,0.2150228748619116,0.3956043956043956,0.5,5.24355868939604,0.4980055096418734,5978.0,1815.0,0.2,1.249
online_retail_ii,random,2,2011-04-01,0.2,smote@1.0,lr,ok,0.7440577829383239,0.3863632848269793,0.4542536115569823,0.2932198239533868,0.2137266331191128,0.4230769230769231,0.5,5.456608406452264,0.4587851239669422,23918.0,1815.0,0.2,0.28
online_retail_ii,random,2,2011-04-01,0.2,smote@1.0,rf,ok,0.7600659107984427,0.4451439961959753,0.4415584415584415,0.2926005907017723,0.1549303508747734,0.5274725274725275,0.5,5.51787415206836,0.4709917355371901,23918.0,1815.0,0.2,33.997
online_retail_ii,random,2,2011-04-01,0.2,smote@1.0,hgb,ok,0.7566432544832244,0.4236563059802083,0.4699453551912568,0.3131846579783249,0.1664015773558776,0.489010989010989,0.5,5.528334740213112,0.4792176308539945,23918.0,1815.0,0.2,2.982
online_retail_ii,random,2,2011-04-01,0.2,smote@1.0,xgb,ok,0.7510150338850564,0.4185827646337149,0.4575725026852846,0.2952697786452839,0.1707830120381465,0.4835164835164835,0.5,5.446967552579542,0.4833939393939394,23918.0,1815.0,0.2,2.034
online_retail_ii,random,2,2011-04-01,0.2,smote@1.0,lgbm,ok,0.7450083099970403,0.4063196268994541,0.4062909567496723,0.2492258331334456,0.1552362031096569,0.4945054945054945,0.5,5.428730493623132,0.4673774104683195,23918.0,1815.0,0.2,2.564
online_retail_ii,random,2,2011-04-01,0.2,smote@0.5,lr,ok,0.7431622764079564,0.382759835385782,0.4357682619647355,0.2809655374769922,0.1584545479668445,0.4340659340659341,0.5,5.422998951437258,0.4664132231404959,17938.0,1815.0,0.2,0.211
online_retail_ii,random,2,2011-04-01,0.2,smote@0.5,rf,ok,0.7602546881284672,0.4385053367241797,0.4038155802861685,0.2874285098323818,0.1430907012715018,0.510989010989011,0.5,5.512340005036573,0.457275482093664,17938.0,1815.0,0.2,22.526
online_retail_ii,random,2,2011-04-01,0.2,smote@0.5,hgb,ok,0.7589863700870463,0.422092381367779,0.4129213483146067,0.269822157368422,0.1465526169034652,0.5,0.5,5.567550419440835,0.4634738292011019,17938.0,1815.0,0.2,2.645
online_retail_ii,random,2,2011-04-01,0.2,smote@0.5,xgb,ok,0.7535516699678984,0.421553359210615,0.4159779614325068,0.2699724517906336,0.1487290070808518,0.4725274725274725,0.5,5.547648771215331,0.4733002754820937,17938.0,1815.0,0.2,2.076
online_retail_ii,random,2,2011-04-01,0.2,smote@0.5,lgbm,ok,0.7569951961386973,0.4280165881521079,0.4212168486739469,0.3036695035044365,0.1433952826022941,0.5164835164835165,0.5,5.573468296645497,0.4355647382920111,17938.0,1815.0,0.2,2.09
online_retail_ii,random,2,2011-04-01,0.2,adasyn@1.0,lr,ok,0.7443670362528365,0.3834706984484936,0.4565560821484992,0.2986262609378274,0.216051240122194,0.4175824175824176,0.5,5.45338314468396,0.4609944903581267,23830.0,1815.0,0.2,0.686
online_retail_ii,random,2,2011-04-01,0.2,adasyn@1.0,rf,ok,0.7581449354552285,0.4422832178958413,0.4484536082474227,0.3002874429325578,0.1555968900689623,0.5054945054945055,0.5,5.511043590843043,0.4704187327823691,23830.0,1815.0,0.2,37.254
online_retail_ii,random,2,2011-04-01,0.2,adasyn@1.0,hgb,ok,0.7511943249170898,0.421331864302839,0.4742489270386266,0.3182875414942145,0.1681487150734689,0.467032967032967,0.5,5.482929787983256,0.4733388429752066,23830.0,1815.0,0.2,3.457
online_retail_ii,random,2,2011-04-01,0.2,adasyn@1.0,xgb,ok,0.7527358483406568,0.4289617279882363,0.4612068965517241,0.3004568792409084,0.1695512478269587,0.510989010989011,0.5,5.513942658303365,0.485732782369146,23830.0,1815.0,0.2,2.424
online_retail_ii,random,2,2011-04-01,0.2,adasyn@1.0,lgbm,ok,0.7502428492285743,0.4230800706297072,0.4200792602377807,0.2679595421615708,0.1530541606327312,0.4725274725274725,0.5,5.496199065190853,0.4681983471074381,23830.0,1815.0,0.2,3.003
online_retail_ii,random,2,2011-04-01,0.2,smote_enn@1.0,lr,ok,0.740686352632258,0.3786096813909718,0.4325068870523416,0.2704785505690332,0.3000638989840165,0.3901098901098901,0.5,5.407046082950409,0.4695454545454546,15541.0,1815.0,0.2,5.911
online_retail_ii,random,2,2011-04-01,0.2,smote_enn@1.0,rf,ok,0.7465488847908082,0.392244372816551,0.4602888086642599,0.2968081682731878,0.2352263260504275,0.4615384615384615,0.5,5.416084373564288,0.4920743801652892,15406.0,1815.0,0.2,25.336
online_retail_ii,random,2,2011-04-01,0.2,smote_enn@1.0,hgb,ok,0.7443319369502691,0.3938350887240023,0.4635645302897278,0.302921619230257,0.2487349870006124,0.4615384615384615,0.5,5.4553218252630495,0.4692534435261708,15406.0,1815.0,0.2,8.264
online_retail_ii,random,2,2011-04-01,0.2,smote_enn@1.0,xgb,ok,0.7441061630580789,0.397820269129463,0.4575971731448763,0.2932423804555225,0.2505320412071447,0.4395604395604395,0.5,5.417674736135989,0.4884655647382921,15441.0,1815.0,0.2,7.409
online_retail_ii,random,2,2011-04-01,0.2,smote_enn@1.0,lgbm,ok,0.7448318648544043,0.3927973687940638,0.4637946837763519,0.3018309900945849,0.238831870718905,0.445054945054945,0.5,5.444642088581754,0.4740165289256198,15520.0,1815.0,0.2,7.662
online_retail_ii,random,2,2011-04-01,0.2,dirichlet@1.0,lr,ok,0.745463652300617,0.3929896824745058,0.4576,0.2992499151237808,0.2132990263592007,0.4395604395604395,0.5,5.452603597062779,0.4496391184573003,23918.0,1815.0,0.2,0.248
online_retail_ii,random,2,2011-04-01,0.2,dirichlet@1.0,rf,ok,0.7608599139403046,0.4357358434650693,0.4305949008498583,0.2934303923229509,0.148648872310851,0.5274725274725275,0.5,5.579085949032958,0.4539641873278237,23918.0,1815.0,0.2,31.243
online_retail_ii,random,2,2011-04-01,0.2,dirichlet@1.0,hgb,ok,0.7624925058245869,0.4294666275041331,0.2546972860125261,0.2128659142865298,0.1377636100833019,0.489010989010989,0.5,5.636994079234585,0.4813966942148759,23918.0,1815.0,0.2,3.088
online_retail_ii,random,2,2011-04-01,0.2,dirichlet@1.0,xgb,ok,0.752658060697129,0.4343216216320744,0.452322738386308,0.2987395412562914,0.1581105364557215,0.4725274725274725,0.5,5.516382607813187,0.4715730027548209,23918.0,1815.0,0.2,2.088
online_retail_ii,random,2,2011-04-01,0.2,dirichlet@1.0,lgbm,ok,0.7575169425282122,0.4379948977080247,0.4212034383954154,0.284038188661298,0.1466453008815873,0.5,0.5,5.6394835949733855,0.4666446280991735,23918.0,1815.0,0.2,2.737
online_retail_ii,random,2,2011-04-01,0.2,easy_ensemble,lr,ok,0.7422060575704452,0.3805346129298778,0.4643714971977582,0.3108310463422692,0.2154674588217757,0.4010989010989011,0.5,5.470009105290202,0.4617355371900828,14948.0,1815.0,0.2,0.509
online_retail_ii,random,2,2011-04-01,0.2,easy_ensemble,rf,ok,0.7584503942505445,0.4376053252680658,0.4650751547303271,0.3050024864395703,0.2043020557659119,0.4835164835164835,0.5,5.556356072296764,0.4696997245179063,14948.0,1815.0,0.2,53.292
online_retail_ii,random,2,2011-04-01,0.2,easy_ensemble,hgb,ok,0.7629905364691241,0.4260346846035596,0.4755364806866953,0.3234049420981716,0.2054200302461606,0.4945054945054945,0.5,5.661169329631195,0.4671129476584022,14948.0,1815.0,0.2,16.354
online_retail_ii,random,2,2011-04-01,0.2,easy_ensemble,xgb,ok,0.7606872633168651,0.418872402519977,0.469475494411006,0.3135020878930482,0.2058114849283477,0.489010989010989,0.5,5.625176552554823,0.4777245179063362,14948.0,1815.0,0.2,9.908
online_retail_ii,random,2,2011-04-01,0.2,easy_ensemble,lgbm,ok,0.7587482640074675,0.4233725107172041,0.472914875322442,0.3190507974132791,0.2062372510303732,0.5164835164835165,0.5,5.606519682552952,0.4746253443526171,14948.0,1815.0,0.2,10.514
online_retail_ii,temporal,3,2011-05-01,0.2,none,lr,ok,0.7679427676671073,0.4085483703955068,0.0054644808743169,0.0468324891678719,0.1383630147190146,0.4972677595628415,0.5,5.75495397724527,0.4759392113910186,14948.0,1826.0,0.1998904709748083,0.112
online_retail_ii,temporal,3,2011-05-01,0.2,none,rf,ok,0.742777043308674,0.38326505163794,0.2245322245322245,0.1729943878852365,0.1432580710658451,0.453551912568306,0.5,5.31340745653661,0.5050301204819277,14948.0,1826.0,0.1998904709748083,17.688
online_retail_ii,temporal,3,2011-05-01,0.2,none,hgb,ok,0.7516366159414174,0.3990954027212846,0.1471264367816092,0.1284326397695387,0.1457425772146493,0.4590163934426229,0.5,5.501700780939376,0.4873466593647316,14948.0,1826.0,0.1998904709748083,2.302
online_retail_ii,temporal,3,2011-05-01,0.2,none,xgb,ok,0.7482583706037336,0.3917346182131254,0.185022026431718,0.1539659162546102,0.1439194701157569,0.4153005464480874,0.5,5.52709735104636,0.5211883899233298,14948.0,1826.0,0.1998904709748083,1.803
online_retail_ii,temporal,3,2011-05-01,0.2,none,lgbm,ok,0.7503136339343478,0.3862619441214089,0.1873638344226579,0.1500346110454111,0.1456049044344593,0.4644808743169399,0.5,5.478627309793535,0.513198247535597,14948.0,1826.0,0.1998904709748083,1.871
online_retail_ii,temporal,3,2011-05-01,0.2,class_weight,lr,ok,0.7669320131641868,0.4086915321311903,0.4825636192271442,0.3295426229098764,0.1830367745276861,0.4863387978142076,0.5,5.723328690020192,0.4801752464403067,14948.0,1826.0,0.1998904709748083,0.123
online_retail_ii,temporal,3,2011-05-01,0.2,class_weight,rf,ok,0.7440634581305731,0.384858258623144,0.3127272727272727,0.2224665470510095,0.1453375659096899,0.4699453551912568,0.5,5.323993855857184,0.4976779846659366,14948.0,1826.0,0.1998904709748083,17.017
online_retail_ii,temporal,3,2011-05-01,0.2,class_weight,hgb,ok,0.7502208095412224,0.3976427202870768,0.4422843256379101,0.2857345818856356,0.161929771284803,0.4262295081967213,0.5,5.503036043075559,0.4847946330777655,14948.0,1826.0,0.1998904709748083,2.125
online_retail_ii,temporal,3,2011-05-01,0.2,class_weight,xgb,ok,0.7524795364406065,0.4016717666846399,0.433849821215733,0.2725377666565205,0.1641242385124013,0.453551912568306,0.5,5.559042440474382,0.5127957283680176,14948.0,1826.0,0.1998904709748083,1.536
online_retail_ii,temporal,3,2011-05-01,0.2,class_weight,lgbm,ok,0.7489540847421076,0.3850651835795393,0.440925700365408,0.2842525339267878,0.1640656385780599,0.4590163934426229,0.5,5.481239389123441,0.5186993428258488,14948.0,1826.0,0.1998904709748083,1.695
online_retail_ii,temporal,3,2011-05-01,0.2,threshold,lr,ok,0.7679427676671073,0.4085483703955068,0.4663677130044843,0.3102494154674112,0.1383630147190146,0.4972677595628415,0.2619845616520759,5.75495397724527,0.4759392113910186,14948.0,1826.0,0.1998904709748083,0.427
online_retail_ii,temporal,3,2011-05-01,0.2,threshold,rf,ok,0.7347294497107442,0.3760112381863695,0.451988360814743,0.2841260056500455,0.1443908362304977,0.4316939890710382,0.2293081571252319,5.152453524101295,0.5139649507119387,14948.0,1826.0,0.1998904709748083,31.86
online_retail_ii,temporal,3,2011-05-01,0.2,threshold,hgb,ok,0.7516366159414174,0.3990954027212846,0.4081632653061224,0.2728217984341061,0.1457425772146493,0.4590163934426229,0.3101678686835922,5.501700780939376,0.4873466593647316,14948.0,1826.0,0.1998904709748083,4.362
online_retail_ii,temporal,3,2011-05-01,0.2,threshold,xgb,ok,0.7499610887644979,0.3872629244304552,0.4468085106382978,0.288662263067611,0.1435756915377212,0.4426229508196721,0.2523243749141693,5.548387484406865,0.5358187294633079,14948.0,1826.0,0.1998904709748083,3.014
online_retail_ii,temporal,3,2011-05-01,0.2,threshold,lgbm,ok,0.7481346047462332,0.3940346091438003,0.4368686868686868,0.283558289993974,0.1449589615276013,0.4590163934426229,0.2667883547732226,5.40919529426716,0.5181599123767799,14948.0,1826.0,0.1998904709748083,3.428
online_retail_ii,temporal,3,2011-05-01,0.2,ros@1.0,lr,ok,0.7667051090921024,0.4063483876655381,0.4912280701754385,0.3433661607262217,0.1855440832375394,0.4644808743169399,0.5,5.755724603408105,0.4739293537787514,23918.0,1826.0,0.1998904709748083,0.126
online_retail_ii,temporal,3,2011-05-01,0.2,ros@1.0,rf,ok,0.7412168434080617,0.3773260028471412,0.3788819875776397,0.2520811622175375,0.1529474627299145,0.4262295081967213,0.5,5.396298510966862,0.5173466593647317,23918.0,1826.0,0.1998904709748083,23.73
online_retail_ii,temporal,3,2011-05-01,0.2,ros@1.0,hgb,ok,0.7529520969874266,0.4103738697910558,0.4267676767676767,0.2706173319382266,0.1579512147304605,0.4699453551912568,0.5,5.493918913622499,0.5148658269441403,23918.0,1826.0,0.1998904709748083,2.634
online_retail_ii,temporal,3,2011-05-01,0.2,ros@1.0,xgb,ok,0.7548198362915248,0.3963649094547653,0.4408866995073892,0.2855213520932338,0.1608766617708734,0.4590163934426229,0.5,5.592967181146379,0.5154381161007667,23918.0,1826.0,0.1998904709748083,2.044
online_retail_ii,temporal,3,2011-05-01,0.2,ros@1.0,lgbm,ok,0.7513225131970034,0.3942037067517362,0.4280350438047559,0.2710328653017396,0.1599642403394289,0.453551912568306,0.5,5.544981163044466,0.5257146768893758,23918.0,1826.0,0.1998904709748083,2.132
online_retail_ii,temporal,3,2011-05-01,0.2,rus@1.0,lr,ok,0.7646104657159198,0.4009924711293688,0.481994459833795,0.3293487714260312,0.1855774365853263,0.4754098360655737,0.5,5.716882306497974,0.4872590361445783,5978.0,1826.0,0.1998904709748083,0.091
online_retail_ii,temporal,3,2011-05-01,0.2,rus@1.0,rf,ok,0.744736669385765,0.3706048168021942,0.4490644490644491,0.2821870816812111,0.1905914320550094,0.448087431693989,0.5,5.334732772384523,0.5108077765607887,5978.0,1826.0,0.1998904709748083,6.907
online_retail_ii,temporal,3,2011-05-01,0.2,rus@1.0,hgb,ok,0.7398732337580753,0.3750929904844732,0.4546322827125119,0.2878305767729163,0.1987624722806629,0.4316939890710382,0.5,5.390065189246508,0.5215470974808325,5978.0,1826.0,0.1998904709748083,1.611
online_retail_ii,temporal,3,2011-05-01,0.2,rus@1.0,xgb,ok,0.7414793770451839,0.3788150527412232,0.4662698412698413,0.3052533021337008,0.1910232816908905,0.4316939890710382,0.5,5.3686269279591325,0.511462212486309,5978.0,1826.0,0.1998904709748083,1.032
online_retail_ii,temporal,3,2011-05-01,0.2,rus@1.0,lgbm,ok,0.7433002353426533,0.3937565532517306,0.4459861248761149,0.2759122317047329,0.1938544977969064,0.4918032786885246,0.5,5.448721019463385,0.5125301204819277,5978.0,1826.0,0.1998904709748083,1.133
online_retail_ii,temporal,3,2011-05-01,0.2,smote@1.0,lr,ok,0.7689835260142706,0.4105663341637273,0.4953959484346225,0.3498402471351683,0.1849838221057902,0.4808743169398907,0.5,5.799199992020258,0.4681051478641839,23918.0,1826.0,0.1998904709748083,0.235
online_retail_ii,temporal,3,2011-05-01,0.2,smote@1.0,rf,ok,0.7355404911254254,0.3717857367679164,0.3978052126200274,0.2476177665253964,0.1609986185268507,0.4426229508196721,0.5,5.28646268023261,0.5107146768893759,23918.0,1826.0,0.1998904709748083,32.27
online_retail_ii,temporal,3,2011-05-01,0.2,smote@1.0,hgb,ok,0.7450179554255388,0.3882139164600382,0.4059139784946236,0.2540579993628375,0.1566058295000904,0.4426229508196721,0.5,5.487609788390485,0.5389320920043812,23918.0,1826.0,0.1998904709748083,2.96
online_retail_ii,temporal,3,2011-05-01,0.2,smote@1.0,xgb,ok,0.7518944614778768,0.3998565115046087,0.4324324324324324,0.2882760921182157,0.1531070753648045,0.453551912568306,0.5,5.433296984774817,0.4913335158817086,23918.0,1826.0,0.1998904709748083,2.023
online_retail_ii,temporal,3,2011-05-01,0.2,smote@1.0,lgbm,ok,0.7575220575136189,0.4057191195744429,0.382262996941896,0.2522418673489384,0.1464623353511311,0.4644808743169399,0.5,5.643824393103077,0.4965799561883899,23918.0,1826.0,0.1998904709748083,2.523
online_retail_ii,temporal,3,2011-05-01,0.2,smote@0.5,lr,ok,0.7681096640507066,0.4075808181202356,0.4156976744186046,0.2814883819985392,0.1442609583192469,0.4972677595628415,0.5,5.7586793393398406,0.474222343921139,17938.0,1826.0,0.1998904709748083,0.215
online_retail_ii,temporal,3,2011-05-01,0.2,smote@0.5,rf,ok,0.7425623282983133,0.3891326217573021,0.361247947454844,0.2464178196883822,0.1488239549803831,0.453551912568306,0.5,5.299210763149092,0.4942688937568456,17938.0,1826.0,0.1998904709748083,23.905
online_retail_ii,temporal,3,2011-05-01,0.2,smote@0.5,hgb,ok,0.7419856919167768,0.3822972683962254,0.3711001642036124,0.2584918520341153,0.1488946487478567,0.4808743169398907,0.5,5.256006573072146,0.4996303395399781,17938.0,1826.0,0.1998904709748083,2.541
online_retail_ii,temporal,3,2011-05-01,0.2,smote@0.5,xgb,ok,0.7531264943320863,0.3942840625141606,0.3468013468013468,0.236616735637329,0.1449057481666144,0.4207650273224044,0.5,5.50480811794623,0.5123603504928806,17938.0,1826.0,0.1998904709748083,1.712
online_retail_ii,temporal,3,2011-05-01,0.2,smote@0.5,lgbm,ok,0.7539703524514079,0.3964053770046091,0.3521367521367521,0.2482987134043006,0.1458085511384332,0.4918032786885246,0.5,5.710444009364146,0.5247426067907996,17938.0,1826.0,0.1998904709748083,2.092
online_retail_ii,temporal,3,2011-05-01,0.2,adasyn@1.0,lr,ok,0.7681209154922974,0.4062598106812893,0.4931756141947225,0.3471143005971571,0.1870164049660856,0.4918032786885246,0.5,5.792037842893825,0.4737623220153341,23807.0,1826.0,0.1998904709748083,0.68
online_retail_ii,temporal,3,2011-05-01,0.2,adasyn@1.0,rf,ok,0.7413509230870204,0.3735314380076929,0.4037685060565276,0.2516017142914789,0.1605544824974988,0.448087431693989,0.5,5.401650060870854,0.5146686746987952,23807.0,1826.0,0.1998904709748083,34.513
online_retail_ii,temporal,3,2011-05-01,0.2,adasyn@1.0,hgb,ok,0.7407921014880031,0.3749796730535871,0.4116022099447514,0.2661370867793062,0.1553822885450569,0.4043715846994535,0.5,5.357659764529469,0.5127382256297919,23807.0,1826.0,0.1998904709748083,3.32
online_retail_ii,temporal,3,2011-05-01,0.2,adasyn@1.0,xgb,ok,0.7509343384621154,0.3833066586164806,0.4157608695652174,0.2683248507950416,0.1545296980365543,0.4426229508196721,0.5,5.51038415272215,0.51592278203724,23807.0,1826.0,0.1998904709748083,2.42
online_retail_ii,temporal,3,2011-05-01,0.2,adasyn@1.0,lgbm,ok,0.7494979044190038,0.3890536470965686,0.3748125937031484,0.2382254275860812,0.1496865303759303,0.4590163934426229,0.5,5.496984695211406,0.5187267250821468,23807.0,1826.0,0.1998904709748083,3.043
online_retail_ii,temporal,3,2011-05-01,0.2,smote_enn@1.0,lr,ok,0.7665907194359277,0.4003256117389092,0.4602573807721423,0.3095656176694734,0.2603749779812957,0.4918032786885246,0.5,5.766352799968745,0.4786966046002189,15410.0,1826.0,0.1998904709748083,5.789
online_retail_ii,temporal,3,2011-05-01,0.2,smote_enn@1.0,rf,ok,0.7471885460324604,0.376610548954853,0.4566596194503171,0.2936052839318173,0.2034371625181237,0.4426229508196721,0.5,5.405527989256316,0.5168756845564074,15415.0,1826.0,0.1998904709748083,25.589
online_retail_ii,temporal,3,2011-05-01,0.2,smote_enn@1.0,hgb,ok,0.7574836150881831,0.3911803881795546,0.4723404255319149,0.3156501353794894,0.2014993454718023,0.4153005464480874,0.5,5.610229179018913,0.5002847754654983,15340.0,1826.0,0.1998904709748083,8.162
online_retail_ii,temporal,3,2011-05-01,0.2,smote_enn@1.0,xgb,ok,0.7552689563350303,0.4075048824128298,0.4734607218683652,0.3171227391765707,0.2018766694805477,0.453551912568306,0.5,5.511711318240112,0.4689539978094195,15246.0,1826.0,0.1998904709748083,7.273
online_retail_ii,temporal,3,2011-05-01,0.2,smote_enn@1.0,lgbm,ok,0.7527908263246229,0.3950587509817845,0.4543429844097995,0.2935523419513615,0.2019609707182941,0.4371584699453552,0.5,5.552594029656361,0.4791894852135816,15238.0,1826.0,0.1998904709748083,7.678
online_retail_ii,temporal,3,2011-05-01,0.2,dirichlet@1.0,lr,ok,0.7717963864120091,0.4152786079065633,0.4935779816513762,0.3472692146266398,0.1827997150178718,0.4808743169398907,0.5,5.861437817723486,0.4661911281489594,23918.0,1826.0,0.1998904709748083,0.251
online_retail_ii,temporal,3,2011-05-01,0.2,dirichlet@1.0,rf,ok,0.7394934976043805,0.3806641910582191,0.3765822784810126,0.2543594913935139,0.1533047016969656,0.4644808743169399,0.5,5.234197121013665,0.5093263964950713,23918.0,1826.0,0.1998904709748083,31.552
online_retail_ii,temporal,3,2011-05-01,0.2,dirichlet@1.0,hgb,ok,0.7541081826108971,0.3850731236256037,0.2076271186440678,0.1609877610124903,0.1445246834758657,0.4590163934426229,0.5,5.659361677405825,0.5100958378970427,23918.0,1826.0,0.1998904709748083,2.964
online_retail_ii,temporal,3,2011-05-01,0.2,dirichlet@1.0,xgb,ok,0.756955734953541,0.3821043002871852,0.3529411764705882,0.2194678269462137,0.1513957817808931,0.4262295081967213,0.5,5.658151211857806,0.5026259583789705,23918.0,1826.0,0.1998904709748083,1.989
online_retail_ii,temporal,3,2011-05-01,0.2,dirichlet@1.0,lgbm,ok,0.753642185405005,0.3968420418466676,0.3254237288135593,0.2125799455933434,0.1476876245459635,0.4316939890710382,0.5,5.578950533161578,0.5125328587075576,23918.0,1826.0,0.1998904709748083,2.554
online_retail_ii,temporal,3,2011-05-01,0.2,easy_ensemble,lr,ok,0.7669563912876337,0.4104673955436797,0.4853080568720379,0.3334844524146513,0.181991395518165,0.4754098360655737,0.5,5.740320902473053,0.4787677984665937,14948.0,1826.0,0.1998904709748083,0.331
online_retail_ii,temporal,3,2011-05-01,0.2,easy_ensemble,rf,ok,0.748215240077635,0.3775605205168877,0.4541832669322709,0.2878885630140223,0.1920654104070165,0.4371584699453552,0.5,5.414638496913354,0.5040169769989048,14948.0,1826.0,0.1998904709748083,69.86
online_retail_ii,temporal,3,2011-05-01,0.2,easy_ensemble,hgb,ok,0.7604211789635548,0.4047487377139702,0.4630738522954092,0.3007390748115922,0.1822794750749914,0.4699453551912568,0.5,5.648478315875393,0.510909090909091,14948.0,1826.0,0.1998904709748083,16.133
online_retail_ii,temporal,3,2011-05-01,0.2,easy_ensemble,xgb,ok,0.759907363130901,0.4058770283327773,0.4612202688728025,0.2990657309805756,0.1784161264601874,0.4590163934426229,0.5,5.616966060387463,0.5081599123767799,14948.0,1826.0,0.1998904709748083,10.019
online_retail_ii,temporal,3,2011-05-01,0.2,easy_ensemble,lgbm,ok,0.7506399257404854,0.3938461132831213,0.4524053224155578,0.2862307192759176,0.1852414259172387,0.4699453551912568,0.5,5.510770357199402,0.5374589266155532,14948.0,1826.0,0.1998904709748083,11.165
online_retail_ii,random,3,2011-05-01,0.2,none,lr,ok,0.7474538925299804,0.3987104929708431,0.0054495912806539,0.0248491535161588,0.1408240650258071,0.4644808743169399,0.5,5.391589940600924,0.4919660460021907,14948.0,1826.0,0.1998904709748083,0.106
online_retail_ii,random,3,2011-05-01,0.2,none,rf,ok,0.7691597985991956,0.440942012822565,0.3116370808678501,0.2588201022036656,0.1363792647851424,0.5300546448087432,0.5,5.664754229617629,0.5049808324205913,14948.0,1826.0,0.1998904709748083,17.697
online_retail_ii,random,3,2011-05-01,0.2,none,hgb,ok,0.7622701658650014,0.4237154773653983,0.223175965665236,0.1905689628587925,0.1380177650637398,0.4863387978142076,0.5,5.591266288043252,0.4758159912376781,14948.0,1826.0,0.1998904709748083,2.163
online_retail_ii,random,3,2011-05-01,0.2,none,xgb,ok,0.7744554771080046,0.4434928614646779,0.219298245614035,0.2001806143580347,0.1352018667029522,0.5355191256830601,0.5,5.719833271206182,0.4859364731653889,14948.0,1826.0,0.1998904709748083,1.483
online_retail_ii,random,3,2011-05-01,0.2,none,lgbm,ok,0.7693191940217341,0.4380632833623744,0.2567287784679089,0.2139546196011561,0.1366224828229467,0.5081967213114754,0.5,5.647662722670344,0.4796495071193867,14948.0,1826.0,0.1998904709748083,1.667
online_retail_ii,random,3,2011-05-01,0.2,class_weight,lr,ok,0.7451529727246304,0.3956975816084058,0.453525641025641,0.2918295349198598,0.2134320937044404,0.453551912568306,0.5,5.41545854308595,0.5056161007667032,14948.0,1826.0,0.1998904709748083,0.112
online_retail_ii,random,3,2011-05-01,0.2,class_weight,rf,ok,0.7698573879778347,0.4509299033773548,0.4110929853181077,0.3054904463397969,0.1396727632586244,0.5355191256830601,0.5,5.6516455759309,0.5026396495071194,14948.0,1826.0,0.1998904709748083,17.175
online_retail_ii,random,3,2011-05-01,0.2,class_weight,hgb,ok,0.7665925946761929,0.4395300917365855,0.4765550239234449,0.3202927188450231,0.1822420176595853,0.5081967213114754,0.5,5.626720861079593,0.4861692223439211,14948.0,1826.0,0.1998904709748083,2.105
online_retail_ii,random,3,2011-05-01,0.2,class_weight,xgb,ok,0.7716407414700008,0.442444840510689,0.4757373929590865,0.3191633681629108,0.1826701846607621,0.5136612021857924,0.5,5.670711534332992,0.469567360350493,14948.0,1826.0,0.1998904709748083,1.528
online_retail_ii,random,3,2011-05-01,0.2,class_weight,lgbm,ok,0.7654543238352414,0.4324464522025883,0.4903357070193286,0.3399538412950669,0.1767800215445096,0.5300546448087432,0.5,5.579929344310609,0.4582119386637459,14948.0,1826.0,0.1998904709748083,1.693
online_retail_ii,random,3,2011-05-01,0.2,threshold,lr,ok,0.7474538925299804,0.3987104929708431,0.4627151051625239,0.2998090044109683,0.1408240650258071,0.4644808743169399,0.2655741974297118,5.391589940600924,0.4919660460021907,14948.0,1826.0,0.1998904709748083,0.432
online_retail_ii,random,3,2011-05-01,0.2,threshold,rf,ok,0.7704452758009621,0.4428564412788013,0.4648760330578512,0.3041812957447989,0.1362077343908714,0.5136612021857924,0.2599335295148012,5.768526145986093,0.4927464403066813,14948.0,1826.0,0.1998904709748083,32.486
online_retail_ii,random,3,2011-05-01,0.2,threshold,hgb,ok,0.7622701658650014,0.4237154773653983,0.4606345475910693,0.3063018136854452,0.1380177650637398,0.4863387978142076,0.2952282376631062,5.591266288043252,0.4758159912376781,14948.0,1826.0,0.1998904709748083,4.304
online_retail_ii,random,3,2011-05-01,0.2,threshold,xgb,ok,0.7693473226257114,0.4369791169553509,0.4827586206896552,0.3296091115638158,0.1362577941039764,0.4972677595628415,0.2625436991453171,5.715900457726798,0.4901286966046003,14948.0,1826.0,0.1998904709748083,3.101
online_retail_ii,random,3,2011-05-01,0.2,threshold,lgbm,ok,0.7691485471576045,0.4433683156072193,0.4835630965005302,0.3311073900570435,0.1361419796573945,0.5355191256830601,0.2570219838162534,5.6437587318362015,0.4630038335158816,14948.0,1826.0,0.1998904709748083,3.453
online_retail_ii,random,3,2011-05-01,0.2,ros@1.0,lr,ok,0.7441384677411793,0.3922687707603734,0.4521319388576025,0.2891441998634817,0.2134288638949426,0.4426229508196721,0.5,5.419357266545148,0.5085405257393212,23918.0,1826.0,0.1998904709748083,0.164
online_retail_ii,random,3,2011-05-01,0.2,ros@1.0,rf,ok,0.77472644932632,0.4568558927643268,0.4583941605839416,0.3351107424291944,0.1444105849331509,0.5300546448087432,0.5,5.724753701555399,0.4947836801752464,23918.0,1826.0,0.1998904709748083,24.134
online_retail_ii,random,3,2011-05-01,0.2,ros@1.0,hgb,ok,0.7661547260742783,0.4338162907872757,0.478515625,0.3229790517527957,0.1804026787293413,0.4972677595628415,0.5,5.611502799594353,0.4826341730558598,23918.0,1826.0,0.1998904709748083,2.546
online_retail_ii,random,3,2011-05-01,0.2,ros@1.0,xgb,ok,0.7694748389637424,0.4439809593250291,0.47984267453294,0.3248797519906258,0.1801184275820997,0.546448087431694,0.5,5.699455430613385,0.4870564074479738,23918.0,1826.0,0.1998904709748083,1.919
online_retail_ii,random,3,2011-05-01,0.2,ros@1.0,lgbm,ok,0.7675930353576552,0.4426815132121441,0.4775510204081633,0.321814830330648,0.1737862514343474,0.5191256830601093,0.5,5.606860840267679,0.4974370208105146,23918.0,1826.0,0.1998904709748083,2.222
online_retail_ii,random,3,2011-05-01,0.2,rus@1.0,lr,ok,0.7423626152100737,0.3886250436855394,0.4552715654952076,0.2950793694031441,0.2144940998130376,0.4426229508196721,0.5,5.373573090703103,0.4966949616648413,5978.0,1826.0,0.1998904709748083,0.086
online_retail_ii,random,3,2011-05-01,0.2,rus@1.0,rf,ok,0.7517331908150733,0.3909862146003622,0.4602888086642599,0.2968207574689164,0.2088289921347428,0.453551912568306,0.5,5.585467184683433,0.5083543263964951,5978.0,1826.0,0.1998904709748083,7.055
online_retail_ii,random,3,2011-05-01,0.2,rus@1.0,hgb,ok,0.7607990398769842,0.4063917923528823,0.4724809483488569,0.3192030923252134,0.2116688921127695,0.4644808743169399,0.5,5.711177232811387,0.4957447973713034,5978.0,1826.0,0.1998904709748083,1.711
online_retail_ii,random,3,2011-05-01,0.2,rus@1.0,xgb,ok,0.7559431052103552,0.4060637738178104,0.4701815038893691,0.314134917364339,0.2086897274313941,0.4863387978142076,0.5,5.511288164968419,0.4945481927710843,5978.0,1826.0,0.1998904709748083,1.039
online_retail_ii,random,3,2011-05-01,0.2,rus@1.0,lgbm,ok,0.7451576608252933,0.3936565464928865,0.4465682015638575,0.2762525545543056,0.214058433952383,0.448087431693989,0.5,5.401294651821684,0.5192059145673603,5978.0,1826.0,0.1998904709748083,1.167
online_retail_ii,random,3,2011-05-01,0.2,smote@1.0,lr,ok,0.7473563800361921,0.3988642863322633,0.4559417946645109,0.2952530534089418,0.2119794198630473,0.4590163934426229,0.5,5.39537552326467,0.4959008762322016,23918.0,1826.0,0.1998904709748083,0.232
online_retail_ii,random,3,2011-05-01,0.2,smote@1.0,rf,ok,0.7655433977478364,0.4428004164808248,0.4583333333333333,0.3151545124905996,0.1553796697296768,0.5136612021857924,0.5,5.656840281477905,0.4955147864184009,23918.0,1826.0,0.1998904709748083,34.859
online_retail_ii,random,3,2011-05-01,0.2,smote@1.0,hgb,ok,0.7536506239861983,0.4207787431778706,0.4704595185995623,0.3143485924895683,0.1674212340690558,0.4863387978142076,0.5,5.430849035808776,0.4783050383351588,23918.0,1826.0,0.1998904709748083,3.02
online_retail_ii,random,3,2011-05-01,0.2,smote@1.0,xgb,ok,0.7525039145640535,0.4223795003571619,0.4613686534216336,0.3024786969050215,0.1689204967711077,0.4972677595628415,0.5,5.3937079092567,0.4867004381161008,23918.0,1826.0,0.1998904709748083,2.004
online_retail_ii,random,3,2011-05-01,0.2,smote@1.0,lgbm,ok,0.7598586068840071,0.4270110004887811,0.4615384615384615,0.3171150664729883,0.151371362482024,0.5027322404371585,0.5,5.479933404809012,0.4759802847754656,23918.0,1826.0,0.1998904709748083,2.64
online_retail_ii,random,3,2011-05-01,0.2,smote@0.5,lr,ok,0.7472626180229343,0.3993060170145122,0.4412903225806451,0.292223247062313,0.1574117898989189,0.4644808743169399,0.5,5.437920861967228,0.4912458926615554,17938.0,1826.0,0.1998904709748083,0.213
online_retail_ii,random,3,2011-05-01,0.2,smote@0.5,rf,ok,0.7701536759397298,0.4508746827883046,0.4050632911392405,0.2892408228595726,0.141525127133644,0.546448087431694,0.5,5.669750266581939,0.4966785323110625,17938.0,1826.0,0.1998904709748083,22.53
online_retail_ii,random,3,2011-05-01,0.2,smote@0.5,hgb,ok,0.759038189268,0.4262768478843184,0.4447513812154696,0.3074844860483605,0.1470822644857132,0.4918032786885246,0.5,5.448450418504145,0.4793921139101863,17938.0,1826.0,0.1998904709748083,2.62
online_retail_ii,random,3,2011-05-01,0.2,smote@0.5,xgb,ok,0.7607418450488969,0.4255021857951414,0.4361111111111111,0.2977168961789161,0.1469565113222264,0.4863387978142076,0.5,5.534041624500421,0.4689457831325302,17938.0,1826.0,0.1998904709748083,2.036
online_retail_ii,random,3,2011-05-01,0.2,smote@0.5,lgbm,ok,0.7662850552727067,0.4451574090359064,0.422360248447205,0.3053667806050379,0.1412650307275598,0.5136612021857924,0.5,5.577619090848441,0.4593291347207009,17938.0,1826.0,0.1998904709748083,2.056
online_retail_ii,random,3,2011-05-01,0.2,adasyn@1.0,lr,ok,0.7476151631927841,0.3986574018103751,0.4544025157232704,0.2949720639801331,0.2149970333256427,0.4754098360655737,0.5,5.399620154868209,0.4970564074479737,23835.0,1826.0,0.1998904709748083,0.662
online_retail_ii,random,3,2011-05-01,0.2,adasyn@1.0,rf,ok,0.7669920208526718,0.4461920337665273,0.4526854219948849,0.3054874876869555,0.1559035430862253,0.5136612021857924,0.5,5.696930884806774,0.5033406352683462,23835.0,1826.0,0.1998904709748083,34.185
online_retail_ii,random,3,2011-05-01,0.2,adasyn@1.0,hgb,ok,0.7635490797258399,0.4495969075895387,0.4848484848484848,0.3335529647944281,0.1655964886789098,0.5300546448087432,0.5,5.499973077387502,0.4579764512595838,23835.0,1826.0,0.1998904709748083,3.464
online_retail_ii,random,3,2011-05-01,0.2,adasyn@1.0,xgb,ok,0.7548301501129833,0.4260406508890179,0.4710920770877944,0.3141845050686512,0.1680412701363914,0.4699453551912568,0.5,5.410367048572784,0.4646111719605696,23835.0,1826.0,0.1998904709748083,2.403
online_retail_ii,random,3,2011-05-01,0.2,adasyn@1.0,lgbm,ok,0.7568544719792223,0.435518907082872,0.4312169312169312,0.2832239848500925,0.151744787170534,0.5409836065573771,0.5,5.4308132512569705,0.4772672508214677,23835.0,1826.0,0.1998904709748083,2.987
online_retail_ii,random,3,2011-05-01,0.2,smote_enn@1.0,lr,ok,0.7473882591206997,0.399671889972417,0.4350205198358413,0.2760374306372762,0.2983534967208679,0.4590163934426229,0.5,5.363351700793437,0.4894414019715223,15342.0,1826.0,0.1998904709748083,5.804
online_retail_ii,random,3,2011-05-01,0.2,smote_enn@1.0,rf,ok,0.7483699473995107,0.3901088551606883,0.4585191793041926,0.2943756476737221,0.2353278751647448,0.4207650273224044,0.5,5.431721423871863,0.4955120481927711,15295.0,1826.0,0.1998904709748083,24.279
online_retail_ii,random,3,2011-05-01,0.2,smote_enn@1.0,hgb,ok,0.7489869014467478,0.382354601357453,0.4573438874230431,0.2929623470293429,0.2469345703838023,0.4371584699453552,0.5,5.4316594557372495,0.4821686746987951,15351.0,1826.0,0.1998904709748083,8.69
online_retail_ii,random,3,2011-05-01,0.2,smote_enn@1.0,xgb,ok,0.7488134417222206,0.3934258755339028,0.4620749782040104,0.3007792146001866,0.2443448251007882,0.4371584699453552,0.5,5.393197298596869,0.4740553121577218,15279.0,1826.0,0.1998904709748083,7.577
online_retail_ii,random,3,2011-05-01,0.2,smote_enn@1.0,lgbm,ok,0.7429270625298865,0.3848811460068697,0.4698235840297121,0.3107476716294574,0.2325032070096895,0.4371584699453552,0.5,5.353266392708537,0.4661883899233296,15307.0,1826.0,0.1998904709748083,7.628
online_retail_ii,random,3,2011-05-01,0.2,dirichlet@1.0,lr,ok,0.7499967183295361,0.4014027905404431,0.4625199362041467,0.3076650380141137,0.2118324847357462,0.4590163934426229,0.5,5.420952810243985,0.4795947426067907,23918.0,1826.0,0.1998904709748083,0.273
online_retail_ii,random,3,2011-05-01,0.2,dirichlet@1.0,rf,ok,0.7735656756021866,0.4421789929584245,0.4466571834992888,0.3153455751694946,0.146403120274041,0.5081967213114754,0.5,5.78234477152183,0.4869058050383351,23918.0,1826.0,0.1998904709748083,30.422
online_retail_ii,random,3,2011-05-01,0.2,dirichlet@1.0,hgb,ok,0.7641041508443269,0.4187306031335489,0.2474226804123711,0.1990261435320976,0.1383059527494295,0.4754098360655737,0.5,5.674365843491646,0.442039978094195,23918.0,1826.0,0.1998904709748083,3.107
online_retail_ii,random,3,2011-05-01,0.2,dirichlet@1.0,xgb,ok,0.7609274938351476,0.4238619076638881,0.4659949622166247,0.3205676688692043,0.1529103093033024,0.453551912568306,0.5,5.563751013680466,0.4773548740416211,23918.0,1826.0,0.1998904709748083,2.001
online_retail_ii,random,3,2011-05-01,0.2,dirichlet@1.0,lgbm,ok,0.7614703758919111,0.4331885848174364,0.4563380281690141,0.3254629303146411,0.1448696067661352,0.5027322404371585,0.5,5.486182415952836,0.4637677984665936,23918.0,1826.0,0.1998904709748083,2.622
online_retail_ii,random,3,2011-05-01,0.2,easy_ensemble,lr,ok,0.7452561109392141,0.3954521796378514,0.4540367705835332,0.2928964689158601,0.2136589469830013,0.4590163934426229,0.5,5.381747443759744,0.5026095290251916,14948.0,1826.0,0.1998904709748083,0.353
online_retail_ii,random,3,2011-05-01,0.2,easy_ensemble,rf,ok,0.7673914470291505,0.4418279636078746,0.4778453518679409,0.3260347213329522,0.2034062026654221,0.5136612021857924,0.5,5.682337816994066,0.4892716319824752,14948.0,1826.0,0.1998904709748083,54.512
online_retail_ii,random,3,2011-05-01,0.2,easy_ensemble,hgb,ok,0.7702886932388213,0.4370950105228065,0.4688581314878893,0.3119703738122304,0.201227921520744,0.5081967213114754,0.5,5.698123500518454,0.4897207009857612,14948.0,1826.0,0.1998904709748083,16.819
online_retail_ii,random,3,2011-05-01,0.2,easy_ensemble,xgb,ok,0.7668907578783531,0.4273682864453728,0.4719864176570458,0.3182145515578933,0.2037291936975191,0.4918032786885246,0.5,5.71490556902629,0.5039731653888281,14948.0,1826.0,0.1998904709748083,10.715
online_retail_ii,random,3,2011-05-01,0.2,easy_ensemble,lgbm,ok,0.7680834106869943,0.4356350692667695,0.4780739466895958,0.327117226235828,0.2020200669429886,0.5191256830601093,0.5,5.708639470738355,0.4931982475355969,14948.0,1826.0,0.1998904709748083,8.718
online_retail_ii,temporal,4,2011-06-01,0.2,none,lr,ok,0.7562085000101529,0.3985321828997264,0.0,-0.0122655482266957,0.1408778021731789,0.4397590361445783,0.5,5.59357753318969,0.4819411057692308,18382.0,1664.0,0.2001201923076923,0.179
online_retail_ii,temporal,4,2011-06-01,0.2,none,rf,ok,0.7342692053435855,0.3577882748521173,0.2041763341067285,0.1556013588555951,0.1462843865537259,0.4337349397590361,0.5,5.406641181253722,0.5584645432692309,18382.0,1664.0,0.2001201923076923,21.844
online_retail_ii,temporal,4,2011-06-01,0.2,none,hgb,ok,0.737257543042667,0.3698245639554848,0.1538461538461538,0.1271402118171093,0.1459567859892338,0.4337349397590361,0.5,5.499128256072239,0.5522776442307693,18382.0,1664.0,0.2001201923076923,2.262
online_retail_ii,temporal,4,2011-06-01,0.2,none,xgb,ok,0.7422561554792959,0.3678230627237721,0.1507537688442211,0.1317378462268701,0.1443845206033032,0.4036144578313253,0.5,5.497183329975561,0.5187710336538462,18382.0,1664.0,0.2001201923076923,1.972
online_retail_ii,temporal,4,2011-06-01,0.2,none,lgbm,ok,0.7404263767900132,0.3652393413381564,0.1843971631205673,0.1393843732039109,0.1461573711238894,0.4156626506024096,0.5,5.533028972757795,0.5441376201923077,18382.0,1664.0,0.2001201923076923,1.861
online_retail_ii,temporal,4,2011-06-01,0.2,class_weight,lr,ok,0.7559648303449956,0.3978715698091861,0.483493077742279,0.3300271068918856,0.1836689736410549,0.4578313253012048,0.5,5.551877714288534,0.4792337740384616,18382.0,1664.0,0.2001201923076923,0.169
online_retail_ii,temporal,4,2011-06-01,0.2,class_weight,rf,ok,0.7417383574408367,0.3642090829043158,0.259958071278826,0.1772763320908233,0.1473106999576066,0.4277108433734939,0.5,5.505971623209393,0.5505739182692307,18382.0,1664.0,0.2001201923076923,20.909
online_retail_ii,temporal,4,2011-06-01,0.2,class_weight,hgb,ok,0.743123664611268,0.3859272308404379,0.4392523364485981,0.2696417269027363,0.1732901920755685,0.4819277108433735,0.5,5.469638942208935,0.5461929086538462,18382.0,1664.0,0.2001201923076923,2.526
online_retail_ii,temporal,4,2011-06-01,0.2,class_weight,xgb,ok,0.7431304332130779,0.3763673879718873,0.4331797235023041,0.2602905656692248,0.1763230329344108,0.463855421686747,0.5,5.478404042971058,0.5379326923076923,18382.0,1664.0,0.2001201923076923,1.7
online_retail_ii,temporal,4,2011-06-01,0.2,class_weight,lgbm,ok,0.739249768175388,0.369199483456741,0.4237485448195576,0.2479029754276774,0.1769750846275105,0.4337349397590361,0.5,5.420596588823724,0.5392638221153847,18382.0,1664.0,0.2001201923076923,1.919
online_retail_ii,temporal,4,2011-06-01,0.2,threshold,lr,ok,0.7562085000101529,0.3985321828997264,0.4538653366583541,0.2942813465014586,0.1408778021731789,0.4397590361445783,0.2511898043341667,5.59357753318969,0.4819411057692308,18382.0,1664.0,0.2001201923076923,0.526
online_retail_ii,temporal,4,2011-06-01,0.2,threshold,rf,ok,0.728112033897158,0.3478791992637803,0.4341978866474543,0.2561538876506185,0.1478028309489263,0.4337349397590361,0.2234187193628378,5.30186549167213,0.5717487980769232,18382.0,1664.0,0.2001201923076923,39.483
online_retail_ii,temporal,4,2011-06-01,0.2,threshold,hgb,ok,0.737257543042667,0.3698245639554848,0.3855072463768116,0.2252414768705806,0.1459567859892338,0.4337349397590361,0.3102180042794746,5.499128256072239,0.5522776442307693,18382.0,1664.0,0.2001201923076923,4.699
online_retail_ii,temporal,4,2011-06-01,0.2,threshold,xgb,ok,0.7417462541429483,0.3755366404796026,0.4338747099767981,0.2617171863912626,0.1439353918709593,0.4277108433734939,0.2552031302452087,5.427130868328375,0.5391195913461538,18382.0,1664.0,0.2001201923076923,3.353
online_retail_ii,temporal,4,2011-06-01,0.2,threshold,lgbm,ok,0.7359049507809838,0.3621389978474056,0.4259681093394077,0.2494356991944095,0.1472514331131964,0.4337349397590361,0.2324795159934992,5.513743152052404,0.5545132211538462,18382.0,1664.0,0.2001201923076923,3.787
online_retail_ii,temporal,4,2011-06-01,0.2,ros@1.0,lr,ok,0.7545998289799942,0.3959087922575889,0.4817987152034261,0.3274915827425004,0.1834186334328481,0.4698795180722891,0.5,5.497791474110141,0.4757662259615384,29412.0,1664.0,0.2001201923076923,0.207
online_retail_ii,temporal,4,2011-06-01,0.2,ros@1.0,rf,ok,0.7306164165668297,0.3528355769908897,0.325497287522604,0.203870953277426,0.1558598895464199,0.4156626506024096,0.5,5.308109233343762,0.5636959134615386,29412.0,1664.0,0.2001201923076923,29.125
online_retail_ii,temporal,4,2011-06-01,0.2,ros@1.0,hgb,ok,0.7393512972025369,0.3646262026272887,0.4362745098039216,0.2691895691472574,0.1720865717231768,0.4216867469879518,0.5,5.391092581990123,0.54734375,29412.0,1664.0,0.2001201923076923,2.883
online_retail_ii,temporal,4,2011-06-01,0.2,ros@1.0,xgb,ok,0.7446420876172943,0.3769005158362448,0.4394299287410926,0.2710167677718562,0.1738568221124561,0.4578313253012048,0.5,5.428094576332428,0.5310697115384617,29412.0,1664.0,0.2001201923076923,2.144
online_retail_ii,temporal,4,2011-06-01,0.2,ros@1.0,lgbm,ok,0.7391369581452226,0.3703258356589901,0.4146649810366624,0.2433010688979471,0.1710294184522956,0.4397590361445783,0.5,5.393118402844633,0.544588341346154,29412.0,1664.0,0.2001201923076923,2.429
online_retail_ii,temporal,4,2011-06-01,0.2,rus@1.0,lr,ok,0.7580269976964191,0.4034894106946862,0.4860813704496788,0.333745732910731,0.1823202536293481,0.463855421686747,0.5,5.57254808970099,0.4783233173076923,7352.0,1664.0,0.2001201923076923,0.116
online_retail_ii,temporal,4,2011-06-01,0.2,rus@1.0,rf,ok,0.7526707774641659,0.3979721050610724,0.4435146443514644,0.2710266402477287,0.1910881557181677,0.4337349397590361,0.5,5.578298237747148,0.5167337740384618,7352.0,1664.0,0.2001201923076923,8.471
online_retail_ii,temporal,4,2011-06-01,0.2,rus@1.0,hgb,ok,0.7418466550697956,0.3632301907601394,0.463265306122449,0.3004922039674267,0.1982260520751344,0.4216867469879518,0.5,5.507087286009576,0.5185486778846154,7352.0,1664.0,0.2001201923076923,1.778
online_retail_ii,temporal,4,2011-06-01,0.2,rus@1.0,xgb,ok,0.7327237079303195,0.3674505472576108,0.4412050534499514,0.2671040122523062,0.2056217266726856,0.3975903614457831,0.5,5.292356747491458,0.5637740384615385,7352.0,1664.0,0.2001201923076923,1.126
online_retail_ii,temporal,4,2011-06-01,0.2,rus@1.0,lgbm,ok,0.725695643051015,0.3589947042133963,0.4298160696999032,0.2492428244811439,0.2101729025644238,0.3975903614457831,0.5,5.302398209087801,0.5676442307692308,7352.0,1664.0,0.2001201923076923,1.227
online_retail_ii,temporal,4,2011-06-01,0.2,smote@1.0,lr,ok,0.7552857139633998,0.3920626282094334,0.4725388601036269,0.3142046982157989,0.1857721949874465,0.4216867469879518,0.5,5.590528792242989,0.4807121394230769,29412.0,1664.0,0.2001201923076923,0.361
online_retail_ii,temporal,4,2011-06-01,0.2,smote@1.0,rf,ok,0.7435060906135287,0.3632779140905467,0.3726708074534161,0.222566588946556,0.1592784942427277,0.4397590361445783,0.5,5.479456574520901,0.5320012019230771,29412.0,1664.0,0.2001201923076923,42.977
online_retail_ii,temporal,4,2011-06-01,0.2,smote@1.0,hgb,ok,0.7469366436308584,0.3767949650761701,0.397677793904209,0.2408555704194581,0.1565204264128545,0.463855421686747,0.5,5.559540853659414,0.5152073317307693,29412.0,1664.0,0.2001201923076923,3.331
online_retail_ii,temporal,4,2011-06-01,0.2,smote@1.0,xgb,ok,0.7510801560388337,0.3792038213136077,0.4098124098124098,0.2552005682788346,0.1567578069605252,0.4518072289156626,0.5,5.523622961521356,0.5036929086538461,29412.0,1664.0,0.2001201923076923,2.258
online_retail_ii,temporal,4,2011-06-01,0.2,smote@1.0,lgbm,ok,0.741982027105994,0.3593402840862764,0.3531353135313531,0.2124009909952647,0.1519200949920951,0.3915662650602409,0.5,5.433842405972993,0.5325360576923077,29412.0,1664.0,0.2001201923076923,2.933
online_retail_ii,temporal,4,2011-06-01,0.2,smote@0.5,lr,ok,0.7574087987311129,0.3971643704213498,0.3551724137931034,0.2263252222556561,0.144915075236648,0.4578313253012048,0.5,5.61973542519654,0.4843719951923076,22059.0,1664.0,0.2001201923076923,0.331
online_retail_ii,temporal,4,2011-06-01,0.2,smote@0.5,rf,ok,0.7385672674928873,0.3556840370474078,0.3136531365313653,0.1956900188063384,0.1520633104549643,0.4337349397590361,0.5,5.409588530202184,0.5560787259615384,22059.0,1664.0,0.2001201923076923,27.241
online_retail_ii,temporal,4,2011-06-01,0.2,smote@0.5,hgb,ok,0.7395622519589463,0.3684232874824026,0.3411978221415608,0.2242510479114271,0.1488894160758042,0.4216867469879518,0.5,5.3655198790913,0.5460787259615384,22059.0,1664.0,0.2001201923076923,2.671
online_retail_ii,temporal,4,2011-06-01,0.2,smote@0.5,xgb,ok,0.7526482154581328,0.3860681267736936,0.3424408014571949,0.226919975821083,0.1449373108189999,0.4578313253012048,0.5,5.581121828019848,0.522352764423077,22059.0,1664.0,0.2001201923076923,1.922
online_retail_ii,temporal,4,2011-06-01,0.2,smote@0.5,lgbm,ok,0.7359906864039094,0.3547698271611806,0.2896281800391389,0.1865142271753936,0.1499280853861714,0.4156626506024096,0.5,5.38555117771441,0.5386237980769232,22059.0,1664.0,0.2001201923076923,2.326
online_retail_ii,temporal,4,2011-06-01,0.2,adasyn@1.0,lr,ok,0.757424592135336,0.3938373053072361,0.4799196787148594,0.3262004974158303,0.1888215911911842,0.4277108433734939,0.5,5.6206169612432175,0.4871694711538463,29257.0,1664.0,0.2001201923076923,0.985
online_retail_ii,temporal,4,2011-06-01,0.2,adasyn@1.0,rf,ok,0.7438163181964834,0.362603597562701,0.3771251931993817,0.2271199176553513,0.1599023457297604,0.4096385542168674,0.5,5.536491628706711,0.5386057692307692,29257.0,1664.0,0.2001201923076923,43.549
online_retail_ii,temporal,4,2011-06-01,0.2,adasyn@1.0,hgb,ok,0.7479902893126034,0.3740354239871171,0.4221251819505094,0.2721821858494371,0.1551136293038419,0.4518072289156626,0.5,5.47022336175257,0.5149248798076924,29257.0,1664.0,0.2001201923076923,3.925
online_retail_ii,temporal,4,2011-06-01,0.2,adasyn@1.0,xgb,ok,0.748118892746992,0.3759432502529108,0.4163027656477438,0.2648415294813686,0.1556760375438547,0.3975903614457831,0.5,5.544382544525418,0.5039122596153846,29257.0,1664.0,0.2001201923076923,2.858
online_retail_ii,temporal,4,2011-06-01,0.2,adasyn@1.0,lgbm,ok,0.7467042549687177,0.3728329803048903,0.3566666666666667,0.2192264923375493,0.1499669312564005,0.4277108433734939,0.5,5.539240075244858,0.4999188701923077,29257.0,1664.0,0.2001201923076923,3.516
online_retail_ii,temporal,4,2011-06-01,0.2,smote_enn@1.0,lr,ok,0.7588956349286928,0.402093978413571,0.4602224123182207,0.30552219829729,0.2456312544696713,0.4698795180722891,0.5,5.638537656389209,0.487608173076923,19158.0,1664.0,0.2001201923076923,8.567
online_retail_ii,temporal,4,2011-06-01,0.2,smote_enn@1.0,rf,ok,0.7557346978834583,0.4004878369074622,0.4542372881355932,0.2888220148781971,0.1970359736755129,0.4819277108433735,0.5,5.571584700588178,0.5363671875,19138.0,1664.0,0.2001201923076923,31.388
online_retail_ii,temporal,4,2011-06-01,0.2,smote_enn@1.0,hgb,ok,0.7516137474815161,0.4083689944782893,0.4596685082872928,0.2957941512368025,0.2056542215148416,0.4939759036144578,0.5,5.453800583400096,0.5164483173076924,19209.0,1664.0,0.2001201923076923,11.687
online_retail_ii,temporal,4,2011-06-01,0.2,smote_enn@1.0,xgb,ok,0.7525297649264593,0.4025578913294807,0.458980044345898,0.2949009001562181,0.2059497242627547,0.4939759036144578,0.5,5.468208039938556,0.512890625,19080.0,1664.0,0.2001201923076923,10.798
online_retail_ii,temporal,4,2011-06-01,0.2,smote_enn@1.0,lgbm,ok,0.7524970500177113,0.4013906780640452,0.4489311163895487,0.2840560079668027,0.1998035358985125,0.4819277108433735,0.5,5.496777481490577,0.5031790865384616,19243.0,1664.0,0.2001201923076923,10.906
online_retail_ii,temporal,4,2011-06-01,0.2,dirichlet@1.0,lr,ok,0.7613797117929351,0.4093768268506938,0.4711014176663031,0.3119809957169386,0.1785620870119007,0.4698795180722891,0.5,5.638362549163751,0.4875600961538461,29412.0,1664.0,0.2001201923076923,0.377
online_retail_ii,temporal,4,2011-06-01,0.2,dirichlet@1.0,rf,ok,0.743889644716091,0.3575307347336339,0.3380281690140845,0.2112213423567148,0.1541006272356878,0.4277108433734939,0.5,5.504650195312916,0.5425631009615385,29412.0,1664.0,0.2001201923076923,39.756
online_retail_ii,temporal,4,2011-06-01,0.2,dirichlet@1.0,hgb,ok,0.7449906706105054,0.3640728205354841,0.1382716049382716,0.1003383305972526,0.1446183925485362,0.3855421686746988,0.5,5.59482331431051,0.5381129807692309,29412.0,1664.0,0.2001201923076923,3.493
online_retail_ii,temporal,4,2011-06-01,0.2,dirichlet@1.0,xgb,ok,0.7525331492273641,0.3790700280098237,0.3712374581939799,0.2379577295693962,0.1511513455039219,0.4277108433734939,0.5,5.543249326352465,0.5195733173076923,29412.0,1664.0,0.2001201923076923,2.492
online_retail_ii,temporal,4,2011-06-01,0.2,dirichlet@1.0,lgbm,ok,0.7410163732477782,0.356134040174593,0.3076923076923077,0.2024937062455196,0.1500915280542215,0.4096385542168674,0.5,5.5002955744175415,0.5495883413461539,29412.0,1664.0,0.2001201923076923,3.127
online_retail_ii,temporal,4,2011-06-01,0.2,easy_ensemble,lr,ok,0.7588166679075771,0.4057024356587523,0.4863685932388222,0.3340113720573947,0.1805178037751444,0.4578313253012048,0.5,5.589800983801792,0.480321514423077,18382.0,1664.0,0.2001201923076923,0.539
online_retail_ii,temporal,4,2011-06-01,0.2,easy_ensemble,rf,ok,0.7488420050403521,0.375325804868907,0.4505263157894736,0.2815132395072823,0.1922860798515383,0.4518072289156626,0.5,5.590676357338001,0.5565234374999999,18382.0,1664.0,0.2001201923076923,87.164
online_retail_ii,temporal,4,2011-06-01,0.2,easy_ensemble,hgb,ok,0.7462744487537877,0.3816618053365052,0.4460285132382892,0.2744553547702819,0.1936945079491219,0.4518072289156626,0.5,5.503216970119465,0.5325,18382.0,1664.0,0.2001201923076923,17.271
online_retail_ii,temporal,4,2011-06-01,0.2,easy_ensemble,xgb,ok,0.7422087752666265,0.3747862154274488,0.4541910331384015,0.2873786982684017,0.1982343890942172,0.4277108433734939,0.5,5.478967735802635,0.5610246394230771,18382.0,1664.0,0.2001201923076923,10.764
online_retail_ii,temporal,4,2011-06-01,0.2,easy_ensemble,lgbm,ok,0.7326515095110135,0.3628851826450499,0.4416094210009813,0.2676684449096704,0.2035437291115023,0.3795180722891566,0.5,5.398291712724467,0.5659735576923076,18382.0,1664.0,0.2001201923076923,11.73
online_retail_ii,random,4,2011-06-01,0.2,none,lr,ok,0.7378069278895726,0.3730704328495139,0.0059523809523809,0.0141502807702022,0.1429107877739971,0.4578313253012048,0.5,5.337503921568937,0.5379417067307694,18382.0,1664.0,0.2001201923076923,0.151
online_retail_ii,random,4,2011-06-01,0.2,none,rf,ok,0.7716939328509576,0.4303854504962932,0.2684563758389262,0.2211092181432717,0.136805940207779,0.5180722891566265,0.5,5.703061143415355,0.4786868990384614,18382.0,1664.0,0.2001201923076923,21.932
online_retail_ii,random,4,2011-06-01,0.2,none,hgb,ok,0.7609160625689553,0.4447177506729026,0.235576923076923,0.2234850449886333,0.1375245689564755,0.5301204819277109,0.5,5.544193126203915,0.5130228365384616,18382.0,1664.0,0.2001201923076923,2.353
online_retail_ii,random,4,2011-06-01,0.2,none,xgb,ok,0.7577878404324685,0.4332223433539649,0.2141119221411192,0.201752180852574,0.1382858443617808,0.5,0.5,5.542779225631757,0.5281881009615386,18382.0,1664.0,0.2001201923076923,1.759
online_retail_ii,random,4,2011-06-01,0.2,none,lgbm,ok,0.7621829192077126,0.4247651189684222,0.2436781609195402,0.2040590331473331,0.1382102792487615,0.4879518072289157,0.5,5.5699721832519575,0.4607061298076922,18382.0,1664.0,0.2001201923076923,1.935
online_retail_ii,random,4,2011-06-01,0.2,class_weight,lr,ok,0.7367059019951582,0.3687888982994559,0.446535500427716,0.2814888734117302,0.2186635656893795,0.4156626506024096,0.5,5.341965338875109,0.541541466346154,18382.0,1664.0,0.2001201923076923,0.164
online_retail_ii,random,4,2011-06-01,0.2,class_weight,rf,ok,0.7670314943042216,0.4288908065626513,0.4007352941176471,0.3014252947188497,0.1410030719730324,0.5421686746987951,0.5,5.678201039179977,0.4748978365384617,18382.0,1664.0,0.2001201923076923,21.378
online_retail_ii,random,4,2011-06-01,0.2,class_weight,hgb,ok,0.7576468278947617,0.4306932590455257,0.4726522187822497,0.314440590475401,0.1912066922575858,0.5180722891566265,0.5,5.602045542988294,0.5133173076923077,18382.0,1664.0,0.2001201923076923,2.356
online_retail_ii,random,4,2011-06-01,0.2,class_weight,xgb,ok,0.7604659505485952,0.4401478488752541,0.4646464646464646,0.3027427259601783,0.1909880110983504,0.5180722891566265,0.5,5.5035828015947565,0.5005919471153847,18382.0,1664.0,0.2001201923076923,1.699
online_retail_ii,random,4,2011-06-01,0.2,class_weight,lgbm,ok,0.757623137788427,0.4328762721246,0.4640522875816993,0.3017911860107148,0.1846678501628935,0.5,0.5,5.450361450046962,0.4924038461538462,18382.0,1664.0,0.2001201923076923,1.95
online_retail_ii,random,4,2011-06-01,0.2,threshold,lr,ok,0.7378069278895726,0.3730704328495139,0.4485081809432146,0.2787392491073843,0.1429107877739971,0.4578313253012048,0.2431119020071142,5.337503921568937,0.5379417067307694,18382.0,1664.0,0.2001201923076923,0.478
online_retail_ii,random,4,2011-06-01,0.2,threshold,rf,ok,0.7727814215417521,0.4357303741174806,0.4892966360856269,0.3398367965491239,0.1364055098446874,0.5421686746987951,0.2202229725829725,5.824825869299749,0.4460697115384615,18382.0,1664.0,0.2001201923076923,39.771
online_retail_ii,random,4,2011-06-01,0.2,threshold,hgb,ok,0.7609160625689553,0.4447177506729026,0.4574209245742092,0.2972297491622043,0.1375245689564755,0.5301204819277109,0.2874727094463076,5.544193126203915,0.5130228365384616,18382.0,1664.0,0.2001201923076923,4.775
online_retail_ii,random,4,2011-06-01,0.2,threshold,xgb,ok,0.7589768581504118,0.4372662852502503,0.4704704704704704,0.3118501364941043,0.1378112781686079,0.463855421686747,0.2204436123371124,5.531454758465897,0.5039242788461539,18382.0,1664.0,0.2001201923076923,3.362
online_retail_ii,random,4,2011-06-01,0.2,threshold,lgbm,ok,0.7571989720750051,0.4230239770796902,0.4707112970711297,0.3113740948571394,0.1392291110335321,0.4698795180722891,0.2280332976328681,5.547063408347781,0.5119621394230769,18382.0,1664.0,0.2001201923076923,3.877
online_retail_ii,random,4,2011-06-01,0.2,ros@1.0,lr,ok,0.7362839924823394,0.3676640384506642,0.443307757885763,0.2760895036492725,0.2190885961376341,0.4277108433734939,0.5,5.332130440522401,0.538915264423077,29412.0,1664.0,0.2001201923076923,0.195
online_retail_ii,random,4,2011-06-01,0.2,ros@1.0,rf,ok,0.7696588399067738,0.4319217071544128,0.4333868378812199,0.3047501301196499,0.1458835594573525,0.5240963855421686,0.5,5.688633846387461,0.4772385817307693,29412.0,1664.0,0.2001201923076923,29.6
online_retail_ii,random,4,2011-06-01,0.2,ros@1.0,hgb,ok,0.7611732694377322,0.4342830347490556,0.463265306122449,0.3004922039674267,0.1872856934313718,0.5120481927710844,0.5,5.598593309250582,0.5159164663461538,29412.0,1664.0,0.2001201923076923,2.886
online_retail_ii,random,4,2011-06-01,0.2,ros@1.0,xgb,ok,0.7548829821557094,0.4195642051241378,0.4621676891615542,0.2988131654107235,0.1916155760285423,0.4759036144578313,0.5,5.466946350909788,0.5184675480769232,29412.0,1664.0,0.2001201923076923,2.105
online_retail_ii,random,4,2011-06-01,0.2,ros@1.0,lgbm,ok,0.7580563283042622,0.4289219647430762,0.4746136865342163,0.3171671457864587,0.181993325083884,0.4939759036144578,0.5,5.462057900504456,0.4912770432692308,29412.0,1664.0,0.2001201923076923,2.414
online_retail_ii,random,4,2011-06-01,0.2,rus@1.0,lr,ok,0.73655022415353,0.368174081739367,0.4412265758091993,0.2724873651022625,0.2184858208148308,0.4457831325301205,0.5,5.349683058436352,0.5417818509615384,7352.0,1664.0,0.2001201923076923,0.102
online_retail_ii,random,4,2011-06-01,0.2,rus@1.0,rf,ok,0.7488397488397488,0.3815251642712263,0.4688090737240075,0.3117525597665632,0.2094149018634562,0.4518072289156626,0.5,5.469772475924847,0.4574068509615385,7352.0,1664.0,0.2001201923076923,8.568
online_retail_ii,random,4,2011-06-01,0.2,rus@1.0,hgb,ok,0.7445461990916535,0.3799915868487469,0.4529356943150046,0.2868845400955024,0.2142970318576673,0.4457831325301205,0.5,5.52033042641196,0.5547055288461539,7352.0,1664.0,0.2001201923076923,1.817
online_retail_ii,random,4,2011-06-01,0.2,rus@1.0,xgb,ok,0.7491014681097325,0.413055681270814,0.4578754578754578,0.2958726685452759,0.2118565831879191,0.4759036144578313,0.5,5.42133948776795,0.5140144230769231,7352.0,1664.0,0.2001201923076923,1.198
online_retail_ii,random,4,2011-06-01,0.2,rus@1.0,lgbm,ok,0.7429194784566686,0.3912083183691026,0.4558139534883721,0.2916424633157777,0.2166264418186932,0.4698795180722891,0.5,5.387816367744452,0.5044711538461538,7352.0,1664.0,0.2001201923076923,1.256
online_retail_ii,random,4,2011-06-01,0.2,smote@1.0,lr,ok,0.7373669687719273,0.3733794005630932,0.4450171821305841,0.2784834958663331,0.2179680333205305,0.4457831325301205,0.5,5.3266132478656685,0.5371093750000001,29412.0,1664.0,0.2001201923076923,0.344
online_retail_ii,random,4,2011-06-01,0.2,smote@1.0,rf,ok,0.7577833280312619,0.4098145898313287,0.4453665283540802,0.2941425894138963,0.1580007702636726,0.5301204819277109,0.5,5.526349274777691,0.4932481971153846,29412.0,1664.0,0.2001201923076923,40.872
online_retail_ii,random,4,2011-06-01,0.2,smote@1.0,hgb,ok,0.7530881745757779,0.4306669486549528,0.4507389162561576,0.2890978762354891,0.1678268875739877,0.4879518072289157,0.5,5.455829782602585,0.5077193509615385,29412.0,1664.0,0.2001201923076923,3.213
online_retail_ii,random,4,2011-06-01,0.2,smote@1.0,xgb,ok,0.7527508725855833,0.4118911474474097,0.4563106796116505,0.2955583682475244,0.1695074231024594,0.5060240963855421,0.5,5.473869954118772,0.496884014423077,29412.0,1664.0,0.2001201923076923,2.398
online_retail_ii,random,4,2011-06-01,0.2,smote@1.0,lgbm,ok,0.7492639145531708,0.409351170200501,0.4356435643564356,0.2848328912169049,0.1557850460474111,0.4759036144578313,0.5,5.452495616527591,0.5048527644230769,29412.0,1664.0,0.2001201923076923,3.038
online_retail_ii,random,4,2011-06-01,0.2,smote@0.5,lr,ok,0.7377302170690601,0.3710927987694409,0.4102564102564102,0.2456333401485837,0.1613305105884329,0.4457831325301205,0.5,5.337281821553081,0.5409104567307692,22059.0,1664.0,0.2001201923076923,0.321
online_retail_ii,random,4,2011-06-01,0.2,smote@0.5,rf,ok,0.762116361289915,0.4191035016216,0.4013605442176871,0.2792496777713658,0.1449055020251002,0.4879518072289157,0.5,5.56937460669807,0.4739993990384616,22059.0,1664.0,0.2001201923076923,30.227
online_retail_ii,random,4,2011-06-01,0.2,smote@0.5,hgb,ok,0.7601523386647353,0.4297441852769862,0.4175491679273828,0.2732146905473434,0.1471325725038261,0.4759036144578313,0.5,5.569017330902302,0.4788521634615384,22059.0,1664.0,0.2001201923076923,2.871
online_retail_ii,random,4,2011-06-01,0.2,smote@0.5,xgb,ok,0.7557324416828549,0.4149284826759882,0.4208860759493671,0.2862451056708605,0.1482021089663433,0.4879518072289157,0.5,5.532171172687892,0.4933383413461538,22059.0,1664.0,0.2001201923076923,1.984
online_retail_ii,random,4,2011-06-01,0.2,smote@0.5,lgbm,ok,0.7564025332620373,0.4374360579073224,0.3885918003565062,0.2768209999050763,0.1439608307568541,0.4819277108433735,0.5,5.5183758889818,0.5239963942307693,22059.0,1664.0,0.2001201923076923,2.408
online_retail_ii,random,4,2011-06-01,0.2,adasyn@1.0,lr,ok,0.736755538408431,0.37317007909037,0.4442595673876872,0.2799481877440385,0.2203017015905959,0.4578313253012048,0.5,5.3054279752605975,0.5401562500000001,29310.0,1664.0,0.2001201923076923,1.034
online_retail_ii,random,4,2011-06-01,0.2,adasyn@1.0,rf,ok,0.7591280235908334,0.4182090776867039,0.4287690179806362,0.2728672542594537,0.1577155278153808,0.4939759036144578,0.5,5.553941983146167,0.5015474759615386,29310.0,1664.0,0.2001201923076923,43.624
online_retail_ii,random,4,2011-06-01,0.2,adasyn@1.0,hgb,ok,0.7516114912809126,0.4080776678251718,0.4509090909090909,0.2881420593532182,0.168871412854639,0.5240963855421686,0.5,5.504748267279333,0.4951532451923077,29310.0,1664.0,0.2001201923076923,3.977
online_retail_ii,random,4,2011-06-01,0.2,adasyn@1.0,xgb,ok,0.7493090385652369,0.4211844003680322,0.4509803921568627,0.2890457131438162,0.1703937965994107,0.4759036144578313,0.5,5.516926861704591,0.5007001201923077,29310.0,1664.0,0.2001201923076923,3.241
online_retail_ii,random,4,2011-06-01,0.2,adasyn@1.0,lgbm,ok,0.7555970696466564,0.4293656342157573,0.4403409090909091,0.2914255195450992,0.1540865816965362,0.5180722891566265,0.5,5.547181914525769,0.4856730769230769,29310.0,1664.0,0.2001201923076923,3.589
online_retail_ii,random,4,2011-06-01,0.2,smote_enn@1.0,lr,ok,0.7356003636995373,0.3637842383143139,0.4289897510980966,0.2670954809939124,0.3103685838821505,0.4156626506024096,0.5,5.327363851172715,0.5416256009615384,19219.0,1664.0,0.2001201923076923,8.754
online_retail_ii,random,4,2011-06-01,0.2,smote_enn@1.0,rf,ok,0.7416311879121797,0.3759564898557098,0.449952335557674,0.281272028859844,0.2371596611074681,0.4216867469879518,0.5,5.301614631931943,0.5199519230769232,19210.0,1664.0,0.2001201923076923,34.498
online_retail_ii,random,4,2011-06-01,0.2,smote_enn@1.0,hgb,ok,0.7397529009099256,0.3787973433283728,0.4546322827125119,0.2886533149182566,0.2522319220508215,0.4216867469879518,0.5,5.304754585222383,0.5100420673076923,19236.0,1664.0,0.2001201923076923,11.387
online_retail_ii,random,4,2011-06-01,0.2,smote_enn@1.0,xgb,ok,0.7497941216949482,0.3966195371859574,0.4522232734153264,0.285140230461776,0.250006514135736,0.4759036144578313,0.5,5.480193668110121,0.5002974759615384,19212.0,1664.0,0.2001201923076923,10.348
online_retail_ii,random,4,2011-06-01,0.2,smote_enn@1.0,lgbm,ok,0.7500287665576922,0.3971536470394055,0.4554455445544554,0.2890058834589838,0.239717660886946,0.4759036144578313,0.5,5.499643657209961,0.510360576923077,19198.0,1664.0,0.2001201923076923,10.825
online_retail_ii,random,4,2011-06-01,0.2,dirichlet@1.0,lr,ok,0.7374504481942499,0.3782089683985761,0.443307757885763,0.2760895036492725,0.2176837530686045,0.4578313253012048,0.5,5.296873508461907,0.5338641826923076,29412.0,1664.0,0.2001201923076923,0.316
online_retail_ii,random,4,2011-06-01,0.2,dirichlet@1.0,rf,ok,0.761724910485241,0.4141645342618278,0.4049079754601227,0.2600913110483358,0.151476165076225,0.4457831325301205,0.5,5.706564263502206,0.4637650240384616,29412.0,1664.0,0.2001201923076923,40.204
online_retail_ii,random,4,2011-06-01,0.2,dirichlet@1.0,hgb,ok,0.7539647085101631,0.4153951325784847,0.2612612612612612,0.2154349256057576,0.1403987423632569,0.4698795180722891,0.5,5.529095264128146,0.5198948317307692,29412.0,1664.0,0.2001201923076923,3.427
online_retail_ii,random,4,2011-06-01,0.2,dirichlet@1.0,xgb,ok,0.7489525588699142,0.3877473256820237,0.4214876033057851,0.2629482272068809,0.161072740996111,0.4457831325301205,0.5,5.631546214030196,0.4823257211538461,29412.0,1664.0,0.2001201923076923,2.333
online_retail_ii,random,4,2011-06-01,0.2,dirichlet@1.0,lgbm,ok,0.7513486439106274,0.4091894221493031,0.4031496062992126,0.2633077181386165,0.149434335814887,0.4819277108433735,0.5,5.460153053887492,0.5028155048076922,29412.0,1664.0,0.2001201923076923,2.961
online_retail_ii,random,4,2011-06-01,0.2,easy_ensemble,lr,ok,0.7374707539996797,0.3681961014366127,0.4438775510204081,0.2773015465403852,0.2190274487451187,0.4277108433734939,0.5,5.378252927773623,0.5408503605769232,18382.0,1664.0,0.2001201923076923,0.476
online_retail_ii,random,4,2011-06-01,0.2,easy_ensemble,rf,ok,0.7592024782107426,0.4084658609419503,0.4618249534450652,0.3013526553301214,0.2064944173543285,0.4939759036144578,0.5,5.552013656178688,0.4916045673076922,18382.0,1664.0,0.2001201923076923,65.258
online_retail_ii,random,4,2011-06-01,0.2,easy_ensemble,hgb,ok,0.7584804940176839,0.4288846602354819,0.4568807339449541,0.2941273167444057,0.2083560778033768,0.4939759036144578,0.5,5.459437044355465,0.5114963942307693,18382.0,1664.0,0.2001201923076923,17.024
online_retail_ii,random,4,2011-06-01,0.2,easy_ensemble,xgb,ok,0.7571899472725919,0.4301041024357291,0.4602739726027397,0.2999999794910543,0.2097414640800081,0.5180722891566265,0.5,5.4836091779466525,0.5042217548076923,18382.0,1664.0,0.2001201923076923,11.065
online_retail_ii,random,4,2011-06-01,0.2,easy_ensemble,lgbm,ok,0.7513418753088175,0.4109741413992951,0.4615384615384615,0.3004807372691123,0.2113693823834125,0.463855421686747,0.5,5.438810195956982,0.5070552884615385,18382.0,1664.0,0.2001201923076923,10.256
online_retail_ii,temporal,5,2011-07-01,0.2,none,lr,ok,0.7687189496096521,0.437716799496029,0.0,0.0,0.1384539030830678,0.4886363636363636,0.5,5.690988892134223,0.4915190232822259,20197.0,1761.0,0.1998864281658148,0.192
online_retail_ii,temporal,5,2011-07-01,0.2,none,rf,ok,0.7570548906381056,0.4018910874390756,0.1838565022421524,0.1403015835957042,0.1398419634841841,0.4488636363636363,0.5,5.540377127474154,0.481862578080636,20197.0,1761.0,0.1998864281658148,24.349
online_retail_ii,temporal,5,2011-07-01,0.2,none,hgb,ok,0.7663851296857862,0.4037762581902892,0.1689497716894977,0.1305134493167289,0.1391218191923305,0.4659090909090909,0.5,5.667753678947739,0.4391482112436115,20197.0,1761.0,0.1998864281658148,2.646
online_retail_ii,temporal,5,2011-07-01,0.2,none,xgb,ok,0.7673398283760242,0.4130157729794513,0.1452784503631961,0.1382713328801118,0.137964281805618,0.4829545454545454,0.5,5.681734232655617,0.443580352072686,20197.0,1761.0,0.1998864281658148,2.13
online_retail_ii,temporal,5,2011-07-01,0.2,none,lgbm,ok,0.7592939463836377,0.4036236188947978,0.1662817551963048,0.134277206996174,0.1399818939980333,0.4943181818181818,0.5,5.536607484138349,0.4520244179443499,20197.0,1761.0,0.1998864281658148,2.025
online_retail_ii,temporal,5,2011-07-01,0.2,class_weight,lr,ok,0.768106006839151,0.427852007629496,0.4770459081836327,0.3209514558096466,0.1797068564736268,0.4943181818181818,0.5,5.712573706342464,0.4897842135150483,20197.0,1761.0,0.1998864281658148,0.175
online_retail_ii,temporal,5,2011-07-01,0.2,class_weight,rf,ok,0.7583291663978321,0.4056338547754706,0.3035019455252918,0.2241252693537475,0.1409640717726065,0.4715909090909091,0.5,5.565534819739729,0.4709142532651901,20197.0,1761.0,0.1998864281658148,23.389
online_retail_ii,temporal,5,2011-07-01,0.2,class_weight,hgb,ok,0.7662681866572036,0.4187553319886222,0.4796380090497738,0.3267481246422226,0.1665427733520041,0.5511363636363636,0.5,5.652075453462655,0.4439182282793865,20197.0,1761.0,0.1998864281658148,2.669
online_retail_ii,temporal,5,2011-07-01,0.2,class_weight,xgb,ok,0.7643618136653978,0.4085653584309107,0.4795454545454545,0.3268298049751026,0.166788079840516,0.5056818181818182,0.5,5.643134871155183,0.4319136854060192,20197.0,1761.0,0.1998864281658148,1.815
online_retail_ii,temporal,5,2011-07-01,0.2,class_weight,lgbm,ok,0.7627528388928317,0.4094647724816905,0.4815256257449344,0.3322344011489906,0.161091573986042,0.4886363636363636,0.5,5.546646157664557,0.4577143668370243,20197.0,1761.0,0.1998864281658148,2.108
online_retail_ii,temporal,5,2011-07-01,0.2,threshold,lr,ok,0.7687189496096521,0.437716799496029,0.4714119019836639,0.3172925980580695,0.1384539030830678,0.4886363636363636,0.2460172139927947,5.690988892134223,0.4915190232822259,20197.0,1761.0,0.1998864281658148,0.545
online_retail_ii,temporal,5,2011-07-01,0.2,threshold,rf,ok,0.7530828601845281,0.4025974667078622,0.4710830704521556,0.3125123745058352,0.1403988092080841,0.4715909090909091,0.2488490438299134,5.486163707726267,0.4923793299261784,20197.0,1761.0,0.1998864281658148,44.085
online_retail_ii,temporal,5,2011-07-01,0.2,threshold,hgb,ok,0.7663851296857862,0.4037762581902892,0.490566037735849,0.3436371603083318,0.1391218191923305,0.4659090909090909,0.2445937428411945,5.667753678947739,0.4391482112436115,20197.0,1761.0,0.1998864281658148,4.96
online_retail_ii,temporal,5,2011-07-01,0.2,threshold,xgb,ok,0.7647670817472094,0.4116976586163672,0.4757281553398058,0.3258801131491249,0.1384394660900542,0.5284090909090909,0.2631379309296608,5.601845079774521,0.448304940374787,20197.0,1761.0,0.1998864281658148,3.508
online_retail_ii,temporal,5,2011-07-01,0.2,threshold,lgbm,ok,0.7607073440221951,0.4004563183511938,0.4739130434782608,0.3173269112775273,0.1401436029005694,0.4772727272727273,0.2139363233494172,5.574250002311389,0.4608120386144236,20197.0,1761.0,0.1998864281658148,4.073
online_retail_ii,temporal,5,2011-07-01,0.2,ros@1.0,lr,ok,0.7657933576359766,0.4273417276933572,0.4758974358974359,0.3191594251770954,0.1768417910578117,0.4715909090909091,0.5,5.6595461869767885,0.4868398637137989,32316.0,1761.0,0.1998864281658148,0.216
online_retail_ii,temporal,5,2011-07-01,0.2,ros@1.0,rf,ok,0.753396388476676,0.3943352936846899,0.3569023569023569,0.2376706858691148,0.1474626532699578,0.4545454545454545,0.5,5.5006996902351535,0.4988727995457126,32316.0,1761.0,0.1998864281658148,32.052
online_retail_ii,temporal,5,2011-07-01,0.2,ros@1.0,hgb,ok,0.75868604426092,0.3986761692132438,0.4633569739952718,0.3073955782256298,0.1652087799339677,0.5170454545454546,0.5,5.597831285257482,0.455136286201022,32316.0,1761.0,0.1998864281658148,2.974
online_retail_ii,temporal,5,2011-07-01,0.2,ros@1.0,xgb,ok,0.7608888073424092,0.4027024218427129,0.4781609195402299,0.3255196737147808,0.16579759797978,0.4943181818181818,0.5,5.586278302023731,0.4506672345258375,32316.0,1761.0,0.1998864281658148,2.209
online_retail_ii,temporal,5,2011-07-01,0.2,ros@1.0,lgbm,ok,0.7644192770501322,0.4167196648231481,0.4697336561743341,0.3177615688467121,0.1607305470479172,0.5056818181818182,0.5,5.667709173640684,0.4390034071550255,32316.0,1761.0,0.1998864281658148,2.543
online_retail_ii,temporal,5,2011-07-01,0.2,rus@1.0,lr,ok,0.7668801212981483,0.4221715513062773,0.4786494538232373,0.323385542274392,0.179995566503475,0.4715909090909091,0.5,5.666630264463503,0.4909142532651902,8078.0,1761.0,0.1998864281658148,0.117
online_retail_ii,temporal,5,2011-07-01,0.2,rus@1.0,rf,ok,0.7528026001677527,0.4036290649636085,0.4635897435897436,0.3013410284741048,0.1874170889376908,0.4715909090909091,0.5,5.531528364268353,0.4815616127200454,8078.0,1761.0,0.1998864281658148,9.469
online_retail_ii,temporal,5,2011-07-01,0.2,rus@1.0,hgb,ok,0.76230422124008,0.4170099744596364,0.4809866392600205,0.3265243051484804,0.1831219886111807,0.5056818181818182,0.5,5.611816516632894,0.4722799545712662,8078.0,1761.0,0.1998864281658148,1.888
online_retail_ii,temporal,5,2011-07-01,0.2,rus@1.0,xgb,ok,0.7525818197948255,0.3740847585707715,0.48,0.3257568936272006,0.1898441737807678,0.3977272727272727,0.5,5.744444308604948,0.4573140261215218,8078.0,1761.0,0.1998864281658148,1.177
online_retail_ii,temporal,5,2011-07-01,0.2,rus@1.0,lgbm,ok,0.7513609749016066,0.3900934022027756,0.4745417515274949,0.3171794496523679,0.1890817064714626,0.4488636363636363,0.5,5.5931515169137285,0.4610789324247586,8078.0,1761.0,0.1998864281658148,1.3
online_retail_ii,temporal,5,2011-07-01,0.2,smote@1.0,lr,ok,0.7704065584876444,0.4379386587380043,0.4740450538687561,0.3167672476048202,0.1805369212929936,0.5,0.5,5.723232505851022,0.4834327086882453,32316.0,1761.0,0.1998864281658148,0.388
online_retail_ii,temporal,5,2011-07-01,0.2,smote@1.0,rf,ok,0.7412675817794696,0.3828704392696239,0.3858615611192931,0.2396810572369857,0.1566451449129908,0.4431818181818182,0.5,5.3661814929537055,0.5019307211811471,32316.0,1761.0,0.1998864281658148,47.53
online_retail_ii,temporal,5,2011-07-01,0.2,smote@1.0,hgb,ok,0.7465965546164269,0.3927466552504927,0.4333781965006729,0.2830395055243304,0.1551053721190439,0.4659090909090909,0.5,5.351905011200552,0.4883759227711527,32316.0,1761.0,0.1998864281658148,3.535
online_retail_ii,temporal,5,2011-07-01,0.2,smote@1.0,xgb,ok,0.7535808761855604,0.4018790225750768,0.4459644322845417,0.3014322462980431,0.1531123644719295,0.4886363636363636,0.5,5.434613765487057,0.4750936967632027,32316.0,1761.0,0.1998864281658148,2.493
online_retail_ii,temporal,5,2011-07-01,0.2,smote@1.0,lgbm,ok,0.7501552519517388,0.4003442905509867,0.4162754303599374,0.2907715019541481,0.1463539523395763,0.5056818181818182,0.5,5.34861779561999,0.4775468483816013,32316.0,1761.0,0.1998864281658148,3.109
online_retail_ii,temporal,5,2011-07-01,0.2,smote@0.5,lr,ok,0.7684044131879477,0.4298169120289015,0.4205607476635514,0.2949196040094589,0.1437780527183784,0.4943181818181818,0.5,5.709066625329768,0.4795201590005679,24237.0,1761.0,0.1998864281658148,0.352
online_retail_ii,temporal,5,2011-07-01,0.2,smote@0.5,rf,ok,0.7540859490934899,0.4008803934820016,0.3496503496503496,0.2406033240670673,0.1443777755655533,0.4715909090909091,0.5,5.582352992614169,0.4740318001135719,24237.0,1761.0,0.1998864281658148,30.865
online_retail_ii,temporal,5,2011-07-01,0.2,smote@0.5,hgb,ok,0.7613011323311181,0.4215973029213685,0.4,0.2899588585489422,0.1412933378595729,0.5568181818181818,0.5,5.5314462878917565,0.4886286201022146,24237.0,1761.0,0.1998864281658148,2.901
online_retail_ii,temporal,5,2011-07-01,0.2,smote@0.5,xgb,ok,0.7536786647525647,0.4002787865725312,0.3843537414965986,0.2743748924360127,0.1428127615571029,0.4943181818181818,0.5,5.426690628504917,0.4628478137421919,24237.0,1761.0,0.1998864281658148,2.264
online_retail_ii,temporal,5,2011-07-01,0.2,smote@0.5,lgbm,ok,0.7552977208206982,0.4008423393759144,0.3550724637681159,0.2596654212799094,0.1423021765387608,0.5,0.5,5.519329191193723,0.4756757524134014,24237.0,1761.0,0.1998864281658148,2.551
online_retail_ii,temporal,5,2011-07-01,0.2,adasyn@1.0,lr,ok,0.7699932253693788,0.4319583344076771,0.4714975845410628,0.3132064033327744,0.1839050373021604,0.5,0.5,5.724168457260371,0.4809795570698466,32175.0,1761.0,0.1998864281658148,1.192
online_retail_ii,temporal,5,2011-07-01,0.2,adasyn@1.0,rf,ok,0.743920978772824,0.3831527060427702,0.4052478134110787,0.2616451075375161,0.1556588880535904,0.4431818181818182,0.5,5.360323561536688,0.5045684270300964,32175.0,1761.0,0.1998864281658148,50.734
online_retail_ii,temporal,5,2011-07-01,0.2,adasyn@1.0,hgb,ok,0.7529457545648106,0.4099733625406614,0.4486486486486487,0.3030052097293594,0.1519797244767224,0.5284090909090909,0.5,5.4673334239515725,0.4564650766609881,32175.0,1761.0,0.1998864281658148,4.356
online_retail_ii,temporal,5,2011-07-01,0.2,adasyn@1.0,xgb,ok,0.7498729756758501,0.3890634888383343,0.4407713498622589,0.295947415290682,0.1533326313088342,0.4545454545454545,0.5,5.413671892932047,0.4773594548551959,32175.0,1761.0,0.1998864281658148,3.259
online_retail_ii,temporal,5,2011-07-01,0.2,adasyn@1.0,lgbm,ok,0.7495171059423188,0.3996957381630993,0.4139020537124802,0.2901585428918806,0.1456656519975714,0.4772727272727273,0.5,5.313713814871395,0.4813571834185122,32175.0,1761.0,0.1998864281658148,4.018
online_retail_ii,temporal,5,2011-07-01,0.2,smote_enn@1.0,lr,ok,0.7682370636815279,0.4265194365383762,0.4673366834170854,0.3146655458580911,0.2381236940755698,0.4715909090909091,0.5,5.651853148885359,0.4728052243043725,21144.0,1761.0,0.1998864281658148,10.442
online_retail_ii,temporal,5,2011-07-01,0.2,smote_enn@1.0,rf,ok,0.7563058503774438,0.4015874931072025,0.4725274725274725,0.3157688224639301,0.1933014537490159,0.4659090909090909,0.5,5.500842331685695,0.4864707552526973,21067.0,1761.0,0.1998864281658148,36.521
online_retail_ii,temporal,5,2011-07-01,0.2,smote_enn@1.0,hgb,ok,0.7574783050519389,0.4216736818636247,0.4705882352941176,0.3143783792266766,0.1942364189863026,0.5284090909090909,0.5,5.43768738355501,0.4972941510505393,21158.0,1761.0,0.1998864281658148,13.252
online_retail_ii,temporal,5,2011-07-01,0.2,smote_enn@1.0,xgb,ok,0.7616156687528228,0.4272179617304758,0.4758771929824561,0.3203459879536126,0.1946751077275659,0.5113636363636364,0.5,5.558936786565542,0.4602186257808064,21109.0,1761.0,0.1998864281658148,12.263
online_retail_ii,temporal,5,2011-07-01,0.2,smote_enn@1.0,lgbm,ok,0.7647166752693723,0.4273053991362272,0.4680365296803653,0.3113921207057261,0.1908646227844476,0.5170454545454546,0.5,5.629837682755555,0.4787365133446905,21195.0,1761.0,0.1998864281658148,12.579
online_retail_ii,temporal,5,2011-07-01,0.2,dirichlet@1.0,lr,ok,0.7692734208658624,0.4496368506937784,0.4777006937561942,0.3220115367114579,0.1770301481580187,0.5113636363636364,0.5,5.673008351071847,0.4759483248154456,32316.0,1761.0,0.1998864281658148,0.341
online_retail_ii,temporal,5,2011-07-01,0.2,dirichlet@1.0,rf,ok,0.7521573972514355,0.3961465212515541,0.3684210526315789,0.2450504492780167,0.1480757004815182,0.4659090909090909,0.5,5.481215362614568,0.4696621237932992,32316.0,1761.0,0.1998864281658148,42.447
online_retail_ii,temporal,5,2011-07-01,0.2,dirichlet@1.0,hgb,ok,0.7611307584360282,0.4087719816411379,0.212860310421286,0.1739088374235994,0.1389371042058929,0.4943181818181818,0.5,5.620429008793302,0.4708801817149347,32316.0,1761.0,0.1998864281658148,3.698
online_retail_ii,temporal,5,2011-07-01,0.2,dirichlet@1.0,xgb,ok,0.7536786647525647,0.4037013581885619,0.4110429447852761,0.2796265643137274,0.1483481503158534,0.5113636363636364,0.5,5.418562931073836,0.4868455423055081,32316.0,1761.0,0.1998864281658148,2.661
online_retail_ii,temporal,5,2011-07-01,0.2,dirichlet@1.0,lgbm,ok,0.7574551180721336,0.4086877324774157,0.3938356164383562,0.2881215118367448,0.1426641642299326,0.5113636363636364,0.5,5.553000768038655,0.4927370812038615,32316.0,1761.0,0.1998864281658148,3.328
online_retail_ii,temporal,5,2011-07-01,0.2,easy_ensemble,lr,ok,0.7685536163623461,0.4277531065279696,0.4810379241516966,0.3268364876317697,0.1790913311194411,0.4886363636363636,0.5,5.699867462843415,0.4858148779102783,20197.0,1761.0,0.1998864281658148,0.584
online_retail_ii,temporal,5,2011-07-01,0.2,easy_ensemble,rf,ok,0.7642751145235177,0.4102889566883123,0.486815415821501,0.3350800155123261,0.186046479393183,0.4829545454545454,0.5,5.612017080794725,0.4573310618966495,20197.0,1761.0,0.1998864281658148,95.174
online_retail_ii,temporal,5,2011-07-01,0.2,easy_ensemble,hgb,ok,0.773803955093877,0.4375835846029481,0.4943123061013443,0.3457180635379966,0.1766957880194897,0.5397727272727273,0.5,5.709038962254051,0.4464224872231686,20197.0,1761.0,0.1998864281658148,17.422
online_retail_ii,temporal,5,2011-07-01,0.2,easy_ensemble,xgb,ok,0.7661220078714757,0.4099359812519915,0.4801587301587302,0.3256350583794837,0.1834279933019033,0.5227272727272727,0.5,5.698763722097929,0.4553435547984098,20197.0,1761.0,0.1998864281658148,11.23
online_retail_ii,temporal,5,2011-07-01,0.2,easy_ensemble,lgbm,ok,0.7617265630040648,0.4046748792674356,0.4851485148514851,0.3330665233182275,0.1863880417782503,0.4829545454545454,0.5,5.6273917425051225,0.4467262918796139,20197.0,1761.0,0.1998864281658148,12.044
online_retail_ii,random,5,2011-07-01,0.2,none,lr,ok,0.7431850441963999,0.3689005938330223,0.0,-0.0168538030013668,0.1421898715133119,0.4602272727272727,0.5,5.39489299408533,0.4752186257808063,20197.0,1761.0,0.1998864281658148,0.184
online_retail_ii,random,5,2011-07-01,0.2,none,rf,ok,0.778503855087425,0.4563248288659005,0.3360323886639676,0.2848300672572069,0.1336405675906942,0.5227272727272727,0.5,5.780286217404462,0.4237592277115276,20197.0,1761.0,0.1998864281658148,24.787
online_retail_ii,random,5,2011-07-01,0.2,none,hgb,ok,0.7758010597457901,0.432456890847378,0.1920374707259953,0.1828894758184895,0.1351066984135525,0.4886363636363636,0.5,5.779650643361176,0.4543157296990345,20197.0,1761.0,0.1998864281658148,2.434
online_retail_ii,random,5,2011-07-01,0.2,none,xgb,ok,0.7740882476288792,0.4305166141977898,0.1971830985915492,0.1925582804763002,0.1355684710888951,0.5056818181818182,0.5,5.835845734135721,0.4620017035775127,20197.0,1761.0,0.1998864281658148,1.761
online_retail_ii,random,5,2011-07-01,0.2,none,lgbm,ok,0.7756347183689268,0.4349842368472053,0.2416107382550335,0.220056969908363,0.1351332893157996,0.5113636363636364,0.5,5.787869418993028,0.440999432140829,20197.0,1761.0,0.1998864281658148,2.013
online_retail_ii,random,5,2011-07-01,0.2,class_weight,lr,ok,0.7405578585715207,0.3608148175328983,0.4572396274343776,0.2966929723942804,0.210579251504345,0.4545454545454545,0.5,5.3485677609813385,0.4761783077796706,20197.0,1761.0,0.1998864281658148,0.168
online_retail_ii,random,5,2011-07-01,0.2,class_weight,rf,ok,0.7841957545648106,0.4547946872477855,0.4194630872483221,0.3132980601691642,0.1360838428924239,0.5511363636363636,0.5,5.909488926955404,0.4374787052810902,20197.0,1761.0,0.1998864281658148,23.758
online_retail_ii,random,5,2011-07-01,0.2,class_weight,hgb,ok,0.7713179076069424,0.4374242946784312,0.5015045135406219,0.3568361025465416,0.1826549266057055,0.4943181818181818,0.5,5.746355293679078,0.4233390119250426,20197.0,1761.0,0.1998864281658148,2.398
online_retail_ii,random,5,2011-07-01,0.2,class_weight,xgb,ok,0.7776711400735531,0.4316517546915593,0.499502487562189,0.3541603779246221,0.1814675140793836,0.5,0.5,5.883249429445473,0.4461953435547984,20197.0,1761.0,0.1998864281658148,1.755
online_retail_ii,random,5,2011-07-01,0.2,class_weight,lgbm,ok,0.7753201819472224,0.4264190474507761,0.4875,0.3358915802923885,0.1757971426044023,0.4943181818181818,0.5,5.865036435130366,0.4280891538898353,20197.0,1761.0,0.1998864281658148,2.019
online_retail_ii,random,5,2011-07-01,0.2,threshold,lr,ok,0.7431850441963999,0.3689005938330223,0.4680038204393505,0.3081702164414831,0.1421898715133119,0.4602272727272727,0.2441079812856185,5.39489299408533,0.4752186257808063,20197.0,1761.0,0.1998864281658148,0.514
online_retail_ii,random,5,2011-07-01,0.2,threshold,rf,ok,0.7808800164526744,0.4513488603153903,0.5130890052356021,0.3724594445193018,0.133374297007659,0.5340909090909091,0.2420941392993978,5.789994163674066,0.409014764338444,20197.0,1761.0,0.1998864281658148,44.373
online_retail_ii,random,5,2011-07-01,0.2,threshold,hgb,ok,0.7758010597457901,0.432456890847378,0.4988558352402746,0.3533999964039873,0.1351066984135525,0.4886363636363636,0.272369610857378,5.779650643361176,0.4543157296990345,20197.0,1761.0,0.1998864281658148,4.847
online_retail_ii,random,5,2011-07-01,0.2,threshold,xgb,ok,0.7729006710110329,0.4262391656555193,0.5005740528128588,0.3558592473879604,0.1358860532950001,0.5113636363636364,0.2751822176575662,5.699896790732768,0.4474219193639977,20197.0,1761.0,0.1998864281658148,3.598
online_retail_ii,random,5,2011-07-01,0.2,threshold,lgbm,ok,0.7796208626362992,0.437034714968064,0.5021186440677966,0.3566935369005463,0.1346071139753846,0.5113636363636364,0.2451513045327909,5.882444664318063,0.4407041453719477,20197.0,1761.0,0.1998864281658148,3.994
online_retail_ii,random,5,2011-07-01,0.2,ros@1.0,lr,ok,0.7407393218917349,0.3618642127978412,0.4553119730185497,0.2937566815111141,0.2107090101852261,0.4488636363636363,0.5,5.354435236778115,0.4813287904599659,32316.0,1761.0,0.1998864281658148,0.185
online_retail_ii,random,5,2011-07-01,0.2,ros@1.0,rf,ok,0.7892091828505065,0.4768021937315564,0.477037037037037,0.3538295424067408,0.1399050815208725,0.5681818181818182,0.5,5.944146375977259,0.4126462237365135,32316.0,1761.0,0.1998864281658148,33.294
online_retail_ii,random,5,2011-07-01,0.2,ros@1.0,hgb,ok,0.7679154703529261,0.4268985220156476,0.4883955600403633,0.3374641741522959,0.1807002860402068,0.5284090909090909,0.5,5.665667541601314,0.4529869392390687,32316.0,1761.0,0.1998864281658148,3.093
online_retail_ii,random,5,2011-07-01,0.2,ros@1.0,xgb,ok,0.7704609974837086,0.4326881341042211,0.4825523429710867,0.3290860395055553,0.1825236449281008,0.5170454545454546,0.5,5.752732423988032,0.4634355479840999,32316.0,1761.0,0.1998864281658148,2.241
online_retail_ii,random,5,2011-07-01,0.2,ros@1.0,lgbm,ok,0.7799898380540682,0.4402913413739667,0.4989517819706499,0.3522510549139335,0.171520116087342,0.5454545454545454,0.5,5.81663762473836,0.4427512776831345,32316.0,1761.0,0.1998864281658148,2.547
online_retail_ii,random,5,2011-07-01,0.2,rus@1.0,lr,ok,0.7392452738886379,0.3572615947344787,0.4546979865771812,0.2930909165093515,0.2109694409678839,0.4375,0.5,5.354551155447309,0.4732737081203861,8078.0,1761.0,0.1998864281658148,0.115
online_retail_ii,random,5,2011-07-01,0.2,rus@1.0,rf,ok,0.767491047809536,0.4202942459581837,0.4822429906542056,0.3307985761819,0.2022993318512657,0.4659090909090909,0.5,5.754641960077513,0.4689324247586597,8078.0,1761.0,0.1998864281658148,9.532
online_retail_ii,random,5,2011-07-01,0.2,rus@1.0,hgb,ok,0.7643819762565326,0.4036200591665018,0.4750679963735267,0.3212364912764765,0.2001152211318585,0.4545454545454545,0.5,5.732264510823344,0.4851022146507665,8078.0,1761.0,0.1998864281658148,1.811
online_retail_ii,random,5,2011-07-01,0.2,rus@1.0,xgb,ok,0.7569722240144525,0.386606847744996,0.4650735294117647,0.304831849358622,0.2024452317741763,0.4488636363636363,0.5,5.591652053118938,0.4737365133446905,8078.0,1761.0,0.1998864281658148,1.163
online_retail_ii,random,5,2011-07-01,0.2,rus@1.0,lgbm,ok,0.7733200529066391,0.4237747788628723,0.4921658986175115,0.3470648650928044,0.1977797301662442,0.5056818181818182,0.5,5.854914162744276,0.439738784781374,8078.0,1761.0,0.1998864281658148,1.276
online_retail_ii,random,5,2011-07-01,0.2,smote@1.0,lr,ok,0.7437395154526099,0.3685814405934702,0.4611528822055137,0.3043894232820055,0.21007923168641,0.4431818181818182,0.5,5.398929488830151,0.4774843838727995,32316.0,1761.0,0.1998864281658148,0.385
online_retail_ii,random,5,2011-07-01,0.2,smote@1.0,rf,ok,0.770499306406865,0.4417027010369515,0.4595300261096606,0.3122363883811007,0.1536391529969442,0.5340909090909091,0.5,5.722061790849981,0.4610846110164678,32316.0,1761.0,0.1998864281658148,45.283
online_retail_ii,random,5,2011-07-01,0.2,smote@1.0,hgb,ok,0.7583866297825667,0.4013495111270753,0.4705882352941176,0.316733848658474,0.1644815687407101,0.4829545454545454,0.5,5.535261760418738,0.4804997160704146,32316.0,1761.0,0.1998864281658148,3.38
online_retail_ii,random,5,2011-07-01,0.2,smote@1.0,xgb,ok,0.7616116362345957,0.4142629719878818,0.4779582366589327,0.3257571315739886,0.1645021959606895,0.4943181818181818,0.5,5.599304421612223,0.4732055650198751,32316.0,1761.0,0.1998864281658148,2.484
online_retail_ii,random,5,2011-07-01,0.2,smote@1.0,lgbm,ok,0.7681422995031937,0.4123836300049532,0.4619492656875834,0.3182109288861751,0.1488931144498141,0.5170454545454546,0.5,5.695790444427127,0.4736399772856331,32316.0,1761.0,0.1998864281658148,3.265
online_retail_ii,random,5,2011-07-01,0.2,smote@0.5,lr,ok,0.7415317117233371,0.3623582561804498,0.4260985352862849,0.2721931635034072,0.157484291296781,0.4488636363636363,0.5,5.382247226641725,0.4801192504258944,24237.0,1761.0,0.1998864281658148,0.364
online_retail_ii,random,5,2011-07-01,0.2,smote@0.5,rf,ok,0.777422132073037,0.4587112820917297,0.4283464566929134,0.3071131132621986,0.1397143050198813,0.5511363636363636,0.5,5.741850827827608,0.4481345826235092,24237.0,1761.0,0.1998864281658148,30.592
online_retail_ii,random,5,2011-07-01,0.2,smote@0.5,hgb,ok,0.7692633395702948,0.4170192780763463,0.426179604261796,0.2965646596193816,0.1426292273549047,0.4772727272727273,0.5,5.76304925602362,0.4661555934128336,24237.0,1761.0,0.1998864281658148,2.91
online_retail_ii,random,5,2011-07-01,0.2,smote@0.5,xgb,ok,0.7688963804116393,0.4246999051256068,0.4427934621099554,0.3120191763377336,0.1436209524281564,0.5056818181818182,0.5,5.659693534751199,0.468946621237933,24237.0,1761.0,0.1998864281658148,2.089
online_retail_ii,random,5,2011-07-01,0.2,smote@0.5,lgbm,ok,0.771497354668043,0.4212876716867934,0.4059405940594059,0.2919239500612001,0.1393687014277311,0.5056818181818182,0.5,5.704273963527145,0.4449630891538898,24237.0,1761.0,0.1998864281658148,2.6
online_retail_ii,random,5,2011-07-01,0.2,adasyn@1.0,lr,ok,0.7425862152396929,0.365042749641433,0.4617912900575185,0.307035852361796,0.2122183792964526,0.4431818181818182,0.5,5.419615871169064,0.477685973878478,32145.0,1761.0,0.1998864281658148,1.195
online_retail_ii,random,5,2011-07-01,0.2,adasyn@1.0,rf,ok,0.7729238579908381,0.44480625592522,0.4722955145118733,0.3298704617617088,0.1529580026483919,0.5,0.5,5.841080306980191,0.4551590005678592,32145.0,1761.0,0.1998864281658148,53.253
online_retail_ii,random,5,2011-07-01,0.2,adasyn@1.0,hgb,ok,0.7620491644622233,0.4091841837836035,0.4685990338164251,0.3160617927058511,0.1602163084073246,0.4772727272727273,0.5,5.667421184302765,0.4775780806360024,32145.0,1761.0,0.1998864281658148,4.253
online_retail_ii,random,5,2011-07-01,0.2,adasyn@1.0,xgb,ok,0.7609321569133493,0.419019646603733,0.4651162790697674,0.3085849903497725,0.164117548398461,0.4943181818181818,0.5,5.627656755050043,0.4796422487223168,32145.0,1761.0,0.1998864281658148,3.563
online_retail_ii,random,5,2011-07-01,0.2,adasyn@1.0,lgbm,ok,0.7643819762565325,0.4109430206358685,0.468371467025572,0.3274542550939929,0.1498332950288141,0.5,0.5,5.594674366220871,0.469647927314026,32145.0,1761.0,0.1998864281658148,3.899
online_retail_ii,random,5,2011-07-01,0.2,smote_enn@1.0,lr,ok,0.7447153848635395,0.3717592127940314,0.4293948126801152,0.2623202987092057,0.2923621211368064,0.4488636363636363,0.5,5.418028620453802,0.4730806360022713,21179.0,1761.0,0.1998864281658148,10.44
online_retail_ii,random,5,2011-07-01,0.2,smote_enn@1.0,rf,ok,0.750523219239951,0.3886923662832721,0.471953578336557,0.3138733222412748,0.2273374216848819,0.4602272727272727,0.5,5.489285879492293,0.4908886996024985,21142.0,1761.0,0.1998864281658148,37.731
online_retail_ii,random,5,2011-07-01,0.2,smote_enn@1.0,hgb,ok,0.7531987950835537,0.3905093845582838,0.4635761589403973,0.3016293359412271,0.2368318855469112,0.4659090909090909,0.5,5.51718843041461,0.4969761499148211,21111.0,1761.0,0.1998864281658148,13.006
online_retail_ii,random,5,2011-07-01,0.2,smote_enn@1.0,xgb,ok,0.7522904703529261,0.3885884093378953,0.4692942254812099,0.3115651460393815,0.2353508697736619,0.4318181818181818,0.5,5.485178061511924,0.4984554230550822,21015.0,1761.0,0.1998864281658148,12.035
online_retail_ii,random,5,2011-07-01,0.2,smote_enn@1.0,lgbm,ok,0.751748096651397,0.3771334681718564,0.4663414634146341,0.3053014648271268,0.2275398779071715,0.4431818181818182,0.5,5.476660593446257,0.484611016467916,21215.0,1761.0,0.1998864281658148,12.854
online_retail_ii,random,5,2011-07-01,0.2,dirichlet@1.0,lr,ok,0.7454694657719854,0.3770353317012616,0.4677966101694915,0.3143513867008075,0.2087350070826728,0.4431818181818182,0.5,5.454503337850024,0.473915388983532,32316.0,1761.0,0.1998864281658148,0.418
online_retail_ii,random,5,2011-07-01,0.2,dirichlet@1.0,rf,ok,0.7740025566165558,0.4350382234234338,0.4380664652567976,0.3095852413011183,0.1456071252677055,0.4886363636363636,0.5,5.898835409325882,0.4457864849517319,32316.0,1761.0,0.1998864281658148,43.76
online_retail_ii,random,5,2011-07-01,0.2,dirichlet@1.0,hgb,ok,0.7747042147880507,0.4409276055240467,0.2171945701357466,0.1935050254405323,0.1351566493550964,0.5511363636363636,0.5,5.763573104733436,0.4517518455423054,32316.0,1761.0,0.1998864281658148,4.028
online_retail_ii,random,5,2011-07-01,0.2,dirichlet@1.0,xgb,ok,0.7646642525324214,0.4093038085573048,0.4633821571238349,0.3196813474723058,0.1520283798773635,0.4772727272727273,0.5,5.680523974607088,0.4733929585462806,32316.0,1761.0,0.1998864281658148,2.927
online_retail_ii,random,5,2011-07-01,0.2,dirichlet@1.0,lgbm,ok,0.7716909155429382,0.4160379608957771,0.44375,0.3241497063317399,0.1407992157673763,0.5,0.5,5.751392988175603,0.4651618398637137,32316.0,1761.0,0.1998864281658148,3.49
online_retail_ii,random,5,2011-07-01,0.2,easy_ensemble,lr,ok,0.7405316472030454,0.3607657464494407,0.4564666103127641,0.295517081922039,0.2106555819021532,0.4545454545454545,0.5,5.338070391483297,0.4807268597387846,20197.0,1761.0,0.1998864281658148,0.552
online_retail_ii,random,5,2011-07-01,0.2,easy_ensemble,rf,ok,0.7737777437254018,0.4375920550285469,0.4747937671860678,0.3201970403721453,0.1987688453089008,0.4886363636363636,0.5,5.756782790391955,0.4512862010221465,20197.0,1761.0,0.1998864281658148,79.214
online_retail_ii,random,5,2011-07-01,0.2,easy_ensemble,hgb,ok,0.7737535486160397,0.4266760844181047,0.4918625678119349,0.3480498726663927,0.1977251579450576,0.5,0.5,5.797598857390279,0.4385547984099943,20197.0,1761.0,0.1998864281658148,18.596
online_retail_ii,random,5,2011-07-01,0.2,easy_ensemble,xgb,ok,0.7712392735015162,0.4181883071508017,0.4807864164432529,0.3313039577680288,0.1989995733820292,0.4772727272727273,0.5,5.770384632751516,0.4526660988074957,20197.0,1761.0,0.1998864281658148,12.363
online_retail_ii,random,5,2011-07-01,0.2,easy_ensemble,lgbm,ok,0.7768283437641138,0.4307877656772054,0.4918918918918919,0.3483966768344618,0.198269161794823,0.4886363636363636,0.5,5.8766365201367,0.4275809199318569,20197.0,1761.0,0.1998864281658148,12.124
online_retail_ii,temporal,6,2011-08-01,0.2,none,lr,ok,0.7666668336982975,0.4805572342295306,0.0153452685421994,0.0625731755970076,0.1373043720169478,0.6062176165803109,0.5,5.579745095617259,0.4888779731127198,22023.0,1934.0,0.2001034126163391,0.197
online_retail_ii,temporal,6,2011-08-01,0.2,none,rf,ok,0.7284700403715452,0.3752205700143298,0.2152641878669275,0.1592678799892187,0.1452373044810092,0.4507772020725388,0.5,5.13833625783293,0.5571302998965874,22023.0,1934.0,0.2001034126163391,29.376
online_retail_ii,temporal,6,2011-08-01,0.2,none,hgb,ok,0.760265346448657,0.408833715597986,0.1508620689655172,0.1295042774932261,0.1391154386656815,0.4974093264248704,0.5,5.519184047299939,0.4842425025853153,22023.0,1934.0,0.2001034126163391,2.971
online_retail_ii,temporal,6,2011-08-01,0.2,none,xgb,ok,0.7549595866969327,0.4001560258396537,0.1434782608695652,0.124727098224475,0.1398996494863643,0.4974093264248704,0.5,5.537661623447545,0.514865563598759,22023.0,1934.0,0.2001034126163391,2.431
online_retail_ii,temporal,6,2011-08-01,0.2,none,lgbm,ok,0.745966603695742,0.3904259332854167,0.1739130434782608,0.1356104524630848,0.1426623764888758,0.4507772020725388,0.5,5.473208961627801,0.5089270941054808,22023.0,1934.0,0.2001034126163391,2.271
online_retail_ii,temporal,6,2011-08-01,0.2,class_weight,lr,ok,0.7660387947665649,0.4725845159399123,0.4634806131650135,0.3006673296448477,0.1839145369048694,0.5958549222797928,0.5,5.568983420639008,0.489682006204757,22023.0,1934.0,0.2001034126163391,0.202
online_retail_ii,temporal,6,2011-08-01,0.2,class_weight,rf,ok,0.7415335842148428,0.3819946339587207,0.2882249560632688,0.2017616584078381,0.1455611751433668,0.4507772020725388,0.5,5.437238146427063,0.538011892450879,22023.0,1934.0,0.2001034126163391,28.222
online_retail_ii,temporal,6,2011-08-01,0.2,class_weight,hgb,ok,0.7576437850035662,0.4274986064903799,0.4733268671193016,0.3157325666850267,0.1760453330798845,0.5284974093264249,0.5,5.5115599017100525,0.4829239917269908,22023.0,1934.0,0.2001034126163391,3.072
online_retail_ii,temporal,6,2011-08-01,0.2,class_weight,xgb,ok,0.7543282071325846,0.4169262397086247,0.4640151515151515,0.3019479015613612,0.1784966381837328,0.4870466321243523,0.5,5.3996042121863725,0.4890434332988624,22023.0,1934.0,0.2001034126163391,2.096
online_retail_ii,temporal,6,2011-08-01,0.2,class_weight,lgbm,ok,0.7564895964348769,0.4085103265670965,0.4633431085043988,0.3018784039759021,0.1741733386197658,0.4818652849740932,0.5,5.539501332588597,0.5036711478800414,22023.0,1934.0,0.2001034126163391,2.436
online_retail_ii,temporal,6,2011-08-01,0.2,threshold,lr,ok,0.7666668336982975,0.4805572342295306,0.4609375,0.2984574610489403,0.1373043720169478,0.6062176165803109,0.2234274436585512,5.579745095617259,0.4888779731127198,22023.0,1934.0,0.2001034126163391,0.634
online_retail_ii,temporal,6,2011-08-01,0.2,threshold,rf,ok,0.7378079436902967,0.381782211698999,0.4390243902439024,0.267551668163166,0.1437009216679846,0.4455958549222797,0.2678333333333333,5.327350839002023,0.5318795243019648,22023.0,1934.0,0.2001034126163391,52.372
online_retail_ii,temporal,6,2011-08-01,0.2,threshold,hgb,ok,0.760265346448657,0.408833715597986,0.4728888888888889,0.3147992821609295,0.1391154386656815,0.4974093264248704,0.2119291943629614,5.519184047299939,0.4842425025853153,22023.0,1934.0,0.2001034126163391,5.629
online_retail_ii,temporal,6,2011-08-01,0.2,threshold,xgb,ok,0.7575803129838699,0.4041090073323281,0.46588693957115,0.3053635162787874,0.1393297124438813,0.4818652849740932,0.2466195100545883,5.582888559668682,0.5059746639089968,22023.0,1934.0,0.2001034126163391,4.055
online_retail_ii,temporal,6,2011-08-01,0.2,threshold,lgbm,ok,0.7468418494410286,0.3896803190858132,0.4572490706319702,0.2918117136490487,0.1423710947008101,0.466321243523316,0.2223588257781168,5.391143441877107,0.504482936918304,22023.0,1934.0,0.2001034126163391,4.64
online_retail_ii,temporal,6,2011-08-01,0.2,ros@1.0,lr,ok,0.7651702302865093,0.467606862312864,0.469835466179159,0.3100322799923672,0.1830073825550816,0.5906735751295337,0.5,5.545850082352587,0.486336608066184,35238.0,1934.0,0.2001034126163391,0.265
online_retail_ii,temporal,6,2011-08-01,0.2,ros@1.0,rf,ok,0.7335027034069441,0.3674098361637526,0.3529411764705882,0.2282426911050023,0.1541736458698418,0.4352331606217616,0.5,5.356964870827166,0.543986556359876,35238.0,1934.0,0.2001034126163391,38.857
online_retail_ii,temporal,6,2011-08-01,0.2,ros@1.0,hgb,ok,0.7479384120970988,0.4171234208581397,0.4645669291338583,0.303843831873258,0.1761491662061711,0.5181347150259067,0.5,5.329889921445915,0.5065175801447777,35238.0,1934.0,0.2001034126163391,3.36
online_retail_ii,temporal,6,2011-08-01,0.2,ros@1.0,xgb,ok,0.757095921254608,0.4171702671096143,0.4702549575070821,0.3108584653146222,0.1781309992520212,0.5129533678756477,0.5,5.457398453731925,0.5114968976215097,35238.0,1934.0,0.2001034126163391,2.687
online_retail_ii,temporal,6,2011-08-01,0.2,ros@1.0,lgbm,ok,0.7550280696655525,0.4193590881837111,0.4621761658031088,0.3030571800858377,0.1705459900158429,0.5181347150259067,0.5,5.482927951862341,0.5103360910031024,35238.0,1934.0,0.2001034126163391,2.989
online_retail_ii,temporal,6,2011-08-01,0.2,rus@1.0,lr,ok,0.7668054699518448,0.4730801097566406,0.4680073126142596,0.3073486425527097,0.1818936524461042,0.6062176165803109,0.5,5.559586228912203,0.4931928645294727,8808.0,1934.0,0.2001034126163391,0.145
online_retail_ii,temporal,6,2011-08-01,0.2,rus@1.0,rf,ok,0.7430435501570932,0.3742063280408581,0.4540727902946274,0.2867049802018359,0.199800482245502,0.4041450777202072,0.5,5.442718742704358,0.5236866597724922,8808.0,1934.0,0.2001034126163391,10.979
online_retail_ii,temporal,6,2011-08-01,0.2,rus@1.0,hgb,ok,0.7573999188226275,0.4161520095108728,0.4652360515021459,0.3039415227639447,0.1964358695644969,0.5233160621761658,0.5,5.481248305106639,0.4907419855222337,8808.0,1934.0,0.2001034126163391,1.923
online_retail_ii,temporal,6,2011-08-01,0.2,rus@1.0,xgb,ok,0.7648511998717198,0.4233570259543362,0.4716981132075472,0.3138909238230483,0.1945840623321253,0.5025906735751295,0.5,5.716019196647588,0.517316442605998,8808.0,1934.0,0.2001034126163391,1.303
online_retail_ii,temporal,6,2011-08-01,0.2,rus@1.0,lgbm,ok,0.7362954722735844,0.3748762060248073,0.4482758620689655,0.2778824247882169,0.2017988763991023,0.4300518134715025,0.5,5.4104154415787375,0.551928645294726,8808.0,1934.0,0.2001034126163391,1.407
online_retail_ii,temporal,6,2011-08-01,0.2,smote@1.0,lr,ok,0.7666618227493741,0.4784524056495243,0.4563279857397504,0.2900187776652557,0.1850490548990329,0.616580310880829,0.5,5.580505894056798,0.5015537745604964,35238.0,1934.0,0.2001034126163391,0.478
online_retail_ii,temporal,6,2011-08-01,0.2,smote@1.0,rf,ok,0.7382848189961733,0.365008708902824,0.392,0.2461320567491953,0.1597309196361152,0.4455958549222797,0.5,5.317105188485741,0.5231851085832472,35238.0,1934.0,0.2001034126163391,51.826
online_retail_ii,temporal,6,2011-08-01,0.2,smote@1.0,hgb,ok,0.7470356061327333,0.4038014671749154,0.4261501210653753,0.2719868844282028,0.1567323042279809,0.4766839378238341,0.5,5.403508986493948,0.4869544984488108,35238.0,1934.0,0.2001034126163391,3.946
online_retail_ii,temporal,6,2011-08-01,0.2,smote@1.0,xgb,ok,0.752495870142929,0.410453784203149,0.4273504273504273,0.2747854137188386,0.1554132059047932,0.4870466321243523,0.5,5.47516252776014,0.4905377456049637,35238.0,1934.0,0.2001034126163391,2.821
online_retail_ii,temporal,6,2011-08-01,0.2,smote@1.0,lgbm,ok,0.7496463105218235,0.4080960339615568,0.4156206415620641,0.2850336736374848,0.1481525759993,0.4715025906735751,0.5,5.446583454378168,0.513797828335057,35238.0,1934.0,0.2001034126163391,3.736
online_retail_ii,temporal,6,2011-08-01,0.2,smote@0.5,lr,ok,0.7671245003666345,0.4779962844061908,0.455988455988456,0.3426898793189583,0.143585428136628,0.6217616580310881,0.5,5.5678344002173965,0.4950517063081696,26428.0,1934.0,0.2001034126163391,0.454
online_retail_ii,temporal,6,2011-08-01,0.2,smote@0.5,rf,ok,0.7373719911339611,0.3646387374040579,0.3322981366459627,0.211587440318762,0.1508459853902677,0.4093264248704663,0.5,5.320476707577627,0.5279550155118923,26428.0,1934.0,0.2001034126163391,37.929
online_retail_ii,temporal,6,2011-08-01,0.2,smote@0.5,hgb,ok,0.7541377910734957,0.4077457624221311,0.3816793893129771,0.2669811124918143,0.1441517783339371,0.4766839378238341,0.5,5.444565459406075,0.4961220268872802,26428.0,1934.0,0.2001034126163391,3.455
online_retail_ii,temporal,6,2011-08-01,0.2,smote@0.5,xgb,ok,0.7624125380623329,0.418846524713419,0.3958020989505247,0.2790340221725209,0.141705665748143,0.5025906735751295,0.5,5.596426486680167,0.4989943123061013,26428.0,1934.0,0.2001034126163391,2.654
online_retail_ii,temporal,6,2011-08-01,0.2,smote@0.5,lgbm,ok,0.7559500842674577,0.4129429400661005,0.3491027732463295,0.2485317524253449,0.1416629454941629,0.4922279792746113,0.5,5.5568882281980105,0.5024793174767321,26428.0,1934.0,0.2001034126163391,3.339
online_retail_ii,temporal,6,2011-08-01,0.2,adasyn@1.0,lr,ok,0.7668171621659994,0.4742753821291063,0.4591304347826087,0.2943693494208785,0.1859315064672342,0.5958549222797928,0.5,5.572817862764327,0.4875336091003102,35051.0,1934.0,0.2001034126163391,1.414
online_retail_ii,temporal,6,2011-08-01,0.2,adasyn@1.0,rf,ok,0.7329690373466022,0.3613186502987174,0.3767741935483871,0.2206157370439742,0.1619193369979758,0.4300518134715025,0.5,5.352151728759591,0.5280687693898655,35051.0,1934.0,0.2001034126163391,57.548
online_retail_ii,temporal,6,2011-08-01,0.2,adasyn@1.0,hgb,ok,0.7488036359445388,0.4027329658211624,0.4390832328106152,0.2879545855462924,0.155684888766609,0.4818652849740932,0.5,5.371927430536456,0.487505170630817,35051.0,1934.0,0.2001034126163391,5.01
online_retail_ii,temporal,6,2011-08-01,0.2,adasyn@1.0,xgb,ok,0.7579243981432763,0.4205247244831796,0.4534606205250596,0.3048769007105679,0.1544974426698216,0.5025906735751295,0.5,5.540140323956905,0.4995294725956566,35051.0,1934.0,0.2001034126163391,3.726
online_retail_ii,temporal,6,2011-08-01,0.2,adasyn@1.0,lgbm,ok,0.7484821000552875,0.4069284668092211,0.4258241758241758,0.2942483282897766,0.1486385248514126,0.466321243523316,0.5,5.364617637016692,0.4904291623578075,35051.0,1934.0,0.2001034126163391,4.513
online_retail_ii,temporal,6,2011-08-01,0.2,smote_enn@1.0,lr,ok,0.7680582071826942,0.4730312519261689,0.4595375722543353,0.3064399875182318,0.251825916982182,0.616580310880829,0.5,5.583424678800693,0.4885754912099276,23023.0,1934.0,0.2001034126163391,13.142
online_retail_ii,temporal,6,2011-08-01,0.2,smote_enn@1.0,rf,ok,0.7510593981182216,0.3989557647301823,0.4653846153846154,0.3042611660439152,0.1979882347411797,0.466321243523316,0.5,5.398434091765612,0.5161840744570838,22937.0,1934.0,0.2001034126163391,43.302
online_retail_ii,temporal,6,2011-08-01,0.2,smote_enn@1.0,hgb,ok,0.7602461378111173,0.4146486902086976,0.4757462686567164,0.318676867291672,0.2048170063321246,0.5025906735751295,0.5,5.60404024813472,0.4861711478800413,23034.0,1934.0,0.2001034126163391,16.234
online_retail_ii,temporal,6,2011-08-01,0.2,smote_enn@1.0,xgb,ok,0.7590735757630424,0.4235613022809688,0.4735883424408014,0.3155599923739884,0.2068666619362727,0.5129533678756477,0.5,5.502624372330461,0.4786065149948294,22960.0,1934.0,0.2001034126163391,15.153
online_retail_ii,temporal,6,2011-08-01,0.2,smote_enn@1.0,lgbm,ok,0.7572278762429241,0.4142492139104217,0.4789272030651341,0.3234547412711835,0.19932123459324,0.4715025906735751,0.5,5.540594963064616,0.4898500517063081,23068.0,1934.0,0.2001034126163391,16.134
online_retail_ii,temporal,6,2011-08-01,0.2,dirichlet@1.0,lr,ok,0.7675303872294297,0.4804973403674271,0.4574934268185802,0.2918121364025882,0.1841613140365702,0.6062176165803109,0.5,5.598984258938405,0.4831799379524302,35238.0,1934.0,0.2001034126163391,0.459
online_retail_ii,temporal,6,2011-08-01,0.2,dirichlet@1.0,rf,ok,0.7382447314047862,0.3687184977246579,0.3609022556390977,0.2371347592134892,0.153449911839119,0.4455958549222797,0.5,5.272749493259439,0.5249405377456049,35238.0,1934.0,0.2001034126163391,53.709
online_retail_ii,temporal,6,2011-08-01,0.2,dirichlet@1.0,hgb,ok,0.7645722570483172,0.4207665134081624,0.2840236686390532,0.2570842731946733,0.1378729513044487,0.5440414507772021,0.5,5.561884877353403,0.4894596690796277,35238.0,1934.0,0.2001034126163391,3.987
online_retail_ii,temporal,6,2011-08-01,0.2,dirichlet@1.0,xgb,ok,0.757852574542041,0.4198207906167792,0.4022346368715084,0.2688673860467536,0.1473072350919118,0.4818652849740932,0.5,5.548912912227298,0.5153179937952429,35238.0,1934.0,0.2001034126163391,2.77
online_retail_ii,temporal,6,2011-08-01,0.2,dirichlet@1.0,lgbm,ok,0.7515872180714863,0.4076850287582983,0.3709428129829984,0.257530450624794,0.1437217220869326,0.4922279792746113,0.5,5.449876802936815,0.5104912099276111,35238.0,1934.0,0.2001034126163391,3.585
online_retail_ii,temporal,6,2011-08-01,0.2,easy_ensemble,lr,ok,0.7661056074188768,0.4744634450538216,0.4665461121157324,0.3052013823382966,0.1831933554977923,0.6062176165803109,0.5,5.5581658849970905,0.4909539813857291,22023.0,1934.0,0.2001034126163391,0.617
online_retail_ii,temporal,6,2011-08-01,0.2,easy_ensemble,rf,ok,0.7571393494786108,0.4047846162034628,0.4591304347826087,0.2943693494208785,0.1949325576721804,0.4715025906735751,0.5,5.553087800211406,0.4988805584281282,22023.0,1934.0,0.2001034126163391,109.5
online_retail_ii,temporal,6,2011-08-01,0.2,easy_ensemble,hgb,ok,0.7627967108131266,0.4287443736652961,0.4550700741962077,0.2892682365474096,0.198456838271149,0.5284974093264249,0.5,5.522551029848445,0.5011401240951396,22023.0,1934.0,0.2001034126163391,19.01
online_retail_ii,temporal,6,2011-08-01,0.2,easy_ensemble,xgb,ok,0.7652470648366682,0.426489168757683,0.4645799011532125,0.3043751258431016,0.1967180840115232,0.4974093264248704,0.5,5.59174568305121,0.5016520165460187,22023.0,1934.0,0.2001034126163391,12.442
online_retail_ii,temporal,6,2011-08-01,0.2,easy_ensemble,lgbm,ok,0.7576571475340286,0.4083851654664691,0.4562551103843009,0.2914455060311578,0.203023315996041,0.4974093264248704,0.5,5.519792344964536,0.517256980351603,22023.0,1934.0,0.2001034126163391,13.646
online_retail_ii,random,6,2011-08-01,0.2,none,lr,ok,0.742554147478908,0.3735346440060648,0.0102301790281329,0.0341254742325006,0.1419647554694029,0.4196891191709844,0.5,5.637761614125211,0.535248190279214,22023.0,1934.0,0.2001034126163391,0.178
online_retail_ii,random,6,2011-08-01,0.2,none,rf,ok,0.7686244444110382,0.4232285363442467,0.2798507462686567,0.2189948724917826,0.1375537505322839,0.4922279792746113,0.5,5.669085245082426,0.5011013443640124,22023.0,1934.0,0.2001034126163391,28.427
online_retail_ii,random,6,2011-08-01,0.2,none,hgb,ok,0.7688240472098201,0.4284527948733154,0.2381930184804928,0.2217285194145625,0.1371186107596424,0.5129533678756477,0.5,5.913900178852633,0.4993200620475699,22023.0,1934.0,0.2001034126163391,2.654
online_retail_ii,random,6,2011-08-01,0.2,none,xgb,ok,0.7656579626483868,0.424129997256914,0.1945031712473573,0.1805152834166059,0.1376867445737307,0.4974093264248704,0.5,5.80380675067261,0.4939167528438469,22023.0,1934.0,0.2001034126163391,2.068
online_retail_ii,random,6,2011-08-01,0.2,none,lgbm,ok,0.7711065344444277,0.4318813882652262,0.2083333333333333,0.1896199690418079,0.1368371630717678,0.5025906735751295,0.5,5.884581775904044,0.4890744570837642,22023.0,1934.0,0.2001034126163391,2.326
online_retail_ii,random,6,2011-08-01,0.2,class_weight,lr,ok,0.7414483980831449,0.367599563164669,0.4630467571644042,0.3079880128895263,0.214327823653668,0.4041450777202072,0.5,5.628980343457127,0.5408195449844881,22023.0,1934.0,0.2001034126163391,0.187
online_retail_ii,random,6,2011-08-01,0.2,class_weight,rf,ok,0.7642039523024475,0.4183369698968783,0.3596899224806201,0.2446892418177426,0.1426546479517766,0.4766839378238341,0.5,5.673871891397012,0.5156127197518097,22023.0,1934.0,0.2001034126163391,27.19
online_retail_ii,random,6,2011-08-01,0.2,class_weight,hgb,ok,0.7673307844306476,0.4259207830367461,0.4662045060658579,0.3051985504112063,0.188729558350408,0.4974093264248704,0.5,5.8425989700772405,0.5163469493278179,22023.0,1934.0,0.2001034126163391,2.717
online_retail_ii,random,6,2011-08-01,0.2,class_weight,xgb,ok,0.7633395636131614,0.4189444370376149,0.4688832054560954,0.3097555781521711,0.192469162943698,0.5025906735751295,0.5,5.747644177438402,0.5114348500517063,22023.0,1934.0,0.2001034126163391,2.005
online_retail_ii,random,6,2011-08-01,0.2,class_weight,lgbm,ok,0.7636970113030304,0.401229059950636,0.4647006255585344,0.3025080222323633,0.1861432892027802,0.4715025906735751,0.5,5.809753283230466,0.5012874870734231,22023.0,1934.0,0.2001034126163391,2.219
online_retail_ii,random,6,2011-08-01,0.2,threshold,lr,ok,0.742554147478908,0.3735346440060648,0.4564315352697095,0.2912073723360805,0.1419647554694029,0.4196891191709844,0.2387731948143708,5.637761614125211,0.535248190279214,22023.0,1934.0,0.2001034126163391,0.586
online_retail_ii,random,6,2011-08-01,0.2,threshold,rf,ok,0.766903183455851,0.4216864745166565,0.4783919597989949,0.3238549997795104,0.1380779950969606,0.4870466321243523,0.2689591264282349,5.70077691100354,0.4938908996897622,22023.0,1934.0,0.2001034126163391,51.274
online_retail_ii,random,6,2011-08-01,0.2,threshold,hgb,ok,0.7688240472098201,0.4284527948733154,0.4665551839464883,0.3068476468830719,0.1371186107596424,0.5129533678756477,0.2078198971719968,5.913900178852633,0.4993200620475699,22023.0,1934.0,0.2001034126163391,5.486
online_retail_ii,random,6,2011-08-01,0.2,threshold,xgb,ok,0.7658233239628588,0.4178184749379073,0.4717741935483871,0.3148136639833905,0.137828671534406,0.4922279792746113,0.2778292894363404,5.748499712576038,0.4688004136504653,22023.0,1934.0,0.2001034126163391,3.834
online_retail_ii,random,6,2011-08-01,0.2,threshold,lgbm,ok,0.7741348179104677,0.4352119592186251,0.4676524953789279,0.3068730410741555,0.1361217428250463,0.4974093264248704,0.2440303076248483,5.919028875700615,0.4934384694932781,22023.0,1934.0,0.2001034126163391,4.284
online_retail_ii,random,6,2011-08-01,0.2,ros@1.0,lr,ok,0.7412312569631311,0.3657200187374383,0.460377358490566,0.3033429160940531,0.2142068135467353,0.3989637305699481,0.5,5.616958635146655,0.5366907962771458,35238.0,1934.0,0.2001034126163391,0.229
online_retail_ii,random,6,2011-08-01,0.2,ros@1.0,rf,ok,0.7645889602113952,0.4190144391717755,0.4234354194407457,0.2848871674328506,0.1496597108155039,0.4818652849740932,0.5,5.6478999128296685,0.4991365046535677,35238.0,1934.0,0.2001034126163391,37.526
online_retail_ii,random,6,2011-08-01,0.2,ros@1.0,hgb,ok,0.7635942868501008,0.4221093462611703,0.4735472679965308,0.3163658396560846,0.1881386844519851,0.4974093264248704,0.5,5.82040282221431,0.4979136504653567,35238.0,1934.0,0.2001034126163391,3.228
online_retail_ii,random,6,2011-08-01,0.2,ros@1.0,xgb,ok,0.7621219030247759,0.4146140633458439,0.467687074829932,0.3079922182611561,0.1906096914113544,0.4870466321243523,0.5,5.707780252072992,0.5168510858324715,35238.0,1934.0,0.2001034126163391,2.455
online_retail_ii,random,6,2011-08-01,0.2,ros@1.0,lgbm,ok,0.7726415551312952,0.4309591888172899,0.47005444646098,0.3103716408848903,0.1798146942111954,0.4974093264248704,0.5,5.930589057050727,0.4931928645294725,35238.0,1934.0,0.2001034126163391,2.869
online_retail_ii,random,6,2011-08-01,0.2,rus@1.0,lr,ok,0.7427345416401505,0.3711828569558895,0.4582089552238806,0.3006491618442818,0.2145256775672164,0.4196891191709844,0.5,5.603310550003596,0.541514994829369,8808.0,1934.0,0.2001034126163391,0.128
online_retail_ii,random,6,2011-08-01,0.2,rus@1.0,rf,ok,0.7462655903148379,0.3807890498337064,0.4577522559474979,0.293703947004214,0.211171115460927,0.4559585492227979,0.5,5.515200797533987,0.53653050672182,8808.0,1934.0,0.2001034126163391,10.776
online_retail_ii,random,6,2011-08-01,0.2,rus@1.0,hgb,ok,0.7586643482676315,0.405384568456218,0.4665052461662631,0.3085207197117244,0.2098380177102266,0.4455958549222797,0.5,5.600506600541203,0.5020010341261634,8808.0,1934.0,0.2001034126163391,1.997
online_retail_ii,random,6,2011-08-01,0.2,rus@1.0,xgb,ok,0.7550314102981681,0.3842086419363728,0.4823151125401929,0.3343483154328428,0.2100188753799969,0.4145077720207253,0.5,5.668917738923823,0.4833040330920373,8808.0,1934.0,0.2001034126163391,1.287
online_retail_ii,random,6,2011-08-01,0.2,rus@1.0,lgbm,ok,0.7465679175665495,0.3909975066744409,0.4608076009501187,0.3004205415389149,0.2165817278054723,0.466321243523316,0.5,5.538018824842864,0.5209281282316442,8808.0,1934.0,0.2001034126163391,1.374
online_retail_ii,random,6,2011-08-01,0.2,smote@1.0,lr,ok,0.7416221109791562,0.3703112245293494,0.4567993989481593,0.2976024717765754,0.2143935098182529,0.4196891191709844,0.5,5.600844649648092,0.5409203722854188,35238.0,1934.0,0.2001034126163391,0.442
online_retail_ii,random,6,2011-08-01,0.2,smote@1.0,rf,ok,0.7564728932717989,0.4052478370844807,0.4263839811542991,0.2683986997334687,0.1604052446288191,0.466321243523316,0.5,5.700671594866275,0.4976887280248189,35238.0,1934.0,0.2001034126163391,51.331
online_retail_ii,random,6,2011-08-01,0.2,smote@1.0,hgb,ok,0.7501190100369307,0.3950404522984461,0.419753086419753,0.2446183760950448,0.1691362244701408,0.4818652849740932,0.5,5.68338078422402,0.4773914167528438,35238.0,1934.0,0.2001034126163391,3.8
online_retail_ii,random,6,2011-08-01,0.2,smote@1.0,xgb,ok,0.7477404796146245,0.3863628156505092,0.4295704295704295,0.2558093485877624,0.1738958235232343,0.4507772020725388,0.5,5.614136607447676,0.5057419855222337,35238.0,1934.0,0.2001034126163391,2.72
online_retail_ii,random,6,2011-08-01,0.2,smote@1.0,lgbm,ok,0.7570984267290697,0.4133616399865328,0.4153661464585834,0.2569755831741138,0.1540643373646724,0.4974093264248704,0.5,5.825671891991447,0.4777766287487074,35238.0,1934.0,0.2001034126163391,3.504
online_retail_ii,random,6,2011-08-01,0.2,smote@0.5,lr,ok,0.7432690428586461,0.3748326685745718,0.4224343675417661,0.2651449089954012,0.1587102159638316,0.4300518134715025,0.5,5.61610687717452,0.5281334022750775,26428.0,1934.0,0.2001034126163391,0.408
online_retail_ii,random,6,2011-08-01,0.2,smote@0.5,rf,ok,0.765979498537638,0.4179635173854406,0.3884892086330935,0.2591360075632535,0.1448807217282952,0.4818652849740932,0.5,5.805155390111591,0.4945087900723887,26428.0,1934.0,0.2001034126163391,35.704
online_retail_ii,random,6,2011-08-01,0.2,smote@0.5,hgb,ok,0.7545979632162941,0.403640816734523,0.4178712220762155,0.275404027779413,0.1497349703309719,0.4455958549222797,0.5,5.659110114042522,0.5118691830403308,26428.0,1934.0,0.2001034126163391,3.244
online_retail_ii,random,6,2011-08-01,0.2,smote@0.5,xgb,ok,0.7564712229554911,0.3985247346994868,0.4046997389033943,0.2577396530539589,0.1498449180484717,0.466321243523316,0.5,5.6306938542064575,0.5055816959669079,26428.0,1934.0,0.2001034126163391,2.246
online_retail_ii,random,6,2011-08-01,0.2,smote@0.5,lgbm,ok,0.7662325514582697,0.415828451982321,0.3881481481481481,0.2663572213117926,0.1431713100505809,0.4922279792746113,0.5,5.86169811402667,0.4981308169596691,26428.0,1934.0,0.2001034126163391,2.748
online_retail_ii,random,6,2011-08-01,0.2,adasyn@1.0,lr,ok,0.7421766559933454,0.370097487152382,0.4593796159527326,0.3037156862893506,0.215566213218362,0.4300518134715025,0.5,5.59388543891909,0.5368665977249224,34986.0,1934.0,0.2001034126163391,1.456
online_retail_ii,random,6,2011-08-01,0.2,adasyn@1.0,rf,ok,0.7612825690801067,0.4198560260904868,0.4350877192982456,0.2786829225578964,0.1587093411778939,0.466321243523316,0.5,5.735103106538904,0.5098190279214064,34986.0,1934.0,0.2001034126163391,59.427
online_retail_ii,random,6,2011-08-01,0.2,adasyn@1.0,hgb,ok,0.7544568214882854,0.4082531859160104,0.4406438631790744,0.271641696825237,0.1688022961026264,0.5129533678756477,0.5,5.687730991509977,0.531605480868666,34986.0,1934.0,0.2001034126163391,4.63
online_retail_ii,random,6,2011-08-01,0.2,adasyn@1.0,xgb,ok,0.751180496050537,0.3972888037373578,0.442,0.2731425806934242,0.1711608016441822,0.4974093264248704,0.5,5.70178675532222,0.5200051706308169,34986.0,1934.0,0.2001034126163391,3.993
online_retail_ii,random,6,2011-08-01,0.2,adasyn@1.0,lgbm,ok,0.7570992618872237,0.408246393729723,0.4173703256936067,0.2602531169664856,0.1536767902040496,0.5129533678756477,0.5,5.776600243866914,0.4995243019648397,34986.0,1934.0,0.2001034126163391,4.461
online_retail_ii,random,6,2011-08-01,0.2,smote_enn@1.0,lr,ok,0.7412529710751324,0.3674109797845523,0.4448717948717948,0.2970378959504013,0.3019552229331554,0.4300518134715025,0.5,5.564719733782076,0.5415951396070321,23167.0,1934.0,0.2001034126163391,12.712
online_retail_ii,random,6,2011-08-01,0.2,smote_enn@1.0,rf,ok,0.7419712070874862,0.3708160169788198,0.4595959595959596,0.2957431404547646,0.2385166832663875,0.4300518134715025,0.5,5.678194278586654,0.5156204756980353,23234.0,1934.0,0.2001034126163391,43.516
online_retail_ii,random,6,2011-08-01,0.2,smote_enn@1.0,hgb,ok,0.7461160970052899,0.3873962771660492,0.4645476772616136,0.3048392093920161,0.2488703908710238,0.4559585492227979,0.5,5.592529643426326,0.5030377456049638,23207.0,1934.0,0.2001034126163391,16.485
online_retail_ii,random,6,2011-08-01,0.2,smote_enn@1.0,xgb,ok,0.7445819114765764,0.3792589348182041,0.4638602065131056,0.3052175529283942,0.2528728749521688,0.4404145077720207,0.5,5.560395754829974,0.5131695966907964,23177.0,1934.0,0.2001034126163391,15.55
online_retail_ii,random,6,2011-08-01,0.2,smote_enn@1.0,lgbm,ok,0.7454087180489368,0.3776089165452974,0.4615384615384615,0.2986456339549168,0.2384142596292169,0.4404145077720207,0.5,5.571668783791431,0.5334617373319546,23169.0,1934.0,0.2001034126163391,15.479
online_retail_ii,random,6,2011-08-01,0.2,dirichlet@1.0,lr,ok,0.7433191523478802,0.3773149169408739,0.4595616024187453,0.3018112482176507,0.2137981119576628,0.4559585492227979,0.5,5.610282721829911,0.5296147880041365,35238.0,1934.0,0.2001034126163391,0.431
online_retail_ii,random,6,2011-08-01,0.2,dirichlet@1.0,rf,ok,0.756953944368445,0.4098049481724695,0.3931398416886543,0.2453963907520753,0.1528437626395866,0.4507772020725388,0.5,5.703922087771229,0.500829886246122,35238.0,1934.0,0.2001034126163391,49.007
online_retail_ii,random,6,2011-08-01,0.2,dirichlet@1.0,hgb,ok,0.7634589912291692,0.4162999863979281,0.1852631578947368,0.1636638796602341,0.1386205489478656,0.4922279792746113,0.5,5.7089993515199895,0.5090977249224405,35238.0,1934.0,0.2001034126163391,4.153
online_retail_ii,random,6,2011-08-01,0.2,dirichlet@1.0,xgb,ok,0.7489280745094697,0.3927114442446103,0.4112808460634548,0.2486316436778549,0.1603223461147342,0.4611398963730569,0.5,5.583892578904704,0.4957523267838675,35238.0,1934.0,0.2001034126163391,3.038
online_retail_ii,random,6,2011-08-01,0.2,dirichlet@1.0,lgbm,ok,0.7563451140742522,0.4078602218575026,0.3801652892561983,0.2385040812830929,0.1480829411584346,0.4766839378238341,0.5,5.783293571736756,0.5040615305067219,35238.0,1934.0,0.2001034126163391,3.636
online_retail_ii,random,6,2011-08-01,0.2,easy_ensemble,lr,ok,0.7414032995428343,0.3697853255853604,0.4613072877535687,0.3053591091896409,0.2145711046833747,0.4145077720207253,0.5,5.610775529028515,0.5423190279214064,22023.0,1934.0,0.2001034126163391,0.605
online_retail_ii,random,6,2011-08-01,0.2,easy_ensemble,rf,ok,0.7569673068989076,0.3971468420314751,0.4699186991869918,0.3135751115970444,0.2078599570525989,0.466321243523316,0.5,5.712124771994465,0.5268459152016546,22023.0,1934.0,0.2001034126163391,85.567
online_retail_ii,random,6,2011-08-01,0.2,easy_ensemble,hgb,ok,0.7647860575357156,0.4086486405932756,0.4743589743589743,0.3217085304363823,0.2058987886120689,0.466321243523316,0.5,5.81577681922438,0.5031385729058946,22023.0,1934.0,0.2001034126163391,18.388
online_retail_ii,random,6,2011-08-01,0.2,easy_ensemble,xgb,ok,0.767027622020782,0.419522243693507,0.4825396825396825,0.3358320886898442,0.2064581797458872,0.4818652849740932,0.5,5.778167275729488,0.4947388831437435,22023.0,1934.0,0.2001034126163391,12.282
online_retail_ii,random,6,2011-08-01,0.2,easy_ensemble,lgbm,ok,0.7672581256712584,0.4191171280984011,0.4821570182394925,0.3352785545464362,0.2060638090749509,0.4507772020725388,0.5,5.835795180372954,0.4881695966907962,22023.0,1934.0,0.2001034126163391,9.917
online_retail_ii,temporal,7,2011-09-01,0.2,none,lr,ok,0.7546387445786635,0.4186486349551061,0.0321100917431192,0.0564615678279821,0.139616852774597,0.5380952380952381,0.5,5.47801262047158,0.5094629277566541,23687.0,2104.0,0.2000950570342205,0.221
online_retail_ii,temporal,7,2011-09-01,0.2,none,rf,ok,0.7408703494353907,0.4058147883227616,0.2385964912280701,0.1768472957590761,0.1426933056807373,0.4666666666666667,0.5,5.263568638538659,0.5277661596958175,23687.0,2104.0,0.2000950570342205,32.47
online_retail_ii,temporal,7,2011-09-01,0.2,none,hgb,ok,0.7455045071364758,0.4119629867967558,0.2043222003929273,0.2040933490821236,0.1412988847201335,0.4809523809523809,0.5,5.308693408904267,0.5105299429657795,23687.0,2104.0,0.2000950570342205,3.033
online_retail_ii,temporal,7,2011-09-01,0.2,none,xgb,ok,0.7585637004387878,0.4409067998405799,0.1789264413518886,0.1755144112665352,0.1374545545402503,0.5380952380952381,0.5,5.422395438712579,0.4793393536121673,23687.0,2104.0,0.2000950570342205,2.579
online_retail_ii,temporal,7,2011-09-01,0.2,none,lgbm,ok,0.7541123121673632,0.4250614252077866,0.2125237191650854,0.188958065646784,0.1397177935153268,0.5047619047619047,0.5,5.538134783589362,0.4897599809885931,23687.0,2104.0,0.2000950570342205,2.576
online_retail_ii,temporal,7,2011-09-01,0.2,class_weight,lr,ok,0.7556577370745318,0.4194693376390767,0.4559505409582689,0.2901038756320913,0.1962221646989494,0.5523809523809524,0.5,5.457616311931303,0.5014329847908746,23687.0,2104.0,0.2000950570342205,0.236
online_retail_ii,temporal,7,2011-09-01,0.2,class_weight,rf,ok,0.7381471555007953,0.4006044913918297,0.3233908948194662,0.233984345578876,0.1466201775193735,0.4904761904761904,0.5,5.294235739472885,0.5290399239543726,23687.0,2104.0,0.2000950570342205,31.05
online_retail_ii,temporal,7,2011-09-01,0.2,class_weight,hgb,ok,0.7410862855183101,0.4169597517197956,0.4474393530997305,0.2795046175352779,0.1799207181927263,0.4952380952380952,0.5,5.250387946885362,0.5043227186311787,23687.0,2104.0,0.2000950570342205,3.162
online_retail_ii,temporal,7,2011-09-01,0.2,class_weight,xgb,ok,0.744333794843785,0.4252129473105621,0.4537968892955169,0.2892947410987628,0.1763821049105147,0.5047619047619047,0.5,5.228163895650648,0.5099405893536121,23687.0,2104.0,0.2000950570342205,2.218
online_retail_ii,temporal,7,2011-09-01,0.2,class_weight,lgbm,ok,0.750308732144697,0.4324192258062584,0.4473438956197577,0.2813976207329324,0.1729726840449653,0.5190476190476191,0.5,5.33740547411727,0.4947172053231938,23687.0,2104.0,0.2000950570342205,2.649
online_retail_ii,temporal,7,2011-09-01,0.2,threshold,lr,ok,0.7546387445786635,0.4186486349551061,0.4585365853658537,0.299741058528212,0.139616852774597,0.5380952380952381,0.2750438760545705,5.47801262047158,0.5094629277566541,23687.0,2104.0,0.2000950570342205,0.656
online_retail_ii,temporal,7,2011-09-01,0.2,threshold,rf,ok,0.7380787051738568,0.3943467468737153,0.4424379232505643,0.2693933088293445,0.1435005793153586,0.4523809523809524,0.2320633812918868,5.265118061704896,0.531939163498099,23687.0,2104.0,0.2000950570342205,58.273
online_retail_ii,temporal,7,2011-09-01,0.2,threshold,hgb,ok,0.7455045071364758,0.4119629867967558,0.4509990485252141,0.2877611902567547,0.1412988847201335,0.4809523809523809,0.2470693289948154,5.308693408904267,0.5105299429657795,23687.0,2104.0,0.2000950570342205,6.166
online_retail_ii,temporal,7,2011-09-01,0.2,threshold,xgb,ok,0.7573245378191584,0.434962941397964,0.4568720379146919,0.2955263355978369,0.1381884713948211,0.5142857142857142,0.2522998905181884,5.452704330683153,0.5017680608365018,23687.0,2104.0,0.2000950570342205,4.302
online_retail_ii,temporal,7,2011-09-01,0.2,threshold,lgbm,ok,0.7508591574540995,0.4253730183855682,0.4571932921447484,0.2925832135416255,0.1401785665118478,0.4809523809523809,0.2206557818416552,5.418636369672327,0.4895841254752852,23687.0,2104.0,0.2000950570342205,4.973
online_retail_ii,temporal,7,2011-09-01,0.2,ros@1.0,lr,ok,0.7541504185349371,0.4167298586819998,0.4589905362776025,0.2943738392016375,0.193519580956822,0.5285714285714286,0.5,5.414352331534326,0.4989234790874525,37900.0,2104.0,0.2000950570342205,0.288
online_retail_ii,temporal,7,2011-09-01,0.2,ros@1.0,rf,ok,0.7328108526934851,0.3945113124120994,0.3721552878179384,0.242193182856576,0.1547836858029035,0.4666666666666667,0.5,5.217985548511686,0.5261834600760456,37900.0,2104.0,0.2000950570342205,43.338
online_retail_ii,temporal,7,2011-09-01,0.2,ros@1.0,hgb,ok,0.7349102312774243,0.4122622562489635,0.4337979094076655,0.2586416226589758,0.1868732123095696,0.5238095238095238,0.5,5.1325549896231495,0.5211406844106464,37900.0,2104.0,0.2000950570342205,3.72
online_retail_ii,temporal,7,2011-09-01,0.2,ros@1.0,xgb,ok,0.7501118492455645,0.4203831107427213,0.4622467771639042,0.3013496574708821,0.17468352910451,0.5142857142857142,0.5,5.3525038163386816,0.4785052281368822,37900.0,2104.0,0.2000950570342205,2.923
online_retail_ii,temporal,7,2011-09-01,0.2,ros@1.0,lgbm,ok,0.7483307293982158,0.4282171042753182,0.4526515151515151,0.2897001834307112,0.1715444472822739,0.4952380952380952,0.5,5.458119054086666,0.4809933460076045,37900.0,2104.0,0.2000950570342205,3.3
online_retail_ii,temporal,7,2011-09-01,0.2,rus@1.0,lr,ok,0.752000937134373,0.4164602534584118,0.453416149068323,0.2860559769181339,0.1964961879996352,0.5428571428571428,0.5,5.3905600279816674,0.5073360266159697,9474.0,2104.0,0.2000950570342205,0.154
online_retail_ii,temporal,7,2011-09-01,0.2,rus@1.0,rf,ok,0.738922690648274,0.3968172618065583,0.448698315467075,0.2789536558756772,0.2120110919808429,0.4380952380952381,0.5,5.32837450859068,0.5236953422053233,9474.0,2104.0,0.2000950570342205,12.943
online_retail_ii,temporal,7,2011-09-01,0.2,rus@1.0,hgb,ok,0.7392374210174965,0.3837332068562129,0.4504101416853094,0.2823923237943909,0.2134470818226791,0.4428571428571428,0.5,5.304981606774845,0.5158341254752853,9474.0,2104.0,0.2000950570342205,2.114
online_retail_ii,temporal,7,2011-09-01,0.2,rus@1.0,xgb,ok,0.7491246120560079,0.3980711528891929,0.4565371024734982,0.2953241911485492,0.218980039941264,0.4333333333333333,0.5,5.440198051012994,0.4964211026615969,9474.0,2104.0,0.2000950570342205,1.515
online_retail_ii,temporal,7,2011-09-01,0.2,rus@1.0,lgbm,ok,0.7368967021055884,0.3922137585459843,0.4427244582043343,0.2694586172216234,0.2088088558497256,0.4571428571428571,0.5,5.20899581018246,0.5194653041825095,9474.0,2104.0,0.2000950570342205,1.55
online_retail_ii,temporal,7,2011-09-01,0.2,smote@1.0,lr,ok,0.7545526524148851,0.4174977249492116,0.4544072948328267,0.2881450729292015,0.1980704616147994,0.5428571428571428,0.5,5.472633918560194,0.4992157794676807,37900.0,2104.0,0.2000950570342205,0.53
online_retail_ii,temporal,7,2011-09-01,0.2,smote@1.0,rf,ok,0.7304179139445313,0.3774181372673412,0.3925233644859813,0.2374942456585604,0.1649744525217651,0.419047619047619,0.5,5.201745777676199,0.5225071292775665,37900.0,2104.0,0.2000950570342205,60.173
online_retail_ii,temporal,7,2011-09-01,0.2,smote@1.0,hgb,ok,0.7365636242260526,0.3981178596222663,0.4301075268817204,0.2722832018439393,0.1627209994789117,0.5095238095238095,0.5,5.178645273907101,0.5106012357414449,37900.0,2104.0,0.2000950570342205,4.494
online_retail_ii,temporal,7,2011-09-01,0.2,smote@1.0,xgb,ok,0.7438941602697366,0.4146625353177917,0.4375667022411953,0.2809642119888495,0.1616175881456587,0.5047619047619047,0.5,5.311466025048262,0.5058887832699619,37900.0,2104.0,0.2000950570342205,3.117
online_retail_ii,temporal,7,2011-09-01,0.2,smote@1.0,lgbm,ok,0.7356836494044822,0.3975448082961883,0.4005102040816326,0.2652618455469733,0.1514956419339455,0.5,0.5,5.2007742007129245,0.5083602661596958,37900.0,2104.0,0.2000950570342205,3.867
online_retail_ii,temporal,7,2011-09-01,0.2,smote@0.5,lr,ok,0.7538032271859294,0.4169711523832889,0.4387254901960784,0.30410947602707,0.1504697338426889,0.5476190476190477,0.5,5.451661143704828,0.5054253802281369,28425.0,2104.0,0.2000950570342205,0.471
online_retail_ii,temporal,7,2011-09-01,0.2,smote@0.5,rf,ok,0.7361352804275817,0.3887329383310852,0.3495145631067961,0.2241506392516317,0.1520313478207999,0.4619047619047619,0.5,5.293076901655964,0.5429158745247149,28425.0,2104.0,0.2000950570342205,40.934
online_retail_ii,temporal,7,2011-09-01,0.2,smote@0.5,hgb,ok,0.7439513198210977,0.4170590018220673,0.4221364221364221,0.2939385142336735,0.1483297216604307,0.5047619047619047,0.5,5.290159847456477,0.4875807984790875,28425.0,2104.0,0.2000950570342205,3.633
online_retail_ii,temporal,7,2011-09-01,0.2,smote@0.5,xgb,ok,0.7482051195199162,0.4234061436703761,0.4146341463414634,0.2974627928480102,0.1452125721600297,0.5142857142857142,0.5,5.338595990425603,0.4922599809885931,28425.0,2104.0,0.2000950570342205,2.614
online_retail_ii,temporal,7,2011-09-01,0.2,smote@0.5,lgbm,ok,0.743475695899896,0.4117675494674804,0.373887240356083,0.275316323650555,0.144132304157974,0.5,0.5,5.167452016696368,0.489175380228137,28425.0,2104.0,0.2000950570342205,3.658
online_retail_ii,temporal,7,2011-09-01,0.2,adasyn@1.0,lr,ok,0.7522705044012854,0.4163539301610703,0.4516129032258064,0.2841150261997336,0.1992507495628123,0.5428571428571428,0.5,5.392340288055344,0.4976924904942966,37640.0,2104.0,0.2000950570342205,1.685
online_retail_ii,temporal,7,2011-09-01,0.2,adasyn@1.0,rf,ok,0.728568343770244,0.3701044763091223,0.373117033603708,0.2116026963492813,0.1661515429770792,0.4047619047619047,0.5,5.1989064566030425,0.5439543726235742,37640.0,2104.0,0.2000950570342205,73.543
online_retail_ii,temporal,7,2011-09-01,0.2,adasyn@1.0,hgb,ok,0.7365735036546829,0.4039124939963327,0.4226579520697168,0.2644543358702267,0.1614661737654606,0.4904761904761904,0.5,5.164499295592879,0.5018037072243346,37640.0,2104.0,0.2000950570342205,5.676
online_retail_ii,temporal,7,2011-09-01,0.2,adasyn@1.0,xgb,ok,0.747121910737951,0.4160174669949919,0.4162219850586979,0.2533512795873371,0.1592780058590804,0.5,0.5,5.368453076296323,0.4845769961977187,37640.0,2104.0,0.2000950570342205,4.439
online_retail_ii,temporal,7,2011-09-01,0.2,adasyn@1.0,lgbm,ok,0.7348354298892236,0.3991185219530586,0.3945745992601726,0.2505776779992646,0.1526822615968437,0.4952380952380952,0.5,5.1917263777561695,0.4947528517110267,37640.0,2104.0,0.2000950570342205,5.24
online_retail_ii,temporal,7,2011-09-01,0.2,smote_enn@1.0,lr,ok,0.7524511568105252,0.4167894823021511,0.4417413572343149,0.2782569592189078,0.2725030361654799,0.5428571428571428,0.5,5.38207422518054,0.4948288973384031,24900.0,2104.0,0.2000950570342205,16.382
online_retail_ii,temporal,7,2011-09-01,0.2,smote_enn@1.0,rf,ok,0.7437297383503895,0.3848111021026894,0.465378421900161,0.3037530473595608,0.2246865836289052,0.4285714285714285,0.5,5.462143946187318,0.5071435361216732,24954.0,2104.0,0.2000950570342205,51.304
online_retail_ii,temporal,7,2011-09-01,0.2,smote_enn@1.0,hgb,ok,0.7448376457039305,0.4118136774128436,0.4606462303231151,0.2964776034229708,0.2226452443281964,0.4666666666666667,0.5,5.276671369125957,0.4803303231939163,24847.0,2104.0,0.2000950570342205,19.741
online_retail_ii,temporal,7,2011-09-01,0.2,smote_enn@1.0,xgb,ok,0.7524871461576785,0.4168170413355009,0.4581640942323314,0.2927894878832893,0.2248581792058626,0.4619047619047619,0.5,5.367000838307254,0.4846601711026616,24913.0,2104.0,0.2000950570342205,18.495
online_retail_ii,temporal,7,2011-09-01,0.2,smote_enn@1.0,lgbm,ok,0.7456484645250887,0.4073947394113758,0.4556962025316455,0.2893489872291535,0.2191287526665263,0.4761904761904761,0.5,5.29732660664925,0.5002138783269962,24847.0,2104.0,0.2000950570342205,19.053
online_retail_ii,temporal,7,2011-09-01,0.2,dirichlet@1.0,lr,ok,0.7527221354243849,0.4214359705792089,0.4550898203592814,0.28975719837779,0.1995939101598076,0.5571428571428572,0.5,5.431085693971371,0.493828422053232,37900.0,2104.0,0.2000950570342205,0.491
online_retail_ii,temporal,7,2011-09-01,0.2,dirichlet@1.0,rf,ok,0.7367633298190794,0.3766163972448424,0.3529411764705882,0.21828129750008,0.1563764364184779,0.4238095238095238,0.5,5.270429134804727,0.5205156844106464,37900.0,2104.0,0.2000950570342205,57.736
online_retail_ii,temporal,7,2011-09-01,0.2,dirichlet@1.0,hgb,ok,0.75740145622778,0.4310354996901516,0.2857142857142857,0.2350869365376819,0.1386176159744131,0.5047619047619047,0.5,5.493427489105218,0.4905323193916349,37900.0,2104.0,0.2000950570342205,4.546
online_retail_ii,temporal,7,2011-09-01,0.2,dirichlet@1.0,xgb,ok,0.7474451091888565,0.411486103685185,0.4148148148148148,0.2759206663612991,0.151954878126041,0.4904761904761904,0.5,5.3493185229338645,0.4969985741444867,37900.0,2104.0,0.2000950570342205,3.416
online_retail_ii,temporal,7,2011-09-01,0.2,dirichlet@1.0,lgbm,ok,0.7428405897736622,0.4017234069545279,0.3767313019390582,0.257090932967519,0.1473120319292988,0.5,0.5,5.324332796602935,0.5069605513307984,37900.0,2104.0,0.2000950570342205,4.297
online_retail_ii,temporal,7,2011-09-01,0.2,easy_ensemble,lr,ok,0.7555405952779154,0.4187812701387458,0.4570100697134004,0.2916982783819217,0.1958668160479609,0.5380952380952381,0.5,5.446492993607041,0.5020389733840304,23687.0,2104.0,0.2000950570342205,0.701
online_retail_ii,temporal,7,2011-09-01,0.2,easy_ensemble,rf,ok,0.7490512220147543,0.4078900892587591,0.4575363427697016,0.2928660360998145,0.2053908448209136,0.4714285714285714,0.5,5.445060638668921,0.515815114068441,23687.0,2104.0,0.2000950570342205,127.254
online_retail_ii,temporal,7,2011-09-01,0.2,easy_ensemble,hgb,ok,0.7571340059812883,0.4238131088841658,0.4681528662420382,0.3081915953535566,0.1934628208611473,0.4761904761904761,0.5,5.5316751110426114,0.475268536121673,23687.0,2104.0,0.2000950570342205,20.819
online_retail_ii,temporal,7,2011-09-01,0.2,easy_ensemble,xgb,ok,0.760902302330275,0.432351397112039,0.4621212121212121,0.3004671908722457,0.2023120688386747,0.5142857142857142,0.5,5.515163618475437,0.4857818441064638,23687.0,2104.0,0.2000950570342205,13.528
online_retail_ii,temporal,7,2011-09-01,0.2,easy_ensemble,lgbm,ok,0.7522422774623416,0.4219971036702488,0.4546147978642257,0.2883588206114618,0.2030753106472619,0.4952380952380952,0.5,5.424699226274728,0.49893536121673,23687.0,2104.0,0.2000950570342205,14.785
online_retail_ii,random,7,2011-09-01,0.2,none,lr,ok,0.7724767586441471,0.4289488292911166,0.0,-0.0218282710641472,0.1373727622235584,0.4952380952380952,0.5,5.722375753796524,0.4849096958174906,23687.0,2104.0,0.2000950570342205,0.172
online_retail_ii,random,7,2011-09-01,0.2,none,rf,ok,0.8034925191555065,0.4880238539533251,0.3044247787610619,0.2690577063463347,0.1290144648446784,0.5952380952380952,0.5,6.17478280838134,0.4534173003802281,23687.0,2104.0,0.2000950570342205,32.991
online_retail_ii,random,7,2011-09-01,0.2,none,hgb,ok,0.797714464753727,0.4861518247832763,0.2107355864811133,0.2246227355199731,0.1303549045980206,0.6,0.5,6.02866813817736,0.4662286121673004,23687.0,2104.0,0.2000950570342205,2.954
online_retail_ii,random,7,2011-09-01,0.2,none,xgb,ok,0.7921805733738109,0.4680910312025733,0.1832669322709163,0.1839611927886078,0.1317790080705753,0.5714285714285714,0.5,5.985038165786911,0.4556131178707224,23687.0,2104.0,0.2000950570342205,2.294
online_retail_ii,random,7,2011-09-01,0.2,none,lgbm,ok,0.7978725356118118,0.4770179961146386,0.2321083172147001,0.2322245741632728,0.1305314943489357,0.5523809523809524,0.5,6.090175963925804,0.4501877376425856,23687.0,2104.0,0.2000950570342205,2.459
online_retail_ii,random,7,2011-09-01,0.2,class_weight,lr,ok,0.7713632059028175,0.4231626780357314,0.4678362573099415,0.3116482460286745,0.2003771842114224,0.5,0.5,5.732388120093438,0.4905917300380228,23687.0,2104.0,0.2000950570342205,0.213
online_retail_ii,random,7,2011-09-01,0.2,class_weight,rf,ok,0.8040570579343808,0.4885487369319822,0.4300441826215022,0.3418189061371926,0.1305537541382026,0.580952380952381,0.5,6.233371835898595,0.4565090304182509,23687.0,2104.0,0.2000950570342205,31.079
online_retail_ii,random,7,2011-09-01,0.2,class_weight,hgb,ok,0.7936476685254107,0.4851332557208406,0.4962779156327543,0.3493438150775119,0.1750912751041385,0.5714285714285714,0.5,6.052495127378302,0.4589496197718631,23687.0,2104.0,0.2000950570342205,2.996
online_retail_ii,random,7,2011-09-01,0.2,class_weight,xgb,ok,0.7955325223733776,0.4801104730751511,0.5104253544620517,0.3699434159656735,0.1748482415962886,0.5714285714285714,0.5,6.104253877451515,0.4507580798479088,23687.0,2104.0,0.2000950570342205,2.295
online_retail_ii,random,7,2011-09-01,0.2,class_weight,lgbm,ok,0.7930640765627491,0.4807885649501284,0.5013054830287206,0.3554566214923927,0.1690273724718191,0.5476190476190477,0.5,6.035910635792063,0.4605632129277566,23687.0,2104.0,0.2000950570342205,2.51
online_retail_ii,random,7,2011-09-01,0.2,threshold,lr,ok,0.7724767586441471,0.4289488292911166,0.4797687861271676,0.3276056303796433,0.1373727622235584,0.4952380952380952,0.2868346408434024,5.722375753796524,0.4849096958174906,23687.0,2104.0,0.2000950570342205,0.582
online_retail_ii,random,7,2011-09-01,0.2,threshold,rf,ok,0.7998265454601908,0.4853128657932115,0.5064516129032258,0.3657748875937956,0.1295642187308059,0.5523809523809524,0.2056754426068436,6.05897163466388,0.4558769011406845,23687.0,2104.0,0.2000950570342205,59.026
online_retail_ii,random,7,2011-09-01,0.2,threshold,hgb,ok,0.797714464753727,0.4861518247832763,0.5046153846153846,0.364543530460651,0.1303549045980206,0.6,0.2839862058039891,6.02866813817736,0.4662286121673004,23687.0,2104.0,0.2000950570342205,5.621
online_retail_ii,random,7,2011-09-01,0.2,threshold,xgb,ok,0.7942510193453325,0.4750933245012626,0.5133079847908745,0.3726698636599035,0.1311918523993788,0.5904761904761905,0.2578050190210342,5.999127434273375,0.4480323193916351,23687.0,2104.0,0.2000950570342205,4.109
online_retail_ii,random,7,2011-09-01,0.2,threshold,lgbm,ok,0.7954450188626521,0.4690479022987552,0.5195530726256983,0.3809118998816754,0.1312374031852607,0.5476190476190477,0.2465949545476254,6.08758950304175,0.4313664448669202,23687.0,2104.0,0.2000950570342205,4.922
online_retail_ii,random,7,2011-09-01,0.2,ros@1.0,lr,ok,0.7716991064762477,0.4227689765708981,0.4683636363636363,0.3128765919498016,0.2005320497696424,0.4952380952380952,0.5,5.74059877480897,0.4898122623574144,37900.0,2104.0,0.2000950570342205,0.243
online_retail_ii,random,7,2011-09-01,0.2,ros@1.0,rf,ok,0.803534859563922,0.4850003903370286,0.4803149606299212,0.3699802394252784,0.1351594394154838,0.5714285714285714,0.5,6.216509902952839,0.4458317490494297,37900.0,2104.0,0.2000950570342205,44.116
online_retail_ii,random,7,2011-09-01,0.2,ros@1.0,hgb,ok,0.7897064821753936,0.468336688140218,0.4922010398613518,0.3424193960922843,0.1729793267306519,0.5476190476190477,0.5,6.040048797583236,0.4581962927756653,37900.0,2104.0,0.2000950570342205,3.738
online_retail_ii,random,7,2011-09-01,0.2,ros@1.0,xgb,ok,0.7942841859985915,0.484074210313683,0.5085034013605442,0.3663820982057124,0.1740385299691647,0.5666666666666667,0.5,6.06305758797399,0.4505061787072243,37900.0,2104.0,0.2000950570342205,2.862
online_retail_ii,random,7,2011-09-01,0.2,ros@1.0,lgbm,ok,0.7964583659707315,0.46702576584448,0.516532618409294,0.3767904950338746,0.1660484718201651,0.5476190476190477,0.5,6.136567361514644,0.45,37900.0,2104.0,0.2000950570342205,3.264
online_retail_ii,random,7,2011-09-01,0.2,rus@1.0,lr,ok,0.7697472136482897,0.424077363205862,0.4646464646464646,0.3073391535060431,0.2015199224406179,0.5095238095238095,0.5,5.694127345289917,0.4957248098859315,9474.0,2104.0,0.2000950570342205,0.138
online_retail_ii,random,7,2011-09-01,0.2,rus@1.0,rf,ok,0.7797847131366761,0.4280478941271237,0.4835341365461847,0.3312999093552568,0.1952174748843912,0.5,0.5,5.900680395683053,0.5016730038022815,9474.0,2104.0,0.2000950570342205,12.925
online_retail_ii,random,7,2011-09-01,0.2,rus@1.0,hgb,ok,0.7814684500446691,0.4496272182353036,0.4845679012345679,0.3348401368049124,0.193676550551525,0.5238095238095238,0.5,5.873875264342919,0.4834196768060835,9474.0,2104.0,0.2000950570342205,2.14
online_retail_ii,random,7,2011-09-01,0.2,rus@1.0,xgb,ok,0.7827499530727139,0.4453043908346507,0.4875776397515527,0.339155535628544,0.1924834282468154,0.5285714285714286,0.5,5.90683335145676,0.4889496197718631,9474.0,2104.0,0.2000950570342205,1.44
online_retail_ii,random,7,2011-09-01,0.2,rus@1.0,lgbm,ok,0.7812581593495385,0.4403268962896483,0.4957789716039908,0.3527591285000409,0.1962596442341887,0.5523809523809524,0.5,5.860191892702817,0.4528184410646389,9474.0,2104.0,0.2000950570342205,1.585
online_retail_ii,random,7,2011-09-01,0.2,smote@1.0,lr,ok,0.770942624512556,0.4296961908888209,0.4660336011687363,0.3087530613927741,0.1996470264372265,0.5142857142857142,0.5,5.692116972815934,0.4920389733840304,37900.0,2104.0,0.2000950570342205,0.495
online_retail_ii,random,7,2011-09-01,0.2,smote@1.0,rf,ok,0.8022914629034511,0.4659669763734387,0.4864864864864865,0.3563602978173937,0.1419715393467189,0.5238095238095238,0.5,6.40439872649854,0.4218892585551331,37900.0,2104.0,0.2000950570342205,64.627
online_retail_ii,random,7,2011-09-01,0.2,smote@1.0,hgb,ok,0.785142891821668,0.4604716846211726,0.4836065573770491,0.3368349193595126,0.152288154037547,0.5714285714285714,0.5,5.901453150959677,0.4794367870722433,37900.0,2104.0,0.2000950570342205,4.38
online_retail_ii,random,7,2011-09-01,0.2,smote@1.0,xgb,ok,0.7821515419671071,0.4644300128448245,0.4829659318637274,0.3343144524693513,0.1550149152393286,0.5380952380952381,0.5,5.895939548344144,0.4651449619771863,37900.0,2104.0,0.2000950570342205,3.372
online_retail_ii,random,7,2011-09-01,0.2,smote@1.0,lgbm,ok,0.7870432704860537,0.4669011804837814,0.4866123399301513,0.3551058219814304,0.1416599641960937,0.5714285714285714,0.5,5.908214315833499,0.4642846958174905,37900.0,2104.0,0.2000950570342205,4.308
online_retail_ii,random,7,2011-09-01,0.2,smote@0.5,lr,ok,0.772938269095877,0.4302152311264625,0.452353616532721,0.3098837080224549,0.1493679561779954,0.5047619047619047,0.5,5.724262479071281,0.4854538973384029,28425.0,2104.0,0.2000950570342205,0.449
online_retail_ii,random,7,2011-09-01,0.2,smote@0.5,rf,ok,0.8018610020845593,0.4767187255518104,0.4102564102564102,0.3065338977277348,0.1330365001005915,0.5476190476190477,0.5,6.25963567162721,0.4399192015209125,28425.0,2104.0,0.2000950570342205,43.63
online_retail_ii,random,7,2011-09-01,0.2,smote@0.5,hgb,ok,0.7937358777096097,0.4654522989125467,0.4435590969455511,0.3277354703638437,0.135457288506393,0.5666666666666667,0.5,6.083498978717447,0.443588403041825,28425.0,2104.0,0.2000950570342205,3.797
online_retail_ii,random,7,2011-09-01,0.2,smote@0.5,xgb,ok,0.788653617352793,0.4774834032372418,0.4453125,0.3251357325686389,0.1367655751242479,0.5619047619047619,0.5,5.984606251091971,0.4801687262357414,28425.0,2104.0,0.2000950570342205,2.775
online_retail_ii,random,7,2011-09-01,0.2,smote@0.5,lgbm,ok,0.7917952756572291,0.4770351908860128,0.4202898550724637,0.3243706197169007,0.1334355041962795,0.5666666666666667,0.5,6.049715949988838,0.4711501901140684,28425.0,2104.0,0.2000950570342205,3.307
online_retail_ii,random,7,2011-09-01,0.2,adasyn@1.0,lr,ok,0.7718162482728641,0.4282007111073228,0.4621968616262482,0.3041249826974977,0.2026778895734036,0.5095238095238095,0.5,5.705917064982762,0.4849952471482889,37691.0,2104.0,0.2000950570342205,1.748
online_retail_ii,random,7,2011-09-01,0.2,adasyn@1.0,rf,ok,0.8050577029199357,0.481250221751495,0.4982618771726535,0.3690842696839681,0.141015807980486,0.5523809523809524,0.5,6.356499883366724,0.4279705323193917,37691.0,2104.0,0.2000950570342205,68.729
online_retail_ii,random,7,2011-09-01,0.2,adasyn@1.0,hgb,ok,0.783771062589003,0.4633718504873471,0.4960159362549801,0.3512933356758856,0.1533668521488869,0.5523809523809524,0.5,5.83184246857033,0.4587000950570343,37691.0,2104.0,0.2000950570342205,5.698
online_retail_ii,random,7,2011-09-01,0.2,adasyn@1.0,xgb,ok,0.778271749209293,0.4578300916229055,0.4807302231237322,0.3322405502202517,0.1558962157678141,0.5285714285714286,0.5,5.767198504434102,0.4725047528517112,37691.0,2104.0,0.2000950570342205,4.765
online_retail_ii,random,7,2011-09-01,0.2,adasyn@1.0,lgbm,ok,0.7857039022331742,0.4688793526745273,0.4756380510440835,0.3407878906329891,0.1418189926735667,0.5476190476190477,0.5,5.914237445303376,0.4746102661596958,37691.0,2104.0,0.2000950570342205,5.295
online_retail_ii,random,7,2011-09-01,0.2,smote_enn@1.0,lr,ok,0.771230539289782,0.421203038580779,0.4579496623695518,0.3154211654755783,0.2783731767190101,0.5047619047619047,0.5,5.767721506286723,0.4959386882129278,24789.0,2104.0,0.2000950570342205,16.443
online_retail_ii,random,7,2011-09-01,0.2,smote_enn@1.0,rf,ok,0.7862959622775187,0.4542359413034487,0.4942528735632184,0.3465983612869655,0.2058150024109706,0.5,0.5,6.057515110617287,0.4598883079847908,24878.0,2104.0,0.2000950570342205,57.336
online_retail_ii,random,7,2011-09-01,0.2,smote_enn@1.0,hgb,ok,0.7882605572280016,0.456256891397154,0.504,0.3625514572864591,0.2130668998217966,0.5047619047619047,0.5,6.126457450500291,0.4721506653992396,24809.0,2104.0,0.2000950570342205,20.006
online_retail_ii,random,7,2011-09-01,0.2,smote_enn@1.0,xgb,ok,0.7809032055923211,0.4559699564336955,0.4868316041500399,0.3365679478277473,0.2178227011600012,0.5142857142857142,0.5,5.861175471791394,0.4774192015209125,24859.0,2104.0,0.2000950570342205,18.596
online_retail_ii,random,7,2011-09-01,0.2,smote_enn@1.0,lgbm,ok,0.7777417884306246,0.4414272709969313,0.4966442953020134,0.3494395638701092,0.2096555356956767,0.5095238095238095,0.5,5.87162069077189,0.4603635931558935,24827.0,2104.0,0.2000950570342205,19.402
online_retail_ii,random,7,2011-09-01,0.2,dirichlet@1.0,lr,ok,0.7719291560286391,0.4313736926633271,0.4689554419284149,0.3135284590225607,0.1988466254972785,0.5285714285714286,0.5,5.705851547840305,0.4859054182509505,37900.0,2104.0,0.2000950570342205,0.553
online_retail_ii,random,7,2011-09-01,0.2,dirichlet@1.0,rf,ok,0.8022992253116606,0.4643579273556759,0.4553686934023286,0.3360087091234776,0.1363003551210422,0.5428571428571428,0.5,6.2963865363577725,0.4242347908745247,37900.0,2104.0,0.2000950570342205,58.882
online_retail_ii,random,7,2011-09-01,0.2,dirichlet@1.0,hgb,ok,0.7864032246455049,0.4866141992391635,0.2273603082851637,0.2220637421314048,0.1317929258575427,0.580952380952381,0.5,5.840239709139783,0.4554824144486693,37900.0,2104.0,0.2000950570342205,4.631
online_retail_ii,random,7,2011-09-01,0.2,dirichlet@1.0,xgb,ok,0.7823357227437149,0.4596985296791198,0.4790011350737798,0.3419165784269993,0.1455509123626,0.5476190476190477,0.5,5.877125182970515,0.4706891634980988,37900.0,2104.0,0.2000950570342205,3.359
online_retail_ii,random,7,2011-09-01,0.2,dirichlet@1.0,lgbm,ok,0.7887778158841454,0.4651814191564111,0.4318488529014845,0.317485443143156,0.1351071881075168,0.5571428571428572,0.5,5.974226055235704,0.4720674904942966,37900.0,2104.0,0.2000950570342205,4.138
online_retail_ii,random,7,2011-09-01,0.2,easy_ensemble,lr,ok,0.7705799083471291,0.4229264197046572,0.4682713347921225,0.3125141860983654,0.2007779066415017,0.4904761904761904,0.5,5.706916736317208,0.4919771863117871,23687.0,2104.0,0.2000950570342205,0.626
online_retail_ii,random,7,2011-09-01,0.2,easy_ensemble,rf,ok,0.7992627123547902,0.4758012538107469,0.5011933174224343,0.3586251377510303,0.1872267245136948,0.5380952380952381,0.5,6.144579957719875,0.4481131178707225,23687.0,2104.0,0.2000950570342205,98.364
online_retail_ii,random,7,2011-09-01,0.2,easy_ensemble,hgb,ok,0.7933251757479787,0.4738458975148899,0.4923547400611621,0.3476726393595389,0.1888102425538352,0.5476190476190477,0.5,6.0289721449024025,0.458652566539924,23687.0,2104.0,0.2000950570342205,21.482
online_retail_ii,random,7,2011-09-01,0.2,easy_ensemble,xgb,ok,0.790893424957977,0.4692107463267377,0.4969135802469135,0.3541230501064964,0.1896711845179383,0.5238095238095238,0.5,5.981929687769443,0.4576093155893537,23687.0,2104.0,0.2000950570342205,13.879
online_retail_ii,random,7,2011-09-01,0.2,easy_ensemble,lgbm,ok,0.7978598334892872,0.4804519437532153,0.5023255813953489,0.3622015323029162,0.1876410194265451,0.5476190476190477,0.5,6.140220656857751,0.4513212927756653,23687.0,2104.0,0.2000950570342205,14.47
